time,n_coins,breadth_1h,breadth_3h,breadth_6h,avg_ret_1h,avg_ret_3h,avg_ret_6h
2026-07-05 01:38:30,53,0.547,0.547,0.623,+0.65,+0.20,+1.08
2026-07-05 01:43:49,53,0.566,0.566,0.604,+0.72,+0.28,+1.15
2026-07-05 01:49:08,53,0.547,0.547,0.623,+0.71,+0.25,+1.15
2026-07-05 01:54:27,53,0.491,0.528,0.604,+0.61,+0.16,+1.05
2026-07-05 01:59:46,53,0.509,0.566,0.623,+0.67,+0.23,+1.10
2026-07-05 02:05:04,53,0.264,0.509,0.623,-0.43,+0.23,+0.98
2026-07-05 02:10:23,53,0.245,0.547,0.623,-0.37,+0.37,+1.08
2026-07-05 02:15:42,52,0.231,0.558,0.654,-0.36,+0.43,+1.16
2026-07-05 02:21:00,52,0.231,0.577,0.654,-0.25,+0.55,+1.26
2026-07-05 02:26:19,52,0.231,0.596,0.635,-0.13,+0.67,+1.38
2026-07-05 02:31:37,52,0.365,0.615,0.712,-0.05,+0.75,+1.47
2026-07-05 02:36:56,52,0.404,0.615,0.654,-0.02,+0.78,+1.50
2026-07-05 02:42:14,52,0.423,0.615,0.654,-0.00,+0.80,+1.52
2026-07-05 02:47:32,52,0.500,0.692,0.673,+0.12,+0.92,+1.65
2026-07-05 02:52:51,52,0.500,0.692,0.673,+0.17,+0.97,+1.70
2026-07-05 02:58:09,52,0.519,0.712,0.692,+0.28,+1.09,+1.81
2026-07-05 03:03:27,52,0.654,0.712,0.615,+0.51,+1.18,+0.99
2026-07-05 03:08:46,52,0.615,0.673,0.615,+0.50,+1.19,+0.86
2026-07-05 03:14:04,52,0.635,0.712,0.635,+0.56,+1.26,+0.91
2026-07-05 03:19:23,52,0.538,0.635,0.577,+0.39,+1.09,+0.71
2026-07-05 03:24:41,51,0.490,0.667,0.569,+0.34,+1.06,+0.66
2026-07-05 03:30:00,51,0.451,0.647,0.569,+0.33,+0.97,+0.58
2026-07-05 03:35:17,51,0.451,0.667,0.549,+0.29,+0.92,+0.53
2026-07-05 03:40:36,51,0.471,0.647,0.549,+0.30,+0.93,+0.54
2026-07-05 03:45:54,51,0.490,0.667,0.549,+0.33,+0.97,+0.57
2026-07-05 03:51:12,51,0.490,0.686,0.529,+0.28,+0.90,+0.51
2026-07-05 03:56:30,51,0.529,0.667,0.529,+0.14,+0.78,+0.40
2026-07-05 04:01:48,51,0.333,0.588,0.549,-0.15,-0.02,+0.30
2026-07-05 04:07:06,51,0.294,0.549,0.569,-0.32,+0.16,+0.16
2026-07-05 04:12:24,51,0.255,0.451,0.588,-0.50,-0.12,+0.16
2026-07-05 04:17:42,51,0.196,0.314,0.608,-0.79,-0.40,-0.09
2026-07-05 04:23:01,51,0.255,0.373,0.608,-0.69,-0.29,+0.01
2026-07-05 04:28:19,51,0.255,0.373,0.627,-0.69,-0.29,+0.02
2026-07-05 04:33:37,51,0.235,0.353,0.627,-0.68,-0.28,+0.03
2026-07-05 04:38:55,51,0.216,0.353,0.608,-0.78,-0.35,-0.04
2026-07-05 04:44:13,51,0.216,0.353,0.569,-0.64,-0.21,+0.10
2026-07-05 04:49:31,51,0.216,0.353,0.549,-0.78,-0.34,-0.04
2026-07-05 04:54:49,51,0.157,0.275,0.549,-0.74,-0.42,-0.01
2026-07-05 05:00:08,52,0.192,0.308,0.577,-0.61,-0.22,+0.19
2026-07-05 05:05:27,52,0.269,0.404,0.577,-0.35,-0.18,+0.49
2026-07-05 05:10:45,52,0.212,0.404,0.558,-0.47,-0.20,+0.37
2026-07-05 05:16:03,51,0.137,0.412,0.549,-0.46,-0.23,+0.26
2026-07-05 05:21:21,51,0.137,0.294,0.510,-0.63,-0.41,+0.08
2026-07-05 05:26:39,51,0.157,0.314,0.490,-0.70,-0.48,+0.01
2026-07-05 05:31:57,51,0.235,0.353,0.529,-0.53,-0.32,+0.18
2026-07-05 05:37:15,51,0.275,0.333,0.510,-0.55,-0.34,+0.16
2026-07-05 05:42:33,51,0.235,0.373,0.549,-0.54,-0.33,+0.17
2026-07-05 05:47:51,51,0.255,0.373,0.569,-0.48,-0.30,+0.21
2026-07-05 05:53:09,51,0.275,0.373,0.569,-0.47,-0.27,+0.24
2026-07-05 05:58:28,51,0.314,0.353,0.608,-0.31,-0.13,+0.38
2026-07-05 06:03:46,51,0.333,0.275,0.569,+0.07,-0.59,+0.66
2026-07-05 06:09:04,51,0.431,0.275,0.608,+0.15,-0.62,+0.68
2026-07-05 06:14:22,51,0.412,0.255,0.608,+0.15,-0.56,+0.70
2026-07-05 06:19:41,51,0.392,0.235,0.569,+0.01,-0.74,+0.48
2026-07-05 06:24:59,51,0.431,0.216,0.608,+0.17,-0.58,+0.70
2026-07-05 06:30:17,51,0.373,0.235,0.627,+0.12,-0.64,+0.64
2026-07-05 06:35:35,51,0.353,0.216,0.569,+0.14,-0.62,+0.65
2026-07-05 06:40:53,51,0.373,0.255,0.588,+0.12,-0.64,+0.61
2026-07-05 06:46:12,51,0.353,0.255,0.549,-0.08,-0.84,+0.42
2026-07-05 06:51:30,51,0.314,0.235,0.529,-0.08,-0.84,+0.41
2026-07-05 06:56:48,51,0.314,0.216,0.549,+0.06,-0.71,+0.56
2026-07-05 07:02:06,50,0.400,0.220,0.400,-0.04,-0.38,-0.24
2026-07-05 07:07:23,50,0.400,0.260,0.340,+0.00,-0.33,-0.34
2026-07-05 07:12:41,49,0.347,0.265,0.327,-0.19,-0.54,-0.53
2026-07-05 07:17:58,49,0.367,0.245,0.327,-0.11,-0.45,-0.48
2026-07-05 07:23:15,49,0.408,0.245,0.286,-0.11,-0.42,-0.51
2026-07-05 07:28:33,49,0.367,0.286,0.224,-0.24,-0.54,-0.61
2026-07-05 07:33:50,49,0.347,0.286,0.224,-0.14,-0.45,-0.51
2026-07-05 07:39:07,49,0.306,0.306,0.245,-0.25,-0.55,-0.62
2026-07-05 07:44:24,48,0.354,0.333,0.229,-0.23,-0.52,-0.57
2026-07-05 07:49:42,48,0.312,0.312,0.292,-0.14,-0.42,-0.46
2026-07-05 07:54:59,48,0.271,0.312,0.229,-0.26,-0.55,-0.59
2026-07-05 08:00:16,48,0.292,0.333,0.271,-0.20,-0.07,-0.13
2026-07-05 08:05:35,48,0.271,0.292,0.354,-0.14,-0.01,-0.21
2026-07-05 08:10:52,48,0.229,0.292,0.333,-0.24,-0.08,-0.25
2026-07-05 08:16:09,48,0.229,0.312,0.292,-0.63,-0.51,-0.70
2026-07-05 08:21:26,49,0.245,0.306,0.265,-0.45,-0.34,-0.51
2026-07-05 08:26:43,49,0.286,0.245,0.306,-0.22,-0.11,-0.29
2026-07-05 08:32:01,49,0.286,0.265,0.306,-0.20,-0.10,-0.27
2026-07-05 08:37:18,48,0.292,0.312,0.333,-0.17,-0.05,-0.23
2026-07-05 08:42:34,48,0.292,0.292,0.292,-0.10,+0.02,-0.16
2026-07-05 08:47:51,48,0.333,0.312,0.312,-0.08,+0.03,-0.13
2026-07-05 08:53:08,48,0.271,0.292,0.312,-0.03,+0.07,-0.09
2026-07-05 08:58:25,49,0.265,0.265,0.286,-0.03,+0.08,-0.09
2026-07-05 09:03:43,49,0.265,0.286,0.286,-0.09,-0.11,-0.80
2026-07-05 09:09:00,49,0.204,0.286,0.265,-0.09,-0.18,-0.87
2026-07-05 09:14:17,47,0.298,0.298,0.255,+0.22,+0.15,-0.56
2026-07-05 09:19:34,47,0.298,0.298,0.234,+0.33,+0.27,-0.42
2026-07-05 09:24:50,47,0.277,0.255,0.234,-0.20,-0.28,-0.97
2026-07-05 09:30:07,48,0.250,0.229,0.229,-0.10,-0.21,-0.92
2026-07-05 09:35:24,48,0.188,0.188,0.229,-0.57,-0.68,-1.39
2026-07-05 09:40:41,48,0.250,0.188,0.208,-0.65,-0.75,-1.45
2026-07-05 09:45:58,49,0.245,0.224,0.265,-0.15,-0.25,-0.96
2026-07-05 09:51:16,49,0.224,0.184,0.204,-0.51,-0.61,-1.32
2026-07-05 09:56:33,49,0.224,0.224,0.224,-0.73,-0.83,-1.54
2026-07-05 10:01:50,49,0.224,0.184,0.204,-0.53,-0.77,-1.05
2026-07-05 10:07:08,49,0.184,0.224,0.184,-0.59,-0.75,-0.99
2026-07-05 10:12:25,49,0.224,0.265,0.184,-0.79,-0.95,-1.18
2026-07-05 10:17:43,49,0.224,0.224,0.204,-0.75,-0.92,-1.15
2026-07-05 10:23:00,48,0.167,0.188,0.167,-1.03,-1.20,-1.47
2026-07-05 10:28:17,48,0.188,0.188,0.188,-1.02,-1.19,-1.47
2026-07-05 10:33:34,48,0.167,0.188,0.167,-1.27,-1.44,-1.70
2026-07-05 10:38:51,49,0.204,0.184,0.204,-1.19,-1.37,-1.61
2026-07-05 10:44:09,48,0.188,0.188,0.188,-1.18,-1.36,-1.59
2026-07-05 10:49:26,48,0.208,0.229,0.188,-1.24,-1.42,-1.66
2026-07-05 10:54:43,48,0.208,0.188,0.188,-1.28,-1.45,-1.69
2026-07-05 11:00:00,48,0.229,0.167,0.167,-1.39,-1.56,-1.81
2026-07-05 11:05:16,48,0.208,0.229,0.188,-0.97,-1.52,-1.55
2026-07-05 11:10:33,48,0.188,0.229,0.188,-0.94,-1.42,-1.51
2026-07-05 11:15:50,48,0.146,0.167,0.188,-1.26,-1.78,-1.83
2026-07-05 11:21:07,48,0.167,0.146,0.188,-0.84,-1.37,-1.40
2026-07-05 11:26:24,49,0.245,0.184,0.204,-0.71,-1.22,-1.27
2026-07-05 11:31:42,49,0.245,0.184,0.204,-0.96,-1.47,-1.52
2026-07-05 11:37:00,49,0.204,0.184,0.245,-0.90,-1.40,-1.45
2026-07-05 11:42:17,48,0.167,0.146,0.167,-1.03,-1.55,-1.59
2026-07-05 11:47:34,48,0.188,0.188,0.208,-1.12,-1.63,-1.67
2026-07-05 11:52:51,48,0.188,0.167,0.188,-1.20,-1.72,-1.76
2026-07-05 11:58:08,48,0.167,0.167,0.188,-1.25,-1.76,-1.80
2026-07-05 12:03:25,48,0.292,0.208,0.167,-0.45,-1.74,-1.80
2026-07-05 12:08:43,49,0.286,0.224,0.184,-0.20,-1.16,-1.27
2026-07-05 12:14:00,49,0.306,0.245,0.184,-0.26,-1.22,-1.34
2026-07-05 12:19:17,49,0.327,0.265,0.184,-0.15,-1.12,-1.24
2026-07-05 12:24:34,49,0.286,0.265,0.224,-0.10,-1.06,-1.18
2026-07-05 12:29:52,49,0.306,0.224,0.204,-0.30,-1.28,-1.39
2026-07-05 12:35:09,49,0.306,0.286,0.204,-0.30,-1.27,-1.39
2026-07-05 12:40:27,49,0.306,0.245,0.204,-0.23,-1.19,-1.31
2026-07-05 12:45:44,49,0.306,0.245,0.204,-0.28,-1.24,-1.37
2026-07-05 12:51:01,49,0.327,0.224,0.204,-0.14,-1.09,-1.21
2026-07-05 12:56:18,49,0.347,0.224,0.204,-0.16,-1.12,-1.24
2026-07-05 13:01:36,49,0.510,0.204,0.204,+0.15,-0.88,-1.31
2026-07-05 13:06:53,49,0.551,0.265,0.184,+0.27,-0.84,-1.33
2026-07-05 13:12:11,49,0.571,0.204,0.204,+0.31,-0.80,-1.32
2026-07-05 13:17:28,49,0.551,0.224,0.184,+0.24,-0.88,-1.35
2026-07-05 13:22:45,49,0.612,0.224,0.184,+0.26,-0.89,-1.36
2026-07-05 13:28:03,49,0.673,0.184,0.184,+0.33,-0.76,-1.36
2026-07-05 13:33:20,49,0.673,0.184,0.224,+0.15,-0.93,-1.53
2026-07-05 13:38:38,49,0.673,0.224,0.204,+0.24,-0.85,-1.46
2026-07-05 13:43:55,49,0.571,0.224,0.204,+0.30,-0.79,-1.41
2026-07-05 13:49:12,49,0.612,0.265,0.224,+0.26,-0.79,-1.30
2026-07-05 13:56:12,49,0.571,0.245,0.204,+0.07,-0.97,-1.48
2026-07-05 14:01:29,49,0.429,0.286,0.204,-0.36,-0.41,-1.53
2026-07-05 14:07:32,49,0.388,0.306,0.224,-0.52,-0.58,-1.55
2026-07-05 14:12:52,49,0.367,0.347,0.224,-0.58,-0.61,-1.60
2026-07-05 14:18:16,49,0.388,0.327,0.224,-0.61,-0.65,-1.67
2026-07-05 14:23:33,49,0.306,0.327,0.245,-0.53,-0.56,-1.58
2026-07-05 14:33:19,50,0.400,0.420,0.260,-0.46,-0.46,-1.37
2026-07-05 14:38:40,50,0.420,0.400,0.240,-0.46,-0.45,-1.37
2026-07-05 14:44:00,50,0.320,0.360,0.240,-0.59,-0.59,-1.50
2026-07-05 14:49:21,50,0.300,0.320,0.220,-0.56,-0.55,-1.46
2026-07-05 14:54:41,49,0.469,0.408,0.265,-0.20,-0.17,-1.12
2026-07-05 15:00:00,49,0.490,0.388,0.245,-0.32,-0.30,-1.24
2026-07-05 15:05:20,49,0.408,0.449,0.286,+0.10,-0.08,-1.31
2026-07-05 15:10:39,49,0.429,0.469,0.286,-0.00,-0.18,-1.41
2026-07-05 15:15:59,49,0.429,0.469,0.286,+0.02,-0.13,-1.39
2026-07-05 15:21:18,48,0.479,0.458,0.292,+0.03,-0.16,-1.30
2026-07-05 15:26:35,46,0.435,0.457,0.261,+0.01,-0.16,-1.23
2026-07-05 15:37:46,46,0.587,0.457,0.283,+0.24,+0.06,-1.02
2026-07-05 15:43:04,46,0.478,0.500,0.304,+0.12,-0.06,-1.14
2026-07-05 15:48:22,46,0.500,0.500,0.326,+0.14,-0.04,-1.12
2026-07-05 15:53:41,46,0.435,0.500,0.217,+0.22,+0.07,-1.02
2026-07-05 15:59:01,46,0.457,0.478,0.261,+0.23,+0.07,-1.02
2026-07-05 16:04:24,46,0.565,0.522,0.304,+0.35,-0.08,-0.65
2026-07-05 16:09:42,46,0.500,0.457,0.304,+0.13,-0.29,-0.86
2026-07-05 16:15:01,46,0.370,0.500,0.326,-0.18,-0.60,-1.17
2026-07-05 16:20:19,46,0.370,0.543,0.326,-0.14,-0.57,-1.14
2026-07-05 16:25:39,46,0.413,0.543,0.304,-0.15,-0.57,-1.14
2026-07-05 16:30:58,47,0.468,0.532,0.319,+0.05,-0.37,-0.92
2026-07-05 16:36:17,47,0.489,0.596,0.383,+0.05,-0.36,-0.88
2026-07-05 16:41:35,47,0.426,0.574,0.340,-0.20,-0.61,-1.13
2026-07-05 16:46:54,47,0.489,0.617,0.298,-0.01,-0.44,-0.96
2026-07-05 16:52:13,47,0.553,0.617,0.319,+0.03,-0.39,-0.91
2026-07-05 17:17:46,48,0.562,0.625,0.458,-0.15,+0.34,-0.06
2026-07-05 17:32:55,48,0.562,0.625,0.438,-0.24,+0.25,-0.15
2026-07-05 17:38:14,48,0.479,0.500,0.458,-0.39,+0.10,-0.31
2026-07-05 17:43:35,48,0.458,0.479,0.438,-0.52,-0.03,-0.44
2026-07-05 17:48:54,48,0.521,0.500,0.458,-0.53,-0.04,-0.44
2026-07-05 17:54:14,48,0.500,0.458,0.458,-0.64,-0.15,-0.56
2026-07-05 17:59:34,48,0.542,0.521,0.479,-0.50,+0.01,-0.40
2026-07-05 18:04:53,48,0.354,0.500,0.542,-0.50,-0.36,-0.48
2026-07-05 18:10:12,48,0.417,0.521,0.562,-0.01,+0.12,+0.01
2026-07-05 18:15:32,48,0.375,0.542,0.562,-0.03,+0.08,-0.02
2026-07-05 18:20:51,47,0.404,0.511,0.553,-0.26,-0.16,-0.26
2026-07-05 18:26:10,48,0.333,0.438,0.479,-0.28,-0.15,-0.21
2026-07-05 18:31:30,48,0.333,0.417,0.458,-0.43,-0.29,-0.36
2026-07-05 18:36:49,49,0.327,0.469,0.490,-0.41,-0.26,-0.32
2026-07-05 18:42:09,49,0.245,0.327,0.347,-0.67,-0.50,-0.57
2026-07-05 18:47:29,49,0.245,0.286,0.347,-0.61,-0.46,-0.53
2026-07-05 18:52:48,49,0.204,0.265,0.327,-0.70,-0.56,-0.63
2026-07-05 18:57:46,50,0.220,0.300,0.400,-0.75,-0.60,-0.50
2026-07-05 19:03:05,50,0.200,0.240,0.260,-0.98,-1.46,-1.30
2026-07-05 19:08:23,49,0.204,0.224,0.306,-0.65,-1.16,-1.03
2026-07-05 19:17:48,50,0.260,0.260,0.340,-0.46,-0.94,-0.76
2026-07-05 19:23:07,49,0.224,0.245,0.347,-0.51,-1.03,-0.89
2026-07-05 19:28:29,50,0.260,0.240,0.340,-0.38,-0.86,-0.69
2026-07-05 19:33:50,50,0.260,0.260,0.380,-0.38,-0.86,-0.69
2026-07-05 19:39:09,50,0.240,0.280,0.360,-0.33,-0.82,-0.65
2026-07-05 19:44:30,50,0.260,0.320,0.360,-0.30,-0.79,-0.62
2026-07-05 19:49:49,50,0.240,0.320,0.340,-0.30,-0.80,-0.62
2026-07-05 19:55:09,50,0.260,0.340,0.380,-0.35,-0.85,-0.67
2026-07-05 20:00:29,51,0.392,0.314,0.353,-0.16,-0.64,-0.38
2026-07-05 20:07:47,51,0.686,0.314,0.353,+0.27,-0.33,-0.07
2026-07-05 20:13:07,51,0.686,0.333,0.373,+0.38,-0.30,+0.03
2026-07-05 20:18:26,51,0.627,0.314,0.353,+0.23,-0.50,-0.17
2026-07-05 20:23:45,51,0.667,0.333,0.373,+0.28,-0.45,-0.12
2026-07-05 20:29:04,51,0.667,0.314,0.353,+0.33,-0.40,-0.06
2026-07-05 20:34:24,51,0.647,0.314,0.373,+0.34,-0.38,-0.06
2026-07-05 20:39:43,51,0.627,0.294,0.373,+0.32,-0.41,-0.08
2026-07-05 20:45:02,51,0.569,0.255,0.373,+0.21,-0.52,-0.16
2026-07-05 20:50:21,51,0.549,0.294,0.412,+0.28,-0.46,-0.14
2026-07-05 20:55:40,50,0.520,0.280,0.360,-0.07,-0.87,-0.58
2026-07-05 21:00:59,51,0.412,0.275,0.333,-0.26,-0.43,-0.55
2026-07-05 21:06:18,51,0.255,0.235,0.275,-0.60,-0.83,-0.93
2026-07-05 21:11:36,51,0.255,0.255,0.314,-0.47,-0.71,-0.76
2026-07-05 21:16:57,51,0.294,0.255,0.314,-0.55,-0.80,-0.86
2026-07-05 21:22:15,51,0.333,0.235,0.353,-0.45,-0.68,-0.77
2026-07-05 21:27:35,51,0.373,0.275,0.353,-0.33,-0.57,-0.63
2026-07-05 21:32:54,52,0.538,0.308,0.423,+0.35,+0.08,+0.02
2026-07-05 21:38:15,52,0.500,0.327,0.365,+0.32,+0.06,-0.02
2026-07-05 21:43:35,52,0.596,0.365,0.404,+0.48,+0.24,+0.16
2026-07-05 21:48:54,52,0.596,0.327,0.442,+0.57,+0.30,+0.23
2026-07-05 21:54:14,52,0.615,0.327,0.462,+0.63,+0.36,+0.29
2026-07-05 21:59:33,52,0.654,0.385,0.481,+0.48,+0.22,+0.16
2026-07-05 22:04:53,52,0.654,0.615,0.423,+0.45,+0.90,-0.39
2026-07-05 22:10:13,52,0.654,0.692,0.423,+0.47,+0.58,-0.40
2026-07-05 22:15:33,52,0.712,0.712,0.365,+0.61,+0.67,-0.28
2026-07-05 22:20:52,52,0.712,0.712,0.385,+0.53,+0.59,-0.36
2026-07-05 22:26:12,52,0.596,0.596,0.346,+0.36,+0.42,-0.52
2026-07-05 22:31:33,52,0.558,0.615,0.327,+0.36,+0.42,-0.52
2026-07-05 22:36:53,52,0.577,0.615,0.365,+0.38,+0.44,-0.51
2026-07-05 22:42:12,52,0.635,0.692,0.346,+0.28,+0.33,-0.61
2026-07-05 22:47:32,52,0.596,0.692,0.365,+0.37,+0.42,-0.52
2026-07-05 22:52:51,52,0.615,0.731,0.385,+0.44,+0.50,-0.44
2026-07-05 22:58:11,52,0.692,0.769,0.404,+0.45,+0.53,-0.44
2026-07-05 23:03:31,52,0.519,0.654,0.365,+0.05,+0.39,-0.41
2026-07-05 23:08:50,52,0.519,0.596,0.385,-0.03,+0.25,-0.25
2026-07-05 23:14:10,52,0.500,0.558,0.385,+0.08,+0.36,-0.16
2026-07-05 23:19:29,52,0.519,0.635,0.442,-0.02,+0.26,-0.27
2026-07-05 23:24:48,52,0.462,0.596,0.385,-0.12,+0.16,-0.33
2026-07-05 23:30:07,52,0.404,0.538,0.404,-0.22,+0.06,-0.42
2026-07-05 23:35:26,52,0.442,0.519,0.404,-0.26,+0.03,-0.45
2026-07-05 23:40:46,53,0.472,0.491,0.415,-0.26,+0.05,-0.37
2026-07-05 23:46:06,53,0.528,0.528,0.453,+0.02,+0.33,-0.10
2026-07-05 23:51:26,53,0.528,0.604,0.472,-0.01,+0.30,-0.12
2026-07-05 23:56:46,54,0.556,0.630,0.444,+0.24,+0.54,+0.14
2026-07-06 00:02:07,54,0.407,0.741,0.444,+0.40,+0.94,+0.57
2026-07-06 00:07:28,53,0.623,0.774,0.509,+0.75,+1.29,+0.91
2026-07-06 00:12:48,53,0.528,0.755,0.453,+0.70,+1.24,+0.86
2026-07-06 00:18:08,53,0.547,0.774,0.453,+0.46,+1.00,+0.62
2026-07-06 00:23:28,54,0.315,0.630,0.389,+0.02,+0.57,+0.18
2026-07-06 00:28:48,54,0.370,0.593,0.333,-0.42,+0.15,-0.28
2026-07-06 00:34:08,54,0.407,0.611,0.389,-0.27,+0.29,-0.13
2026-07-06 00:39:29,54,0.407,0.630,0.407,-0.28,+0.29,-0.14
2026-07-06 00:44:49,54,0.352,0.574,0.370,-0.35,+0.22,-0.21
2026-07-06 00:50:10,54,0.333,0.574,0.389,-0.50,+0.07,-0.36
2026-07-06 00:55:30,54,0.352,0.611,0.370,-0.62,-0.05,-0.49
2026-07-06 01:00:50,54,0.315,0.537,0.500,-0.59,-0.30,+0.02
2026-07-06 01:06:10,53,0.283,0.453,0.566,-0.83,-0.62,-0.08
2026-07-06 01:11:30,53,0.208,0.358,0.566,-0.86,-0.72,-0.08
2026-07-06 01:16:49,53,0.189,0.377,0.604,-0.90,-0.76,-0.13
2026-07-06 01:22:09,54,0.204,0.389,0.630,-0.89,-0.72,-0.06
2026-07-06 01:27:29,54,0.259,0.407,0.611,-0.73,-0.56,+0.10
2026-07-06 01:32:49,54,0.241,0.426,0.611,-0.75,-0.59,+0.08
2026-07-06 01:38:09,54,0.278,0.444,0.593,-0.78,-0.60,+0.01
2026-07-06 01:43:29,53,0.226,0.434,0.604,-0.88,-0.72,-0.14
2026-07-06 01:48:50,53,0.245,0.415,0.585,-1.09,-0.93,-0.35
2026-07-06 01:54:10,53,0.208,0.396,0.566,-1.13,-0.97,-0.39
2026-07-06 01:59:30,53,0.264,0.415,0.585,-0.99,-0.84,-0.26
2026-07-06 02:04:49,53,0.264,0.358,0.547,-0.55,-0.80,-0.56
2026-07-06 02:10:09,53,0.264,0.340,0.528,-0.56,-0.84,-0.59
2026-07-06 02:15:29,54,0.315,0.426,0.481,-0.43,-0.72,-0.56
2026-07-06 02:20:49,54,0.389,0.463,0.519,-0.70,-0.90,-0.60
2026-07-06 02:26:09,54,0.407,0.481,0.574,-0.72,-0.91,-0.61
2026-07-06 02:31:30,54,0.370,0.407,0.574,-0.74,-0.94,-0.63
2026-07-06 02:36:50,54,0.333,0.407,0.519,-0.65,-0.92,-0.57
2026-07-06 02:42:10,54,0.333,0.352,0.519,-0.72,-1.01,-0.66
2026-07-06 02:47:30,54,0.333,0.333,0.481,-0.77,-1.04,-0.69
2026-07-06 02:52:50,54,0.370,0.370,0.519,-0.87,-1.12,-0.77
2026-07-06 02:58:11,54,0.370,0.352,0.519,-0.82,-1.06,-0.72
2026-07-06 03:03:33,54,0.407,0.315,0.500,-0.29,-0.92,-0.47
2026-07-06 03:08:53,54,0.519,0.333,0.611,-0.15,-0.94,-0.27
2026-07-06 03:14:13,54,0.519,0.333,0.630,-0.10,-0.97,-0.22
2026-07-06 03:19:33,54,0.500,0.315,0.630,-0.06,-0.95,-0.24
2026-07-06 03:24:53,54,0.519,0.352,0.593,-0.00,-0.88,-0.17
2026-07-06 03:30:13,54,0.593,0.389,0.611,+0.04,-0.84,-0.13
2026-07-06 03:35:33,54,0.593,0.315,0.611,-0.07,-0.95,-0.24
2026-07-06 03:40:53,54,0.593,0.352,0.630,-0.11,-0.98,-0.27
2026-07-06 03:46:13,54,0.593,0.315,0.630,-0.02,-0.90,-0.19
2026-07-06 03:51:34,54,0.611,0.370,0.630,-0.02,-0.90,-0.19
2026-07-06 03:56:54,54,0.593,0.352,0.648,-0.10,-0.97,-0.26
2026-07-06 04:02:14,54,0.537,0.407,0.537,+0.15,-0.56,-0.32
2026-07-06 04:07:34,54,0.537,0.426,0.593,+0.17,-0.50,-0.27
2026-07-06 04:12:54,53,0.491,0.472,0.528,-0.03,-0.59,-0.75
2026-07-06 04:18:14,53,0.547,0.528,0.509,+0.05,-0.49,-0.68
2026-07-06 04:23:34,54,0.519,0.481,0.519,-0.09,-0.55,-0.75
2026-07-06 04:28:54,54,0.481,0.463,0.519,-0.10,-0.56,-0.75
2026-07-06 04:34:14,54,0.556,0.537,0.537,-0.00,-0.45,-0.66
2026-07-06 04:39:35,54,0.537,0.519,0.556,-0.15,-0.61,-0.82
2026-07-06 04:44:55,54,0.500,0.444,0.537,-0.16,-0.62,-0.83
2026-07-06 04:50:15,54,0.519,0.463,0.537,-0.19,-0.64,-0.84
2026-07-06 04:55:35,54,0.500,0.481,0.519,-0.31,-0.77,-0.99
2026-07-06 05:00:56,54,0.407,0.500,0.481,-0.22,-0.36,-0.92
2026-07-06 05:06:16,54,0.333,0.519,0.463,-0.34,-0.28,-0.88
2026-07-06 05:11:36,54,0.352,0.519,0.500,-0.38,-0.38,-1.02
2026-07-06 05:16:56,54,0.407,0.574,0.481,-0.23,-0.19,-0.90
2026-07-06 05:22:16,54,0.426,0.593,0.444,-0.16,-0.17,-0.85
2026-07-06 05:27:36,54,0.463,0.630,0.463,-0.06,-0.05,-0.74
2026-07-06 05:32:56,54,0.389,0.537,0.444,-0.27,-0.26,-0.93
2026-07-06 05:38:18,54,0.333,0.537,0.426,-0.25,-0.24,-0.93
2026-07-06 05:43:38,54,0.407,0.556,0.407,-0.11,-0.11,-0.81
2026-07-06 05:48:58,54,0.407,0.556,0.407,-0.17,-0.16,-0.86
2026-07-06 05:54:18,54,0.370,0.574,0.463,-0.13,-0.14,-0.87
2026-07-06 05:59:39,54,0.426,0.611,0.444,-0.10,-0.11,-0.84
2026-07-06 06:04:59,54,0.407,0.519,0.481,+0.22,+0.02,-1.00
2026-07-06 06:10:19,54,0.352,0.481,0.463,+0.10,-0.22,-1.20
2026-07-06 06:15:39,54,0.352,0.537,0.481,+0.03,-0.26,-1.18
2026-07-06 06:20:59,54,0.519,0.593,0.481,+0.16,-0.14,-1.06
2026-07-06 06:26:19,53,0.547,0.585,0.566,+0.13,-0.20,-1.12
2026-07-06 06:31:39,53,0.528,0.604,0.604,+0.19,-0.14,-1.06
2026-07-06 06:36:59,53,0.509,0.547,0.585,+0.06,-0.26,-1.18
2026-07-06 06:42:19,54,0.574,0.537,0.574,+0.24,+0.02,-0.91
2026-07-06 06:47:39,54,0.537,0.537,0.611,+0.09,-0.14,-1.06
2026-07-06 06:52:59,54,0.537,0.537,0.593,+0.08,-0.13,-1.03
2026-07-06 06:58:19,54,0.593,0.556,0.667,+0.27,+0.04,-0.89
2026-07-06 07:03:39,54,0.426,0.519,0.630,-0.01,-0.08,-0.50
2026-07-06 07:08:59,54,0.556,0.500,0.630,+0.18,+0.17,-0.27
2026-07-06 07:14:19,54,0.574,0.519,0.611,+0.03,+0.02,-0.39
2026-07-06 07:19:40,54,0.537,0.556,0.667,+0.19,+0.19,-0.22
2026-07-06 07:25:01,55,0.564,0.618,0.655,+0.27,+0.27,-0.18
2026-07-06 07:30:21,55,0.618,0.600,0.673,+0.47,+0.46,-0.01
2026-07-06 07:35:41,55,0.527,0.600,0.691,+0.43,+0.42,-0.06
2026-07-06 07:41:02,55,0.509,0.582,0.636,+0.27,+0.26,-0.21
2026-07-06 07:46:24,55,0.473,0.564,0.618,+0.09,+0.09,-0.39
2026-07-06 07:51:45,55,0.491,0.600,0.600,-0.03,-0.03,-0.49
2026-07-06 07:57:07,55,0.491,0.600,0.600,-0.03,-0.02,-0.47
2026-07-06 15:13:06,47,0.128,0.149,0.170,-0.63,-1.35,-1.82
2026-07-06 15:18:23,47,0.149,0.170,0.191,-0.56,-1.22,-1.62
2026-07-06 15:23:39,47,0.170,0.149,0.191,-0.55,-1.22,-1.62
2026-07-06 15:28:57,48,0.208,0.188,0.229,-0.49,-1.13,-1.60
2026-07-06 15:34:14,47,0.234,0.170,0.213,-0.40,-1.04,-1.50
2026-07-06 15:39:31,47,0.234,0.170,0.234,-0.43,-1.08,-1.53
2026-07-06 15:44:48,48,0.271,0.146,0.188,-0.34,-0.99,-1.46
2026-07-06 15:50:37,48,0.229,0.188,0.188,-0.30,-0.95,-1.41
2026-07-06 15:55:54,48,0.271,0.188,0.208,-0.20,-0.85,-1.31
2026-07-06 16:01:11,49,0.204,0.143,0.224,-0.26,-0.89,-1.29
2026-07-06 16:06:28,49,0.306,0.143,0.245,+0.07,-0.72,-1.25
2026-07-06 16:11:46,49,0.224,0.163,0.224,+0.03,-0.83,-1.30
2026-07-06 16:17:03,49,0.245,0.143,0.224,+0.27,-0.58,-1.06
2026-07-06 16:22:21,49,0.347,0.184,0.224,+0.37,-0.49,-0.97
2026-07-06 16:27:39,48,0.333,0.208,0.229,+0.41,-0.46,-0.93
2026-07-06 16:32:56,48,0.354,0.208,0.271,+0.23,-0.63,-1.10
2026-07-06 16:38:13,48,0.354,0.208,0.229,+0.14,-0.73,-1.20
2026-07-06 16:43:30,48,0.438,0.208,0.229,+0.38,-0.48,-0.92
2026-07-06 16:48:48,48,0.479,0.188,0.271,+0.36,-0.49,-0.94
2026-07-06 16:54:05,47,0.447,0.213,0.319,+0.27,-0.59,-1.02
2026-07-06 16:59:22,47,0.468,0.213,0.319,+0.19,-0.68,-1.10
2026-07-06 17:04:39,47,0.553,0.319,0.277,+0.06,-0.27,-1.14
2026-07-06 17:09:57,47,0.532,0.362,0.277,+0.11,-0.08,-0.96
2026-07-06 17:15:14,47,0.574,0.383,0.277,+0.12,-0.15,-0.93
2026-07-06 17:20:30,47,0.574,0.319,0.277,+0.08,-0.19,-0.97
2026-07-06 17:25:47,47,0.532,0.298,0.277,+0.16,-0.12,-0.89
2026-07-06 17:31:04,47,0.553,0.319,0.277,+0.13,-0.15,-0.93
2026-07-06 17:36:20,47,0.489,0.319,0.277,+0.10,-0.16,-0.94
2026-07-06 17:41:38,48,0.396,0.271,0.271,+0.10,-0.14,-0.92
2026-07-06 17:46:55,48,0.500,0.292,0.271,+0.19,-0.06,-0.83
2026-07-06 17:52:12,48,0.458,0.312,0.271,+0.07,-0.18,-0.96
2026-07-06 17:57:29,48,0.417,0.271,0.271,-0.00,-0.27,-1.04
2026-07-06 18:02:46,49,0.388,0.408,0.286,+0.14,+0.22,-0.45
2026-07-06 18:08:03,49,0.367,0.408,0.265,-0.03,+0.16,-0.73
2026-07-06 18:13:21,49,0.327,0.347,0.265,-0.00,+0.22,-0.70
2026-07-06 18:18:38,49,0.327,0.367,0.265,+0.17,+0.39,-0.52
2026-07-06 18:23:56,49,0.388,0.347,0.265,+0.05,+0.28,-0.63
2026-07-06 18:29:13,49,0.306,0.347,0.265,-0.06,+0.17,-0.75
2026-07-06 18:34:31,49,0.286,0.347,0.245,-0.17,+0.04,-0.87
2026-07-06 18:39:48,49,0.245,0.327,0.224,-0.47,-0.25,-1.17
2026-07-06 18:45:05,48,0.271,0.312,0.271,-0.31,-0.07,-1.00
2026-07-06 18:50:23,49,0.286,0.327,0.265,-0.23,+0.04,-0.80
2026-07-06 18:55:41,49,0.327,0.327,0.306,-0.12,+0.15,-0.69
2026-07-06 19:00:58,48,0.354,0.354,0.250,-0.13,+0.14,-0.70
2026-07-06 19:06:15,48,0.417,0.417,0.271,+0.02,+0.29,-0.32
2026-07-06 19:11:32,47,0.404,0.383,0.255,-0.04,+0.22,-0.37
2026-07-06 19:16:50,47,0.447,0.383,0.277,+0.05,+0.31,-0.29
2026-07-06 19:22:09,47,0.426,0.404,0.277,+0.13,+0.39,-0.20
2026-07-06 19:27:25,47,0.489,0.468,0.255,+0.12,+0.38,-0.21
2026-07-06 19:32:42,47,0.468,0.426,0.255,+0.07,+0.33,-0.26
2026-07-06 19:37:59,47,0.511,0.426,0.255,+0.12,+0.38,-0.21
2026-07-06 19:43:16,47,0.489,0.511,0.255,+0.15,+0.40,-0.19
2026-07-06 19:48:34,47,0.511,0.489,0.255,+0.17,+0.43,-0.16
2026-07-06 19:53:51,47,0.489,0.489,0.255,+0.19,+0.45,-0.14
2026-07-06 19:59:07,47,0.468,0.447,0.277,+0.17,+0.43,-0.17
2026-07-06 20:04:24,47,0.489,0.340,0.340,+0.24,+0.24,+0.06
2026-07-06 20:09:42,47,0.574,0.404,0.319,+0.34,+0.34,+0.38
2026-07-06 20:14:58,47,0.617,0.447,0.404,+0.31,+0.31,+0.35
2026-07-06 20:20:15,47,0.574,0.426,0.340,+0.38,+0.38,+0.42
2026-07-06 20:25:32,47,0.596,0.383,0.362,+0.45,+0.45,+0.48
2026-07-06 20:30:49,47,0.596,0.404,0.404,+0.46,+0.47,+0.50
2026-07-06 20:36:06,46,0.630,0.413,0.370,+0.44,+0.46,+0.49
2026-07-06 20:41:23,46,0.565,0.413,0.370,+0.34,+0.34,+0.40
2026-07-06 20:46:40,46,0.587,0.348,0.348,+0.32,+0.32,+0.37
2026-07-06 20:51:56,46,0.587,0.413,0.348,+0.44,+0.44,+0.50
2026-07-06 20:57:13,46,0.587,0.413,0.370,+0.51,+0.51,+0.58
2026-07-06 21:02:30,46,0.174,0.283,0.326,-0.52,-0.41,-0.05
2026-07-06 21:07:48,49,0.122,0.204,0.265,-1.10,-1.03,-0.64
2026-07-06 21:13:05,49,0.245,0.265,0.306,-0.50,-0.43,-0.04
2026-07-06 21:18:24,50,0.220,0.300,0.280,-0.60,-0.53,-0.17
2026-07-06 21:23:42,50,0.200,0.300,0.280,-0.49,-0.43,-0.07
2026-07-06 21:28:59,50,0.220,0.320,0.280,-0.66,-0.60,-0.26
2026-07-06 21:34:17,50,0.300,0.320,0.280,-0.43,-0.37,-0.02
2026-07-06 21:39:35,50,0.240,0.320,0.320,-0.53,-0.48,-0.13
2026-07-06 21:44:53,50,0.200,0.260,0.280,-0.98,-0.92,-0.57
2026-07-06 21:50:10,50,0.200,0.240,0.260,-1.15,-1.09,-0.74
2026-07-06 21:55:28,50,0.240,0.240,0.280,-0.88,-0.82,-0.47
2026-07-06 22:00:46,50,0.240,0.200,0.220,-0.75,-1.08,-0.83
2026-07-06 22:06:05,51,0.137,0.196,0.275,-1.23,-1.34,-1.18
2026-07-06 22:11:23,51,0.176,0.255,0.235,-1.05,-1.16,-1.02
2026-07-06 22:16:41,51,0.216,0.255,0.235,-1.12,-1.23,-1.09
2026-07-06 22:21:59,51,0.235,0.235,0.275,-0.94,-1.05,-0.90
2026-07-06 22:27:17,51,0.275,0.216,0.275,-0.97,-1.08,-0.94
2026-07-06 22:32:35,51,0.275,0.235,0.294,-0.88,-0.99,-0.85
2026-07-06 22:37:53,50,0.300,0.200,0.260,-0.78,-0.93,-0.88
2026-07-06 22:43:11,50,0.300,0.280,0.280,-0.72,-0.87,-0.82
2026-07-06 22:48:29,49,0.327,0.306,0.327,-0.42,-0.57,-0.54
2026-07-06 22:53:46,49,0.388,0.327,0.327,-0.17,-0.33,-0.29
2026-07-06 22:59:03,49,0.408,0.327,0.286,-0.19,-0.34,-0.30
2026-07-06 23:04:20,49,0.755,0.367,0.286,+0.68,-0.42,-0.30
2026-07-06 23:09:38,49,0.776,0.347,0.245,+0.65,-0.46,-0.56
2026-07-06 23:14:55,48,0.812,0.292,0.250,+0.79,-0.43,-0.43
2026-07-06 23:20:12,48,0.729,0.271,0.250,+0.60,-0.61,-0.61
2026-07-06 23:25:30,48,0.750,0.312,0.250,+0.80,-0.41,-0.41
2026-07-06 23:30:47,48,0.833,0.396,0.271,+1.14,-0.08,-0.09
2026-07-06 23:36:04,48,0.833,0.375,0.271,+1.09,-0.13,-0.14
2026-07-06 23:41:22,48,0.812,0.354,0.271,+1.18,-0.04,-0.05
2026-07-06 23:46:39,47,0.830,0.383,0.255,+1.14,-0.04,-0.06
2026-07-06 23:51:56,48,0.771,0.354,0.292,+1.10,-0.05,-0.12
2026-07-06 23:57:13,48,0.792,0.354,0.292,+1.29,+0.14,+0.08
2026-07-07 00:02:30,48,0.688,0.438,0.333,+0.87,+0.54,+0.40
2026-07-07 00:07:48,50,0.720,0.500,0.420,+0.88,+0.77,+0.63
2026-07-07 00:13:06,49,0.796,0.551,0.449,+1.02,+0.86,+0.68
2026-07-07 00:18:23,49,0.714,0.510,0.408,+0.93,+0.78,+0.60
2026-07-07 00:23:41,49,0.714,0.531,0.388,+1.06,+0.90,+0.73
2026-07-07 00:28:58,49,0.694,0.531,0.408,+0.91,+0.75,+0.57
2026-07-07 00:34:16,49,0.694,0.510,0.388,+1.07,+0.92,+0.79
2026-07-07 00:39:33,49,0.714,0.551,0.429,+1.00,+0.86,+0.73
2026-07-07 00:44:51,51,0.745,0.686,0.510,+2.07,+1.87,+1.88
2026-07-07 00:50:10,51,0.745,0.686,0.510,+1.83,+1.63,+1.64
2026-07-07 00:55:28,51,0.804,0.725,0.627,+2.33,+2.12,+2.14
2026-07-07 01:00:46,51,0.765,0.824,0.627,+1.81,+3.01,+2.32
2026-07-07 01:06:07,51,0.745,0.843,0.627,+1.80,+3.47,+2.36
2026-07-07 01:11:25,51,0.706,0.824,0.627,+1.87,+3.58,+2.43
2026-07-07 01:16:44,51,0.745,0.863,0.686,+2.11,+3.82,+2.68
2026-07-07 01:22:02,51,0.745,0.882,0.686,+2.32,+4.03,+2.89
2026-07-07 01:27:19,51,0.784,0.882,0.725,+2.03,+3.75,+2.61
2026-07-07 01:32:38,52,0.712,0.865,0.635,+2.30,+4.15,+3.01
2026-07-07 01:37:57,53,0.736,0.868,0.623,+2.56,+4.39,+3.20
2026-07-07 01:43:16,53,0.717,0.849,0.623,+2.36,+4.17,+2.99
2026-07-07 01:48:34,53,0.717,0.868,0.660,+2.32,+4.12,+2.94
2026-07-07 01:53:53,53,0.698,0.849,0.642,+2.10,+3.90,+2.71
2026-07-07 01:59:11,52,0.712,0.846,0.673,+2.21,+4.05,+2.90
2026-07-07 02:04:30,54,0.574,0.778,0.667,+0.78,+3.21,+2.71
2026-07-07 02:09:49,54,0.556,0.759,0.630,+0.64,+3.02,+2.50
2026-07-07 02:15:09,54,0.556,0.759,0.648,+0.69,+3.08,+2.56
2026-07-07 02:20:28,53,0.528,0.792,0.623,+0.57,+3.02,+2.54
2026-07-07 02:25:47,53,0.509,0.792,0.642,+0.45,+2.90,+2.41
2026-07-07 02:31:06,53,0.509,0.792,0.604,+0.42,+2.85,+2.36
2026-07-07 02:36:25,54,0.407,0.796,0.593,+0.20,+2.72,+2.24
2026-07-07 02:41:45,54,0.389,0.741,0.556,+0.14,+2.63,+2.17
2026-07-07 02:47:05,55,0.436,0.800,0.600,+0.29,+2.79,+2.42
2026-07-07 02:52:24,55,0.473,0.800,0.582,+0.29,+2.80,+2.43
2026-07-07 02:57:44,55,0.418,0.764,0.582,+0.14,+2.64,+2.27
2026-07-07 03:03:03,56,0.321,0.732,0.643,-0.38,+2.06,+2.69
2026-07-07 03:08:24,56,0.375,0.714,0.643,-0.33,+1.87,+2.67
2026-07-07 03:13:43,55,0.345,0.709,0.618,-0.28,+2.03,+2.80
2026-07-07 03:19:03,56,0.321,0.696,0.661,-0.39,+1.88,+2.63
2026-07-07 03:24:22,56,0.339,0.679,0.661,-0.37,+1.90,+2.65
2026-07-07 03:29:42,56,0.357,0.661,0.679,-0.26,+2.02,+2.77
2026-07-07 03:35:02,56,0.357,0.661,0.643,-0.33,+1.95,+2.71
2026-07-07 03:40:23,56,0.375,0.679,0.661,-0.22,+2.07,+2.82
2026-07-07 03:45:43,56,0.393,0.696,0.661,-0.24,+2.04,+2.79
2026-07-07 03:51:03,56,0.411,0.696,0.661,-0.13,+2.15,+2.91
2026-07-07 03:56:24,58,0.379,0.672,0.638,-0.21,+1.93,+2.71
2026-07-07 04:01:44,58,0.448,0.552,0.690,-0.11,+0.44,+3.26
2026-07-07 04:07:04,58,0.483,0.466,0.724,-0.03,+0.30,+3.47
2026-07-07 04:12:25,57,0.474,0.439,0.772,-0.04,+0.16,+3.70
2026-07-07 04:17:45,58,0.500,0.448,0.776,-0.03,+0.25,+3.61
2026-07-07 04:23:06,58,0.552,0.466,0.776,+0.01,+0.29,+3.64
2026-07-07 04:28:27,58,0.483,0.466,0.776,+0.01,+0.28,+3.63
2026-07-07 04:33:47,58,0.534,0.466,0.810,+0.07,+0.33,+3.69
2026-07-07 04:39:08,58,0.552,0.483,0.828,+0.11,+0.38,+3.72
2026-07-07 04:44:29,58,0.534,0.500,0.828,+0.05,+0.32,+3.66
2026-07-07 04:49:49,58,0.552,0.483,0.828,+0.17,+0.44,+3.79
2026-07-07 04:55:10,58,0.552,0.466,0.845,+0.02,+0.27,+3.61
2026-07-07 05:00:30,58,0.552,0.431,0.810,+0.05,-0.30,+3.20
2026-07-07 05:05:51,57,0.281,0.316,0.754,-0.26,-0.46,+2.55
2026-07-07 05:11:11,57,0.333,0.298,0.772,-0.16,-0.44,+2.63
2026-07-07 05:16:31,57,0.333,0.316,0.789,-0.14,-0.43,+2.65
2026-07-07 05:21:51,57,0.298,0.298,0.789,-0.12,-0.40,+2.67
2026-07-07 05:27:12,57,0.333,0.333,0.754,-0.15,-0.43,+2.64
2026-07-07 05:32:32,57,0.351,0.368,0.737,-0.07,-0.35,+2.73
2026-07-07 05:37:52,57,0.386,0.421,0.754,-0.03,-0.30,+2.77
2026-07-07 05:43:12,57,0.421,0.404,0.737,+0.03,-0.24,+2.83
2026-07-07 05:48:33,57,0.368,0.386,0.702,-0.10,-0.37,+2.70
2026-07-07 05:53:53,57,0.386,0.386,0.719,-0.09,-0.36,+2.71
2026-07-07 05:59:13,57,0.439,0.386,0.754,-0.02,-0.30,+2.80
2026-07-07 06:04:33,57,0.421,0.491,0.667,+0.12,+0.04,+2.23
2026-07-07 06:09:54,57,0.789,0.667,0.702,+0.98,+0.84,+2.81
2026-07-07 06:15:15,56,0.857,0.732,0.804,+1.15,+1.03,+2.94
2026-07-07 06:20:35,56,0.768,0.696,0.786,+0.89,+0.76,+2.66
2026-07-07 06:25:55,56,0.786,0.696,0.786,+0.87,+0.74,+2.65
2026-07-07 06:31:15,56,0.679,0.679,0.750,+0.85,+0.72,+2.66
2026-07-07 06:36:35,56,0.732,0.696,0.768,+0.93,+0.80,+2.74
2026-07-07 06:41:54,56,0.679,0.661,0.714,+0.84,+0.71,+2.64
2026-07-07 06:47:14,56,0.679,0.643,0.750,+0.89,+0.76,+2.69
2026-07-07 06:52:34,56,0.750,0.696,0.732,+1.00,+0.87,+2.80
2026-07-07 06:57:54,55,0.745,0.709,0.764,+0.95,+0.81,+2.77
2026-07-07 07:03:14,55,0.691,0.727,0.655,+0.82,+0.84,+1.38
2026-07-07 07:08:34,55,0.764,0.691,0.618,+0.73,+0.69,+1.02
2026-07-07 07:13:53,56,0.732,0.679,0.625,+0.75,+0.69,+1.03
2026-07-07 07:19:13,56,0.732,0.732,0.661,+0.75,+0.70,+1.03
2026-07-07 07:24:33,56,0.696,0.679,0.643,+0.70,+0.67,+0.99
2026-07-07 07:29:53,56,0.714,0.679,0.625,+0.69,+0.66,+0.97
2026-07-07 07:35:12,56,0.696,0.607,0.589,+0.61,+0.59,+0.91
2026-07-07 07:40:32,56,0.696,0.589,0.571,+0.62,+0.60,+0.91
2026-07-07 07:45:52,56,0.607,0.554,0.571,+0.58,+0.55,+0.87
2026-07-07 07:51:12,56,0.679,0.661,0.607,+0.67,+0.64,+0.97
2026-07-07 07:56:32,56,0.625,0.589,0.518,+0.52,+0.49,+0.82
2026-07-07 08:01:52,56,0.411,0.607,0.464,-0.12,+0.50,+0.15
2026-07-07 08:07:11,55,0.255,0.655,0.582,-0.24,+0.57,+0.22
2026-07-07 08:12:31,55,0.291,0.600,0.545,-0.25,+0.72,+0.25
2026-07-07 08:17:50,55,0.291,0.545,0.473,-0.45,+0.53,+0.05
2026-07-07 08:23:10,55,0.291,0.564,0.473,-0.52,+0.46,-0.03
2026-07-07 08:28:29,55,0.291,0.600,0.473,-0.56,+0.42,-0.06
2026-07-07 08:33:48,55,0.200,0.564,0.473,-0.72,+0.25,-0.23
2026-07-07 08:39:07,55,0.218,0.564,0.455,-0.62,+0.36,-0.13
2026-07-07 08:44:27,55,0.236,0.545,0.418,-0.67,+0.30,-0.18
2026-07-07 08:49:46,55,0.200,0.473,0.436,-0.76,+0.21,-0.27
2026-07-07 08:55:05,55,0.218,0.473,0.436,-0.77,+0.20,-0.28
2026-07-07 09:00:25,55,0.182,0.491,0.418,-0.79,+0.04,-0.33
2026-07-07 09:05:44,55,0.273,0.473,0.418,-0.54,+0.08,-0.05
2026-07-07 09:11:04,55,0.255,0.473,0.436,-0.49,+0.06,-0.02
2026-07-07 09:16:24,55,0.255,0.436,0.400,-0.62,-0.06,-0.12
2026-07-07 09:21:43,55,0.345,0.491,0.491,-0.44,+0.12,+0.06
2026-07-07 09:27:02,55,0.400,0.600,0.618,-0.17,+0.39,+0.33
2026-07-07 09:32:26,55,0.345,0.564,0.600,-0.31,+0.25,+0.19
2026-07-07 09:37:46,55,0.364,0.600,0.582,-0.30,+0.25,+0.20
2026-07-07 09:43:06,55,0.255,0.473,0.473,-0.49,+0.06,+0.02
2026-07-07 09:48:26,55,0.218,0.455,0.455,-0.56,-0.00,-0.05
2026-07-07 09:53:46,55,0.255,0.491,0.545,-0.50,+0.06,-0.01
2026-07-07 09:59:05,55,0.309,0.527,0.564,-0.46,+0.10,+0.05
2026-07-07 10:04:25,55,0.255,0.200,0.364,-0.33,-1.12,-0.36
2026-07-07 10:09:45,56,0.250,0.196,0.375,-0.31,-1.06,-0.32
2026-07-07 10:15:05,56,0.286,0.196,0.357,-0.18,-0.94,-0.20
2026-07-07 10:20:25,56,0.286,0.179,0.304,-0.25,-1.01,-0.28
2026-07-07 10:25:45,56,0.286,0.250,0.321,-0.28,-1.04,-0.30
2026-07-07 10:31:05,57,0.263,0.175,0.298,-0.40,-1.13,-0.29
2026-07-07 10:36:26,57,0.228,0.175,0.298,-0.51,-1.24,-0.40
2026-07-07 10:41:46,57,0.211,0.175,0.281,-0.61,-1.32,-0.49
2026-07-07 10:47:06,57,0.246,0.193,0.298,-0.47,-1.19,-0.35
2026-07-07 10:52:27,57,0.281,0.193,0.298,-0.35,-1.07,-0.23
2026-07-07 10:57:47,57,0.263,0.175,0.316,-0.27,-1.00,-0.16
2026-07-07 11:03:07,57,0.228,0.211,0.316,-0.63,-0.97,-0.14
2026-07-07 11:08:28,57,0.246,0.211,0.333,-0.66,-0.91,-0.24
2026-07-07 11:13:48,57,0.211,0.228,0.351,-0.64,-0.86,-0.15
2026-07-07 11:19:09,57,0.228,0.246,0.368,-0.65,-0.88,-0.17
2026-07-07 11:24:29,57,0.246,0.211,0.386,-0.74,-0.96,-0.25
2026-07-07 11:29:49,57,0.211,0.175,0.298,-0.82,-1.04,-0.33
2026-07-07 11:35:11,56,0.179,0.143,0.268,-1.11,-1.35,-0.64
2026-07-07 11:40:30,55,0.182,0.164,0.273,-0.99,-1.22,-0.47
2026-07-07 11:45:50,55,0.200,0.164,0.291,-0.92,-1.14,-0.39
2026-07-07 11:51:10,55,0.218,0.218,0.273,-1.13,-1.36,-0.61
2026-07-07 11:56:29,55,0.200,0.218,0.291,-1.07,-1.29,-0.54
2026-07-07 12:01:50,55,0.218,0.218,0.309,-0.82,-0.89,-0.73
2026-07-07 12:07:09,55,0.236,0.182,0.255,-0.62,-0.88,-0.73
2026-07-07 12:12:29,55,0.200,0.164,0.236,-0.55,-0.79,-0.68
2026-07-07 12:17:49,55,0.200,0.145,0.200,-0.60,-0.99,-0.85
2026-07-07 12:23:08,55,0.182,0.145,0.164,-0.56,-0.96,-0.81
2026-07-07 12:28:29,56,0.196,0.143,0.196,-0.79,-1.16,-1.01
2026-07-07 12:33:48,55,0.182,0.164,0.182,-0.73,-1.11,-0.96
2026-07-07 12:39:08,55,0.200,0.145,0.182,-0.75,-1.12,-0.98
2026-07-07 12:44:27,55,0.164,0.145,0.164,-0.84,-1.21,-1.07
2026-07-07 12:49:47,55,0.127,0.145,0.182,-0.89,-1.26,-1.12
2026-07-07 12:55:06,55,0.164,0.145,0.164,-0.81,-1.19,-1.04
2026-07-07 13:00:25,55,0.164,0.145,0.145,-0.77,-1.28,-1.33
2026-07-07 13:05:45,55,0.218,0.182,0.109,-0.43,-1.45,-1.84
2026-07-07 13:11:04,55,0.218,0.164,0.145,-0.47,-1.51,-1.94
2026-07-07 13:16:23,54,0.278,0.204,0.148,-0.50,-1.53,-1.96
2026-07-07 13:21:41,54,0.241,0.185,0.148,-0.60,-1.68,-2.11
2026-07-07 13:27:00,54,0.259,0.148,0.148,-0.54,-1.62,-2.05
2026-07-07 13:32:19,54,0.241,0.185,0.148,-0.49,-1.57,-2.01
2026-07-07 13:37:38,54,0.241,0.185,0.167,-0.55,-1.63,-2.06
2026-07-07 13:42:58,55,0.200,0.145,0.164,-0.14,-1.17,-1.65
2026-07-07 13:48:17,55,0.200,0.182,0.164,-0.39,-1.42,-1.89
2026-07-07 13:53:36,55,0.164,0.145,0.164,-0.40,-1.45,-1.93
2026-07-07 13:58:57,54,0.167,0.167,0.167,-0.35,-1.36,-1.84
2026-07-07 14:04:16,55,0.255,0.145,0.145,-0.17,-0.95,-1.77
2026-07-07 14:09:36,54,0.222,0.130,0.130,-0.22,-0.99,-1.78
2026-07-07 14:14:55,53,0.208,0.132,0.113,-0.42,-1.19,-2.00
2026-07-07 14:20:14,54,0.167,0.111,0.093,-0.44,-1.21,-1.99
2026-07-07 14:25:34,54,0.130,0.148,0.111,-0.41,-1.18,-1.95
2026-07-07 14:30:52,54,0.148,0.148,0.130,-0.34,-1.11,-1.89
2026-07-07 14:36:12,54,0.315,0.185,0.130,+0.09,-0.68,-1.47
2026-07-07 14:41:31,55,0.273,0.182,0.127,+0.13,-0.55,-1.35
2026-07-07 14:46:51,55,0.345,0.182,0.127,+0.27,-0.42,-1.21
2026-07-07 14:52:10,55,0.364,0.218,0.145,+0.30,-0.38,-1.17
2026-07-07 14:57:30,55,0.418,0.255,0.182,+0.24,-0.44,-1.24
2026-07-07 15:02:49,55,0.527,0.218,0.200,+0.18,-0.22,-0.99
2026-07-07 15:08:08,53,0.509,0.321,0.208,+0.29,-0.04,-0.82
2026-07-07 15:13:27,53,0.528,0.340,0.208,+0.26,-0.10,-0.88
2026-07-07 15:18:46,53,0.566,0.358,0.226,+0.32,-0.03,-0.81
2026-07-07 15:24:05,53,0.566,0.321,0.245,+0.17,-0.20,-0.99
2026-07-07 15:29:24,53,0.604,0.321,0.226,+0.27,-0.11,-0.90
2026-07-07 15:34:43,53,0.566,0.321,0.226,+0.20,-0.18,-0.97
2026-07-07 15:40:02,54,0.574,0.352,0.204,+0.18,-0.23,-1.03
2026-07-07 15:45:21,54,0.611,0.370,0.185,+0.26,-0.13,-0.94
2026-07-07 15:50:41,54,0.648,0.463,0.259,+0.38,-0.03,-0.83
2026-07-07 15:56:00,54,0.630,0.519,0.278,+0.48,+0.07,-0.74
2026-07-07 16:01:19,54,0.611,0.574,0.241,+0.22,+0.32,-0.95
2026-07-07 16:06:38,54,0.611,0.537,0.222,+0.07,+0.22,-0.97
2026-07-07 16:11:57,55,0.691,0.618,0.273,+0.28,+0.47,-0.74
2026-07-07 16:17:17,55,0.655,0.600,0.255,+0.20,+0.40,-0.82
2026-07-07 16:22:36,55,0.636,0.600,0.255,+0.20,+0.39,-0.82
2026-07-07 16:27:55,54,0.611,0.556,0.259,+0.09,+0.34,-0.94
2026-07-07 16:33:14,54,0.593,0.593,0.241,-0.04,+0.22,-1.05
2026-07-07 16:38:33,53,0.491,0.509,0.245,-0.17,+0.06,-1.20
2026-07-07 16:43:52,52,0.596,0.538,0.250,-0.13,+0.10,-1.16
2026-07-07 16:49:10,51,0.510,0.490,0.216,-0.17,+0.07,-1.17
2026-07-07 16:54:28,50,0.520,0.540,0.220,-0.25,+0.01,-1.20
2026-07-07 16:59:46,50,0.480,0.480,0.240,-0.35,-0.09,-1.29
2026-07-07 17:05:03,50,0.140,0.540,0.200,-0.69,-0.29,-1.15
2026-07-07 17:10:23,51,0.160,0.480,0.220,-0.86,-0.46,-1.21
2026-07-07 17:15:42,51,0.160,0.520,0.220,-0.84,-0.44,-1.20
2026-07-07 17:21:00,51,0.140,0.480,0.220,-0.86,-0.46,-1.21
2026-07-07 17:26:18,53,0.154,0.500,0.212,-0.76,-0.44,-1.14
2026-07-07 17:31:37,53,0.154,0.519,0.231,-0.64,-0.33,-1.03
2026-07-07 17:36:56,53,0.192,0.500,0.212,-0.69,-0.38,-1.08
2026-07-07 17:42:14,53,0.212,0.500,0.250,-0.71,-0.40,-1.09
2026-07-07 17:47:34,54,0.208,0.472,0.245,-0.71,-0.22,-0.96
2026-07-07 17:52:53,54,0.264,0.509,0.226,-0.51,-0.03,-0.76
2026-07-07 17:58:13,54,0.226,0.491,0.245,-0.64,-0.16,-0.91
2026-07-07 18:03:32,54,0.352,0.444,0.333,-0.12,-0.35,-0.53
2026-07-07 18:08:53,54,0.370,0.463,0.333,-0.11,-0.35,-0.40
2026-07-07 18:14:12,54,0.407,0.463,0.389,+0.02,-0.22,-0.27
2026-07-07 18:19:32,54,0.444,0.500,0.370,+0.05,-0.18,-0.23
2026-07-07 18:24:51,54,0.389,0.444,0.333,-0.08,-0.33,-0.36
2026-07-07 18:30:11,54,0.389,0.463,0.370,+0.02,-0.24,-0.26
2026-07-07 18:35:30,54,0.352,0.389,0.296,-0.22,-0.47,-0.49
2026-07-07 18:40:49,54,0.352,0.389,0.296,-0.25,-0.49,-0.52
2026-07-07 18:46:08,54,0.333,0.389,0.296,-0.30,-0.54,-0.57
2026-07-07 18:51:28,54,0.370,0.426,0.296,-0.24,-0.49,-0.52
2026-07-07 18:56:47,54,0.389,0.389,0.315,-0.24,-0.48,-0.51
2026-07-07 19:02:06,54,0.519,0.315,0.389,-0.11,-0.38,-0.29
2026-07-07 19:07:25,54,0.611,0.352,0.481,+0.20,-0.21,+0.08
2026-07-07 19:12:44,54,0.685,0.370,0.481,+0.32,-0.20,+0.15
2026-07-07 19:18:03,54,0.611,0.426,0.500,+0.38,-0.14,+0.22
2026-07-07 19:23:22,54,0.611,0.333,0.500,+0.56,-0.04,+0.37
2026-07-07 19:28:41,53,0.566,0.321,0.453,+0.52,-0.04,+0.33
2026-07-07 19:33:59,53,0.509,0.283,0.377,+0.53,-0.04,+0.33
2026-07-07 19:39:18,53,0.547,0.321,0.415,+0.62,+0.05,+0.42
2026-07-07 19:44:36,53,0.566,0.283,0.434,+0.40,-0.16,+0.20
2026-07-07 19:49:55,53,0.491,0.321,0.415,+0.33,-0.23,+0.13
2026-07-07 19:55:14,53,0.415,0.245,0.358,+0.27,-0.29,+0.08
2026-07-07 20:00:33,53,0.321,0.264,0.472,+0.44,-0.04,+0.77
2026-07-07 20:05:52,54,0.204,0.241,0.389,+0.12,-0.02,+0.03
2026-07-07 20:11:11,54,0.241,0.278,0.407,+0.23,+0.05,+0.13
2026-07-07 20:16:30,54,0.241,0.259,0.407,+0.10,-0.08,-0.01
2026-07-07 20:21:49,54,0.296,0.259,0.407,+0.30,+0.12,+0.19
2026-07-07 20:27:09,54,0.315,0.370,0.444,+0.34,+0.16,+0.23
2026-07-07 20:32:28,54,0.352,0.296,0.444,+0.28,+0.10,+0.17
2026-07-07 20:37:47,54,0.333,0.296,0.444,+0.33,+0.14,+0.20
2026-07-07 20:43:06,54,0.370,0.315,0.481,+0.48,+0.29,+0.36
2026-07-07 20:48:25,54,0.389,0.370,0.537,+0.44,+0.26,+0.32
2026-07-07 20:53:44,54,0.444,0.463,0.556,+0.65,+0.47,+0.54
2026-07-07 20:59:02,53,0.396,0.396,0.528,+0.52,+0.34,+0.39
2026-07-07 21:04:22,54,0.593,0.519,0.500,+0.41,+0.62,+0.11
2026-07-07 21:09:40,52,0.596,0.654,0.538,+0.61,+0.88,+0.32
2026-07-07 21:14:59,53,0.604,0.604,0.547,+0.53,+0.78,+0.24
2026-07-07 21:20:18,52,0.654,0.596,0.538,+0.54,+0.80,+0.26
2026-07-07 21:25:36,52,0.692,0.654,0.558,+0.54,+0.80,+0.27
2026-07-07 21:30:54,52,0.673,0.635,0.538,+0.39,+0.64,+0.11
2026-07-07 21:36:12,52,0.596,0.538,0.481,+0.02,+0.27,-0.26
2026-07-07 21:41:32,52,0.558,0.519,0.481,+0.03,+0.28,-0.25
2026-07-07 21:46:50,52,0.577,0.500,0.481,+0.21,+0.46,-0.08
2026-07-07 21:52:09,52,0.673,0.500,0.519,+0.29,+0.54,+0.01
2026-07-07 21:57:27,51,0.608,0.510,0.490,+0.31,+0.57,+0.02
2026-07-07 22:02:46,51,0.451,0.412,0.333,+0.16,+0.62,+0.18
2026-07-07 22:08:05,50,0.320,0.320,0.300,-0.18,+0.35,-0.24
2026-07-07 22:13:22,50,0.320,0.320,0.300,-0.10,+0.43,-0.16
2026-07-07 22:18:40,50,0.340,0.320,0.320,-0.22,+0.30,-0.29
2026-07-07 22:23:58,50,0.300,0.280,0.300,-0.40,+0.13,-0.45
2026-07-07 22:29:16,50,0.300,0.320,0.280,-0.66,-0.14,-0.72
2026-07-07 22:34:34,50,0.300,0.300,0.260,-0.57,-0.05,-0.63
2026-07-07 22:39:53,50,0.240,0.300,0.260,-0.60,-0.07,-0.65
2026-07-07 22:45:11,50,0.260,0.340,0.300,-0.58,-0.05,-0.64
2026-07-07 22:50:28,50,0.360,0.380,0.340,-0.39,+0.14,-0.45
2026-07-07 22:55:47,50,0.220,0.260,0.300,-0.69,-0.15,-0.74
2026-07-07 23:01:04,50,0.080,0.240,0.260,-0.98,-0.54,-0.48
2026-07-07 23:06:22,50,0.160,0.380,0.360,-0.73,-0.28,-0.17
2026-07-07 23:11:40,49,0.163,0.306,0.286,-0.84,-0.53,-0.48
2026-07-07 23:16:57,49,0.163,0.347,0.245,-0.99,-0.67,-0.62
2026-07-07 23:22:15,49,0.163,0.286,0.286,-1.02,-0.72,-0.66
2026-07-07 23:27:32,49,0.143,0.265,0.245,-1.17,-0.87,-0.81
2026-07-07 23:32:50,49,0.143,0.306,0.265,-1.08,-0.77,-0.71
2026-07-07 23:38:07,49,0.122,0.204,0.224,-1.38,-1.06,-1.00
2026-07-07 23:43:25,49,0.122,0.204,0.204,-1.30,-0.99,-0.93
2026-07-07 23:48:42,49,0.184,0.306,0.306,-1.08,-0.76,-0.69
2026-07-07 23:53:59,49,0.245,0.327,0.367,-0.85,-0.53,-0.47
2026-07-07 23:59:16,49,0.306,0.367,0.347,-0.69,-0.37,-0.30
2026-07-08 00:04:33,48,0.562,0.312,0.417,+0.33,-0.37,+0.08
2026-07-08 00:09:50,48,0.583,0.354,0.417,+0.15,-0.58,-0.16
2026-07-08 00:15:07,47,0.596,0.255,0.447,+0.23,-0.56,-0.14
2026-07-08 00:20:24,47,0.596,0.340,0.489,+0.34,-0.43,-0.03
2026-07-08 00:25:41,48,0.625,0.438,0.583,+0.47,-0.32,+0.10
2026-07-08 00:30:58,49,0.694,0.449,0.571,+0.54,-0.26,+0.18
2026-07-08 00:36:16,49,0.653,0.469,0.551,+0.71,-0.08,+0.35
2026-07-08 00:41:33,49,0.673,0.469,0.592,+0.65,-0.15,+0.30
2026-07-08 00:46:51,49,0.673,0.531,0.612,+0.61,-0.19,+0.26
2026-07-08 00:52:08,49,0.694,0.551,0.592,+0.75,-0.05,+0.39
2026-07-08 00:57:25,49,0.694,0.510,0.592,+0.75,-0.04,+0.39
2026-07-08 01:02:43,48,0.667,0.521,0.500,+0.60,-0.22,+0.29
2026-07-08 01:08:00,49,0.653,0.510,0.510,+0.55,-0.13,+0.37
2026-07-08 01:13:17,48,0.458,0.438,0.417,+0.19,-0.51,+0.08
2026-07-08 01:18:34,48,0.396,0.417,0.438,+0.14,-0.56,+0.01
2026-07-08 01:23:51,49,0.531,0.510,0.510,+0.36,-0.33,+0.23
2026-07-08 01:29:08,49,0.551,0.510,0.531,+0.48,-0.21,+0.35
2026-07-08 01:34:25,49,0.592,0.510,0.531,+0.50,-0.18,+0.38
2026-07-08 01:39:43,48,0.500,0.438,0.500,+0.32,-0.38,+0.16
2026-07-08 01:45:00,48,0.562,0.417,0.542,+0.40,-0.30,+0.24
2026-07-08 01:50:17,48,0.562,0.458,0.542,+0.30,-0.40,+0.15
2026-07-08 01:55:34,48,0.604,0.458,0.583,+0.32,-0.38,+0.17
2026-07-08 02:00:51,48,0.458,0.438,0.562,-0.16,+0.05,-0.18
2026-07-08 02:06:08,48,0.396,0.500,0.542,-0.42,+0.12,-0.27
2026-07-08 02:11:25,48,0.354,0.562,0.583,-0.35,+0.16,-0.25
2026-07-08 02:16:43,48,0.354,0.562,0.542,-0.56,-0.05,-0.45
2026-07-08 02:21:59,47,0.404,0.553,0.511,-0.46,+0.13,-0.35
2026-07-08 02:27:16,47,0.362,0.574,0.511,-0.51,+0.14,-0.47
2026-07-08 02:32:32,47,0.362,0.553,0.489,-0.84,-0.19,-0.80
2026-07-08 02:37:49,47,0.319,0.596,0.532,-0.91,-0.25,-0.86
2026-07-08 02:43:05,47,0.340,0.596,0.532,-0.78,-0.12,-0.73
2026-07-08 02:48:23,47,0.319,0.574,0.511,-0.84,-0.18,-0.79
2026-07-08 02:53:39,47,0.319,0.553,0.489,-0.84,-0.18,-0.79
2026-07-08 02:58:56,47,0.319,0.574,0.489,-0.92,-0.26,-0.88
2026-07-08 03:04:12,47,0.362,0.553,0.468,-0.85,-0.65,-1.22
2026-07-08 03:09:30,47,0.340,0.489,0.447,-0.87,-0.75,-1.36
2026-07-08 03:14:47,47,0.319,0.489,0.489,-0.77,-0.67,-1.31
2026-07-08 03:20:03,47,0.234,0.468,0.447,-0.76,-0.64,-1.29
2026-07-08 03:25:20,47,0.362,0.426,0.447,-0.68,-0.57,-1.22
2026-07-08 03:30:37,48,0.229,0.396,0.396,-0.81,-0.64,-1.26
2026-07-08 03:35:55,48,0.271,0.417,0.438,-0.70,-0.53,-1.14
2026-07-08 03:41:12,48,0.229,0.417,0.396,-0.74,-0.57,-1.18
2026-07-08 03:46:28,48,0.312,0.458,0.417,-0.60,-0.44,-1.05
2026-07-08 03:51:46,48,0.125,0.271,0.292,-1.24,-1.09,-1.70
2026-07-08 03:57:03,48,0.146,0.250,0.312,-1.42,-1.26,-1.87
2026-07-08 04:02:20,48,0.146,0.188,0.229,-1.12,-1.38,-2.08
2026-07-08 04:07:38,48,0.125,0.104,0.271,-1.03,-1.88,-1.99
2026-07-08 04:12:55,48,0.125,0.083,0.208,-1.24,-2.19,-2.24
2026-07-08 04:18:13,48,0.125,0.083,0.208,-1.21,-2.16,-2.20
2026-07-08 04:23:31,48,0.083,0.083,0.250,-1.22,-2.19,-2.18
2026-07-08 04:28:47,48,0.104,0.083,0.250,-1.07,-2.04,-2.03
2026-07-08 04:34:04,48,0.083,0.083,0.229,-1.05,-1.97,-2.01
2026-07-08 04:39:21,48,0.125,0.083,0.229,-0.99,-1.91,-1.95
2026-07-08 04:44:38,48,0.104,0.083,0.250,-1.03,-1.95,-1.98
2026-07-08 04:49:55,48,0.104,0.083,0.250,-1.04,-1.96,-1.99
2026-07-08 04:55:12,48,0.125,0.083,0.271,-0.93,-1.83,-1.87
2026-07-08 05:00:29,48,0.312,0.125,0.292,-0.71,-1.85,-1.54
2026-07-08 05:05:46,48,0.458,0.146,0.312,+0.02,-1.53,-1.32
2026-07-08 05:11:04,48,0.521,0.146,0.333,+0.12,-1.49,-1.24
2026-07-08 05:16:21,48,0.542,0.125,0.354,+0.08,-1.56,-1.33
2026-07-08 05:21:37,47,0.511,0.106,0.362,+0.02,-1.57,-1.20
2026-07-08 05:26:54,47,0.574,0.106,0.362,+0.05,-1.54,-1.17
2026-07-08 05:32:10,47,0.511,0.106,0.362,-0.03,-1.62,-1.24
2026-07-08 05:37:28,48,0.500,0.146,0.292,-0.06,-1.63,-1.35
2026-07-08 05:42:45,48,0.458,0.146,0.292,-0.06,-1.63,-1.35
2026-07-08 05:48:02,47,0.404,0.128,0.298,-0.20,-1.79,-1.42
2026-07-08 05:53:18,47,0.362,0.106,0.298,-0.16,-1.76,-1.38
2026-07-08 05:58:35,47,0.404,0.106,0.298,-0.11,-1.71,-1.33
2026-07-08 06:03:52,47,0.362,0.191,0.234,-0.21,-1.26,-1.37
2026-07-08 06:09:08,46,0.283,0.174,0.217,-0.31,-1.15,-1.61
2026-07-08 06:14:25,46,0.304,0.239,0.217,-0.15,-0.99,-1.44
2026-07-08 06:19:42,47,0.213,0.213,0.191,-0.45,-1.32,-1.70
2026-07-08 06:24:59,47,0.170,0.106,0.149,-0.73,-1.60,-1.98
2026-07-08 06:30:15,47,0.191,0.106,0.149,-0.72,-1.59,-1.96
2026-07-08 06:35:32,47,0.191,0.128,0.149,-0.61,-1.48,-1.85
2026-07-08 06:40:49,47,0.213,0.128,0.128,-0.71,-1.58,-1.95
2026-07-08 06:46:06,48,0.208,0.146,0.167,-0.68,-1.62,-2.06
2026-07-08 06:51:24,48,0.208,0.167,0.167,-0.50,-1.45,-1.89
2026-07-08 06:56:41,48,0.292,0.188,0.167,-0.52,-1.46,-1.90
2026-07-08 07:01:58,48,0.250,0.250,0.083,-0.39,-0.59,-2.51
2026-07-08 07:07:15,48,0.208,0.250,0.062,-0.36,-0.54,-2.53
2026-07-08 07:12:32,48,0.250,0.292,0.083,-0.27,-0.39,-2.45
2026-07-08 07:17:49,48,0.292,0.292,0.167,-0.18,-0.31,-2.39
2026-07-08 07:23:06,48,0.292,0.333,0.146,-0.12,-0.25,-2.32
2026-07-08 07:28:23,48,0.292,0.312,0.125,-0.28,-0.41,-2.47
2026-07-08 07:33:40,48,0.292,0.333,0.125,-0.13,-0.25,-2.33
2026-07-08 07:38:57,48,0.333,0.375,0.125,+0.04,-0.08,-2.16
2026-07-08 07:44:14,48,0.354,0.375,0.125,+0.15,+0.02,-2.05
2026-07-08 07:49:31,49,0.347,0.327,0.143,+0.01,-0.10,-2.15
2026-07-08 07:54:49,49,0.327,0.388,0.102,+0.13,+0.01,-2.05
2026-07-08 08:00:06,49,0.347,0.347,0.122,+0.07,-0.05,-2.10
2026-07-08 08:05:24,49,0.612,0.347,0.184,+0.41,-0.22,-1.79
2026-07-08 08:10:42,50,0.540,0.400,0.180,+0.41,-0.30,-1.71
2026-07-08 08:15:59,49,0.612,0.408,0.204,+0.60,-0.09,-1.55
2026-07-08 08:21:17,50,0.660,0.420,0.180,+0.68,-0.09,-1.51
2026-07-08 08:26:35,50,0.660,0.440,0.220,+0.66,-0.10,-1.52
2026-07-08 08:31:54,50,0.700,0.420,0.220,+0.69,-0.06,-1.48
2026-07-08 08:37:12,50,0.700,0.420,0.180,+0.55,-0.21,-1.63
2026-07-08 08:42:29,49,0.531,0.347,0.163,+0.30,-0.39,-1.84
2026-07-08 08:47:46,49,0.531,0.306,0.204,+0.28,-0.41,-1.86
2026-07-08 08:53:03,49,0.531,0.408,0.184,+0.35,-0.34,-1.79
2026-07-08 08:58:21,50,0.460,0.340,0.200,+0.25,-0.50,-1.91
2026-07-08 09:03:39,49,0.286,0.327,0.224,-0.08,-0.29,-1.55
2026-07-08 09:08:56,49,0.286,0.327,0.204,-0.19,-0.08,-1.50
2026-07-08 09:14:13,49,0.327,0.327,0.184,-0.10,-0.01,-1.41
2026-07-08 09:19:31,48,0.229,0.312,0.250,-0.19,-0.00,-1.21
2026-07-08 09:24:48,48,0.312,0.271,0.229,-0.26,-0.08,-1.29
2026-07-08 09:30:05,48,0.417,0.333,0.208,-0.14,+0.05,-1.17
2026-07-08 09:35:22,48,0.333,0.333,0.208,-0.29,-0.11,-1.32
2026-07-08 09:40:39,48,0.417,0.312,0.188,-0.45,-0.27,-1.49
2026-07-08 09:45:57,48,0.479,0.396,0.208,-0.16,+0.03,-1.19
2026-07-08 09:51:14,48,0.458,0.333,0.188,-0.16,+0.03,-1.20
2026-07-08 09:56:31,48,0.458,0.312,0.188,-0.29,-0.11,-1.33
2026-07-08 10:01:48,48,0.500,0.438,0.271,-0.16,+0.07,-0.82
2026-07-08 10:07:06,47,0.447,0.404,0.298,-0.32,-0.05,-0.71
2026-07-08 10:12:23,47,0.511,0.489,0.298,-0.60,-0.35,-0.94
2026-07-08 10:17:39,47,0.511,0.489,0.383,-0.44,-0.29,-0.83
2026-07-08 10:22:56,47,0.532,0.511,0.298,-0.54,-0.40,-0.93
2026-07-08 10:28:13,47,0.426,0.447,0.298,-0.63,-0.49,-1.03
2026-07-08 10:33:30,47,0.340,0.362,0.255,-0.77,-0.62,-1.16
2026-07-08 10:38:46,47,0.191,0.149,0.128,-1.70,-1.56,-2.09
2026-07-08 10:44:03,47,0.149,0.213,0.170,-1.48,-1.33,-1.86
2026-07-08 10:49:20,47,0.149,0.191,0.191,-1.37,-1.23,-1.76
2026-07-08 10:54:36,47,0.170,0.191,0.191,-1.59,-1.45,-1.99
2026-07-08 10:59:53,48,0.188,0.208,0.208,-1.35,-1.19,-1.71
2026-07-08 11:05:11,48,0.125,0.125,0.125,-1.89,-2.22,-2.37
2026-07-08 11:10:28,48,0.104,0.104,0.104,-2.10,-2.43,-2.58
2026-07-08 11:15:44,48,0.104,0.104,0.125,-1.93,-2.25,-2.39
2026-07-08 11:21:01,48,0.125,0.104,0.146,-2.11,-2.47,-2.70
2026-07-08 11:26:18,48,0.104,0.125,0.167,-1.85,-2.19,-2.42
2026-07-08 11:31:36,49,0.143,0.122,0.143,-2.08,-2.41,-2.64
2026-07-08 11:36:53,50,0.080,0.100,0.120,-2.78,-3.08,-3.29
2026-07-08 11:42:11,49,0.122,0.102,0.143,-2.56,-2.91,-3.14
2026-07-08 11:47:28,49,0.143,0.102,0.163,-2.28,-2.62,-2.85
2026-07-08 11:52:46,50,0.140,0.100,0.180,-2.27,-2.62,-2.94
2026-07-08 11:58:04,50,0.140,0.100,0.180,-2.36,-2.72,-3.03
2026-07-08 12:03:22,50,0.460,0.180,0.180,-0.44,-2.06,-2.40
2026-07-08 12:08:40,50,0.420,0.160,0.160,-0.44,-2.11,-2.41
2026-07-08 12:13:58,51,0.451,0.176,0.157,-0.33,-2.07,-2.37
2026-07-08 12:19:16,51,0.373,0.157,0.157,-0.58,-2.22,-2.57
2026-07-08 12:24:34,51,0.412,0.176,0.157,-0.45,-2.08,-2.45
2026-07-08 12:29:51,50,0.420,0.180,0.200,-0.42,-2.05,-2.47
2026-07-08 12:35:09,50,0.300,0.160,0.180,-0.63,-2.25,-2.67
2026-07-08 12:40:27,50,0.280,0.200,0.160,-0.80,-2.42,-2.83
2026-07-08 12:45:45,50,0.260,0.160,0.160,-0.79,-2.41,-2.82
2026-07-08 12:51:03,50,0.340,0.120,0.140,-0.51,-2.15,-2.53
2026-07-08 12:56:21,50,0.240,0.140,0.140,-0.88,-2.51,-2.91
2026-07-08 13:01:39,50,0.220,0.100,0.160,-0.31,-2.61,-2.44
2026-07-08 13:06:56,50,0.260,0.180,0.160,-0.16,-2.40,-2.24
2026-07-08 13:12:14,50,0.320,0.180,0.180,-0.06,-2.31,-2.16
2026-07-08 13:17:32,50,0.260,0.140,0.180,-0.08,-2.33,-2.17
2026-07-08 13:22:49,50,0.260,0.120,0.160,-0.33,-2.58,-2.43
2026-07-08 13:28:07,50,0.340,0.120,0.160,-0.40,-2.64,-2.51
2026-07-08 13:33:25,50,0.300,0.180,0.180,-0.31,-2.56,-2.41
2026-07-08 13:38:45,50,0.260,0.140,0.220,-0.43,-2.68,-2.54
2026-07-08 13:44:02,50,0.280,0.160,0.160,-0.43,-2.68,-2.54
2026-07-08 13:49:20,49,0.286,0.143,0.184,-0.38,-2.72,-2.51
2026-07-08 13:54:37,49,0.245,0.143,0.184,-0.56,-2.88,-2.68
2026-07-08 13:59:55,49,0.286,0.163,0.184,-0.24,-2.58,-2.38
2026-07-08 14:05:12,49,0.347,0.245,0.163,-0.07,-1.02,-3.02
2026-07-08 14:10:30,49,0.388,0.245,0.143,+0.01,-0.91,-2.94
2026-07-08 14:15:47,49,0.449,0.265,0.143,+0.05,-0.87,-2.91
2026-07-08 14:21:04,49,0.449,0.306,0.143,+0.08,-0.85,-2.88
2026-07-08 14:26:22,49,0.408,0.306,0.163,-0.10,-1.02,-3.05
2026-07-08 14:31:39,49,0.429,0.286,0.163,-0.08,-0.99,-3.03
2026-07-08 14:36:57,49,0.408,0.286,0.163,-0.04,-0.96,-3.00
2026-07-08 14:42:14,49,0.327,0.286,0.163,-0.18,-1.09,-3.13
2026-07-08 14:47:32,49,0.327,0.286,0.163,-0.31,-1.24,-3.28
2026-07-08 14:52:49,49,0.327,0.265,0.143,-0.41,-1.34,-3.37
2026-07-08 14:58:06,49,0.347,0.286,0.143,-0.33,-1.26,-3.28
2026-07-08 15:03:24,49,0.327,0.306,0.143,-0.11,-0.58,-2.82
2026-07-08 15:08:41,49,0.327,0.306,0.163,-0.09,-0.43,-2.66
2026-07-08 15:13:59,49,0.306,0.286,0.163,-0.33,-0.67,-2.89
2026-07-08 15:19:16,49,0.265,0.286,0.163,-0.27,-0.61,-2.83
2026-07-08 15:24:34,49,0.245,0.265,0.163,-0.51,-0.85,-3.06
2026-07-08 15:29:51,49,0.245,0.204,0.163,-0.60,-0.95,-3.17
2026-07-08 15:35:09,49,0.184,0.184,0.163,-0.83,-1.16,-3.36
2026-07-08 15:40:26,48,0.208,0.167,0.146,-0.75,-1.10,-3.27
2026-07-08 15:45:43,48,0.188,0.188,0.146,-0.84,-1.21,-3.38
2026-07-08 15:51:01,48,0.188,0.167,0.146,-0.60,-0.97,-3.15
2026-07-08 15:56:21,48,0.167,0.167,0.167,-0.62,-0.99,-3.17
2026-07-08 16:01:38,48,0.104,0.188,0.083,-0.53,-0.84,-3.41
2026-07-08 16:06:55,48,0.125,0.188,0.104,-0.66,-1.07,-3.67
2026-07-08 16:12:14,48,0.146,0.167,0.083,-0.62,-1.04,-3.65
2026-07-08 16:17:31,48,0.146,0.167,0.104,-0.22,-0.65,-3.26
2026-07-08 16:22:49,49,0.184,0.184,0.143,-0.19,-0.61,-3.10
2026-07-08 16:28:06,49,0.265,0.204,0.143,+0.01,-0.40,-2.91
2026-07-08 16:33:24,49,0.347,0.306,0.143,+0.23,-0.17,-2.67
2026-07-08 16:38:42,49,0.327,0.265,0.143,+0.08,-0.32,-2.81
2026-07-08 16:43:59,50,0.360,0.320,0.120,+0.07,-0.33,-2.86
2026-07-08 16:49:17,50,0.340,0.340,0.140,+0.11,-0.27,-2.80
2026-07-08 16:54:34,50,0.380,0.280,0.120,+0.02,-0.37,-2.89
2026-07-08 16:59:52,50,0.380,0.280,0.120,+0.06,-0.30,-2.85
2026-07-08 17:05:10,50,0.580,0.240,0.220,+0.38,-0.39,-1.29
2026-07-08 17:10:29,51,0.627,0.275,0.275,+0.62,-0.17,-0.95
2026-07-08 17:15:47,51,0.706,0.294,0.216,+0.70,-0.08,-0.88
2026-07-08 17:21:05,51,0.333,0.176,0.157,-0.06,-0.84,-1.61
2026-07-08 17:26:23,51,0.275,0.157,0.157,-0.24,-1.03,-1.78
2026-07-08 17:31:41,51,0.255,0.157,0.176,-0.35,-1.14,-1.90
2026-07-08 17:37:00,51,0.196,0.157,0.137,-0.51,-1.29,-2.05
2026-07-08 17:42:18,51,0.235,0.157,0.118,-0.70,-1.49,-2.24
2026-07-08 17:47:36,51,0.353,0.196,0.137,-0.17,-0.96,-1.73
2026-07-08 17:52:54,51,0.294,0.196,0.157,-0.32,-1.10,-1.87
2026-07-08 17:58:12,51,0.275,0.216,0.137,-0.44,-1.23,-2.00
2026-07-08 18:03:31,52,0.135,0.231,0.115,-1.17,-1.18,-1.96
2026-07-08 18:08:49,51,0.137,0.235,0.118,-1.22,-1.12,-1.86
2026-07-08 18:14:07,51,0.157,0.255,0.137,-1.10,-1.00,-1.74
2026-07-08 18:19:25,51,0.098,0.176,0.118,-1.38,-1.32,-2.00
2026-07-08 18:24:44,52,0.135,0.231,0.135,-1.12,-1.05,-1.71
2026-07-08 18:30:02,51,0.157,0.216,0.137,-1.04,-1.00,-1.63
2026-07-08 18:35:20,51,0.137,0.176,0.137,-1.00,-0.96,-1.58
2026-07-08 18:40:38,52,0.192,0.192,0.154,-0.91,-0.84,-1.50
2026-07-08 18:45:57,52,0.192,0.192,0.154,-1.02,-0.95,-1.60
2026-07-08 18:51:15,52,0.173,0.192,0.115,-1.15,-1.10,-1.74
2026-07-08 18:56:34,52,0.135,0.212,0.096,-1.27,-1.19,-1.85
2026-07-08 19:01:53,51,0.294,0.235,0.118,-0.61,-0.96,-1.58
2026-07-08 19:07:11,51,0.275,0.216,0.137,-0.26,-0.69,-1.42
2026-07-08 19:12:30,51,0.235,0.176,0.157,-0.38,-0.80,-1.53
2026-07-08 19:17:48,51,0.314,0.235,0.176,-0.21,-0.64,-1.36
2026-07-08 19:23:06,50,0.440,0.260,0.160,-0.00,-0.47,-1.19
2026-07-08 19:28:23,49,0.531,0.265,0.163,+0.02,-0.45,-1.22
2026-07-08 19:33:41,49,0.531,0.245,0.143,+0.07,-0.39,-1.15
2026-07-08 19:38:58,49,0.531,0.265,0.163,+0.14,-0.33,-1.09
2026-07-08 19:44:16,49,0.551,0.265,0.163,-0.05,-0.51,-1.29
2026-07-08 19:49:34,50,0.440,0.260,0.180,-0.03,-0.45,-1.20
2026-07-08 19:54:51,50,0.500,0.260,0.200,-0.00,-0.43,-1.17
2026-07-08 20:00:09,50,0.440,0.200,0.160,-0.10,-0.77,-1.49
2026-07-08 20:05:27,50,0.600,0.160,0.200,+0.15,-1.09,-1.27
2026-07-08 20:10:45,50,0.620,0.180,0.200,+0.24,-1.04,-1.31
2026-07-08 20:16:03,49,0.531,0.163,0.184,+0.23,-1.08,-1.36
2026-07-08 20:21:20,50,0.580,0.180,0.200,+0.18,-1.09,-1.36
2026-07-08 20:26:38,50,0.520,0.180,0.180,+0.32,-0.96,-1.22
2026-07-08 20:31:55,49,0.551,0.163,0.204,+0.42,-0.89,-1.18
2026-07-08 20:37:13,49,0.592,0.184,0.163,+0.69,-0.63,-0.95
2026-07-08 20:42:30,49,0.490,0.143,0.163,+0.65,-0.67,-0.98
2026-07-08 20:47:48,51,0.686,0.196,0.157,+1.04,-0.32,-0.61
2026-07-08 20:53:06,51,0.647,0.176,0.196,+0.89,-0.46,-0.75
2026-07-08 20:58:25,52,0.673,0.192,0.269,+1.01,-0.37,-0.59
2026-07-08 21:03:43,52,0.558,0.500,0.250,+0.47,+0.38,-0.44
2026-07-08 21:09:02,53,0.509,0.547,0.226,+0.55,+0.56,-0.30
2026-07-08 21:14:21,52,0.519,0.538,0.269,+0.50,+0.55,-0.33
2026-07-08 21:19:40,52,0.558,0.558,0.250,+0.65,+0.69,-0.17
2026-07-08 21:24:58,51,0.451,0.529,0.255,+0.50,+0.54,-0.32
2026-07-08 21:30:16,50,0.520,0.500,0.260,+0.43,+0.51,-0.32
2026-07-08 21:35:33,50,0.460,0.520,0.240,+0.32,+0.40,-0.42
2026-07-08 21:40:51,52,0.462,0.538,0.231,+0.21,+0.22,-0.58
2026-07-08 21:46:11,52,0.442,0.500,0.231,+0.22,+0.23,-0.56
2026-07-08 21:51:30,52,0.423,0.500,0.231,+0.12,+0.14,-0.65
2026-07-08 21:56:49,52,0.365,0.577,0.231,+0.08,+0.11,-0.67
2026-07-08 22:02:07,52,0.212,0.538,0.250,-0.61,+0.30,-0.72
2026-07-08 22:07:26,52,0.269,0.404,0.212,-0.71,+0.11,-0.80
2026-07-08 22:12:45,52,0.250,0.404,0.192,-0.63,+0.19,-0.72
2026-07-08 22:18:02,51,0.314,0.529,0.235,-0.42,+0.43,-0.41
2026-07-08 22:23:20,52,0.346,0.519,0.250,-0.49,+0.33,-0.58
2026-07-08 22:28:39,52,0.346,0.481,0.231,-0.48,+0.33,-0.57
2026-07-08 22:33:57,52,0.385,0.615,0.250,-0.24,+0.57,-0.33
2026-07-08 22:39:16,51,0.451,0.627,0.235,-0.16,+0.67,-0.17
2026-07-08 22:44:34,51,0.392,0.627,0.235,-0.24,+0.58,-0.26
2026-07-08 22:49:53,51,0.392,0.608,0.275,-0.28,+0.54,-0.30
2026-07-08 22:55:12,52,0.404,0.558,0.250,-0.18,+0.64,-0.18
2026-07-08 23:00:31,51,0.549,0.549,0.275,+0.57,+0.84,-0.11
2026-07-08 23:05:49,51,0.569,0.529,0.294,+0.48,+0.42,-0.43
2026-07-08 23:11:07,51,0.667,0.471,0.235,+0.42,+0.35,-0.49
2026-07-08 23:16:26,52,0.519,0.423,0.192,+0.29,+0.18,-0.79
2026-07-08 23:21:44,52,0.558,0.462,0.212,+0.33,+0.21,-0.75
2026-07-08 23:27:03,52,0.558,0.423,0.212,+0.36,+0.24,-0.72
2026-07-08 23:32:21,52,0.346,0.308,0.212,-0.22,-0.34,-1.31
2026-07-08 23:37:40,52,0.423,0.346,0.212,-0.21,-0.33,-1.30
2026-07-08 23:42:58,51,0.392,0.373,0.216,-0.30,-0.40,-1.25
2026-07-08 23:48:17,51,0.314,0.294,0.216,-0.70,-0.80,-1.64
2026-07-08 23:53:34,51,0.294,0.275,0.216,-0.63,-0.72,-1.58
2026-07-08 23:58:53,52,0.481,0.288,0.212,-0.72,-0.82,-1.70
2026-07-09 00:04:11,53,0.245,0.321,0.340,-1.21,-1.21,-1.07
2026-07-09 00:09:30,52,0.212,0.269,0.212,-1.40,-1.40,-1.26
2026-07-09 00:14:49,52,0.173,0.192,0.231,-1.26,-1.21,-1.04
2026-07-09 00:20:07,52,0.231,0.231,0.269,-1.20,-1.16,-0.97
2026-07-09 00:25:26,51,0.176,0.216,0.255,-1.35,-1.34,-0.99
2026-07-09 00:30:44,52,0.173,0.269,0.250,-1.13,-1.13,-0.87
2026-07-09 00:36:02,51,0.196,0.294,0.294,-1.06,-1.07,-0.81
2026-07-09 00:41:21,52,0.212,0.288,0.288,-1.10,-1.17,-0.77
2026-07-09 00:46:40,52,0.212,0.250,0.269,-1.15,-1.21,-0.82
2026-07-09 00:51:58,52,0.192,0.346,0.269,-1.13,-1.19,-0.80
2026-07-09 00:57:17,52,0.212,0.250,0.288,-1.19,-1.26,-0.87
2026-07-09 01:02:35,52,0.250,0.346,0.288,-0.08,-0.60,-0.69
2026-07-09 01:07:55,53,0.264,0.264,0.340,+0.33,-0.60,-0.34
2026-07-09 01:13:13,52,0.365,0.288,0.385,+0.44,-0.55,-0.23
2026-07-09 01:18:32,52,0.385,0.288,0.327,+0.49,-0.49,-0.19
2026-07-09 01:23:51,52,0.423,0.346,0.385,+0.65,-0.34,-0.04
2026-07-09 01:29:10,52,0.538,0.423,0.481,+0.69,-0.32,-0.00
2026-07-09 01:34:28,52,0.462,0.365,0.462,+0.70,-0.28,+0.02
2026-07-09 01:39:46,52,0.346,0.327,0.365,+0.51,-0.46,-0.16
2026-07-09 01:45:05,52,0.558,0.500,0.538,+0.77,-0.20,+0.09
2026-07-09 01:50:23,52,0.577,0.462,0.577,+0.77,-0.17,+0.12
2026-07-09 01:55:42,52,0.577,0.481,0.615,+0.62,-0.30,-0.00
2026-07-09 02:01:00,52,0.558,0.423,0.577,+0.30,-0.33,+0.08
2026-07-09 02:06:18,52,0.635,0.404,0.558,+0.49,-0.48,-0.12
2026-07-09 02:11:37,52,0.712,0.423,0.462,+0.59,-0.56,-0.23
2026-07-09 02:16:55,52,0.750,0.462,0.519,+0.74,-0.37,-0.10
2026-07-09 02:22:14,52,0.750,0.500,0.538,+0.81,-0.31,-0.04
2026-07-09 02:27:32,52,0.654,0.442,0.577,+0.80,-0.31,-0.05
2026-07-09 02:32:51,52,0.692,0.462,0.538,+0.81,-0.30,-0.05
2026-07-09 02:38:09,52,0.692,0.481,0.577,+0.99,-0.18,+0.10
2026-07-09 02:43:28,52,0.769,0.558,0.558,+1.04,-0.14,+0.14
2026-07-09 02:48:46,52,0.731,0.481,0.519,+0.84,-0.34,-0.05
2026-07-09 02:54:04,52,0.673,0.365,0.481,+0.76,-0.41,-0.13
2026-07-09 02:59:23,52,0.635,0.308,0.346,+0.61,-0.56,-0.28
2026-07-09 03:04:41,52,0.577,0.500,0.365,+0.27,+0.79,-0.54
2026-07-09 03:09:59,52,0.538,0.558,0.404,+0.30,+1.02,-0.39
2026-07-09 03:15:18,52,0.558,0.577,0.423,+0.34,+1.11,-0.33
2026-07-09 03:20:36,52,0.519,0.577,0.423,+0.24,+1.04,-0.41
2026-07-09 03:25:54,52,0.481,0.538,0.423,+0.26,+1.06,-0.40
2026-07-09 03:31:13,52,0.404,0.558,0.385,+0.14,+0.95,-0.47
2026-07-09 03:36:31,52,0.365,0.558,0.365,+0.05,+0.86,-0.55
2026-07-09 03:41:50,52,0.346,0.519,0.346,-0.01,+0.80,-0.61
2026-07-09 03:47:08,52,0.404,0.558,0.365,+0.05,+0.85,-0.55
2026-07-09 03:52:25,49,0.510,0.633,0.429,+0.11,+0.96,-0.44
2026-07-09 03:57:43,49,0.551,0.612,0.449,+0.19,+1.05,-0.34
2026-07-09 04:02:59,48,0.604,0.688,0.479,+0.23,+0.82,+0.06
2026-07-09 04:08:16,48,0.521,0.667,0.438,+0.13,+0.87,-0.15
2026-07-09 04:13:34,48,0.479,0.729,0.500,+0.21,+0.93,+0.25
2026-07-09 04:18:50,48,0.458,0.750,0.500,+0.19,+0.96,+0.26
2026-07-09 04:24:09,48,0.417,0.729,0.458,+0.17,+0.94,+0.25
2026-07-09 04:29:26,48,0.438,0.750,0.479,+0.14,+0.91,+0.22
2026-07-09 04:34:43,48,0.438,0.708,0.521,-0.04,+0.73,+0.03
2026-07-09 04:40:00,48,0.417,0.667,0.479,-0.05,+0.72,+0.03
2026-07-09 04:45:17,48,0.438,0.625,0.521,+0.10,+0.87,+0.18
2026-07-09 04:50:34,47,0.340,0.638,0.447,-0.04,+0.70,+0.08
2026-07-09 04:55:51,47,0.404,0.660,0.468,-0.06,+0.68,+0.05
2026-07-09 05:01:08,48,0.396,0.542,0.479,-0.04,+0.51,-0.17
2026-07-09 05:06:25,47,0.404,0.553,0.489,+0.15,+0.44,-0.00
2026-07-09 05:11:42,47,0.340,0.511,0.489,+0.16,+0.40,-0.03
2026-07-09 05:16:59,47,0.298,0.426,0.447,+0.03,+0.18,-0.20
2026-07-09 05:22:16,47,0.362,0.426,0.468,+0.09,+0.17,-0.22
2026-07-09 05:27:33,47,0.340,0.383,0.404,-0.04,+0.05,-0.34
2026-07-09 05:32:49,47,0.426,0.468,0.404,+0.02,+0.11,-0.31
2026-07-09 05:38:06,47,0.362,0.426,0.383,-0.06,+0.03,-0.38
2026-07-09 05:43:22,47,0.362,0.426,0.383,+0.03,+0.12,-0.29
2026-07-09 05:48:39,47,0.362,0.447,0.383,+0.03,+0.12,-0.29
2026-07-09 05:53:56,47,0.362,0.426,0.383,-0.08,+0.01,-0.39
2026-07-09 05:59:12,47,0.383,0.426,0.383,-0.13,-0.04,-0.45
2026-07-09 06:04:29,47,0.298,0.447,0.468,-0.26,-0.24,+0.44
2026-07-09 06:09:46,48,0.312,0.458,0.438,-0.15,+0.47,+1.18
2026-07-09 06:15:03,48,0.312,0.396,0.417,-0.31,+0.34,+1.05
2026-07-09 06:20:20,48,0.250,0.375,0.438,-0.36,+0.30,+1.03
2026-07-09 06:25:37,48,0.312,0.396,0.438,-0.31,+0.34,+1.07
2026-07-09 06:30:54,48,0.312,0.438,0.479,-0.23,+0.40,+1.24
2026-07-09 06:36:12,48,0.292,0.417,0.521,-0.18,+0.44,+1.29
2026-07-09 06:41:29,48,0.312,0.458,0.521,-0.19,+0.43,+1.28
2026-07-09 06:46:46,48,0.333,0.396,0.458,-0.23,+0.38,+1.24
2026-07-09 06:52:04,48,0.375,0.500,0.562,-0.16,+0.44,+1.30
2026-07-09 06:57:20,47,0.362,0.532,0.574,-0.15,+0.45,+1.32
2026-07-09 07:02:37,47,0.489,0.489,0.638,+0.12,+0.62,+1.18
2026-07-09 07:07:53,46,0.543,0.543,0.696,+0.31,+0.63,+1.36
2026-07-09 07:13:10,46,0.565,0.543,0.717,+0.25,+0.58,+1.32
2026-07-09 07:18:26,46,0.587,0.522,0.717,+0.32,+0.69,+1.42
2026-07-09 07:23:43,46,0.609,0.500,0.739,+0.22,+0.59,+1.36
2026-07-09 07:29:00,47,0.574,0.489,0.745,+0.18,+0.57,+1.34
2026-07-09 07:34:16,47,0.574,0.532,0.723,+0.16,+0.54,+1.31
2026-07-09 07:39:33,47,0.596,0.489,0.745,+0.11,+0.49,+1.27
2026-07-09 07:44:49,47,0.553,0.489,0.766,+0.13,+0.50,+1.28
2026-07-09 07:50:06,47,0.532,0.511,0.766,+0.17,+0.55,+1.32
2026-07-09 07:55:23,47,0.511,0.511,0.745,+0.14,+0.52,+1.29
2026-07-09 08:00:39,47,0.532,0.511,0.681,-0.02,+0.39,+0.98
2026-07-09 08:05:56,47,0.404,0.468,0.574,-0.02,-0.07,+0.65
2026-07-09 08:11:13,48,0.417,0.500,0.583,+0.07,+0.18,+0.87
2026-07-09 08:16:30,48,0.417,0.479,0.562,+0.13,+0.22,+0.87
2026-07-09 08:21:47,49,0.449,0.367,0.571,+0.59,+0.66,+1.36
2026-07-09 08:27:04,49,0.449,0.388,0.571,+0.58,+0.65,+1.35
2026-07-09 08:32:22,49,0.408,0.367,0.571,+0.48,+0.54,+1.24
2026-07-09 08:37:39,49,0.449,0.408,0.531,+0.58,+0.65,+1.35
2026-07-09 08:42:56,48,0.479,0.417,0.583,+0.54,+0.61,+1.27
2026-07-09 08:48:13,48,0.458,0.396,0.500,+0.55,+0.63,+1.28
2026-07-09 08:53:30,48,0.479,0.396,0.521,+0.49,+0.57,+1.23
2026-07-09 08:58:47,48,0.438,0.458,0.562,+0.54,+0.62,+1.29
2026-07-09 09:04:04,49,0.469,0.592,0.571,+0.37,+0.87,+1.38
2026-07-09 09:09:22,50,0.380,0.540,0.560,+0.33,+0.83,+1.33
2026-07-09 09:14:40,50,0.320,0.580,0.560,+0.39,+0.90,+1.39
2026-07-09 09:19:58,50,0.220,0.480,0.500,+0.18,+0.68,+1.18
2026-07-09 09:25:15,49,0.245,0.510,0.449,+0.37,+0.86,+1.36
2026-07-09 09:30:32,49,0.327,0.531,0.469,+0.32,+0.85,+1.37
2026-07-09 09:35:50,49,0.245,0.490,0.449,+0.17,+0.69,+1.20
2026-07-09 09:40:25,49,0.245,0.469,0.490,+0.20,+0.72,+1.22
2026-07-09 09:45:42,49,0.245,0.469,0.510,+0.13,+0.65,+1.14
2026-07-09 09:51:00,49,0.306,0.551,0.531,+0.23,+0.75,+1.25
2026-07-09 09:56:18,50,0.260,0.440,0.460,+0.00,+0.52,+0.99
2026-07-09 10:01:36,50,0.280,0.420,0.460,-0.17,+0.47,+1.04
2026-07-09 10:06:53,49,0.204,0.347,0.408,-0.26,+0.41,+0.92
2026-07-09 10:12:11,50,0.480,0.560,0.640,+0.33,+0.98,+1.56
2026-07-09 10:17:29,50,0.480,0.480,0.620,+0.37,+1.04,+1.60
2026-07-09 10:22:47,50,0.560,0.540,0.620,+0.39,+1.06,+1.62
2026-07-09 10:28:04,50,0.460,0.440,0.580,+0.22,+0.88,+1.46
2026-07-09 10:33:21,49,0.490,0.510,0.592,+0.36,+1.08,+1.64
2026-07-09 10:38:38,49,0.429,0.469,0.551,+0.28,+0.98,+1.53
2026-07-09 10:43:56,49,0.327,0.388,0.449,+0.03,+0.74,+1.32
2026-07-09 10:49:13,48,0.292,0.375,0.479,+0.17,+0.91,+1.52
2026-07-09 10:54:30,48,0.271,0.375,0.417,-0.02,+0.71,+1.31
2026-07-09 10:59:47,47,0.277,0.340,0.383,-0.36,+0.34,+0.94
2026-07-09 11:05:03,47,0.319,0.255,0.383,-0.08,+0.04,+0.43
2026-07-09 11:10:20,46,0.478,0.348,0.413,+0.29,+0.37,+0.74
2026-07-09 11:15:36,46,0.587,0.370,0.457,+0.38,+0.46,+0.83
2026-07-09 11:20:53,47,0.511,0.362,0.447,+0.33,+0.46,+0.83
2026-07-09 11:26:10,46,0.565,0.391,0.457,+0.30,+0.42,+0.80
2026-07-09 11:31:25,45,0.444,0.333,0.467,+0.26,+0.41,+0.84
2026-07-09 11:36:41,44,0.341,0.295,0.364,+0.11,+0.24,+0.65
2026-07-09 11:41:57,44,0.341,0.318,0.386,+0.08,+0.21,+0.62
2026-07-09 11:47:13,45,0.356,0.356,0.422,+0.23,+0.36,+0.75
2026-07-09 11:52:29,45,0.356,0.289,0.378,+0.02,+0.14,+0.53
2026-07-09 11:57:45,45,0.333,0.333,0.378,+0.04,+0.17,+0.56
2026-07-09 12:03:01,45,0.333,0.267,0.400,-0.02,-0.12,+0.92
2026-07-09 12:08:17,45,0.289,0.244,0.356,-0.02,-0.13,+0.82
2026-07-09 12:13:33,45,0.311,0.311,0.356,+0.13,+0.04,+0.97
2026-07-09 12:18:49,45,0.311,0.311,0.333,+0.15,+0.06,+1.00
2026-07-09 12:24:05,45,0.333,0.311,0.333,+0.21,+0.13,+1.09
2026-07-09 12:29:21,45,0.333,0.244,0.267,-0.19,-0.26,+0.68
2026-07-09 12:34:37,45,0.400,0.267,0.356,-0.04,-0.10,+0.84
2026-07-09 12:39:53,45,0.400,0.289,0.333,+0.06,-0.03,+0.91
2026-07-09 12:45:09,45,0.400,0.244,0.311,-0.01,-0.09,+0.85
2026-07-09 12:50:25,45,0.422,0.311,0.356,+0.01,-0.07,+0.89
2026-07-09 12:55:41,45,0.400,0.222,0.333,+0.09,+0.01,+0.97
2026-07-09 13:00:57,45,0.400,0.311,0.311,-0.00,+0.06,+0.92
2026-07-09 13:06:13,45,0.444,0.378,0.289,-0.06,+0.07,+0.75
2026-07-09 13:11:29,45,0.422,0.333,0.267,-0.03,+0.18,+0.73
2026-07-09 13:16:45,45,0.311,0.333,0.244,-0.18,+0.02,+0.52
2026-07-09 13:22:01,45,0.378,0.356,0.289,-0.09,+0.12,+0.61
2026-07-09 13:27:17,45,0.400,0.356,0.267,-0.16,+0.04,+0.52
2026-07-09 13:32:33,45,0.489,0.422,0.311,-0.04,+0.16,+0.66
2026-07-09 13:37:48,45,0.533,0.511,0.378,+0.14,+0.34,+0.83
2026-07-09 13:43:05,46,0.587,0.500,0.370,+0.17,+0.36,+0.83
2026-07-09 13:48:22,46,0.587,0.522,0.370,-0.03,+0.16,+0.63
2026-07-09 13:53:38,46,0.609,0.587,0.370,+0.03,+0.22,+0.69
2026-07-09 13:58:54,46,0.609,0.630,0.413,+0.12,+0.30,+0.76
2026-07-09 14:04:10,45,0.556,0.489,0.444,+0.16,+0.27,+0.65
2026-07-09 14:09:26,45,0.578,0.511,0.400,+0.22,+0.32,+0.68
2026-07-09 14:14:42,45,0.600,0.533,0.444,+0.27,+0.35,+0.70
2026-07-09 14:19:58,44,0.568,0.568,0.432,+0.23,+0.32,+0.73
2026-07-09 14:25:13,43,0.581,0.535,0.488,+0.07,+0.21,+0.65
2026-07-09 14:30:28,43,0.605,0.581,0.465,+0.28,+0.43,+0.89
2026-07-09 14:35:44,43,0.535,0.581,0.419,+0.14,+0.28,+0.74
2026-07-09 14:40:59,43,0.558,0.605,0.488,+0.21,+0.34,+0.80
2026-07-09 14:46:14,43,0.605,0.605,0.488,+0.24,+0.38,+0.84
2026-07-09 14:51:30,43,0.651,0.581,0.488,+0.43,+0.57,+1.03
2026-07-09 14:56:45,43,0.721,0.605,0.605,+0.59,+0.73,+1.18
2026-07-09 14:57:26,43,0.721,0.605,0.605,+0.55,+0.68,+1.13
2026-07-09 15:02:43,43,0.674,0.605,0.605,+0.75,+0.62,+0.72
2026-07-09 15:08:01,44,0.636,0.614,0.591,+0.53,+0.62,+0.70
2026-07-09 15:13:19,44,0.568,0.614,0.523,+0.41,+0.50,+0.58
2026-07-09 15:18:37,44,0.659,0.591,0.568,+0.45,+0.53,+0.62
2026-07-09 15:23:55,44,0.705,0.636,0.591,+0.60,+0.69,+0.78
2026-07-09 15:29:02,44,0.659,0.727,0.636,+0.97,+1.06,+1.13
2026-07-09 15:34:18,44,0.682,0.750,0.705,+1.06,+1.15,+1.23
2026-07-09 15:39:33,43,0.674,0.721,0.628,+1.06,+1.14,+1.24
2026-07-09 15:44:48,43,0.651,0.721,0.674,+0.94,+1.01,+1.11
2026-07-09 15:50:03,43,0.674,0.721,0.628,+0.87,+0.94,+1.05
2026-07-09 15:55:19,44,0.659,0.705,0.636,+0.95,+1.04,+1.12
2026-07-09 16:00:34,44,0.682,0.682,0.659,+0.65,+0.86,+1.10
2026-07-09 16:05:50,44,0.568,0.636,0.705,+0.26,+0.68,+1.13
2026-07-09 16:11:05,44,0.545,0.705,0.659,+0.19,+0.68,+1.08
2026-07-09 16:16:21,44,0.500,0.682,0.659,+0.13,+0.63,+1.02
2026-07-09 16:21:37,44,0.523,0.659,0.682,+0.22,+0.72,+1.10
2026-07-09 16:26:53,45,0.422,0.689,0.711,-0.10,+0.54,+1.12
2026-07-09 16:32:08,44,0.386,0.682,0.705,-0.17,+0.47,+1.05
2026-07-09 16:37:24,44,0.386,0.682,0.659,-0.26,+0.39,+0.95
2026-07-09 16:42:39,44,0.364,0.659,0.636,-0.35,+0.29,+0.85
2026-07-09 16:47:56,46,0.630,0.696,0.674,+0.18,+1.01,+1.69
2026-07-09 16:53:12,46,0.565,0.674,0.717,+0.32,+1.11,+1.76
2026-07-09 16:58:29,47,0.553,0.681,0.660,+0.40,+1.21,+1.83
2026-07-09 17:03:46,47,0.298,0.660,0.617,+0.12,+1.11,+1.68
2026-07-09 17:09:02,46,0.348,0.674,0.609,+0.14,+1.09,+1.76
2026-07-09 17:14:18,46,0.391,0.674,0.652,+0.22,+1.13,+1.79
2026-07-09 17:19:34,44,0.364,0.705,0.636,+0.15,+1.08,+1.75
2026-07-09 17:24:49,44,0.409,0.705,0.636,+0.25,+1.18,+1.86
2026-07-09 17:30:05,44,0.386,0.727,0.659,+0.31,+1.24,+1.92
2026-07-09 17:35:20,44,0.386,0.682,0.636,+0.35,+1.29,+1.98
2026-07-09 17:40:36,43,0.395,0.674,0.698,+0.72,+1.66,+2.46
2026-07-09 17:45:51,43,0.395,0.651,0.674,+0.65,+1.54,+2.38
2026-07-09 17:51:07,43,0.349,0.651,0.651,+0.41,+1.34,+2.10
2026-07-09 17:56:23,43,0.419,0.651,0.628,+0.44,+1.37,+2.14
2026-07-09 18:01:39,43,0.372,0.558,0.698,+0.09,+0.88,+2.00
2026-07-09 18:06:54,43,0.326,0.488,0.721,-0.06,+0.47,+1.73
2026-07-09 18:12:09,43,0.326,0.442,0.698,-0.42,+0.05,+1.36
2026-07-09 18:17:25,42,0.262,0.405,0.738,-0.51,-0.07,+1.23
2026-07-09 18:22:40,43,0.279,0.512,0.744,-0.30,+0.10,+1.42
2026-07-09 18:27:55,43,0.349,0.512,0.698,-0.32,+0.09,+1.41
2026-07-09 18:33:11,43,0.372,0.512,0.744,-0.08,+0.31,+1.63
2026-07-09 18:38:26,43,0.302,0.488,0.744,-0.19,+0.22,+1.54
2026-07-09 18:43:41,43,0.233,0.442,0.721,-0.14,+0.25,+1.58
2026-07-09 18:48:57,43,0.209,0.395,0.698,-0.32,+0.04,+1.36
2026-07-09 18:54:12,43,0.302,0.395,0.698,-0.36,+0.03,+1.35
2026-07-09 18:59:28,44,0.386,0.386,0.682,-0.28,+0.10,+1.42
2026-07-09 19:04:44,43,0.512,0.419,0.651,-0.29,+0.16,+1.14
2026-07-09 19:09:59,43,0.442,0.395,0.698,-0.28,+0.16,+1.14
2026-07-09 19:15:14,43,0.419,0.395,0.698,-0.16,+0.27,+1.24
2026-07-09 19:20:30,43,0.419,0.395,0.674,-0.15,+0.27,+1.25
2026-07-09 19:25:45,43,0.395,0.349,0.674,-0.22,+0.20,+1.18
2026-07-09 19:31:00,43,0.395,0.326,0.651,-0.25,+0.18,+1.15
2026-07-09 19:36:15,43,0.465,0.395,0.651,-0.25,+0.12,+1.12
2026-07-09 19:41:30,42,0.476,0.429,0.667,-0.25,+0.11,+1.11
2026-07-09 19:46:45,42,0.429,0.381,0.667,-0.29,+0.06,+1.06
2026-07-09 19:52:00,42,0.405,0.429,0.667,-0.24,+0.12,+1.13
2026-07-09 19:57:15,43,0.442,0.395,0.674,-0.26,+0.10,+1.10
2026-07-09 20:02:31,43,0.302,0.349,0.605,-0.18,+0.07,+1.10
2026-07-09 20:07:46,43,0.349,0.326,0.651,+0.01,+0.01,+1.09
2026-07-09 20:13:00,41,0.366,0.341,0.610,+0.09,-0.02,+1.04
2026-07-09 20:18:15,41,0.415,0.317,0.610,+0.16,+0.04,+1.10
2026-07-09 20:23:29,41,0.415,0.366,0.610,+0.05,-0.05,+1.01
2026-07-09 20:28:44,41,0.341,0.341,0.561,+0.01,-0.11,+0.96
2026-07-09 20:33:59,41,0.390,0.341,0.610,+0.08,-0.04,+1.03
2026-07-09 20:39:13,41,0.293,0.293,0.585,-0.03,-0.16,+0.92
2026-07-09 20:44:27,41,0.268,0.317,0.561,-0.23,-0.36,+0.71
2026-07-09 20:49:41,40,0.325,0.325,0.575,-0.26,-0.31,+0.73
2026-07-09 20:54:56,40,0.275,0.350,0.550,-0.04,-0.09,+0.96
2026-07-09 21:00:10,40,0.400,0.300,0.525,-0.48,-0.57,+0.49
2026-07-09 21:05:24,40,0.400,0.400,0.425,-0.10,-0.35,+0.28
2026-07-09 21:10:38,40,0.375,0.350,0.475,-0.31,-0.49,+0.00
2026-07-09 21:15:53,40,0.300,0.300,0.475,-0.40,-0.58,-0.08
2026-07-09 21:21:07,40,0.300,0.225,0.475,-0.52,-0.70,-0.22
2026-07-09 21:26:22,40,0.400,0.325,0.475,-0.43,-0.62,-0.13
2026-07-09 21:31:36,40,0.375,0.300,0.450,-0.69,-0.87,-0.40
2026-07-09 21:36:50,40,0.400,0.325,0.475,-0.67,-0.86,-0.40
2026-07-09 21:42:05,40,0.450,0.450,0.550,-0.67,-0.83,-0.38
2026-07-09 21:47:19,41,0.293,0.293,0.341,-1.08,-1.27,-0.79
2026-07-09 21:52:34,41,0.341,0.341,0.366,-0.79,-0.99,-0.50
2026-07-09 21:57:49,41,0.317,0.366,0.341,-0.76,-0.97,-0.48
2026-07-09 22:03:03,41,0.439,0.293,0.293,-0.68,-0.81,-0.58
2026-07-09 22:08:18,41,0.439,0.366,0.341,-0.67,-0.83,-0.78
2026-07-09 22:13:32,41,0.439,0.366,0.341,-0.60,-0.75,-0.70
2026-07-09 22:18:46,40,0.425,0.375,0.325,-0.52,-0.72,-0.56
2026-07-09 22:24:01,40,0.400,0.375,0.325,-0.81,-1.02,-0.85
2026-07-09 22:29:15,39,0.385,0.385,0.308,-0.76,-0.91,-0.77
2026-07-09 22:34:29,39,0.282,0.359,0.333,-0.92,-1.07,-0.91
2026-07-09 22:39:44,39,0.333,0.385,0.359,-0.80,-0.95,-0.81
2026-07-09 22:44:58,39,0.462,0.385,0.385,-0.70,-0.85,-0.70
2026-07-09 22:50:12,39,0.385,0.359,0.385,-0.68,-0.83,-0.67
2026-07-09 22:55:26,39,0.487,0.564,0.487,-0.56,-0.70,-0.56
2026-07-09 23:00:41,39,0.564,0.615,0.487,-0.10,-0.60,-0.31
2026-07-09 23:05:55,39,0.590,0.538,0.513,+0.05,-0.80,-0.57
2026-07-09 23:11:09,39,0.538,0.410,0.462,-0.12,-0.93,-0.85
2026-07-09 23:16:23,39,0.462,0.410,0.410,-0.16,-0.97,-0.93
2026-07-09 23:21:38,39,0.385,0.359,0.385,-0.26,-1.07,-1.00
2026-07-09 23:26:52,38,0.421,0.368,0.368,-0.23,-1.07,-1.13
2026-07-09 23:32:07,38,0.421,0.316,0.316,-0.23,-1.07,-1.13
2026-07-09 23:37:20,38,0.368,0.368,0.342,-0.21,-1.04,-1.10
2026-07-09 23:42:34,38,0.447,0.368,0.395,-0.24,-1.07,-1.13
2026-07-09 23:47:48,38,0.500,0.368,0.395,-0.22,-1.04,-1.08
2026-07-09 23:53:03,38,0.500,0.395,0.395,-0.28,-1.10,-1.15
2026-07-09 23:58:17,38,0.474,0.421,0.421,-0.50,-1.32,-1.39
2026-07-10 00:03:31,37,0.162,0.243,0.243,-0.37,-0.80,-1.17
2026-07-10 00:08:44,37,0.243,0.405,0.432,-0.07,-0.49,-0.85
2026-07-10 00:13:57,37,0.270,0.432,0.459,+0.11,-0.31,-0.62
2026-07-10 00:19:11,37,0.324,0.378,0.432,+0.17,-0.29,-0.64
2026-07-10 00:24:25,37,0.324,0.459,0.514,-0.07,-0.49,-0.82
2026-07-10 00:29:38,36,0.139,0.333,0.333,-0.30,-0.75,-1.09
2026-07-10 00:34:50,36,0.139,0.250,0.250,-0.28,-0.71,-1.05
2026-07-10 00:40:03,36,0.167,0.306,0.278,-0.43,-0.86,-1.22
2026-07-10 00:45:16,36,0.222,0.333,0.333,-0.45,-0.88,-1.24
2026-07-10 00:50:29,36,0.278,0.333,0.361,-0.16,-0.60,-0.98
2026-07-10 00:55:42,36,0.278,0.361,0.361,-0.12,-0.56,-0.94
2026-07-10 01:00:55,36,0.333,0.333,0.194,+0.22,-0.15,-1.24
2026-07-10 01:06:08,36,0.472,0.444,0.389,+0.41,+0.09,-0.76
2026-07-10 01:11:21,36,0.361,0.361,0.278,+0.26,-0.07,-0.94
2026-07-10 01:16:34,37,0.405,0.432,0.324,+0.42,+0.03,-0.76
2026-07-10 01:21:47,37,0.351,0.324,0.270,+0.40,+0.01,-0.77
2026-07-10 01:27:00,38,0.368,0.316,0.263,+0.26,-0.13,-0.89
2026-07-10 01:32:14,38,0.421,0.368,0.316,+0.50,+0.10,-0.67
2026-07-10 01:37:27,38,0.368,0.368,0.316,+0.48,+0.08,-0.70
2026-07-10 01:42:41,38,0.368,0.395,0.316,+0.33,-0.07,-0.84
2026-07-10 01:47:54,38,0.368,0.368,0.368,+0.39,-0.01,-0.79
2026-07-10 01:53:08,38,0.368,0.316,0.316,+0.28,-0.11,-0.88
2026-07-10 01:58:22,38,0.395,0.368,0.342,+0.16,-0.24,-1.02
2026-07-10 02:03:35,38,0.368,0.316,0.368,-0.33,-0.36,-0.87
2026-07-10 02:08:49,38,0.342,0.289,0.342,-0.39,-0.44,-1.01
2026-07-10 02:14:03,38,0.368,0.316,0.289,-0.30,-0.33,-0.95
2026-07-10 02:19:16,38,0.447,0.316,0.368,-0.20,-0.24,-0.86
2026-07-10 02:24:30,38,0.526,0.342,0.421,-0.02,-0.09,-0.73
2026-07-10 02:29:43,38,0.500,0.316,0.342,+0.03,-0.09,-0.68
2026-07-10 02:34:56,38,0.395,0.289,0.342,-0.26,-0.38,-0.97
2026-07-10 02:40:10,38,0.526,0.421,0.421,+0.06,-0.04,-0.63
2026-07-10 02:45:24,38,0.553,0.395,0.474,+0.19,+0.07,-0.53
2026-07-10 02:50:37,38,0.579,0.368,0.474,+0.26,+0.14,-0.46
2026-07-10 02:55:51,38,0.658,0.368,0.447,+0.23,+0.11,-0.49
2026-07-10 03:01:05,38,0.711,0.579,0.447,+0.38,+0.51,-0.32
2026-07-10 03:06:18,38,0.658,0.553,0.395,+0.39,+0.63,-0.46
2026-07-10 03:11:32,38,0.711,0.711,0.447,+0.58,+0.85,-0.21
2026-07-10 03:16:46,38,0.737,0.763,0.500,+0.69,+0.96,-0.16
2026-07-10 03:21:59,39,0.692,0.769,0.538,+0.62,+1.19,+0.40
2026-07-10 03:27:13,39,0.667,0.769,0.487,+0.43,+1.00,+0.21
2026-07-10 03:32:27,39,0.718,0.769,0.462,+0.52,+1.09,+0.30
2026-07-10 03:37:41,39,0.667,0.795,0.513,+0.53,+1.11,+0.32
2026-07-10 03:42:55,39,0.692,0.769,0.487,+0.52,+1.09,+0.30
2026-07-10 03:48:09,39,0.641,0.692,0.436,+0.39,+0.97,+0.20
2026-07-10 03:53:23,39,0.667,0.718,0.436,+0.32,+0.89,+0.11
2026-07-10 03:58:37,39,0.667,0.667,0.436,+0.25,+0.83,+0.06
2026-07-10 04:03:51,39,0.359,0.590,0.487,-0.03,+0.20,+0.58
2026-07-10 04:09:05,40,0.300,0.575,0.475,-0.02,+0.57,+0.96
2026-07-10 04:14:20,40,0.250,0.550,0.500,-0.19,+0.57,+0.87
2026-07-10 04:19:34,40,0.175,0.550,0.475,-0.21,+0.55,+0.85
2026-07-10 04:24:48,40,0.175,0.575,0.450,-0.30,+0.47,+0.77
2026-07-10 04:30:02,40,0.200,0.525,0.525,-0.20,+0.57,+0.87
2026-07-10 04:35:16,40,0.225,0.625,0.500,-0.11,+0.65,+0.95
2026-07-10 04:40:30,40,0.450,0.675,0.550,+0.04,+0.80,+1.10
2026-07-10 04:45:44,40,0.475,0.675,0.550,+0.10,+0.86,+1.16
2026-07-10 04:50:58,40,0.350,0.700,0.575,+0.04,+0.80,+1.10
2026-07-10 04:56:13,40,0.325,0.675,0.525,+0.04,+0.81,+1.11
2026-07-10 05:01:27,40,0.300,0.625,0.450,+0.02,+0.59,+0.82
2026-07-10 05:06:41,40,0.325,0.575,0.425,+0.04,+0.45,+0.54
2026-07-10 05:11:56,41,0.390,0.610,0.439,+0.11,+0.50,+0.47
2026-07-10 05:17:11,40,0.375,0.525,0.425,+0.04,+0.40,+0.36
2026-07-10 05:22:25,40,0.375,0.600,0.375,+0.10,+0.46,+0.42
2026-07-10 05:27:39,40,0.450,0.625,0.425,+0.18,+0.55,+0.52
2026-07-10 05:32:53,40,0.450,0.625,0.425,+0.24,+0.62,+0.58
2026-07-10 05:38:08,40,0.500,0.600,0.450,+0.31,+0.69,+0.66
2026-07-10 05:43:22,40,0.500,0.625,0.475,+0.32,+0.69,+0.66
2026-07-10 05:48:37,39,0.564,0.590,0.487,+0.27,+0.66,+0.65
2026-07-10 05:53:51,39,0.538,0.692,0.462,+0.42,+0.80,+0.79
2026-07-10 05:59:05,39,0.564,0.692,0.487,+0.36,+0.75,+0.74
2026-07-10 06:04:18,39,0.667,0.667,0.590,+0.30,+0.38,+1.32
2026-07-10 06:09:32,39,0.487,0.513,0.590,+0.17,+0.17,+1.33
2026-07-10 06:14:46,39,0.538,0.538,0.641,+0.18,+0.19,+1.36
2026-07-10 06:20:00,39,0.538,0.487,0.641,+0.24,+0.25,+1.42
2026-07-10 06:25:14,39,0.564,0.462,0.641,+0.25,+0.21,+1.42
2026-07-10 06:30:28,39,0.513,0.410,0.590,+0.13,+0.09,+1.32
2026-07-10 06:35:42,39,0.385,0.359,0.590,+0.06,+0.02,+1.24
2026-07-10 06:40:56,39,0.436,0.436,0.590,+0.12,+0.08,+1.30
2026-07-10 06:46:10,39,0.462,0.410,0.538,+0.03,-0.01,+1.20
2026-07-10 06:51:24,39,0.359,0.436,0.538,+0.13,+0.09,+1.30
2026-07-10 06:56:38,39,0.462,0.385,0.590,+0.15,+0.11,+1.32
2026-07-10 07:01:52,39,0.359,0.436,0.590,+0.04,+0.30,+1.06
2026-07-10 07:07:06,39,0.333,0.436,0.564,-0.16,+0.20,+0.72
2026-07-10 07:12:20,39,0.359,0.436,0.564,-0.19,+0.23,+0.78
2026-07-10 07:17:34,39,0.333,0.410,0.564,-0.26,+0.16,+0.70
2026-07-10 07:22:48,39,0.333,0.436,0.538,-0.18,+0.23,+0.77
2026-07-10 07:28:01,39,0.333,0.385,0.538,-0.37,+0.04,+0.56
2026-07-10 07:33:15,39,0.410,0.513,0.538,-0.41,+0.00,+0.53
2026-07-10 07:38:29,39,0.359,0.462,0.564,-0.33,+0.08,+0.61
2026-07-10 07:43:43,39,0.410,0.538,0.615,-0.22,+0.19,+0.72
2026-07-10 07:48:57,39,0.410,0.513,0.564,-0.26,+0.16,+0.69
2026-07-10 07:54:12,39,0.333,0.487,0.615,-0.64,-0.14,+0.55
2026-07-10 07:59:26,39,0.308,0.410,0.513,-0.92,-0.42,+0.26
2026-07-10 08:04:39,39,0.231,0.333,0.564,-0.38,-0.24,+0.37
2026-07-10 08:09:53,39,0.308,0.282,0.513,-0.30,-0.22,+0.45
2026-07-10 08:15:07,39,0.256,0.308,0.487,-0.34,-0.21,+0.38
2026-07-10 08:20:21,40,0.175,0.325,0.525,-0.39,-0.32,+0.38
2026-07-10 08:25:38,40,0.125,0.375,0.600,-0.18,-0.12,+0.59
2026-07-10 08:30:52,40,0.275,0.325,0.600,-0.21,-0.14,+0.58
2026-07-10 08:36:06,40,0.250,0.325,0.575,-0.23,-0.16,+0.55
2026-07-10 08:41:20,40,0.325,0.350,0.525,-0.15,-0.08,+0.64
2026-07-10 08:46:34,40,0.250,0.350,0.500,-0.19,-0.10,+0.62
2026-07-10 08:51:49,40,0.225,0.325,0.525,-0.17,-0.09,+0.63
2026-07-10 08:57:03,40,0.275,0.375,0.475,-0.11,-0.02,+0.69
2026-07-10 09:02:17,40,0.275,0.250,0.250,+0.51,-0.43,+0.10
2026-07-10 09:07:31,40,0.350,0.275,0.325,+0.86,-0.10,+0.39
2026-07-10 09:12:45,40,0.325,0.300,0.300,+0.93,-0.06,+0.38
2026-07-10 09:18:04,40,0.325,0.300,0.325,+0.81,-0.18,+0.26
2026-07-10 09:23:18,40,0.325,0.275,0.375,+0.76,-0.23,+0.22
2026-07-10 09:28:33,40,0.325,0.250,0.300,+0.59,-0.40,+0.05
2026-07-10 09:33:49,40,0.275,0.200,0.300,+0.66,-0.33,+0.12
2026-07-10 09:39:03,40,0.250,0.200,0.250,+0.51,-0.48,-0.03
2026-07-10 09:44:17,39,0.333,0.256,0.256,+0.62,-0.41,+0.10
2026-07-10 09:49:32,39,0.333,0.256,0.256,+0.60,-0.44,+0.07
2026-07-10 09:54:46,39,0.282,0.256,0.282,+0.43,-0.61,-0.10
2026-07-10 10:00:00,39,0.308,0.282,0.282,+0.78,-0.31,+0.22
2026-07-10 10:05:14,39,0.231,0.282,0.256,-0.23,-0.47,-0.22
2026-07-10 10:10:28,39,0.256,0.205,0.179,-0.62,-0.84,-0.62
2026-07-10 10:15:42,39,0.256,0.256,0.231,-0.36,-0.60,-0.36
2026-07-10 10:20:56,39,0.462,0.462,0.487,+0.04,-0.20,+0.02
2026-07-10 10:26:10,39,0.462,0.436,0.487,-0.11,-0.33,-0.12
2026-07-10 10:31:24,39,0.487,0.487,0.513,-0.07,-0.31,-0.08
2026-07-10 10:36:38,39,0.487,0.462,0.513,-0.00,-0.25,-0.01
2026-07-10 10:41:52,39,0.513,0.462,0.538,-0.10,-0.34,-0.11
2026-07-10 10:47:06,39,0.564,0.487,0.538,-0.10,-0.34,-0.10
2026-07-10 10:52:20,41,0.707,0.683,0.683,+0.82,+0.57,+0.77
2026-07-10 10:57:35,42,0.667,0.667,0.690,+0.81,+0.55,+0.75
2026-07-10 11:02:50,42,0.643,0.714,0.619,+0.28,+1.17,+0.58
2026-07-10 11:08:05,42,0.690,0.714,0.619,+0.46,+1.27,+0.61
2026-07-10 11:13:20,42,0.667,0.738,0.619,+0.42,+1.27,+0.60
2026-07-10 11:18:35,42,0.667,0.714,0.619,+0.39,+1.23,+0.58
2026-07-10 11:23:51,42,0.643,0.643,0.619,+0.37,+1.22,+0.56
2026-07-10 11:29:06,42,0.690,0.643,0.571,+0.38,+1.22,+0.56
2026-07-10 11:34:21,42,0.690,0.619,0.548,+0.41,+1.26,+0.60
2026-07-10 11:39:36,42,0.690,0.667,0.619,+0.53,+1.39,+0.72
2026-07-10 11:44:50,41,0.610,0.610,0.585,+0.22,+1.10,+0.43
2026-07-10 11:50:05,41,0.561,0.610,0.561,+0.28,+1.16,+0.49
2026-07-10 11:55:19,41,0.634,0.610,0.610,+0.58,+1.46,+0.80
2026-07-10 12:00:34,41,0.512,0.610,0.610,+0.24,+0.84,+0.33
2026-07-10 12:05:49,41,0.341,0.659,0.561,+0.16,+0.91,+0.22
2026-07-10 12:11:03,41,0.341,0.683,0.610,+0.20,+0.99,+0.33
2026-07-10 12:16:18,41,0.341,0.683,0.610,+0.08,+0.88,+0.26
2026-07-10 12:21:34,42,0.429,0.667,0.619,+0.13,+0.93,+0.35
2026-07-10 12:26:49,42,0.405,0.643,0.595,+0.05,+0.85,+0.27
2026-07-10 12:32:04,42,0.429,0.619,0.595,+0.12,+0.92,+0.35
2026-07-10 12:37:19,42,0.405,0.667,0.571,+0.18,+0.98,+0.41
2026-07-10 12:42:34,42,0.357,0.690,0.595,+0.06,+0.86,+0.28
2026-07-10 12:47:49,42,0.500,0.690,0.643,+0.24,+1.05,+0.47
2026-07-10 12:53:04,42,0.452,0.667,0.619,+0.10,+0.91,+0.32
2026-07-10 12:58:19,43,0.395,0.628,0.581,-0.03,+0.85,+0.25
2026-07-10 13:03:34,42,0.405,0.595,0.643,-0.42,+0.26,+0.34
2026-07-10 13:08:49,43,0.442,0.698,0.628,-0.06,+0.59,+0.77
2026-07-10 13:14:04,43,0.442,0.674,0.651,+0.02,+0.66,+0.86
2026-07-10 13:19:19,43,0.419,0.674,0.628,+0.00,+0.65,+0.85
2026-07-10 13:24:35,43,0.442,0.628,0.581,-0.06,+0.58,+0.78
2026-07-10 13:29:50,43,0.419,0.651,0.651,-0.06,+0.58,+0.78
2026-07-10 13:35:06,43,0.442,0.674,0.651,-0.07,+0.58,+0.77
2026-07-10 13:40:21,43,0.488,0.628,0.674,-0.05,+0.60,+0.80
2026-07-10 13:45:36,43,0.488,0.674,0.674,+0.08,+0.73,+0.93
2026-07-10 13:50:51,42,0.476,0.690,0.714,+0.12,+0.86,+1.00
2026-07-10 13:56:06,42,0.500,0.643,0.667,+0.10,+0.84,+0.99
2026-07-10 14:01:21,41,0.415,0.366,0.610,+0.03,+0.21,+1.75
2026-07-10 14:06:35,41,0.366,0.439,0.610,+0.06,+0.46,+1.76
2026-07-10 14:11:50,41,0.341,0.390,0.585,+0.03,+0.36,+1.74
2026-07-10 14:17:05,41,0.390,0.366,0.634,-0.06,+0.28,+1.65
2026-07-10 14:22:19,41,0.439,0.415,0.683,+0.00,+0.34,+1.71
2026-07-10 14:27:34,42,0.429,0.405,0.619,+0.26,+0.53,+1.99
2026-07-10 14:32:49,42,0.452,0.429,0.643,+0.07,+0.34,+1.79
2026-07-10 14:38:04,42,0.476,0.452,0.643,+0.17,+0.45,+1.88
2026-07-10 14:43:19,42,0.476,0.476,0.643,+0.15,+0.43,+1.86
2026-07-10 14:48:34,42,0.381,0.405,0.643,-0.01,+0.26,+1.69
2026-07-10 14:53:49,41,0.512,0.463,0.585,+0.10,+0.38,+1.78
2026-07-10 14:59:03,41,0.463,0.415,0.610,+0.12,+0.40,+1.81
2026-07-10 15:04:18,41,0.390,0.537,0.659,-0.10,+0.22,+1.28
2026-07-10 15:09:34,42,0.310,0.476,0.667,-0.09,+0.39,+1.53
2026-07-10 15:14:49,41,0.268,0.512,0.683,-0.18,+0.34,+1.54
2026-07-10 15:20:04,41,0.195,0.366,0.585,-0.12,+0.42,+1.63
2026-07-10 15:25:19,41,0.146,0.317,0.561,-0.40,+0.13,+1.35
2026-07-10 15:30:34,41,0.122,0.268,0.561,-0.59,-0.06,+1.15
2026-07-10 15:35:49,41,0.146,0.268,0.537,-0.35,+0.17,+1.38
2026-07-10 15:41:04,41,0.171,0.268,0.537,-0.41,+0.12,+1.31
2026-07-10 15:46:18,42,0.167,0.214,0.524,-0.19,+0.43,+1.60
2026-07-10 15:51:34,43,0.209,0.233,0.488,-0.52,+0.05,+1.16
2026-07-10 15:56:49,43,0.209,0.326,0.512,-0.37,+0.21,+1.34
2026-07-10 16:02:05,43,0.209,0.233,0.558,-0.53,-0.16,+0.83
2026-07-10 16:07:20,43,0.209,0.233,0.558,-0.61,-0.08,+0.73
2026-07-10 16:12:35,43,0.233,0.233,0.558,-0.57,-0.06,+0.74
2026-07-10 16:17:51,43,0.209,0.233,0.558,-0.66,-0.14,+0.66
2026-07-10 16:23:06,43,0.209,0.256,0.558,-0.44,+0.10,+0.91
2026-07-10 16:28:22,43,0.209,0.279,0.558,-0.31,+0.22,+1.03
2026-07-10 16:32:30,43,0.140,0.256,0.535,-0.73,-0.21,+0.61
2026-07-10 16:37:45,42,0.214,0.238,0.571,-0.45,+0.09,+0.88
2026-07-10 16:43:00,42,0.190,0.238,0.571,-0.49,+0.07,+0.86
2026-07-10 16:48:15,42,0.143,0.238,0.571,-0.61,-0.07,+0.72
2026-07-10 16:53:30,42,0.190,0.238,0.548,-0.94,-0.41,+0.38
2026-07-10 16:58:45,42,0.167,0.214,0.500,-1.07,-0.54,+0.26
2026-07-10 17:04:00,42,0.310,0.262,0.333,-0.37,-0.67,+0.09
2026-07-10 17:09:15,42,0.357,0.238,0.357,-0.41,-0.70,+0.06
2026-07-10 17:14:30,42,0.452,0.238,0.381,-0.24,-0.51,+0.23
2026-07-10 17:19:46,42,0.571,0.429,0.452,-0.09,-0.36,+0.39
2026-07-10 17:25:01,42,0.452,0.357,0.476,-0.25,-0.51,+0.22
2026-07-10 17:30:16,42,0.500,0.429,0.476,-0.10,-0.37,+0.36
2026-07-10 17:35:31,42,0.500,0.405,0.476,-0.14,-0.40,+0.34
2026-07-10 17:40:46,42,0.500,0.381,0.476,-0.17,-0.44,+0.30
2026-07-10 17:46:01,44,0.523,0.432,0.477,-0.16,-0.40,+0.33
2026-07-10 17:51:17,44,0.545,0.432,0.500,-0.20,-0.45,+0.27
2026-07-10 17:56:33,45,0.489,0.444,0.489,-0.39,-0.60,+0.19
2026-07-10 18:01:49,45,0.444,0.244,0.422,-0.01,-0.78,-0.08
2026-07-10 18:07:05,44,0.591,0.341,0.500,+0.08,-0.83,+0.01
2026-07-10 18:12:20,43,0.512,0.349,0.442,-0.09,-1.02,-0.15
2026-07-10 18:17:35,42,0.548,0.262,0.381,-0.33,-1.22,-0.37
2026-07-10 18:22:50,43,0.488,0.256,0.419,-0.39,-1.26,-0.45
2026-07-10 18:28:06,42,0.595,0.333,0.476,-0.16,-1.04,-0.20
2026-07-10 18:33:21,42,0.619,0.429,0.500,-0.05,-0.92,-0.08
2026-07-10 18:38:35,42,0.619,0.405,0.500,-0.15,-1.03,-0.18
2026-07-10 18:43:51,42,0.595,0.429,0.452,-0.11,-0.99,-0.14
2026-07-10 18:49:06,42,0.595,0.476,0.548,-0.12,-0.98,-0.14
2026-07-10 18:54:21,42,0.548,0.405,0.500,-0.27,-1.14,-0.30
2026-07-10 18:59:36,42,0.476,0.429,0.429,-0.19,-1.07,-0.22
2026-07-10 19:04:51,42,0.571,0.548,0.452,-0.12,-0.79,-0.45
2026-07-10 19:10:07,42,0.595,0.595,0.476,+0.04,-0.59,-0.22
2026-07-10 19:15:21,42,0.571,0.571,0.452,-0.13,-0.58,-0.31
2026-07-10 19:20:37,42,0.548,0.548,0.500,-0.14,-0.59,-0.30
2026-07-10 19:25:52,42,0.595,0.571,0.524,+0.01,-0.45,-0.17
2026-07-10 19:31:07,42,0.595,0.595,0.524,+0.18,-0.28,+0.01
2026-07-10 19:36:22,42,0.619,0.571,0.548,+0.14,-0.32,-0.05
2026-07-10 19:41:38,42,0.595,0.548,0.500,-0.01,-0.46,-0.17
2026-07-10 19:46:52,42,0.571,0.571,0.500,-0.01,-0.47,-0.20
2026-07-10 19:52:07,42,0.524,0.595,0.500,-0.03,-0.48,-0.24
2026-07-10 19:57:23,42,0.571,0.571,0.548,-0.10,-0.56,-0.31
2026-07-10 20:02:38,42,0.476,0.548,0.524,+0.23,-0.29,-0.94
2026-07-10 20:07:53,42,0.571,0.619,0.524,+0.23,-0.02,-0.91
2026-07-10 20:13:08,42,0.524,0.595,0.548,+0.21,-0.02,-0.93
2026-07-10 20:18:23,42,0.548,0.595,0.524,+0.11,-0.12,-1.04
2026-07-10 20:23:39,42,0.595,0.595,0.524,+0.06,-0.14,-0.79
2026-07-10 20:28:53,41,0.537,0.561,0.488,-0.05,-0.26,-0.95
2026-07-10 20:34:08,42,0.452,0.595,0.524,-0.09,-0.30,-0.98
2026-07-10 20:39:23,42,0.405,0.548,0.452,-0.16,-0.38,-1.05
2026-07-10 20:44:38,42,0.452,0.571,0.429,-0.15,-0.36,-1.02
2026-07-10 20:49:54,41,0.439,0.610,0.415,-0.04,-0.26,-0.96
2026-07-10 20:55:08,41,0.488,0.610,0.488,+0.20,-0.02,-0.72
2026-07-10 21:00:23,41,0.415,0.585,0.439,+0.09,-0.05,-1.09
2026-07-10 21:05:38,41,0.366,0.512,0.463,-0.16,-0.16,-1.12
2026-07-10 21:10:53,41,0.317,0.463,0.463,-0.16,-0.15,-1.10
2026-07-10 21:16:08,42,0.405,0.548,0.500,-0.02,-0.15,-0.98
2026-07-10 21:21:22,41,0.390,0.512,0.512,+0.02,-0.13,-0.97
2026-07-10 21:26:37,41,0.390,0.488,0.512,-0.11,-0.27,-1.10
2026-07-10 21:31:51,41,0.488,0.537,0.537,+0.07,-0.09,-0.92
2026-07-10 21:37:06,41,0.317,0.463,0.439,-0.12,-0.25,-1.08
2026-07-10 21:42:21,42,0.310,0.476,0.452,-0.13,-0.25,-1.07
2026-07-10 21:47:36,42,0.357,0.500,0.476,+0.07,-0.05,-0.89
2026-07-10 21:52:51,42,0.381,0.476,0.452,+0.13,+0.02,-0.81
2026-07-10 21:58:06,42,0.357,0.500,0.476,-0.01,-0.12,-0.96
2026-07-10 22:03:21,43,0.488,0.488,0.512,+0.09,+0.27,-0.48
2026-07-10 22:08:37,42,0.452,0.405,0.476,+0.06,+0.20,-0.56
2026-07-10 22:13:50,42,0.429,0.452,0.452,-0.03,+0.16,-0.63
2026-07-10 22:19:05,42,0.381,0.405,0.476,-0.19,+0.00,-0.78
2026-07-10 22:24:20,43,0.488,0.419,0.535,+0.10,+0.29,-0.45
2026-07-10 22:29:35,43,0.465,0.442,0.465,+0.00,+0.19,-0.54
2026-07-10 22:34:50,41,0.463,0.488,0.512,-0.10,+0.12,-0.77
2026-07-10 22:40:05,41,0.463,0.463,0.512,+0.07,+0.24,-0.59
2026-07-10 22:45:19,40,0.500,0.475,0.525,+0.02,+0.21,-0.69
2026-07-10 22:50:35,42,0.548,0.500,0.548,+0.32,+0.54,-0.28
2026-07-10 22:55:49,42,0.548,0.500,0.548,+0.41,+0.63,-0.18
2026-07-10 23:01:04,42,0.571,0.524,0.595,+0.42,+0.54,+0.22
2026-07-10 23:06:19,42,0.595,0.500,0.548,+0.36,+0.40,+0.25
2026-07-10 23:11:35,43,0.558,0.488,0.605,+0.25,+0.34,+0.22
2026-07-10 23:16:54,44,0.386,0.500,0.523,+0.10,+0.18,+0.13
2026-07-10 23:22:10,44,0.273,0.386,0.477,-0.35,-0.26,-0.31
2026-07-10 23:27:26,44,0.341,0.409,0.477,-0.13,-0.03,-0.09
2026-07-10 23:32:43,46,0.457,0.413,0.565,+0.06,+0.07,+0.13
2026-07-10 23:37:59,46,0.304,0.326,0.435,-0.29,-0.27,-0.22
2026-07-10 23:43:16,46,0.348,0.391,0.500,-0.13,-0.11,-0.06
2026-07-10 23:48:33,46,0.413,0.391,0.478,-0.07,-0.05,+0.00
2026-07-10 23:53:50,46,0.435,0.413,0.478,+0.06,+0.08,+0.14
2026-07-10 23:59:06,46,0.478,0.413,0.478,+0.12,+0.14,+0.15
2026-07-11 00:04:22,46,0.283,0.370,0.413,-0.21,+0.14,+0.14
2026-07-11 00:09:38,45,0.333,0.378,0.400,-0.05,+0.27,+0.27
2026-07-11 00:14:54,45,0.244,0.333,0.422,-0.22,+0.07,+0.07
2026-07-11 00:20:10,45,0.200,0.311,0.467,-0.37,-0.05,-0.05
2026-07-11 00:25:26,45,0.244,0.311,0.467,-0.35,-0.04,-0.04
2026-07-11 00:30:41,45,0.244,0.422,0.489,-0.30,+0.02,+0.01
2026-07-11 00:35:57,44,0.318,0.386,0.523,-0.27,+0.02,-0.01
2026-07-11 00:41:12,44,0.250,0.341,0.477,-0.38,-0.10,-0.13
2026-07-11 00:46:28,44,0.227,0.341,0.409,-0.31,-0.02,-0.05
2026-07-11 00:51:43,43,0.256,0.326,0.395,-0.25,+0.08,+0.05
2026-07-11 00:56:58,43,0.326,0.372,0.465,-0.18,+0.15,+0.11
2026-07-11 01:02:13,43,0.465,0.419,0.465,+0.06,+0.07,+0.18
2026-07-11 01:07:29,43,0.395,0.326,0.465,+0.14,+0.05,+0.21
2026-07-11 01:12:44,43,0.488,0.302,0.488,+0.22,+0.13,+0.27
2026-07-11 01:18:00,44,0.500,0.318,0.432,+0.25,+0.14,+0.24
2026-07-11 01:23:16,44,0.432,0.295,0.364,+0.16,+0.05,+0.15
2026-07-11 01:28:32,44,0.364,0.295,0.386,+0.14,+0.03,+0.13
2026-07-11 01:33:48,45,0.400,0.289,0.378,+0.29,+0.16,+0.31
2026-07-11 01:39:04,46,0.304,0.304,0.391,+0.02,-0.08,+0.07
2026-07-11 01:44:20,46,0.391,0.326,0.348,+0.14,+0.05,+0.22
2026-07-11 01:49:37,46,0.391,0.348,0.413,+0.51,+0.42,+0.57
2026-07-11 01:54:53,46,0.522,0.370,0.413,+0.55,+0.46,+0.62
2026-07-11 02:00:09,46,0.565,0.370,0.435,+0.83,+0.73,+0.73
2026-07-11 02:05:26,46,0.522,0.239,0.391,+0.31,+0.32,+0.84
2026-07-11 02:10:42,46,0.391,0.261,0.413,+0.34,+0.33,+0.85
2026-07-11 02:15:58,46,0.370,0.304,0.413,+0.17,+0.15,+0.67
2026-07-11 02:21:14,46,0.370,0.283,0.413,+0.12,+0.05,+0.52
2026-07-11 02:26:31,46,0.326,0.261,0.391,+0.08,+0.03,+0.50
2026-07-11 02:31:47,46,0.261,0.239,0.370,-0.03,-0.08,+0.38
2026-07-11 02:37:05,46,0.348,0.304,0.370,+0.07,+0.03,+0.49
2026-07-11 02:42:20,44,0.318,0.295,0.364,+0.15,+0.09,+0.59
2026-07-11 02:47:36,44,0.273,0.273,0.386,+0.09,+0.03,+0.52
2026-07-11 02:52:51,44,0.273,0.250,0.386,+0.05,-0.01,+0.48
2026-07-11 02:58:07,44,0.318,0.318,0.386,-0.02,-0.07,+0.42
2026-07-11 03:03:23,44,0.318,0.318,0.386,-0.35,+0.17,+0.25
2026-07-11 03:08:38,44,0.318,0.364,0.386,-0.43,+0.17,+0.19
2026-07-11 03:13:54,44,0.273,0.432,0.341,-0.35,+0.28,+0.18
2026-07-11 03:19:10,44,0.250,0.386,0.341,-0.43,+0.25,+0.08
2026-07-11 03:24:26,44,0.250,0.409,0.341,-0.32,+0.35,+0.17
2026-07-11 03:29:41,44,0.250,0.341,0.318,-0.42,+0.28,+0.09
2026-07-11 03:34:57,44,0.273,0.318,0.341,-0.46,+0.25,+0.06
2026-07-11 03:40:13,44,0.273,0.341,0.318,-0.43,+0.30,+0.11
2026-07-11 03:45:29,44,0.250,0.318,0.341,-0.56,+0.15,-0.03
2026-07-11 03:50:45,45,0.244,0.289,0.289,-0.64,+0.07,-0.14
2026-07-11 03:56:00,44,0.159,0.250,0.250,-0.73,-0.02,-0.19
2026-07-11 04:01:16,44,0.250,0.273,0.273,-0.65,-0.42,-0.16
2026-07-11 04:06:32,44,0.273,0.205,0.318,-0.40,-0.38,-0.06
2026-07-11 04:11:47,44,0.432,0.250,0.318,-0.15,-0.20,+0.13
2026-07-11 04:17:03,44,0.500,0.273,0.364,-0.17,-0.32,+0.06
2026-07-11 04:22:19,44,0.455,0.295,0.364,-0.15,-0.28,+0.08
2026-07-11 04:27:34,44,0.432,0.250,0.341,-0.32,-0.44,-0.08
2026-07-11 04:32:50,44,0.523,0.341,0.341,-0.17,-0.30,+0.06
2026-07-11 04:38:05,44,0.614,0.432,0.409,-0.02,-0.17,+0.25
2026-07-11 04:43:21,44,0.614,0.409,0.409,+0.11,-0.06,+0.35
2026-07-11 04:48:36,44,0.568,0.409,0.386,+0.02,-0.15,+0.24
2026-07-11 04:53:52,44,0.523,0.432,0.341,-0.11,-0.28,+0.12
2026-07-11 04:59:07,44,0.477,0.432,0.341,-0.15,-0.31,+0.10
2026-07-11 05:04:23,44,0.455,0.341,0.386,-0.32,-0.83,-0.57
2026-07-11 05:09:39,44,0.455,0.295,0.318,-0.42,-0.96,-0.58
2026-07-11 05:14:55,44,0.477,0.318,0.318,-0.48,-1.07,-0.80
2026-07-11 05:20:10,44,0.432,0.295,0.295,-0.41,-1.00,-0.71
2026-07-11 05:25:26,44,0.386,0.273,0.295,-0.43,-1.03,-0.77
2026-07-11 05:30:41,44,0.409,0.250,0.250,-0.58,-1.18,-0.93
2026-07-11 05:35:57,45,0.444,0.289,0.311,-0.38,-0.76,-0.30
2026-07-11 05:41:13,45,0.467,0.267,0.333,-0.60,-0.99,-0.54
2026-07-11 05:46:29,45,0.511,0.311,0.333,-0.60,-0.98,-0.52
2026-07-11 05:51:46,45,0.489,0.356,0.333,-0.64,-1.01,-0.58
2026-07-11 05:57:02,45,0.400,0.289,0.311,-0.75,-1.13,-0.68
2026-07-11 06:02:18,45,0.222,0.422,0.400,-0.46,-0.88,-0.11
2026-07-11 06:07:34,45,0.289,0.467,0.400,-0.52,-0.67,+0.02
2026-07-11 06:12:50,45,0.244,0.422,0.422,-0.51,-0.67,-0.02
2026-07-11 06:18:06,45,0.311,0.444,0.400,-0.56,-0.69,-0.09
2026-07-11 06:23:22,45,0.333,0.467,0.422,-0.44,-0.57,+0.02
2026-07-11 06:28:38,45,0.400,0.511,0.400,-0.17,-0.30,+0.30
2026-07-11 06:33:54,45,0.444,0.511,0.489,-0.20,-0.33,+0.27
2026-07-11 06:39:11,45,0.467,0.511,0.533,-0.20,-0.33,+0.26
2026-07-11 06:44:26,43,0.488,0.558,0.488,-0.33,-0.46,+0.12
2026-07-11 06:49:41,43,0.488,0.558,0.488,-0.23,-0.37,+0.21
2026-07-11 06:54:57,44,0.386,0.432,0.432,-0.30,-0.44,+0.13
2026-07-11 07:00:12,43,0.512,0.535,0.442,+0.12,-0.43,-0.29
2026-07-11 07:05:28,43,0.581,0.558,0.395,+0.41,-0.42,-0.28
2026-07-11 07:10:43,43,0.581,0.558,0.442,+0.48,-0.26,-0.27
2026-07-11 07:15:58,43,0.628,0.512,0.372,+0.35,-0.38,-0.39
2026-07-11 07:21:14,43,0.581,0.558,0.395,+0.19,-0.53,-0.54
2026-07-11 07:26:29,43,0.535,0.488,0.395,+0.23,-0.49,-0.50
2026-07-11 07:31:45,44,0.545,0.523,0.455,+0.26,-0.19,+0.00
2026-07-11 07:37:00,44,0.500,0.568,0.455,+0.32,-0.11,+0.09
2026-07-11 07:42:16,44,0.591,0.591,0.409,+0.31,-0.14,+0.06
2026-07-11 07:47:32,44,0.523,0.545,0.432,+0.14,-0.29,-0.10
2026-07-11 07:52:49,45,0.578,0.489,0.378,+0.18,-0.20,-0.26
2026-07-11 07:58:05,45,0.578,0.578,0.422,+0.32,-0.09,-0.12
2026-07-11 08:03:21,45,0.333,0.511,0.311,+0.08,-0.04,-0.68
2026-07-11 08:08:38,44,0.341,0.432,0.295,+0.05,-0.07,-0.73
2026-07-11 08:13:54,44,0.318,0.432,0.273,-0.20,-0.32,-0.98
2026-07-11 08:19:10,44,0.364,0.455,0.341,-0.15,-0.27,-0.94
2026-07-11 08:24:26,44,0.409,0.477,0.409,-0.06,-0.18,-0.84
2026-07-11 08:29:42,44,0.455,0.432,0.386,-0.08,-0.20,-0.85
2026-07-11 08:34:58,44,0.409,0.523,0.364,+0.04,-0.08,-0.73
2026-07-11 08:40:14,44,0.409,0.455,0.386,-0.05,-0.17,-0.82
2026-07-11 08:45:30,44,0.432,0.545,0.386,-0.04,-0.17,-0.81
2026-07-11 08:50:47,44,0.432,0.500,0.455,-0.08,-0.16,-0.80
2026-07-11 08:56:03,45,0.400,0.467,0.400,-0.06,-0.21,-0.83
2026-07-11 09:01:19,44,0.341,0.545,0.477,-0.13,+0.23,-0.34
2026-07-11 09:06:35,44,0.409,0.568,0.500,-0.07,+0.19,-0.35
2026-07-11 09:11:51,44,0.386,0.500,0.432,-0.19,+0.05,-0.47
2026-07-11 09:17:07,43,0.419,0.512,0.419,-0.36,-0.17,-0.62
2026-07-11 09:22:23,43,0.372,0.395,0.465,-0.33,-0.09,-0.53
2026-07-11 09:27:38,43,0.349,0.465,0.419,-0.38,-0.14,-0.59
2026-07-11 09:32:54,43,0.395,0.512,0.465,-0.19,+0.06,-0.39
2026-07-11 09:38:10,43,0.302,0.395,0.488,-0.43,-0.14,-0.63
2026-07-11 09:43:26,43,0.279,0.419,0.465,-0.44,-0.20,-0.65
2026-07-11 09:48:42,43,0.302,0.442,0.488,-0.32,-0.08,-0.53
2026-07-11 09:53:58,43,0.302,0.488,0.465,-0.28,-0.04,-0.49
2026-07-11 09:59:15,44,0.318,0.455,0.455,-0.45,-0.19,-0.64
2026-07-11 10:04:31,45,0.356,0.378,0.444,-0.26,-0.30,-0.54
2026-07-11 10:09:47,45,0.356,0.400,0.467,-0.33,-0.34,-0.61
2026-07-11 10:15:04,47,0.362,0.426,0.468,+0.20,+0.41,+0.20
2026-07-11 10:20:21,47,0.404,0.426,0.511,+0.21,+0.39,+0.20
2026-07-11 10:25:38,46,0.457,0.457,0.522,+0.07,+0.23,+0.06
2026-07-11 10:30:55,48,0.438,0.479,0.542,+0.24,+0.39,+0.22
2026-07-11 10:36:13,48,0.417,0.458,0.562,+0.52,+0.67,+0.50
2026-07-11 10:41:30,48,0.396,0.417,0.521,+0.31,+0.46,+0.29
2026-07-11 10:46:48,48,0.354,0.375,0.500,+0.23,+0.38,+0.21
2026-07-11 10:52:05,47,0.383,0.362,0.574,+0.42,+0.58,+0.40
2026-07-11 10:57:22,47,0.426,0.383,0.532,+0.40,+0.56,+0.38
2026-07-11 11:02:40,47,0.340,0.383,0.383,-0.06,+0.32,+0.43
2026-07-11 11:07:56,47,0.319,0.298,0.362,-0.12,+0.22,+0.24
2026-07-11 11:13:15,47,0.404,0.362,0.426,-0.16,+0.16,+0.18
2026-07-11 11:18:33,48,0.375,0.396,0.438,-0.10,+0.20,+0.24
2026-07-11 11:23:50,48,0.354,0.375,0.458,-0.10,+0.21,+0.24
2026-07-11 11:29:08,49,0.449,0.429,0.469,-0.11,+0.21,+0.20
2026-07-11 11:34:26,49,0.429,0.408,0.490,-0.11,+0.21,+0.20
2026-07-11 11:39:44,49,0.429,0.449,0.490,-0.11,+0.20,+0.20
2026-07-11 11:45:02,49,0.510,0.429,0.510,+0.03,+0.35,+0.35
2026-07-11 11:50:20,49,0.510,0.449,0.592,+0.11,+0.44,+0.44
2026-07-11 11:55:38,49,0.551,0.449,0.531,+0.13,+0.46,+0.46
2026-07-11 12:00:56,49,0.673,0.449,0.551,+0.21,+0.56,+0.71
2026-07-11 12:06:15,50,0.600,0.420,0.500,+0.14,+0.32,+0.65
2026-07-11 12:11:33,50,0.560,0.440,0.540,+0.19,+0.37,+0.70
2026-07-11 12:16:51,50,0.520,0.440,0.540,+0.23,+0.42,+0.75
2026-07-11 12:22:10,49,0.531,0.429,0.490,+0.12,+0.30,+0.62
2026-07-11 12:27:28,49,0.469,0.429,0.531,-0.01,+0.16,+0.47
2026-07-11 12:32:45,49,0.449,0.429,0.531,-0.02,+0.16,+0.47
2026-07-11 12:38:03,49,0.429,0.449,0.490,+0.00,+0.18,+0.49
2026-07-11 12:43:21,48,0.500,0.438,0.500,+0.10,+0.28,+0.57
2026-07-11 12:48:39,48,0.438,0.417,0.479,-0.13,+0.03,+0.32
2026-07-11 12:53:56,48,0.375,0.417,0.479,-0.20,-0.04,+0.26
2026-07-11 12:59:14,48,0.375,0.417,0.479,-0.20,-0.04,+0.26
2026-07-11 13:04:31,48,0.271,0.396,0.417,-0.44,-0.20,+0.11
2026-07-11 13:09:49,48,0.271,0.375,0.417,-0.48,-0.24,+0.03
2026-07-11 13:15:06,48,0.271,0.417,0.438,-0.43,-0.19,+0.08
2026-07-11 13:20:24,48,0.271,0.417,0.438,-0.40,-0.19,+0.15
2026-07-11 13:25:42,48,0.250,0.375,0.438,-0.51,-0.34,+0.05
2026-07-11 13:30:59,48,0.208,0.375,0.375,-0.71,-0.54,-0.14
2026-07-11 13:36:17,48,0.250,0.375,0.417,-0.51,-0.33,+0.06
2026-07-11 13:41:34,48,0.292,0.396,0.438,-0.44,-0.27,+0.13
2026-07-11 13:46:52,48,0.292,0.375,0.417,-0.47,-0.29,+0.11
2026-07-11 13:52:09,48,0.250,0.312,0.354,-0.63,-0.45,-0.06
2026-07-11 13:57:27,47,0.255,0.340,0.383,-0.59,-0.42,+0.04
2026-07-11 14:02:44,47,0.277,0.340,0.404,-0.48,-0.40,+0.06
2026-07-11 14:08:01,47,0.319,0.362,0.383,-0.18,-0.35,+0.01
2026-07-11 14:13:19,47,0.298,0.426,0.340,-0.17,-0.31,-0.02
2026-07-11 14:18:36,47,0.319,0.362,0.383,-0.29,-0.42,-0.15
2026-07-11 14:23:53,47,0.362,0.340,0.383,-0.21,-0.34,-0.07
2026-07-11 14:29:11,47,0.362,0.319,0.404,-0.23,-0.35,-0.07
2026-07-11 14:34:28,47,0.340,0.404,0.447,-0.14,-0.26,+0.01
2026-07-11 14:39:45,47,0.404,0.426,0.383,-0.09,-0.21,+0.06
2026-07-11 14:45:02,46,0.391,0.391,0.348,-0.36,-0.39,-0.22
2026-07-11 14:50:18,46,0.370,0.435,0.348,-0.40,-0.45,-0.27
2026-07-11 14:55:35,45,0.378,0.444,0.333,-0.43,-0.43,-0.21
2026-07-11 15:00:51,45,0.489,0.311,0.356,-0.30,-0.63,-0.13
2026-07-11 15:06:08,45,0.467,0.311,0.356,-0.28,-0.92,-0.50
2026-07-11 15:11:24,45,0.467,0.311,0.378,-0.27,-0.90,-0.48
2026-07-11 15:16:40,44,0.477,0.318,0.364,-0.28,-0.87,-0.45
2026-07-11 15:21:58,44,0.500,0.341,0.364,-0.32,-0.93,-0.45
2026-07-11 15:27:14,44,0.568,0.455,0.477,-0.19,-0.81,-0.33
2026-07-11 15:32:30,44,0.545,0.364,0.386,-0.32,-0.94,-0.46
2026-07-11 15:37:46,45,0.533,0.444,0.444,-0.23,-0.85,-0.41
2026-07-11 15:43:03,45,0.511,0.400,0.378,-0.37,-0.98,-0.56
2026-07-11 15:48:19,45,0.533,0.400,0.400,-0.36,-0.98,-0.55
2026-07-11 15:53:36,45,0.444,0.356,0.400,-0.44,-1.05,-0.62
2026-07-11 15:58:52,45,0.422,0.356,0.356,-0.48,-1.10,-0.67
2026-07-11 16:04:09,44,0.295,0.409,0.386,-0.29,-0.78,-0.89
2026-07-11 16:09:25,44,0.386,0.409,0.341,-0.27,-0.70,-0.97
2026-07-11 16:14:41,44,0.295,0.386,0.318,-0.49,-0.89,-1.08
2026-07-11 16:19:57,44,0.341,0.386,0.364,-0.44,-0.84,-1.03
2026-07-11 16:25:13,44,0.386,0.432,0.432,-0.36,-0.77,-0.96
2026-07-11 16:30:29,44,0.432,0.455,0.432,-0.14,-0.54,-0.74
2026-07-11 16:35:45,44,0.409,0.432,0.364,-0.09,-0.51,-0.71
2026-07-11 16:41:01,43,0.372,0.419,0.349,-0.13,-0.54,-0.72
2026-07-11 16:46:17,43,0.326,0.419,0.372,-0.11,-0.52,-0.70
2026-07-11 16:51:33,43,0.302,0.395,0.372,-0.15,-0.55,-0.74
2026-07-11 16:56:48,42,0.405,0.357,0.405,-0.18,-0.62,-0.79
2026-07-11 17:02:04,42,0.405,0.452,0.405,+0.09,-0.39,-0.73
2026-07-11 17:07:19,42,0.429,0.452,0.429,+0.13,-0.50,-0.72
2026-07-11 17:12:35,42,0.524,0.452,0.476,+0.20,-0.43,-0.58
2026-07-11 17:17:50,42,0.476,0.429,0.452,+0.10,-0.53,-0.68
2026-07-11 17:23:05,41,0.488,0.463,0.415,+0.09,-0.53,-0.71
2026-07-11 17:28:20,42,0.476,0.452,0.429,+0.08,-0.49,-0.72
2026-07-11 17:33:36,42,0.357,0.429,0.405,-0.07,-0.65,-0.87
2026-07-11 17:38:51,42,0.357,0.429,0.429,-0.14,-0.71,-0.94
2026-07-11 17:44:06,42,0.333,0.476,0.429,-0.37,-0.88,-1.10
2026-07-11 17:49:22,42,0.357,0.381,0.405,-0.45,-0.96,-1.18
2026-07-11 17:54:37,42,0.310,0.405,0.405,-0.45,-0.96,-1.19
2026-07-11 17:59:53,43,0.419,0.465,0.465,-0.16,-0.61,-0.73
2026-07-11 18:05:08,43,0.395,0.442,0.372,-0.48,-0.30,-1.07
2026-07-11 18:10:24,43,0.442,0.465,0.372,-0.49,-0.28,-1.08
2026-07-11 18:15:40,43,0.372,0.442,0.372,-0.50,-0.29,-1.08
2026-07-11 18:20:55,43,0.419,0.488,0.419,-0.52,-0.31,-1.09
2026-07-11 18:26:11,43,0.326,0.442,0.395,-0.59,-0.38,-1.16
2026-07-11 18:31:27,43,0.395,0.442,0.395,-0.63,-0.42,-1.21
2026-07-11 18:36:43,43,0.372,0.442,0.395,-0.63,-0.42,-1.21
2026-07-11 18:41:59,43,0.442,0.465,0.395,-0.70,-0.49,-1.28
2026-07-11 18:47:14,43,0.302,0.372,0.395,-0.66,-0.44,-1.22
2026-07-11 18:52:31,43,0.279,0.372,0.372,-0.95,-0.73,-1.52
2026-07-11 18:57:46,43,0.279,0.372,0.372,-1.02,-0.81,-1.60
2026-07-11 19:03:02,44,0.318,0.341,0.364,-0.37,-0.63,-1.33
2026-07-11 19:08:18,43,0.326,0.279,0.326,-0.54,-0.79,-1.45
2026-07-11 19:13:34,43,0.256,0.372,0.326,-0.60,-0.71,-1.33
2026-07-11 19:18:50,43,0.209,0.349,0.326,-0.76,-0.87,-1.49
2026-07-11 19:24:17,43,0.302,0.372,0.326,-0.64,-0.80,-1.31
2026-07-11 19:29:33,43,0.326,0.372,0.372,-0.70,-0.87,-1.37
2026-07-11 19:34:53,43,0.256,0.349,0.326,-0.79,-0.95,-1.47
2026-07-11 19:40:09,44,0.250,0.364,0.341,-0.71,-0.86,-1.36
2026-07-11 19:45:25,44,0.409,0.318,0.386,-0.69,-0.84,-1.35
2026-07-11 19:50:42,45,0.356,0.378,0.400,-0.94,-1.08,-1.54
2026-07-11 19:55:59,45,0.222,0.311,0.333,-1.05,-1.20,-1.65
2026-07-11 20:01:15,45,0.311,0.267,0.400,-0.37,-1.09,-1.31
2026-07-11 20:06:31,45,0.356,0.267,0.444,-0.02,-1.14,-1.12
2026-07-11 20:11:48,45,0.422,0.289,0.467,+0.02,-1.08,-1.09
2026-07-11 20:17:04,45,0.422,0.378,0.444,+0.26,-0.85,-0.86
2026-07-11 20:22:21,45,0.422,0.333,0.489,+0.11,-0.99,-1.00
2026-07-11 20:27:37,45,0.444,0.333,0.489,+0.25,-0.85,-0.85
2026-07-11 20:32:53,44,0.409,0.341,0.523,+0.14,-0.90,-0.85
2026-07-11 20:38:10,45,0.444,0.400,0.533,+0.34,-0.63,-0.58
2026-07-11 20:43:26,45,0.444,0.444,0.556,+0.50,-0.48,-0.42
2026-07-11 20:48:44,45,0.444,0.422,0.556,+0.57,-0.41,-0.34
2026-07-11 20:54:00,45,0.400,0.378,0.556,+0.55,-0.42,-0.37
2026-07-11 20:59:17,45,0.444,0.378,0.578,+0.59,-0.38,-0.33
2026-07-11 21:04:34,45,0.556,0.400,0.444,+0.57,-0.26,-0.39
2026-07-11 21:09:50,45,0.556,0.422,0.444,+0.52,-0.14,-0.42
2026-07-11 21:15:07,45,0.622,0.400,0.467,+0.69,+0.04,-0.24
2026-07-11 21:20:23,45,0.578,0.356,0.489,+0.56,-0.08,-0.41
2026-07-11 21:25:40,45,0.578,0.422,0.444,+0.52,-0.12,-0.45
2026-07-11 21:30:56,45,0.622,0.378,0.467,+0.57,-0.08,-0.40
2026-07-11 21:36:12,45,0.556,0.378,0.422,+0.56,-0.08,-0.40
2026-07-11 21:41:29,45,0.556,0.356,0.444,+0.68,+0.04,-0.27
2026-07-11 21:46:46,45,0.578,0.378,0.489,+0.66,+0.02,-0.29
2026-07-11 21:52:02,45,0.556,0.422,0.444,+0.60,-0.03,-0.36
2026-07-11 21:57:19,45,0.578,0.467,0.533,+0.73,+0.09,-0.23
2026-07-11 22:02:35,45,0.511,0.489,0.422,+0.17,+0.44,-0.28
2026-07-11 22:07:51,45,0.467,0.489,0.444,+0.31,+0.68,+0.03
2026-07-11 22:13:07,45,0.422,0.467,0.467,+0.12,+0.62,-0.03
2026-07-11 22:18:23,45,0.400,0.467,0.467,-0.01,+0.48,-0.17
2026-07-11 22:23:40,46,0.457,0.500,0.522,+0.23,+0.78,+0.16
2026-07-11 22:28:57,46,0.522,0.478,0.543,+0.42,+0.99,+0.38
2026-07-11 22:42:37,46,0.543,0.543,0.522,+0.28,+0.84,+0.22
2026-07-11 22:47:53,46,0.543,0.500,0.500,+0.32,+0.88,+0.27
2026-07-11 22:53:10,46,0.587,0.543,0.565,+0.34,+0.90,+0.28
2026-07-11 22:58:26,46,0.565,0.500,0.500,+0.20,+0.76,+0.14
2026-07-11 23:03:43,46,0.478,0.587,0.522,-0.12,+0.82,-0.13
2026-07-11 23:08:59,46,0.457,0.587,0.500,-0.07,+0.86,-0.09
2026-07-11 23:14:16,46,0.435,0.587,0.457,-0.23,+0.74,-0.22
2026-07-11 23:19:32,46,0.522,0.652,0.478,-0.13,+0.88,-0.11
2026-07-11 23:24:49,46,0.522,0.652,0.522,+0.01,+1.03,+0.04
2026-07-11 23:30:05,46,0.565,0.630,0.522,+0.07,+1.06,+0.07
2026-07-11 23:35:22,46,0.543,0.630,0.522,+0.05,+1.07,+0.07
2026-07-11 23:40:38,46,0.652,0.652,0.543,-0.06,+0.94,-0.06
2026-07-11 23:45:55,46,0.587,0.652,0.543,-0.15,+0.85,-0.14
2026-07-11 23:51:12,46,0.587,0.630,0.543,-0.32,+0.68,-0.31
2026-07-11 23:56:28,47,0.596,0.660,0.553,-0.02,+0.97,-0.00
2026-07-12 00:01:45,47,0.468,0.617,0.574,-0.23,+0.13,-0.04
2026-07-12 00:07:01,46,0.522,0.674,0.565,-0.25,+0.10,+0.07
2026-07-12 00:12:18,46,0.587,0.696,0.609,+0.51,+0.85,+0.82
2026-07-12 00:17:35,46,0.565,0.717,0.587,+0.41,+0.72,+0.74
2026-07-12 00:22:51,46,0.543,0.609,0.587,+0.52,+0.81,+0.86
2026-07-12 00:28:07,45,0.533,0.622,0.578,+0.52,+0.76,+0.81
2026-07-12 00:33:23,45,0.489,0.622,0.533,+0.71,+0.96,+1.02
2026-07-12 00:38:39,45,0.378,0.422,0.467,+0.08,+0.33,+0.38
2026-07-12 00:43:55,45,0.422,0.467,0.467,+0.35,+0.60,+0.65
2026-07-12 00:49:11,45,0.378,0.444,0.467,+0.30,+0.55,+0.58
2026-07-12 00:54:27,45,0.400,0.444,0.489,+0.48,+0.73,+0.76
2026-07-12 00:59:43,45,0.333,0.533,0.489,+0.46,+0.72,+0.74
2026-07-12 01:04:59,45,0.311,0.400,0.489,+0.56,+0.38,+1.28
2026-07-12 01:10:15,45,0.311,0.356,0.400,+0.55,+0.32,+1.24
2026-07-12 01:15:32,45,0.356,0.422,0.467,+0.45,+0.22,+1.10
2026-07-12 01:20:47,45,0.333,0.422,0.467,+0.47,+0.25,+1.12
2026-07-12 01:26:04,45,0.378,0.422,0.444,+0.49,+0.27,+1.16
2026-07-12 01:31:19,44,0.432,0.523,0.455,+0.46,+0.24,+1.12
2026-07-12 01:36:35,44,0.341,0.432,0.409,+0.06,-0.17,+0.72
2026-07-12 01:41:51,45,0.333,0.378,0.444,+0.51,+0.29,+1.19
2026-07-12 01:47:07,45,0.311,0.333,0.422,+0.27,+0.02,+0.90
2026-07-12 01:52:24,46,0.326,0.370,0.413,+0.26,+0.03,+0.92
2026-07-12 01:57:40,46,0.348,0.457,0.500,+0.46,+0.23,+1.12
2026-07-12 02:02:57,46,0.304,0.391,0.478,-0.31,+0.21,+0.99
2026-07-12 02:08:13,46,0.261,0.326,0.522,-0.19,+0.23,+1.11
2026-07-12 02:13:30,46,0.326,0.326,0.522,-0.12,+0.28,+1.21
2026-07-12 02:18:46,46,0.370,0.391,0.543,+0.04,+0.44,+1.38
2026-07-12 02:24:03,46,0.326,0.435,0.500,-0.03,+0.37,+1.29
2026-07-12 02:29:20,46,0.391,0.478,0.543,+0.06,+0.45,+1.37
2026-07-12 02:34:36,46,0.435,0.522,0.565,+0.17,+0.56,+1.47
2026-07-12 02:39:52,46,0.457,0.435,0.565,+0.24,+0.63,+1.53
2026-07-12 02:45:09,46,0.457,0.500,0.565,+0.31,+0.69,+1.64
2026-07-12 02:50:25,46,0.478,0.435,0.543,+0.21,+0.59,+1.53
2026-07-12 02:55:41,46,0.457,0.478,0.565,+0.16,+0.54,+1.48
2026-07-12 03:00:58,46,0.565,0.435,0.543,+0.19,+0.85,+1.04
2026-07-12 03:06:14,46,0.522,0.435,0.500,+0.14,+0.79,+0.94
2026-07-12 03:11:30,46,0.500,0.413,0.522,+0.24,+0.80,+0.88
2026-07-12 03:16:47,46,0.565,0.391,0.522,+0.28,+0.83,+0.84
2026-07-12 03:22:03,46,0.543,0.391,0.522,+0.28,+0.68,+0.80
2026-07-12 03:27:20,46,0.565,0.370,0.543,+0.34,+0.78,+0.91
2026-07-12 03:32:36,46,0.587,0.391,0.565,+0.27,+0.73,+0.81
2026-07-12 03:37:53,46,0.630,0.435,0.522,+0.42,+0.88,+0.97
2026-07-12 03:43:09,46,0.609,0.391,0.587,+0.34,+0.80,+0.89
2026-07-12 03:53:35,46,0.587,0.348,0.543,+0.21,+0.65,+0.76
2026-07-12 03:58:52,46,0.630,0.391,0.543,+0.29,+0.73,+0.83
2026-07-12 04:04:08,46,0.413,0.391,0.565,+0.23,+0.07,+0.88
2026-07-12 04:09:24,46,0.457,0.478,0.565,+0.17,+0.16,+0.81
2026-07-12 04:14:41,46,0.435,0.500,0.565,+0.07,+0.14,+0.76
2026-07-12 04:19:57,46,0.457,0.478,0.565,-0.00,+0.06,+0.68
2026-07-12 04:25:13,46,0.500,0.522,0.543,+0.01,+0.09,+0.49
2026-07-12 04:30:29,46,0.348,0.435,0.500,-0.07,+0.04,+0.42
2026-07-12 04:35:46,46,0.370,0.413,0.478,-0.12,-0.01,+0.37
2026-07-12 04:41:03,46,0.370,0.457,0.478,-0.09,+0.02,+0.39
2026-07-12 04:46:19,45,0.356,0.400,0.444,-0.12,-0.08,+0.33
2026-07-12 04:51:35,45,0.378,0.422,0.444,-0.16,-0.12,+0.29
2026-07-12 04:56:51,45,0.356,0.400,0.444,-0.09,-0.03,+0.37
2026-07-12 05:02:07,45,0.311,0.556,0.422,-0.13,+0.13,+0.25
2026-07-12 05:07:23,45,0.378,0.622,0.400,-0.04,+0.28,+0.35
2026-07-12 05:12:39,45,0.356,0.578,0.400,+0.02,+0.27,+0.49
2026-07-12 05:17:56,45,0.378,0.644,0.422,-0.03,+0.22,+0.43
2026-07-12 05:23:13,45,0.400,0.622,0.422,-0.08,+0.22,+0.44
2026-07-12 05:28:29,45,0.444,0.622,0.422,+0.05,+0.36,+0.58
2026-07-12 05:33:45,45,0.489,0.622,0.489,+0.11,+0.43,+0.66
2026-07-12 05:39:01,45,0.422,0.644,0.467,+0.06,+0.36,+0.62
2026-07-12 05:44:17,45,0.422,0.644,0.467,+0.05,+0.33,+0.62
2026-07-12 05:49:33,45,0.422,0.622,0.444,-0.03,+0.25,+0.55
2026-07-12 05:54:49,45,0.400,0.622,0.467,+0.00,+0.29,+0.59
2026-07-12 06:00:06,45,0.400,0.578,0.467,-0.06,+0.23,+0.58
2026-07-12 06:05:22,45,0.467,0.556,0.356,+0.08,+0.08,+0.77
2026-07-12 06:10:38,45,0.467,0.511,0.356,+0.12,+0.08,+0.78
2026-07-12 06:15:54,45,0.444,0.556,0.444,+0.15,+0.09,+0.80
2026-07-12 06:21:09,45,0.489,0.511,0.422,+0.13,+0.07,+0.76
2026-07-12 06:26:26,45,0.489,0.511,0.378,+0.16,+0.10,+0.79
2026-07-12 06:31:41,45,0.511,0.511,0.356,+0.17,+0.11,+0.79
2026-07-12 06:36:57,45,0.467,0.444,0.356,+0.11,+0.06,+0.74
2026-07-12 06:42:13,45,0.444,0.444,0.400,+0.12,+0.07,+0.72
2026-07-12 06:47:31,45,0.467,0.444,0.422,+0.30,+0.24,+0.90
2026-07-12 06:50:26,45,0.467,0.467,0.422,+0.30,+0.24,+0.91
2026-07-12 06:55:42,45,0.556,0.489,0.444,+0.45,+0.39,+1.06
2026-07-12 07:00:58,45,0.444,0.444,0.467,+0.28,+0.30,+0.30
2026-07-12 07:06:14,44,0.386,0.364,0.409,+0.16,+0.13,+0.10
2026-07-12 07:11:29,44,0.409,0.364,0.455,+0.30,+0.29,+0.25
2026-07-12 07:16:45,44,0.409,0.386,0.455,+0.37,+0.27,+0.36
2026-07-12 07:22:01,44,0.432,0.318,0.386,+0.13,+0.02,+0.14
2026-07-12 07:27:16,44,0.273,0.273,0.341,-0.08,-0.18,-0.09
2026-07-12 07:28:15,44,0.273,0.273,0.341,-0.15,-0.24,-0.15
2026-07-12 07:33:31,44,0.205,0.273,0.295,-0.29,-0.38,-0.27
2026-07-12 07:38:47,45,0.289,0.267,0.289,+0.72,+0.60,+0.75
2026-07-12 07:44:03,45,0.267,0.289,0.311,+0.72,+0.59,+0.75
2026-07-12 07:49:19,45,0.311,0.333,0.267,+0.82,+0.69,+0.84
2026-07-12 07:54:36,45,0.311,0.311,0.267,+0.71,+0.58,+0.74
2026-07-12 07:59:52,45,0.289,0.289,0.267,+0.81,+0.68,+0.83
2026-07-12 08:05:07,45,0.200,0.311,0.378,+0.68,+1.22,+1.36
2026-07-12 08:10:24,45,0.200,0.267,0.356,+0.53,+1.05,+1.16
2026-07-12 08:15:39,45,0.200,0.267,0.333,+0.84,+1.38,+1.50
2026-07-12 08:20:55,45,0.200,0.289,0.356,+0.92,+1.47,+1.59
2026-07-12 08:26:12,44,0.227,0.295,0.295,+0.53,+1.06,+1.17
2026-07-12 08:31:27,44,0.227,0.273,0.318,+0.37,+0.90,+1.00
2026-07-12 08:36:43,45,0.222,0.289,0.289,+0.51,+1.03,+1.09
2026-07-12 08:41:59,45,0.200,0.289,0.289,+0.68,+1.21,+1.27
2026-07-12 08:47:15,45,0.311,0.356,0.356,+1.15,+1.69,+1.75
2026-07-12 08:52:31,45,0.267,0.356,0.333,+1.11,+1.65,+1.71
2026-07-12 08:57:47,45,0.200,0.267,0.311,+0.62,+1.14,+1.19
2026-07-12 09:03:03,45,0.200,0.244,0.244,-0.19,+1.07,+0.93
2026-07-12 09:08:18,44,0.227,0.273,0.250,-0.26,+1.08,+0.84
2026-07-12 09:13:34,43,0.279,0.302,0.256,+0.13,+1.51,+1.29
2026-07-12 09:18:50,43,0.326,0.326,0.279,+0.26,+1.60,+1.39
2026-07-12 09:24:05,43,0.279,0.349,0.256,+0.34,+1.77,+1.55
2026-07-12 09:29:21,43,0.279,0.279,0.279,+0.19,+1.58,+1.36
2026-07-12 09:34:36,45,0.267,0.267,0.244,-0.21,+1.10,+0.81
2026-07-12 09:39:52,44,0.205,0.250,0.205,-0.44,+0.93,+0.68
2026-07-12 09:45:08,44,0.136,0.205,0.182,-0.80,+0.54,+0.28
2026-07-12 09:50:24,45,0.111,0.178,0.178,-0.95,+0.37,+0.07
2026-07-12 09:55:40,45,0.133,0.178,0.200,-0.96,+0.32,+0.04
2026-07-12 10:00:56,45,0.244,0.178,0.222,-1.30,-0.48,+0.05
2026-07-12 10:06:12,45,0.333,0.200,0.222,-0.62,+0.08,+0.44
2026-07-12 10:11:29,44,0.318,0.205,0.205,-0.64,+0.10,+0.51
2026-07-12 10:16:45,43,0.326,0.186,0.233,-0.65,+0.05,+0.52
2026-07-12 10:22:01,43,0.442,0.233,0.256,-0.55,+0.11,+0.58
2026-07-12 10:27:17,44,0.432,0.273,0.273,-0.11,+0.54,+0.91
2026-07-12 10:32:32,44,0.477,0.273,0.250,+0.08,+0.78,+1.17
2026-07-12 10:37:48,44,0.477,0.250,0.250,+0.05,+0.73,+1.12
2026-07-12 10:43:04,44,0.545,0.295,0.273,-0.07,+0.63,+1.01
2026-07-12 10:48:19,44,0.500,0.273,0.295,+0.03,+0.67,+1.05
2026-07-12 10:53:35,44,0.477,0.273,0.250,+0.18,+0.76,+1.13
2026-07-12 10:58:50,44,0.545,0.250,0.250,+0.26,+0.85,+1.23
2026-07-12 11:04:06,44,0.705,0.273,0.295,+0.25,-0.51,+0.60
2026-07-12 11:09:22,44,0.750,0.250,0.295,+0.45,-0.31,+0.76
2026-07-12 11:14:38,44,0.773,0.318,0.295,+0.39,-0.37,+0.64
2026-07-12 11:19:53,44,0.727,0.341,0.341,+0.52,-0.27,+0.74
2026-07-12 11:25:09,44,0.773,0.386,0.364,+0.70,-0.10,+0.89
2026-07-12 11:30:25,44,0.750,0.341,0.364,+0.72,-0.08,+0.90
2026-07-12 11:35:41,44,0.705,0.318,0.386,+0.50,-0.32,+0.62
2026-07-12 11:40:56,44,0.682,0.295,0.386,+0.54,-0.26,+0.70
2026-07-12 11:46:12,44,0.705,0.341,0.364,+0.64,-0.15,+0.84
2026-07-12 11:51:26,42,0.690,0.310,0.333,+0.72,-0.07,+1.03
2026-07-12 11:56:41,42,0.738,0.333,0.381,+0.82,+0.09,+1.07
2026-07-12 12:01:57,42,0.452,0.429,0.381,+1.40,-0.28,+0.72
2026-07-12 12:07:11,41,0.390,0.415,0.317,+1.10,-0.15,+0.81
2026-07-12 12:12:26,41,0.317,0.439,0.317,+0.98,-0.05,+0.84
2026-07-12 12:17:40,41,0.366,0.463,0.317,+1.22,+0.17,+1.09
2026-07-12 12:22:55,41,0.463,0.537,0.317,+1.67,+0.56,+1.56
2026-07-12 12:28:10,41,0.439,0.537,0.341,+1.99,+0.84,+1.90
2026-07-12 12:33:24,41,0.585,0.634,0.366,+1.84,+0.69,+1.73
2026-07-12 12:38:39,41,0.512,0.585,0.415,+1.92,+0.78,+1.78
2026-07-12 12:43:54,41,0.561,0.634,0.415,+1.78,+0.62,+1.64
2026-07-12 12:49:08,41,0.659,0.610,0.415,+1.84,+0.65,+1.70
2026-07-12 12:54:23,41,0.659,0.610,0.317,+2.09,+0.77,+1.97
2026-07-12 12:59:37,41,0.634,0.561,0.341,+1.85,+0.63,+1.70
2026-07-12 13:04:51,41,0.707,0.732,0.341,+0.85,+1.26,+1.40
2026-07-12 13:10:06,41,0.732,0.756,0.317,+0.77,+1.17,+1.10
2026-07-12 13:15:21,41,0.683,0.732,0.317,+0.97,+1.35,+1.29
2026-07-12 13:20:35,41,0.659,0.756,0.366,+0.80,+1.24,+1.09
2026-07-12 13:25:49,40,0.650,0.800,0.375,+1.01,+1.42,+1.36
2026-07-12 13:31:04,40,0.550,0.750,0.350,+1.12,+1.53,+1.49
2026-07-12 13:36:18,40,0.475,0.750,0.325,+0.72,+1.12,+1.07
2026-07-12 13:41:32,40,0.500,0.750,0.325,+0.77,+1.18,+1.10
2026-07-12 13:46:46,40,0.525,0.750,0.375,+0.79,+1.22,+1.12
2026-07-12 13:52:01,40,0.475,0.750,0.350,+0.66,+1.10,+0.98
2026-07-12 13:57:15,40,0.450,0.750,0.325,+0.69,+1.13,+1.01
2026-07-12 14:02:29,40,0.350,0.525,0.375,-0.13,+1.71,+0.35
2026-07-12 14:07:43,40,0.375,0.525,0.400,-0.15,+1.96,+0.38
2026-07-12 14:12:58,40,0.325,0.475,0.350,-0.36,+1.62,+0.21
2026-07-12 14:18:12,40,0.250,0.475,0.375,-0.43,+1.56,+0.20
2026-07-12 14:23:26,40,0.200,0.500,0.400,-0.20,+1.86,+0.44
2026-07-12 14:28:41,40,0.275,0.475,0.375,-0.28,+1.75,+0.36
2026-07-12 14:33:55,40,0.225,0.425,0.400,-0.40,+1.63,+0.23
2026-07-12 14:39:09,40,0.275,0.450,0.400,-0.34,+1.66,+0.28
2026-07-12 14:44:23,40,0.275,0.450,0.375,-0.38,+1.63,+0.26
2026-07-12 14:49:37,40,0.300,0.500,0.375,-0.41,+1.57,+0.22
2026-07-12 14:54:51,40,0.250,0.450,0.425,-0.34,+1.70,+0.30
2026-07-12 15:00:06,40,0.300,0.500,0.400,-0.30,+1.88,+0.18
2026-07-12 15:05:20,39,0.256,0.308,0.410,-0.64,-0.02,-0.25
2026-07-12 15:10:34,39,0.231,0.308,0.436,-0.58,-0.04,-0.23
2026-07-12 15:15:48,39,0.282,0.410,0.410,-0.55,+0.11,-0.13
2026-07-12 15:21:02,39,0.359,0.385,0.513,-0.56,+0.09,-0.13
2026-07-12 15:26:16,39,0.385,0.333,0.487,-0.50,+0.16,-0.08
2026-07-12 15:31:31,39,0.333,0.282,0.410,-0.60,+0.05,-0.16
2026-07-12 15:36:46,40,0.400,0.350,0.500,-0.26,+0.56,+0.31
2026-07-12 15:42:02,40,0.400,0.450,0.500,-0.16,+0.65,+0.42
2026-07-12 15:47:17,40,0.375,0.450,0.550,-0.13,+0.69,+0.47
2026-07-12 15:52:33,40,0.350,0.400,0.525,-0.19,+0.62,+0.41
2026-07-12 15:57:47,40,0.350,0.350,0.525,-0.33,+0.48,+0.27
2026-07-12 16:03:02,40,0.300,0.250,0.575,-0.57,-0.60,+0.60
2026-07-12 16:08:17,39,0.385,0.282,0.615,-0.35,-0.52,+0.89
2026-07-12 16:13:31,39,0.385,0.282,0.615,-0.37,-0.59,+0.83
2026-07-12 16:18:46,39,0.385,0.256,0.615,-0.41,-0.62,+0.80
2026-07-12 16:24:00,39,0.436,0.282,0.667,-0.24,-0.44,+0.99
2026-07-12 16:29:16,39,0.385,0.282,0.615,-0.31,-0.52,+0.92
2026-07-12 16:34:31,39,0.410,0.256,0.590,-0.32,-0.53,+0.90
2026-07-12 16:39:46,39,0.385,0.308,0.615,-0.36,-0.56,+0.86
2026-07-12 16:45:02,39,0.410,0.308,0.564,-0.44,-0.64,+0.79
2026-07-12 16:50:17,38,0.342,0.289,0.553,-0.44,-0.65,+0.77
2026-07-12 16:55:32,38,0.316,0.237,0.526,-1.04,-1.25,+0.19
2026-07-12 17:00:48,39,0.308,0.256,0.385,+0.21,-0.24,+1.50
2026-07-12 17:06:03,39,0.385,0.231,0.359,+0.39,-0.09,+1.60
2026-07-12 17:11:17,39,0.590,0.410,0.462,+0.61,+0.13,+1.91
2026-07-12 17:16:33,39,0.538,0.385,0.462,+0.60,+0.13,+1.86
2026-07-12 17:21:47,38,0.579,0.342,0.474,+0.61,+0.06,+1.70
2026-07-12 17:27:03,38,0.500,0.395,0.421,+0.78,+0.20,+1.86
2026-07-12 17:32:16,38,0.500,0.342,0.395,+0.65,+0.11,+1.70
2026-07-12 17:37:31,38,0.526,0.342,0.368,+0.58,+0.04,+1.66
2026-07-12 17:42:45,38,0.447,0.316,0.368,+0.65,+0.11,+1.73
2026-07-12 17:47:59,38,0.526,0.316,0.368,+0.61,+0.07,+1.68
2026-07-12 17:53:13,38,0.474,0.316,0.395,+0.50,-0.04,+1.54
2026-07-12 17:58:27,38,0.500,0.342,0.395,+0.61,+0.06,+1.65
2026-07-12 18:03:41,38,0.658,0.316,0.474,+0.38,-0.01,+0.62
2026-07-12 18:08:57,38,0.711,0.395,0.421,+0.55,+0.20,+0.87
2026-07-12 18:14:11,38,0.579,0.289,0.368,+0.21,-0.19,+0.38
2026-07-12 18:19:26,39,0.410,0.256,0.333,+0.26,-0.16,+0.41
2026-07-12 18:24:40,39,0.436,0.231,0.282,+0.05,-0.34,+0.21
2026-07-12 18:29:55,39,0.436,0.231,0.333,+0.06,-0.33,+0.21
2026-07-12 18:35:09,39,0.615,0.256,0.333,+0.08,-0.33,+0.21
2026-07-12 18:40:23,39,0.641,0.359,0.359,+0.22,-0.19,+0.35
2026-07-12 18:45:38,39,0.667,0.385,0.410,+0.28,-0.15,+0.39
2026-07-12 18:50:52,39,0.667,0.410,0.333,+0.35,-0.06,+0.45
2026-07-12 18:56:06,39,0.641,0.410,0.359,+0.46,+0.04,+0.56
2026-07-12 19:01:21,39,0.590,0.538,0.333,+0.30,+0.72,-0.05
2026-07-12 19:06:35,39,0.513,0.487,0.308,+0.19,+0.69,-0.38
2026-07-12 19:11:50,39,0.436,0.564,0.308,+0.08,+0.62,-0.38
2026-07-12 19:17:04,39,0.513,0.615,0.333,+0.20,+0.72,-0.29
2026-07-12 19:22:18,38,0.553,0.605,0.368,+0.29,+0.72,-0.24
2026-07-12 19:27:32,38,0.447,0.579,0.368,+0.27,+0.73,-0.25
2026-07-12 19:32:47,38,0.447,0.579,0.342,+0.24,+0.71,-0.27
2026-07-12 19:38:00,38,0.421,0.632,0.316,+0.19,+0.66,-0.33
2026-07-12 19:43:14,38,0.447,0.632,0.368,+0.31,+0.76,-0.23
2026-07-12 19:48:28,38,0.395,0.579,0.368,+0.19,+0.63,-0.35
2026-07-12 19:53:42,38,0.447,0.553,0.342,+0.16,+0.59,-0.39
2026-07-12 19:58:56,38,0.474,0.605,0.368,+0.23,+0.65,-0.34
2026-07-12 20:04:10,38,0.368,0.632,0.368,+0.12,+0.67,+0.16
2026-07-12 20:09:24,38,0.368,0.632,0.342,+0.15,+0.66,+0.22
2026-07-12 20:14:38,38,0.342,0.500,0.368,+0.25,+0.74,+0.39
2026-07-12 20:19:52,38,0.421,0.605,0.342,+0.22,+0.72,+0.33
2026-07-12 20:25:06,39,0.436,0.538,0.385,+0.06,+0.51,+0.14
2026-07-12 20:30:20,39,0.513,0.641,0.359,+0.34,+0.79,+0.42
2026-07-12 20:35:35,39,0.564,0.718,0.410,+0.20,+0.66,+0.33
2026-07-12 20:40:49,39,0.590,0.718,0.436,+0.15,+0.62,+0.29
2026-07-12 20:46:03,39,0.615,0.744,0.462,+0.40,+0.87,+0.56
2026-07-12 20:51:18,39,0.538,0.769,0.462,+0.36,+0.83,+0.50
2026-07-12 20:56:32,39,0.615,0.744,0.436,+0.28,+0.76,+0.40
2026-07-12 21:01:46,39,0.462,0.641,0.487,+0.13,+0.39,+0.29
2026-07-12 21:07:00,39,0.564,0.667,0.513,+0.24,+0.40,+0.36
2026-07-12 21:12:15,39,0.590,0.590,0.564,+0.21,+0.41,+0.41
2026-07-12 21:17:29,39,0.615,0.769,0.641,+0.47,+0.66,+0.66
2026-07-12 21:22:44,39,0.641,0.615,0.538,+0.38,+0.58,+0.56
2026-07-12 21:27:59,39,0.667,0.667,0.590,+0.44,+0.62,+0.61
2026-07-12 21:33:13,39,0.692,0.667,0.590,+0.25,+0.44,+0.44
2026-07-12 21:38:28,39,0.615,0.590,0.615,+0.27,+0.45,+0.44
2026-07-12 21:43:43,39,0.615,0.564,0.564,+0.26,+0.44,+0.44
2026-07-12 21:48:57,39,0.615,0.487,0.564,+0.19,+0.37,+0.35
2026-07-12 21:54:11,38,0.658,0.500,0.553,+0.14,+0.24,+0.18
2026-07-12 21:59:25,38,0.605,0.553,0.474,+0.11,+0.20,+0.15
2026-07-12 22:04:38,38,0.447,0.579,0.605,-0.10,+0.11,+0.77
2026-07-12 22:09:52,38,0.447,0.658,0.605,-0.05,+0.16,+0.85
2026-07-12 22:15:06,38,0.579,0.711,0.632,+0.04,+0.23,+0.95
2026-07-12 22:20:21,38,0.421,0.684,0.579,-0.10,+0.13,+0.82
2026-07-12 22:25:35,38,0.474,0.632,0.605,-0.08,+0.14,+0.83
2026-07-12 22:30:49,38,0.500,0.658,0.605,-0.07,+0.16,+0.85
2026-07-12 22:36:03,39,0.462,0.667,0.615,+0.24,+0.48,+1.15
2026-07-12 22:41:18,39,0.487,0.641,0.590,+0.28,+0.52,+1.18
2026-07-12 22:46:32,39,0.513,0.590,0.564,+0.29,+0.53,+1.21
2026-07-12 22:51:46,39,0.487,0.564,0.590,+0.34,+0.60,+1.28
2026-07-12 22:57:00,39,0.564,0.641,0.590,+0.45,+0.67,+1.34
2026-07-12 23:02:16,39,0.487,0.590,0.692,+0.18,+0.42,+0.88
2026-07-12 23:07:31,39,0.564,0.615,0.641,+0.49,+0.80,+1.19
2026-07-12 23:12:50,39,0.385,0.564,0.590,+0.26,+0.68,+1.12
2026-07-12 23:18:06,39,0.410,0.615,0.615,+0.05,+0.47,+0.91
2026-07-12 23:23:20,39,0.410,0.590,0.641,+0.20,+0.60,+1.03
2026-07-12 23:28:35,39,0.436,0.538,0.641,-0.14,+0.27,+0.70
2026-07-12 23:33:50,39,0.410,0.564,0.641,-0.05,+0.36,+0.80
2026-07-12 23:39:05,39,0.513,0.538,0.692,+0.10,+0.51,+0.95
2026-07-12 23:44:20,39,0.462,0.590,0.667,+0.08,+0.51,+0.94
2026-07-12 23:49:34,38,0.632,0.605,0.684,+0.21,+0.65,+1.08
2026-07-12 23:54:48,38,0.658,0.684,0.737,+0.38,+0.83,+1.26
2026-07-13 00:00:03,38,0.684,0.711,0.737,+0.81,+1.25,+1.68
2026-07-13 00:05:17,38,0.553,0.526,0.658,-0.26,+0.11,+0.55
2026-07-13 00:10:31,38,0.500,0.526,0.658,-0.21,+0.16,+0.60
2026-07-13 00:15:46,39,0.487,0.487,0.590,+0.27,+0.63,+1.04
2026-07-13 00:21:00,39,0.462,0.513,0.564,+0.10,+0.46,+0.91
2026-07-13 00:26:15,39,0.462,0.487,0.590,+0.19,+0.55,+1.04
2026-07-13 00:31:29,39,0.564,0.513,0.590,+0.58,+0.71,+0.99
2026-07-13 00:36:43,39,0.487,0.487,0.564,+0.57,+0.70,+1.00
2026-07-13 00:41:58,39,0.513,0.487,0.564,+0.41,+0.53,+0.90
2026-07-13 00:47:13,39,0.513,0.462,0.513,+0.41,+0.54,+0.89
2026-07-13 00:52:27,39,0.538,0.462,0.513,+0.27,+0.39,+0.74
2026-07-13 00:57:42,39,0.513,0.462,0.538,+0.19,+0.31,+0.67
2026-07-13 01:02:56,39,0.282,0.462,0.538,-0.27,+0.34,+0.51
2026-07-13 01:08:11,39,0.282,0.487,0.513,-0.33,+0.33,+0.46
2026-07-13 01:13:25,39,0.256,0.462,0.513,-0.43,+0.23,+0.35
2026-07-13 01:18:39,39,0.256,0.436,0.513,-0.56,+0.10,+0.23
2026-07-13 01:23:53,39,0.256,0.487,0.538,-0.64,+0.00,+0.13
2026-07-13 01:29:07,39,0.436,0.487,0.487,-0.39,+0.25,+0.37
2026-07-13 01:34:22,39,0.359,0.462,0.513,-0.44,+0.19,+0.32
2026-07-13 01:39:36,39,0.359,0.436,0.487,-0.42,+0.21,+0.34
2026-07-13 01:44:51,39,0.282,0.410,0.513,-0.47,+0.17,+0.29
2026-07-13 01:50:05,39,0.410,0.410,0.513,-0.22,+0.45,+0.55
2026-07-13 01:55:20,39,0.359,0.436,0.513,-0.45,+0.18,+0.33
2026-07-13 02:00:34,39,0.333,0.410,0.513,-0.73,+0.02,+0.20
2026-07-13 02:05:49,39,0.385,0.436,0.564,-0.30,-0.01,+0.31
2026-07-13 02:11:04,40,0.350,0.475,0.575,-0.11,+0.19,+0.46
2026-07-13 02:16:19,40,0.275,0.450,0.550,-0.29,+0.03,+0.33
2026-07-13 02:21:33,40,0.275,0.450,0.500,-0.25,+0.05,+0.35
2026-07-13 02:26:48,40,0.225,0.500,0.525,-0.38,-0.06,+0.23
2026-07-13 02:32:04,40,0.225,0.450,0.550,-0.30,-0.00,+0.27
2026-07-13 02:37:18,40,0.300,0.450,0.525,-0.30,-0.01,+0.28
2026-07-13 02:42:33,40,0.275,0.475,0.500,-0.42,-0.14,+0.15
2026-07-13 02:47:48,40,0.300,0.450,0.500,-0.44,-0.15,+0.14
2026-07-13 02:53:03,40,0.250,0.350,0.475,-0.59,-0.32,-0.03
2026-07-13 02:58:17,40,0.200,0.325,0.475,-0.75,-0.50,-0.21
2026-07-13 03:03:32,40,0.275,0.250,0.375,-0.53,-0.39,-0.19
2026-07-13 03:08:46,40,0.275,0.275,0.400,-0.43,-0.61,-0.15
2026-07-13 03:14:01,40,0.325,0.250,0.450,-0.34,-0.55,-0.03
2026-07-13 03:19:16,40,0.300,0.225,0.425,-0.38,-0.59,-0.08
2026-07-13 03:24:30,40,0.325,0.250,0.400,-0.35,-0.55,-0.05
2026-07-13 03:29:45,40,0.275,0.300,0.425,-0.42,-0.61,-0.11
2026-07-13 03:35:00,40,0.250,0.300,0.400,-0.41,-0.59,-0.07
2026-07-13 03:40:15,40,0.250,0.300,0.400,-0.40,-0.58,-0.06
2026-07-13 03:45:30,40,0.375,0.300,0.400,-0.19,-0.34,+0.17
2026-07-13 03:50:45,40,0.325,0.350,0.400,-0.47,-0.54,-0.09
2026-07-13 03:56:00,40,0.350,0.325,0.400,-0.32,-0.42,+0.03
2026-07-13 04:01:15,40,0.425,0.275,0.425,-0.04,-1.51,+0.30
2026-07-13 04:06:31,40,0.475,0.350,0.450,+0.17,-0.33,+0.24
2026-07-13 04:11:45,40,0.550,0.325,0.450,+0.23,-0.14,+0.26
2026-07-13 04:17:00,40,0.525,0.325,0.450,+0.21,-0.19,+0.23
2026-07-13 04:22:15,40,0.550,0.325,0.475,+0.31,-0.09,+0.35
2026-07-13 04:27:30,40,0.500,0.325,0.450,+0.25,-0.15,+0.21
2026-07-13 04:32:46,40,0.600,0.350,0.475,+0.41,-0.28,+0.27
2026-07-13 04:38:01,40,0.550,0.275,0.400,+0.44,-0.26,+0.28
2026-07-13 04:43:16,40,0.525,0.350,0.375,+0.22,-0.47,+0.07
2026-07-13 04:48:31,40,0.575,0.350,0.350,+0.41,-0.30,+0.23
2026-07-13 04:53:45,40,0.600,0.350,0.400,+0.41,-0.29,+0.24
2026-07-13 04:59:00,40,0.625,0.375,0.350,+0.22,-0.47,+0.08
2026-07-13 05:04:15,40,0.500,0.425,0.350,+0.06,-0.52,-0.17
2026-07-13 05:09:29,39,0.513,0.462,0.359,+0.12,-0.44,-0.08
2026-07-13 05:14:43,39,0.513,0.436,0.385,+0.19,-0.35,-0.01
2026-07-13 05:19:58,39,0.436,0.359,0.359,+0.16,-0.38,-0.08
2026-07-13 05:25:13,39,0.513,0.410,0.385,+0.20,-0.33,-0.03
2026-07-13 05:30:28,39,0.487,0.385,0.359,+0.17,-0.36,-0.07
2026-07-13 05:35:42,39,0.385,0.359,0.359,+0.06,-0.46,-0.15
2026-07-13 05:40:57,39,0.308,0.359,0.385,-0.11,-0.64,-0.35
2026-07-13 05:46:11,39,0.385,0.282,0.359,-0.18,-0.71,-0.41
2026-07-13 05:51:25,39,0.436,0.359,0.385,-0.12,-0.66,-0.38
2026-07-13 05:56:39,39,0.359,0.308,0.359,-0.12,-0.65,-0.37
2026-07-13 06:01:54,39,0.205,0.513,0.282,-0.35,-0.26,-0.40
2026-07-13 06:07:08,39,0.308,0.564,0.282,-0.24,-0.10,-0.61
2026-07-13 06:12:23,40,0.225,0.475,0.250,-0.34,-0.19,-0.67
2026-07-13 06:17:38,40,0.325,0.525,0.275,-0.24,+0.06,-0.59
2026-07-13 06:22:53,40,0.200,0.350,0.225,-0.28,+0.03,-0.60
2026-07-13 06:28:07,40,0.200,0.350,0.225,-0.39,-0.08,-0.69
2026-07-13 06:33:23,40,0.175,0.250,0.250,-0.45,-0.13,-0.72
2026-07-13 06:38:37,40,0.225,0.325,0.275,-0.38,-0.06,-0.67
2026-07-13 06:43:53,40,0.175,0.275,0.250,-0.46,-0.15,-0.73
2026-07-13 06:49:08,40,0.275,0.275,0.225,-0.50,-0.19,-0.78
2026-07-13 06:54:23,40,0.250,0.275,0.275,-0.39,-0.09,-0.70
2026-07-13 06:59:38,40,0.300,0.275,0.250,-0.38,-0.07,-0.70
2026-07-13 07:04:53,41,0.268,0.293,0.244,-0.40,-0.52,-0.95
2026-07-13 07:10:08,41,0.244,0.268,0.195,-0.39,-0.51,-0.95
2026-07-13 07:15:23,42,0.238,0.238,0.238,-0.43,-0.55,-0.89
2026-07-13 07:20:38,42,0.238,0.214,0.190,-0.83,-0.95,-1.27
2026-07-13 07:25:54,42,0.190,0.190,0.190,-0.64,-0.76,-1.11
2026-07-13 07:31:09,42,0.190,0.214,0.190,-0.53,-0.66,-1.00
2026-07-13 07:36:30,42,0.190,0.214,0.190,-0.28,-0.37,-0.72
2026-07-13 07:41:46,42,0.190,0.190,0.214,-0.58,-0.68,-1.03
2026-07-13 07:47:02,42,0.214,0.143,0.190,-0.63,-0.73,-1.08
2026-07-13 07:52:17,42,0.214,0.167,0.190,-0.74,-0.83,-1.17
2026-07-13 07:57:32,42,0.214,0.190,0.214,-0.55,-0.64,-0.99
2026-07-13 08:02:48,42,0.119,0.143,0.167,-0.81,-0.96,-1.27
2026-07-13 08:08:03,42,0.143,0.143,0.190,-1.07,-1.28,-1.51
2026-07-13 08:13:19,42,0.119,0.143,0.190,-1.00,-1.19,-1.43
2026-07-13 08:18:34,42,0.119,0.119,0.214,-1.14,-1.34,-1.58
2026-07-13 08:23:49,42,0.143,0.143,0.190,-1.20,-1.45,-1.68
2026-07-13 08:29:05,42,0.167,0.119,0.119,-1.20,-1.47,-1.70
2026-07-13 08:34:20,42,0.167,0.095,0.119,-1.53,-1.79,-2.02
2026-07-13 08:39:36,42,0.071,0.095,0.119,-1.53,-1.79,-2.03
2026-07-13 08:44:54,42,0.095,0.095,0.143,-1.61,-1.87,-2.10
2026-07-13 08:50:09,42,0.095,0.095,0.167,-1.51,-1.77,-2.01
2026-07-13 08:55:24,41,0.122,0.122,0.171,-1.43,-1.71,-1.95
2026-07-13 09:00:38,40,0.300,0.175,0.200,-1.18,-1.52,-1.70
2026-07-13 09:05:53,40,0.625,0.225,0.225,-0.38,-1.07,-0.99
2026-07-13 09:11:09,41,0.659,0.366,0.341,+0.49,-0.22,-0.15
2026-07-13 09:16:24,41,0.707,0.488,0.488,+0.97,+0.34,+0.34
2026-07-13 09:21:39,41,0.756,0.512,0.488,+0.74,+0.09,+0.09
2026-07-13 09:26:54,41,0.610,0.415,0.415,+0.33,-0.28,-0.28
2026-07-13 09:32:09,40,0.675,0.375,0.350,+0.50,-0.14,-0.08
2026-07-13 09:37:24,40,0.700,0.375,0.325,+0.40,-0.24,-0.17
2026-07-13 09:42:39,40,0.325,0.300,0.250,-0.05,-0.67,-0.60
2026-07-13 09:47:54,41,0.634,0.390,0.390,+0.34,-0.32,-0.26
2026-07-13 09:53:09,41,0.683,0.341,0.317,+0.37,-0.28,-0.22
2026-07-13 09:58:24,42,0.667,0.476,0.405,+0.68,+0.04,+0.09
2026-07-13 10:03:41,44,0.682,0.455,0.364,+0.66,-0.38,-0.50
2026-07-13 10:08:57,43,0.605,0.372,0.256,+0.27,-0.82,-1.01
2026-07-13 10:14:13,43,0.512,0.279,0.302,+0.14,-0.94,-1.12
2026-07-13 10:19:29,43,0.395,0.209,0.209,-0.08,-1.15,-1.33
2026-07-13 10:24:46,43,0.535,0.256,0.256,+0.12,-0.95,-1.13
2026-07-13 10:30:02,43,0.442,0.302,0.256,+0.15,-0.92,-1.10
2026-07-13 10:35:19,43,0.395,0.279,0.256,-0.04,-1.11,-1.28
2026-07-13 10:40:36,43,0.535,0.209,0.279,+0.13,-0.93,-1.10
2026-07-13 10:45:51,42,0.524,0.214,0.238,+0.09,-1.05,-1.24
2026-07-13 10:51:06,41,0.415,0.146,0.220,-0.08,-1.25,-1.41
2026-07-13 10:56:21,41,0.317,0.146,0.244,-0.24,-1.44,-1.60
2026-07-13 11:01:37,42,0.262,0.262,0.190,-0.71,-0.70,-1.56
2026-07-13 11:06:52,42,0.214,0.286,0.190,-0.76,-0.57,-1.45
2026-07-13 11:12:09,41,0.195,0.220,0.171,-1.01,-1.01,-1.92
2026-07-13 11:17:24,41,0.244,0.268,0.171,-0.66,-0.66,-1.59
2026-07-13 11:22:39,41,0.220,0.293,0.171,-0.64,-0.65,-1.56
2026-07-13 11:27:54,41,0.244,0.220,0.171,-0.71,-0.72,-1.61
2026-07-13 11:33:11,41,0.244,0.268,0.195,-0.63,-0.65,-1.54
2026-07-13 11:38:26,41,0.220,0.268,0.195,-0.70,-0.72,-1.58
2026-07-13 11:43:41,41,0.171,0.293,0.195,-0.63,-0.63,-1.52
2026-07-13 11:48:56,41,0.220,0.244,0.195,-0.68,-0.69,-1.57
2026-07-13 11:54:11,42,0.310,0.262,0.262,-0.36,-0.17,-1.02
2026-07-13 11:59:26,42,0.286,0.238,0.214,-0.47,-0.28,-1.12
2026-07-13 12:04:41,42,0.405,0.357,0.238,+0.27,+0.21,-1.01
2026-07-13 12:09:56,42,0.286,0.333,0.167,+0.02,-0.13,-1.26
2026-07-13 12:15:12,43,0.256,0.326,0.186,-0.29,-0.16,-1.28
2026-07-13 12:20:28,43,0.256,0.326,0.209,-0.40,-0.28,-1.40
2026-07-13 12:25:43,43,0.233,0.279,0.233,-0.49,-0.38,-1.49
2026-07-13 12:30:58,42,0.286,0.310,0.214,-0.36,-0.17,-1.27
2026-07-13 12:36:14,43,0.209,0.233,0.209,-0.87,-0.72,-1.82
2026-07-13 12:41:29,42,0.190,0.310,0.214,-0.89,-0.71,-1.83
2026-07-13 12:46:44,42,0.214,0.333,0.214,-0.85,-0.66,-1.78
2026-07-13 12:52:00,42,0.214,0.333,0.214,-0.70,-0.51,-1.64
2026-07-13 12:57:16,42,0.214,0.310,0.214,-0.77,-0.57,-1.69
2026-07-13 13:02:31,42,0.167,0.214,0.214,-0.89,-1.24,-1.48
2026-07-13 13:07:46,42,0.262,0.262,0.262,-0.57,-0.94,-1.17
2026-07-13 13:13:01,42,0.357,0.310,0.262,-0.32,-0.69,-0.93
2026-07-13 13:18:16,42,0.381,0.333,0.238,+0.22,-0.15,-0.45
2026-07-13 13:23:31,41,0.390,0.317,0.244,-0.24,-0.58,-0.85
2026-07-13 13:28:46,41,0.390,0.366,0.268,-0.12,-0.46,-0.74
2026-07-13 13:34:01,41,0.341,0.341,0.268,-0.20,-0.54,-0.80
2026-07-13 13:39:16,41,0.366,0.293,0.244,-0.19,-0.52,-0.79
2026-07-13 13:44:31,41,0.366,0.317,0.244,-0.26,-0.59,-0.87
2026-07-13 13:49:46,41,0.390,0.341,0.220,-0.01,-0.34,-0.63
2026-07-13 13:55:01,41,0.341,0.244,0.244,-0.28,-0.62,-0.88
2026-07-13 14:00:16,41,0.341,0.341,0.268,-0.14,-0.30,-1.06
2026-07-13 14:05:31,42,0.619,0.357,0.286,+0.70,-0.03,-0.11
2026-07-13 14:10:46,42,0.738,0.310,0.333,+0.78,+0.05,-0.04
2026-07-13 14:16:02,42,0.738,0.333,0.333,+0.94,+0.21,+0.11
2026-07-13 14:21:17,41,0.634,0.390,0.317,+0.84,+0.10,+0.05
2026-07-13 14:26:32,42,0.571,0.333,0.333,+0.49,-0.16,-0.08
2026-07-13 14:31:47,41,0.463,0.366,0.341,+0.52,-0.13,-0.04
2026-07-13 14:37:02,41,0.683,0.366,0.341,+0.91,+0.27,+0.35
2026-07-13 14:42:16,41,0.610,0.390,0.341,+0.83,+0.18,+0.27
2026-07-13 14:47:31,41,0.659,0.341,0.366,+0.78,+0.14,+0.23
2026-07-13 14:52:46,41,0.634,0.341,0.390,+0.66,+0.01,+0.10
2026-07-13 14:58:01,41,0.585,0.366,0.366,+0.68,+0.04,+0.12
2026-07-13 15:03:15,40,0.625,0.400,0.425,+0.42,+0.04,+0.71
2026-07-13 15:08:30,40,0.500,0.325,0.450,+0.21,+0.00,+0.80
2026-07-13 15:13:44,40,0.475,0.275,0.400,-0.05,-0.25,+0.57
2026-07-13 15:18:59,40,0.500,0.300,0.400,+0.09,-0.11,+0.71
2026-07-13 15:24:14,40,0.425,0.275,0.375,-0.31,-0.50,+0.35
2026-07-13 15:29:28,40,0.500,0.275,0.375,-0.21,-0.40,+0.42
2026-07-13 15:34:43,40,0.525,0.300,0.350,-0.28,-0.47,+0.34
2026-07-13 15:39:57,40,0.475,0.300,0.325,-0.28,-0.46,+0.35
2026-07-13 15:45:12,40,0.450,0.300,0.350,-0.19,-0.38,+0.43
2026-07-13 15:50:26,40,0.425,0.300,0.325,-0.18,-0.37,+0.45
2026-07-13 15:55:41,40,0.425,0.275,0.375,-0.09,-0.27,+0.55
2026-07-13 16:00:56,40,0.350,0.350,0.375,-0.27,+0.07,-0.42
2026-07-13 16:06:11,40,0.250,0.500,0.300,-0.33,+0.40,-0.58
2026-07-13 16:11:26,40,0.375,0.500,0.325,-0.26,+0.51,-0.50
2026-07-13 16:16:41,41,0.463,0.512,0.366,-0.01,+0.65,-0.19
2026-07-13 16:21:57,41,0.390,0.463,0.341,-0.25,+0.40,-0.45
2026-07-13 16:27:12,41,0.439,0.585,0.317,-0.13,+0.53,-0.31
2026-07-13 16:32:27,41,0.463,0.512,0.268,-0.31,+0.36,-0.49
2026-07-13 16:37:42,41,0.439,0.512,0.268,-0.46,+0.20,-0.64
2026-07-13 16:42:57,41,0.415,0.537,0.293,-0.45,+0.22,-0.64
2026-07-13 16:48:12,41,0.415,0.488,0.317,-0.40,+0.27,-0.58
2026-07-13 16:53:28,41,0.415,0.488,0.317,-0.53,+0.14,-0.71
2026-07-13 16:58:43,41,0.366,0.488,0.293,-0.56,+0.10,-0.74
2026-07-13 17:03:58,41,0.463,0.512,0.293,-0.45,-0.43,-0.22
2026-07-13 17:09:13,41,0.585,0.512,0.317,-0.16,-0.25,-0.06
2026-07-13 17:14:29,41,0.463,0.488,0.317,-0.23,-0.32,-0.13
2026-07-13 17:19:44,41,0.488,0.512,0.341,-0.17,-0.28,-0.09
2026-07-13 17:24:59,41,0.463,0.512,0.341,-0.20,-0.30,-0.11
2026-07-13 17:30:14,42,0.571,0.548,0.333,-0.11,-0.17,-0.01
2026-07-13 17:35:30,43,0.605,0.488,0.302,-0.01,-0.07,+0.07
2026-07-13 17:40:46,43,0.465,0.465,0.326,-0.09,-0.15,-0.01
2026-07-13 17:46:01,43,0.512,0.465,0.349,-0.06,-0.13,+0.01
2026-07-13 17:51:17,43,0.581,0.488,0.349,-0.12,-0.18,-0.05
2026-07-13 17:56:33,43,0.535,0.488,0.326,-0.07,-0.14,+0.00
2026-07-13 18:01:50,44,0.409,0.432,0.364,-0.02,-0.30,-0.38
2026-07-13 18:07:06,44,0.477,0.477,0.432,+0.08,-0.17,-0.19
2026-07-13 18:12:26,44,0.409,0.455,0.364,+0.12,-0.09,-0.09
2026-07-13 18:17:42,44,0.364,0.500,0.409,+0.10,-0.10,-0.11
2026-07-13 18:22:57,44,0.295,0.455,0.386,+0.14,-0.08,-0.09
2026-07-13 18:28:13,44,0.364,0.432,0.409,+0.24,+0.00,+0.01
2026-07-13 18:33:29,44,0.386,0.455,0.386,+0.04,-0.17,-0.18
2026-07-13 18:38:45,44,0.386,0.432,0.409,+0.07,-0.14,-0.15
2026-07-13 18:44:00,44,0.295,0.432,0.409,+0.09,-0.12,-0.13
2026-07-13 18:49:16,44,0.273,0.386,0.386,+0.16,-0.05,-0.06
2026-07-13 18:54:31,44,0.341,0.386,0.409,+0.11,-0.11,-0.12
2026-07-13 18:59:47,44,0.295,0.409,0.409,+0.14,-0.08,-0.09
2026-07-13 19:05:03,44,0.386,0.409,0.455,+0.12,+0.14,+0.40
2026-07-13 19:10:19,44,0.364,0.386,0.477,+0.04,+0.05,+0.34
2026-07-13 19:15:34,44,0.318,0.409,0.455,+0.02,-0.17,+0.31
2026-07-13 19:20:49,44,0.432,0.432,0.500,+0.11,-0.07,+0.40
2026-07-13 19:26:05,44,0.318,0.409,0.432,-0.06,-0.24,+0.23
2026-07-13 19:31:20,44,0.295,0.386,0.409,-0.06,-0.24,+0.23
2026-07-13 19:36:36,44,0.341,0.341,0.364,-0.05,-0.19,+0.30
2026-07-13 19:41:52,44,0.318,0.386,0.477,-0.05,-0.19,+0.29
2026-07-13 19:47:07,44,0.273,0.318,0.386,-0.26,-0.40,+0.09
2026-07-13 19:52:23,44,0.273,0.341,0.409,-0.24,-0.38,+0.10
2026-07-13 19:57:39,44,0.295,0.341,0.386,-0.26,-0.40,+0.08
2026-07-13 20:02:55,45,0.311,0.289,0.400,-0.41,-0.31,-0.37
2026-07-13 20:08:11,45,0.244,0.333,0.444,-0.48,-0.34,-0.39
2026-07-13 20:13:27,45,0.333,0.311,0.444,-0.42,-0.32,-0.32
2026-07-13 20:18:43,45,0.400,0.289,0.422,-0.36,-0.26,-0.26
2026-07-13 20:23:59,45,0.400,0.311,0.422,-0.28,-0.19,-0.18
2026-07-13 20:29:15,44,0.455,0.318,0.455,-0.30,-0.20,-0.19
2026-07-13 20:34:31,44,0.386,0.273,0.432,-0.32,-0.22,-0.22
2026-07-13 20:39:47,43,0.372,0.279,0.442,-0.28,-0.22,-0.25
2026-07-13 20:45:02,43,0.326,0.256,0.442,-0.25,-0.18,-0.20
2026-07-13 20:50:17,43,0.349,0.256,0.442,-0.27,-0.21,-0.22
2026-07-13 20:55:32,43,0.372,0.233,0.419,-0.30,-0.24,-0.25
2026-07-13 21:00:49,44,0.455,0.364,0.341,+0.03,-0.03,-0.11
2026-07-13 21:06:04,44,0.386,0.318,0.318,+0.07,-0.08,-0.33
2026-07-13 21:11:20,44,0.432,0.250,0.295,-0.01,-0.18,-0.46
2026-07-13 21:16:35,44,0.341,0.295,0.318,+0.05,-0.11,-0.39
2026-07-13 21:21:51,43,0.349,0.279,0.279,-0.12,-0.29,-0.61
2026-07-13 21:27:06,44,0.318,0.295,0.273,-0.08,-0.26,-0.51
2026-07-13 21:32:22,44,0.273,0.273,0.273,-0.25,-0.43,-0.69
2026-07-13 21:37:38,44,0.250,0.273,0.250,-0.28,-0.46,-0.73
2026-07-13 21:42:54,45,0.289,0.244,0.267,-0.37,-0.55,-0.79
2026-07-13 21:48:10,45,0.222,0.267,0.267,-0.42,-0.59,-0.82
2026-07-13 21:53:26,45,0.311,0.244,0.267,-0.16,-0.34,-0.56
2026-07-13 21:58:43,45,0.333,0.289,0.244,-0.33,-0.51,-0.73
2026-07-13 22:03:59,44,0.227,0.295,0.318,-0.21,-0.43,-0.53
2026-07-13 22:09:15,44,0.273,0.295,0.341,-0.09,-0.34,-0.43
2026-07-13 22:14:31,44,0.273,0.273,0.273,-0.26,-0.48,-0.59
2026-07-13 22:19:46,44,0.295,0.227,0.273,-0.41,-0.63,-0.74
2026-07-13 22:25:02,44,0.295,0.273,0.295,-0.33,-0.55,-0.65
2026-07-13 22:30:18,43,0.279,0.372,0.302,-0.35,-0.58,-0.70
2026-07-13 22:35:34,43,0.302,0.326,0.279,-0.35,-0.58,-0.70
2026-07-13 22:40:50,44,0.295,0.318,0.295,-0.33,-0.56,-0.66
2026-07-13 22:46:07,45,0.311,0.289,0.311,-0.57,-0.75,-0.86
2026-07-13 22:51:23,45,0.289,0.333,0.311,-0.38,-0.55,-0.66
2026-07-13 22:56:39,45,0.333,0.333,0.333,-0.29,-0.44,-0.57
2026-07-13 23:01:55,45,0.422,0.422,0.356,-0.07,-0.12,-0.38
2026-07-13 23:07:11,46,0.435,0.370,0.304,-0.06,-0.19,-0.42
2026-07-13 23:12:28,46,0.500,0.413,0.348,+0.10,-0.02,-0.25
2026-07-13 23:17:44,47,0.404,0.340,0.319,-0.20,-0.32,-0.56
2026-07-13 23:23:01,47,0.489,0.362,0.319,+0.05,-0.08,-0.30
2026-07-13 23:28:18,47,0.596,0.447,0.340,+0.19,+0.06,-0.17
2026-07-13 23:33:35,47,0.596,0.426,0.383,+0.26,+0.14,-0.09
2026-07-13 23:38:52,47,0.553,0.383,0.383,+0.25,+0.12,-0.11
2026-07-13 23:44:07,47,0.553,0.447,0.362,+0.11,-0.03,-0.26
2026-07-13 23:49:24,47,0.617,0.468,0.362,+0.22,+0.10,-0.13
2026-07-13 23:54:41,47,0.596,0.447,0.319,+0.11,-0.00,-0.23
2026-07-13 23:59:57,47,0.574,0.553,0.383,+0.30,+0.19,-0.04
2026-07-14 00:05:14,47,0.681,0.468,0.447,+0.42,+0.16,+0.07
2026-07-14 00:10:30,47,0.638,0.489,0.447,+0.81,+0.54,+0.52
2026-07-14 00:15:47,47,0.617,0.489,0.426,+0.90,+0.63,+0.61
2026-07-14 00:21:04,47,0.638,0.511,0.426,+0.97,+0.71,+0.69
2026-07-14 00:26:21,47,0.596,0.511,0.404,+0.95,+0.68,+0.67
2026-07-14 00:31:38,47,0.574,0.532,0.426,+0.97,+0.71,+0.69
2026-07-14 00:36:54,46,0.543,0.457,0.370,+0.86,+0.60,+0.59
2026-07-14 00:42:11,46,0.609,0.391,0.391,+0.65,+0.39,+0.38
2026-07-14 00:47:28,46,0.565,0.391,0.370,+0.73,+0.47,+0.46
2026-07-14 00:52:44,46,0.500,0.370,0.348,+0.53,+0.27,+0.27
2026-07-14 00:58:00,46,0.500,0.326,0.370,+0.43,+0.16,+0.15
2026-07-14 01:03:17,46,0.348,0.391,0.391,+0.09,+0.32,-0.04
2026-07-14 01:08:33,46,0.348,0.413,0.391,+0.03,+0.35,+0.05
2026-07-14 01:13:49,46,0.370,0.391,0.370,+0.05,+0.42,+0.09
2026-07-14 01:19:06,46,0.326,0.370,0.348,-0.22,+0.14,-0.15
2026-07-14 01:24:22,46,0.304,0.391,0.370,-0.20,+0.16,-0.14
2026-07-14 01:29:38,46,0.348,0.370,0.348,-0.03,+0.33,+0.03
2026-07-14 01:34:55,46,0.283,0.326,0.348,-0.31,+0.05,-0.24
2026-07-14 01:40:12,47,0.255,0.277,0.340,-0.49,-0.08,-0.37
2026-07-14 01:45:28,47,0.277,0.319,0.319,-0.30,+0.11,-0.17
2026-07-14 01:50:44,46,0.283,0.304,0.304,-0.42,-0.00,-0.22
2026-07-14 01:56:01,46,0.217,0.261,0.283,-0.61,-0.20,-0.41
2026-07-14 02:01:17,46,0.196,0.283,0.304,-0.86,-0.10,-0.29
2026-07-14 02:06:34,46,0.196,0.304,0.304,-0.44,-0.05,-0.20
2026-07-14 02:11:49,45,0.222,0.356,0.311,-0.48,-0.06,-0.17
2026-07-14 02:17:06,45,0.244,0.356,0.333,-0.51,-0.10,-0.20
2026-07-14 02:22:22,45,0.267,0.356,0.311,-0.69,-0.28,-0.39
2026-07-14 02:27:38,45,0.222,0.289,0.289,-0.68,-0.28,-0.38
2026-07-14 02:32:54,45,0.222,0.289,0.311,-0.72,-0.32,-0.43
2026-07-14 02:38:10,45,0.200,0.244,0.289,-0.90,-0.51,-0.61
2026-07-14 02:43:26,45,0.222,0.267,0.289,-0.81,-0.42,-0.52
2026-07-14 02:48:42,44,0.227,0.250,0.273,-0.84,-0.43,-0.53
2026-07-14 02:53:57,44,0.205,0.250,0.273,-0.96,-0.56,-0.67
2026-07-14 02:59:13,44,0.205,0.250,0.250,-1.03,-0.64,-0.74
2026-07-14 03:04:29,44,0.273,0.205,0.227,-0.72,-0.98,-0.87
2026-07-14 03:09:44,43,0.302,0.209,0.186,-0.60,-1.14,-1.05
2026-07-14 03:15:00,43,0.279,0.209,0.186,-0.56,-1.09,-1.00
2026-07-14 03:20:15,43,0.326,0.186,0.186,-0.62,-1.20,-1.05
2026-07-14 03:25:30,42,0.238,0.190,0.238,-0.63,-1.17,-1.05
2026-07-14 03:30:46,42,0.310,0.190,0.238,-0.53,-1.08,-0.96
2026-07-14 03:36:02,43,0.233,0.186,0.256,-0.61,-1.18,-1.03
2026-07-14 03:41:17,43,0.256,0.186,0.279,-0.52,-1.08,-0.92
2026-07-14 03:46:33,44,0.227,0.227,0.273,-0.42,-0.94,-0.73
2026-07-14 03:51:49,44,0.182,0.227,0.227,-0.23,-0.75,-0.53
2026-07-14 03:57:04,44,0.182,0.227,0.227,-0.36,-0.88,-0.65
2026-07-14 04:02:20,44,0.455,0.136,0.205,+0.19,-1.13,-0.72
2026-07-14 04:07:36,45,0.467,0.178,0.200,+0.27,-0.98,-0.63
2026-07-14 04:12:52,45,0.533,0.178,0.244,+0.35,-0.88,-0.54
2026-07-14 04:18:09,46,0.565,0.174,0.261,+0.28,-1.04,-0.65
2026-07-14 04:23:25,46,0.543,0.196,0.196,+0.22,-1.10,-0.72
2026-07-14 04:28:41,46,0.543,0.196,0.217,+0.13,-1.19,-0.82
2026-07-14 04:33:58,46,0.543,0.217,0.283,+0.23,-1.10,-0.72
2026-07-14 04:39:15,46,0.587,0.196,0.261,+0.34,-0.97,-0.60
2026-07-14 04:44:31,46,0.565,0.239,0.239,+0.37,-0.95,-0.57
2026-07-14 04:49:47,46,0.543,0.174,0.261,+0.22,-1.10,-0.72
2026-07-14 04:55:04,46,0.543,0.196,0.261,+0.28,-1.02,-0.66
2026-07-14 05:00:20,46,0.565,0.174,0.283,+0.07,-1.02,-0.74
2026-07-14 05:05:36,45,0.556,0.267,0.378,+0.09,-0.48,-0.40
2026-07-14 05:10:52,45,0.533,0.244,0.356,-0.01,-0.48,-0.48
2026-07-14 05:16:08,45,0.533,0.267,0.378,+0.07,-0.38,-0.40
2026-07-14 05:21:24,45,0.444,0.200,0.289,-0.19,-0.65,-0.67
2026-07-14 05:26:40,45,0.511,0.267,0.289,-0.07,-0.53,-0.56
2026-07-14 05:31:56,45,0.489,0.289,0.333,-0.07,-0.53,-0.55
2026-07-14 05:37:12,45,0.511,0.289,0.311,+0.04,-0.43,-0.45
2026-07-14 05:42:28,46,0.500,0.326,0.348,+0.08,-0.37,-0.44
2026-07-14 05:47:44,46,0.326,0.304,0.261,-0.15,-0.61,-0.68
2026-07-14 05:53:00,45,0.311,0.244,0.244,-0.34,-0.80,-0.87
2026-07-14 05:58:16,45,0.422,0.289,0.244,-0.28,-0.74,-0.82
2026-07-14 06:03:33,45,0.289,0.444,0.178,-0.33,-0.05,-1.33
2026-07-14 06:08:49,45,0.200,0.467,0.178,-0.43,-0.03,-1.35
2026-07-14 06:14:05,46,0.217,0.413,0.217,-0.49,-0.01,-1.38
2026-07-14 06:19:22,47,0.234,0.426,0.234,+0.35,+1.35,+0.00
2026-07-14 06:24:39,47,0.298,0.489,0.234,+0.46,+1.44,+0.11
2026-07-14 06:29:56,47,0.213,0.298,0.234,+0.52,+1.55,+0.24
2026-07-14 06:35:12,47,0.255,0.404,0.234,+0.69,+1.73,+0.42
2026-07-14 06:40:29,47,0.234,0.298,0.234,+0.27,+1.27,-0.02
2026-07-14 06:45:45,47,0.213,0.298,0.213,+0.23,+1.24,-0.06
2026-07-14 06:51:03,47,0.191,0.340,0.191,+0.09,+1.09,-0.20
2026-07-14 06:56:19,47,0.213,0.362,0.213,+0.35,+1.35,+0.06
2026-07-14 07:01:35,46,0.283,0.283,0.217,+0.04,+1.02,-0.12
2026-07-14 07:06:52,46,0.326,0.391,0.239,+0.22,+1.05,+0.25
2026-07-14 07:12:08,46,0.326,0.370,0.261,-0.07,+0.72,-0.08
2026-07-14 07:17:25,46,0.435,0.435,0.239,+0.11,+0.92,+0.11
2026-07-14 07:22:41,46,0.413,0.457,0.239,-0.04,+0.77,-0.02
2026-07-14 07:27:58,46,0.370,0.457,0.261,+0.05,+0.85,+0.05
2026-07-14 07:33:14,46,0.348,0.435,0.261,-0.06,+0.72,-0.10
2026-07-14 07:38:31,46,0.326,0.435,0.239,-0.03,+0.81,+0.01
2026-07-14 07:43:47,47,0.404,0.404,0.255,+0.05,+1.10,+0.39
2026-07-14 07:49:04,46,0.413,0.457,0.283,+0.19,+1.26,+0.56
2026-07-14 07:54:20,46,0.391,0.435,0.304,+0.09,+1.16,+0.46
2026-07-14 07:59:36,46,0.348,0.304,0.283,-0.12,+0.89,+0.19
2026-07-14 08:04:53,46,0.413,0.261,0.239,-0.08,+0.36,+0.80
2026-07-14 08:10:09,46,0.457,0.283,0.239,-0.19,+0.18,+0.65
2026-07-14 08:15:25,46,0.348,0.261,0.217,-0.29,+0.10,+0.58
2026-07-14 08:20:42,46,0.500,0.283,0.217,-0.17,+0.23,+0.72
2026-07-14 08:25:58,46,0.522,0.348,0.283,-0.02,+0.41,+0.89
2026-07-14 08:31:14,46,0.478,0.304,0.239,+0.01,+0.46,+0.95
2026-07-14 08:36:31,46,0.543,0.304,0.239,+0.17,+0.66,+1.17
2026-07-14 08:41:47,46,0.543,0.304,0.217,+0.15,+0.67,+1.21
2026-07-14 08:47:03,46,0.500,0.239,0.239,+0.06,+0.58,+1.12
2026-07-14 08:52:20,46,0.543,0.304,0.261,+0.26,+0.82,+1.35
2026-07-14 08:57:36,46,0.543,0.326,0.239,+0.19,+0.69,+1.23
2026-07-14 09:02:53,46,0.543,0.435,0.478,+0.29,+0.24,+1.86
2026-07-14 09:08:09,46,0.457,0.326,0.413,+0.46,+0.38,+2.08
2026-07-14 09:13:25,47,0.511,0.426,0.468,+0.59,+0.52,+2.18
2026-07-14 09:18:42,48,0.542,0.417,0.500,+0.62,+1.24,+2.19
2026-07-14 09:23:59,48,0.500,0.396,0.479,+0.60,+1.22,+2.13
2026-07-14 09:29:16,48,0.458,0.375,0.438,+1.06,+1.85,+2.60
2026-07-14 09:34:33,48,0.500,0.396,0.542,+0.37,+0.99,+1.89
2026-07-14 09:39:50,48,0.500,0.333,0.479,+0.88,+1.72,+2.42
2026-07-14 09:45:07,47,0.489,0.340,0.468,+1.03,+1.86,+2.62
2026-07-14 09:50:24,47,0.553,0.340,0.511,+0.71,+1.37,+2.25
2026-07-14 09:55:41,47,0.574,0.511,0.553,+0.72,+1.37,+2.21
2026-07-14 10:00:57,47,0.681,0.596,0.574,+1.15,+1.74,+2.29
2026-07-14 10:06:14,47,0.596,0.660,0.574,+0.73,+0.62,+1.86
2026-07-14 10:11:31,47,0.574,0.660,0.553,+1.31,+1.29,+2.49
2026-07-14 10:16:48,47,0.574,0.617,0.574,+0.77,+0.75,+1.93
2026-07-14 10:22:05,48,0.604,0.625,0.562,+0.86,+0.84,+1.98
2026-07-14 10:27:22,48,0.646,0.688,0.562,+1.33,+1.31,+2.45
2026-07-14 10:32:39,48,0.583,0.625,0.521,+1.33,+1.30,+2.41
2026-07-14 10:37:56,48,0.521,0.542,0.479,+0.74,+0.72,+1.83
2026-07-14 10:43:13,48,0.458,0.521,0.479,+0.63,+0.61,+1.75
2026-07-14 10:48:30,48,0.479,0.521,0.521,+1.07,+1.05,+2.17
2026-07-14 10:53:47,48,0.562,0.583,0.562,+1.25,+1.23,+2.38
2026-07-14 10:59:04,48,0.521,0.562,0.521,+1.28,+1.26,+2.45
2026-07-14 11:04:22,48,0.396,0.562,0.417,+0.70,+1.35,+1.72
2026-07-14 11:09:38,48,0.417,0.542,0.438,+0.71,+1.35,+1.72
2026-07-14 11:14:55,48,0.333,0.500,0.396,+0.04,+0.73,+1.08
2026-07-14 11:20:12,47,0.319,0.489,0.383,-0.03,+0.67,+1.00
2026-07-14 11:25:29,47,0.319,0.426,0.383,+0.04,+0.73,+1.04
2026-07-14 11:30:46,47,0.298,0.489,0.383,+0.48,+1.17,+1.50
2026-07-14 11:36:03,47,0.319,0.468,0.426,+0.60,+1.29,+1.63
2026-07-14 11:41:19,47,0.362,0.447,0.447,+0.82,+1.51,+1.84
2026-07-14 11:46:36,47,0.383,0.511,0.468,+0.76,+1.46,+1.78
2026-07-14 11:51:53,47,0.404,0.511,0.426,+0.80,+1.50,+1.81
2026-07-14 11:57:10,48,0.375,0.458,0.417,+0.75,+1.63,+1.98
2026-07-14 12:02:26,48,0.375,0.458,0.458,+0.57,+1.39,+1.52
2026-07-14 12:07:43,48,0.333,0.458,0.417,-0.71,+0.64,+1.43
2026-07-14 12:13:00,48,0.292,0.417,0.417,-0.87,+0.48,+1.28
2026-07-14 12:18:18,48,0.292,0.375,0.375,-1.04,+0.29,+1.12
2026-07-14 12:23:35,47,0.213,0.340,0.340,-0.91,+0.45,+1.31
2026-07-14 12:28:51,47,0.234,0.340,0.319,-0.84,+0.51,+1.40
2026-07-14 12:34:08,47,0.213,0.340,0.340,-0.43,+1.00,+2.09
2026-07-14 12:39:25,47,0.213,0.340,0.362,-0.54,+0.82,+1.74
2026-07-14 12:44:41,46,0.196,0.413,0.348,-0.45,+0.93,+1.88
2026-07-14 12:49:58,46,0.217,0.435,0.370,-0.29,+1.10,+2.05
2026-07-14 12:55:14,46,0.217,0.435,0.370,-0.29,+1.12,+2.07
2026-07-14 13:00:30,46,0.239,0.435,0.435,-0.38,+0.67,+1.50
2026-07-14 13:05:46,46,0.326,0.283,0.435,-0.19,+0.29,+1.70
2026-07-14 13:11:03,46,0.261,0.283,0.413,-0.47,+0.05,+1.53
2026-07-14 13:16:19,46,0.304,0.261,0.413,+0.39,+0.47,+1.23
2026-07-14 13:21:36,46,0.326,0.283,0.391,-0.10,-0.03,+0.73
2026-07-14 13:26:52,46,0.283,0.261,0.348,-0.24,-0.17,+0.57
2026-07-14 13:32:08,46,0.304,0.283,0.348,-0.24,-0.19,+0.56
2026-07-14 13:37:24,46,0.348,0.304,0.413,-0.18,-0.14,+0.61
2026-07-14 13:42:41,47,0.404,0.319,0.447,+0.15,+0.17,+0.90
2026-07-14 13:47:58,47,0.383,0.340,0.426,+0.16,+0.18,+0.91
2026-07-14 13:53:14,47,0.383,0.340,0.489,+0.17,+0.19,+0.91
2026-07-14 13:58:31,47,0.383,0.340,0.447,+0.03,+0.05,+0.77
2026-07-14 14:03:47,47,0.447,0.255,0.511,-0.83,-0.46,+1.12
2026-07-14 14:09:04,47,0.511,0.383,0.532,-0.68,-0.37,+1.15
2026-07-14 14:14:21,47,0.511,0.362,0.511,-0.88,-0.61,+0.89
2026-07-14 14:19:38,47,0.511,0.319,0.511,-0.84,-0.59,+0.92
2026-07-14 14:24:54,47,0.553,0.426,0.553,-0.58,-0.32,+1.19
2026-07-14 14:30:11,47,0.574,0.489,0.574,-0.51,-0.24,+1.28
2026-07-14 14:35:28,47,0.574,0.489,0.574,-0.14,+0.11,+1.73
2026-07-14 14:40:45,47,0.532,0.383,0.574,-0.26,-0.02,+1.60
2026-07-14 14:46:02,47,0.574,0.404,0.553,-0.70,-0.46,+1.05
2026-07-14 14:51:18,47,0.553,0.383,0.574,-0.65,-0.38,+1.15
2026-07-14 14:56:36,48,0.562,0.396,0.562,-0.51,-0.26,+1.19
2026-07-14 15:01:53,48,0.625,0.521,0.521,+0.26,+0.31,+0.83
2026-07-14 15:07:10,48,0.625,0.500,0.500,+0.24,+0.11,+0.86
2026-07-14 15:12:27,48,0.646,0.458,0.562,+0.73,+0.61,+1.35
2026-07-14 15:17:44,48,0.604,0.521,0.583,+0.66,+0.53,+1.25
2026-07-14 15:23:00,48,0.583,0.458,0.542,+0.36,+0.23,+0.97
2026-07-14 15:28:17,48,0.625,0.458,0.500,+0.26,+0.12,+0.85
2026-07-14 15:33:34,47,0.617,0.553,0.532,+0.71,+0.55,+1.31
2026-07-14 15:38:51,47,0.660,0.532,0.511,+0.28,+0.13,+0.87
2026-07-14 15:44:07,47,0.596,0.511,0.532,+0.71,+0.55,+1.30
2026-07-14 15:49:25,47,0.553,0.511,0.532,+0.68,+0.52,+1.27
2026-07-14 15:54:41,47,0.532,0.532,0.532,+0.74,+0.60,+1.35
2026-07-14 15:59:58,47,0.468,0.447,0.489,+0.58,+0.44,+1.18
2026-07-14 16:05:15,47,0.340,0.553,0.404,-0.26,-0.88,-0.06
2026-07-14 16:10:31,46,0.391,0.565,0.435,-0.16,-0.27,+0.02
2026-07-14 16:15:47,46,0.326,0.500,0.326,-0.41,-0.52,-0.24
2026-07-14 16:21:03,46,0.283,0.522,0.326,-0.40,-0.53,-0.25
2026-07-14 16:26:20,46,0.370,0.587,0.391,-0.26,-0.38,-0.11
2026-07-14 16:31:36,46,0.348,0.609,0.370,-0.31,-0.43,-0.16
2026-07-14 16:37:01,46,0.348,0.500,0.391,-0.26,-0.38,-0.11
2026-07-14 16:42:17,45,0.289,0.489,0.356,-0.35,-0.46,-0.19
2026-07-14 16:47:33,45,0.311,0.511,0.378,-0.36,-0.46,-0.20
2026-07-14 16:52:49,45,0.289,0.556,0.400,-0.56,-0.66,-0.46
2026-07-14 16:58:05,45,0.222,0.511,0.400,-0.51,-0.61,-0.39
2026-07-14 17:03:21,45,0.378,0.467,0.422,-0.44,-0.41,-0.50
2026-07-14 17:08:37,44,0.364,0.386,0.432,-0.66,-0.60,-0.82
2026-07-14 17:13:53,44,0.341,0.432,0.409,-0.54,-0.48,-0.71
2026-07-14 17:19:09,45,0.422,0.489,0.400,-0.69,-0.60,-0.84
2026-07-14 17:24:25,46,0.348,0.478,0.370,-0.76,-0.67,-1.33
2026-07-14 17:29:42,46,0.457,0.500,0.413,-0.68,-0.59,-1.25
2026-07-14 17:34:59,46,0.391,0.522,0.413,-0.61,-0.51,-1.17
2026-07-14 17:40:15,46,0.370,0.543,0.370,-0.54,-0.44,-1.11
2026-07-14 17:45:31,45,0.422,0.489,0.400,-0.66,-0.58,-1.22
2026-07-14 17:50:48,45,0.400,0.467,0.400,-0.83,-0.74,-1.39
2026-07-14 17:56:04,45,0.400,0.467,0.356,-0.22,-0.12,-0.89
2026-07-14 18:01:20,45,0.400,0.378,0.422,-0.70,-0.61,-0.48
2026-07-14 18:06:36,45,0.378,0.289,0.444,-1.39,-1.40,-1.27
2026-07-14 18:11:52,45,0.400,0.289,0.400,-1.42,-1.53,-1.36
2026-07-14 18:17:08,45,0.422,0.378,0.467,-0.93,-0.93,-0.77
2026-07-14 18:22:24,45,0.422,0.311,0.444,-1.51,-1.62,-1.46
2026-07-14 18:27:40,45,0.400,0.289,0.422,-1.55,-1.65,-1.50
2026-07-14 18:32:56,45,0.378,0.267,0.422,-1.48,-1.58,-1.43
2026-07-14 18:38:12,45,0.267,0.222,0.422,-1.06,-1.06,-0.89
2026-07-14 18:43:28,45,0.378,0.244,0.444,-1.07,-1.06,-0.89
2026-07-14 18:48:44,46,0.413,0.239,0.457,-1.01,-0.98,-0.74
2026-07-14 18:54:01,46,0.391,0.261,0.435,-1.00,-0.97,-0.74
2026-07-14 18:59:18,47,0.362,0.319,0.489,-1.10,-1.07,-0.80
2026-07-14 19:04:35,47,0.319,0.319,0.404,-1.02,-1.36,-2.06
2026-07-14 19:09:51,47,0.383,0.404,0.447,-0.86,-1.29,-1.94
2026-07-14 19:15:08,47,0.319,0.404,0.447,-0.35,-0.74,-1.48
2026-07-14 19:20:24,47,0.277,0.362,0.426,-0.86,-1.33,-1.99
2026-07-14 19:25:41,46,0.370,0.391,0.457,-0.76,-1.21,-1.92
2026-07-14 19:30:58,46,0.304,0.283,0.457,-0.89,-1.32,-2.02
2026-07-14 19:36:14,46,0.261,0.283,0.413,-0.94,-1.38,-2.08
2026-07-14 19:41:31,46,0.457,0.391,0.457,-0.74,-1.17,-1.86
2026-07-14 19:46:47,46,0.457,0.370,0.413,-0.82,-1.24,-1.93
2026-07-14 19:52:03,46,0.457,0.413,0.457,-0.74,-1.16,-1.83
2026-07-14 19:57:20,46,0.413,0.413,0.413,-0.69,-1.11,-1.81
2026-07-14 20:02:37,47,0.596,0.489,0.489,-0.04,-0.92,-1.26
2026-07-14 20:07:53,47,0.596,0.489,0.468,+0.99,-0.86,-0.25
2026-07-14 20:13:10,47,0.660,0.574,0.511,+1.05,-0.69,-0.26
2026-07-14 20:18:27,47,0.638,0.532,0.489,+0.47,-1.16,-0.86
2026-07-14 20:23:44,47,0.660,0.574,0.532,+0.49,-1.14,-0.83
2026-07-14 20:29:01,48,0.688,0.583,0.521,+0.73,-0.83,-0.55
2026-07-14 20:34:18,48,0.625,0.521,0.521,+0.63,-0.92,-0.64
2026-07-14 20:39:36,48,0.583,0.562,0.521,+0.57,-0.97,-0.68
2026-07-14 20:44:53,49,0.646,0.500,0.542,+0.50,-1.03,-0.74
2026-07-14 20:50:10,50,0.612,0.469,0.531,+0.50,-1.00,-0.64
2026-07-14 20:55:28,50,0.551,0.449,0.531,+1.39,-0.21,+0.25
2026-07-14 21:00:47,50,0.520,0.480,0.560,+0.47,-0.19,-0.59
2026-07-14 21:06:04,50,0.340,0.400,0.420,+0.10,-0.36,-0.82
2026-07-14 21:11:23,52,0.308,0.442,0.423,-0.37,-0.20,-0.65
2026-07-14 21:16:41,52,0.346,0.423,0.385,-0.63,-0.47,-1.02
2026-07-14 21:22:00,52,0.442,0.500,0.462,-0.75,-0.60,-1.16
2026-07-14 21:27:19,52,0.558,0.538,0.500,-0.63,-0.49,-1.05
2026-07-14 21:32:37,52,0.538,0.673,0.519,-0.43,-0.30,-0.86
2026-07-14 21:37:56,52,0.500,0.654,0.519,-0.46,-0.35,-0.89
2026-07-14 21:43:14,52,0.577,0.654,0.558,-0.63,-0.51,-1.06
2026-07-14 21:48:33,52,0.558,0.673,0.577,-0.34,-0.21,-0.76
2026-07-14 21:53:52,52,0.538,0.635,0.538,-0.51,-0.37,-0.92
2026-07-14 21:59:10,53,0.642,0.698,0.566,-0.19,-0.05,-0.63
2026-07-14 22:04:29,53,0.585,0.717,0.623,-0.59,+0.16,-0.62
2026-07-14 22:09:47,53,0.566,0.698,0.623,-0.24,+0.90,-0.31
2026-07-14 22:15:06,53,0.528,0.679,0.604,-0.54,+0.49,-0.72
2026-07-14 22:20:25,53,0.566,0.698,0.604,-0.51,+0.53,-0.69
2026-07-14 22:25:44,53,0.604,0.717,0.642,-0.04,+1.01,-0.20
2026-07-14 22:31:03,53,0.623,0.698,0.660,-0.15,+0.90,-0.31
2026-07-14 22:36:22,53,0.642,0.698,0.642,-0.10,+0.96,-0.24
2026-07-14 22:41:41,53,0.623,0.717,0.660,+0.21,+1.38,+0.20
2026-07-14 22:47:01,53,0.585,0.736,0.679,+0.23,+1.41,+0.25
2026-07-14 22:52:19,53,0.604,0.717,0.679,+0.21,+1.40,+0.23
2026-07-14 22:57:38,52,0.615,0.731,0.692,+0.28,+1.49,+0.36
2026-07-14 23:02:57,52,0.365,0.635,0.635,-0.16,+0.63,+0.21
2026-07-14 23:08:16,52,0.327,0.596,0.615,-0.28,+0.53,+0.19
2026-07-14 23:13:34,52,0.308,0.538,0.577,-0.52,+0.29,-0.06
2026-07-14 23:18:53,52,0.327,0.558,0.596,-0.96,-0.63,-0.98
2026-07-14 23:24:11,51,0.412,0.549,0.588,-1.15,-0.84,-1.23
2026-07-14 23:29:29,51,0.392,0.549,0.588,-1.07,-0.76,-1.14
2026-07-14 23:34:47,51,0.431,0.529,0.608,-1.02,-0.70,-1.10
2026-07-14 23:40:05,51,0.392,0.569,0.569,-1.13,-0.81,-1.20
2026-07-14 23:45:22,51,0.412,0.569,0.627,-0.66,-0.33,-0.72
2026-07-14 23:50:40,51,0.451,0.627,0.608,-0.70,-0.38,-0.77
2026-07-14 23:55:58,51,0.510,0.627,0.608,-0.58,-0.24,-0.63
2026-07-15 00:01:16,51,0.490,0.588,0.627,-0.65,-0.51,-0.45
2026-07-15 00:06:34,52,0.442,0.538,0.596,-0.31,-0.60,-0.40
2026-07-15 00:11:52,51,0.392,0.510,0.569,-0.62,-0.86,-0.64
2026-07-15 00:17:10,51,0.471,0.490,0.549,-0.73,-0.96,-0.74
2026-07-15 00:22:28,51,0.451,0.510,0.588,-0.66,-0.89,-0.64
2026-07-15 00:27:46,51,0.451,0.529,0.569,-0.65,-0.87,-0.61
2026-07-15 00:33:05,52,0.519,0.558,0.558,+0.11,-0.15,+0.11
2026-07-15 00:38:24,52,0.577,0.538,0.577,-0.07,-0.33,-0.09
2026-07-15 00:43:42,53,0.472,0.566,0.585,-0.14,-0.38,-0.14
2026-07-15 00:49:01,52,0.538,0.558,0.596,+0.05,-0.23,+0.03
2026-07-15 00:54:19,51,0.412,0.529,0.549,-0.31,-0.54,-0.30
2026-07-15 00:59:37,51,0.392,0.549,0.588,-0.22,-0.47,-0.24
2026-07-15 01:04:55,51,0.314,0.373,0.569,+0.10,-0.89,+0.05
2026-07-15 01:10:14,51,0.451,0.510,0.588,+0.09,-0.93,+0.06
2026-07-15 01:15:32,51,0.412,0.471,0.569,+0.11,-0.93,+0.05
2026-07-15 01:20:50,51,0.412,0.490,0.588,-0.12,-1.14,-0.16
2026-07-15 01:26:08,51,0.412,0.451,0.569,-0.18,-1.19,-0.19
2026-07-15 01:31:26,51,0.373,0.490,0.549,-0.08,-1.09,-0.09
2026-07-15 01:36:44,51,0.373,0.510,0.549,-1.07,-1.59,-0.20
2026-07-15 01:42:02,51,0.353,0.471,0.549,-1.07,-1.59,-0.20
2026-07-15 01:47:21,51,0.314,0.412,0.549,-1.15,-1.68,-0.28
2026-07-15 01:52:39,52,0.327,0.423,0.558,-0.90,-1.37,+0.10
2026-07-15 01:57:58,52,0.288,0.423,0.577,-0.80,-1.30,+0.17
2026-07-15 02:03:17,52,0.231,0.346,0.577,-0.50,-0.84,+0.16
2026-07-15 02:08:36,52,0.231,0.288,0.596,-0.51,-0.97,+0.12
2026-07-15 02:13:54,52,0.135,0.231,0.538,-0.76,-1.19,-0.31
2026-07-15 02:19:12,52,0.173,0.250,0.519,-0.78,-1.25,-0.37
2026-07-15 02:24:31,52,0.154,0.269,0.519,-0.71,-1.18,-0.31
2026-07-15 02:29:49,51,0.137,0.294,0.549,-0.76,-1.20,-0.29
2026-07-15 02:35:07,51,0.137,0.294,0.549,-0.65,-1.09,-0.17
2026-07-15 02:40:25,50,0.160,0.220,0.520,-0.66,-1.13,-0.23
2026-07-15 02:45:43,50,0.180,0.280,0.520,-0.75,-1.22,-0.32
2026-07-15 02:51:01,50,0.180,0.260,0.520,-0.85,-1.32,-0.41
2026-07-15 02:56:19,50,0.160,0.260,0.520,-0.62,-1.10,-0.19
2026-07-15 03:01:37,50,0.240,0.340,0.440,-0.23,-0.47,-1.16
2026-07-15 03:06:55,50,0.280,0.300,0.480,-0.29,-0.71,-1.39
2026-07-15 03:12:12,50,0.260,0.240,0.440,-0.37,-0.84,-1.51
2026-07-15 03:17:30,50,0.240,0.240,0.440,-0.37,-0.88,-1.52
2026-07-15 03:22:48,50,0.240,0.240,0.420,-0.46,-0.97,-1.61
2026-07-15 03:28:06,50,0.220,0.260,0.380,-0.14,-0.64,-1.38
2026-07-15 03:33:24,50,0.220,0.220,0.380,-0.22,-0.74,-1.43
2026-07-15 03:38:42,50,0.260,0.260,0.380,-0.19,-0.71,-1.39
2026-07-15 03:44:00,50,0.260,0.260,0.400,-0.17,-0.69,-1.37
2026-07-15 03:49:17,50,0.240,0.220,0.400,-0.33,-0.83,-1.50
2026-07-15 03:54:35,50,0.260,0.220,0.400,-0.27,-0.78,-1.44
2026-07-15 03:59:53,50,0.260,0.220,0.420,-0.13,-0.64,-1.31
2026-07-15 04:05:11,50,0.260,0.200,0.400,+0.04,-0.74,-1.62
2026-07-15 04:10:29,50,0.340,0.240,0.380,+0.06,-0.60,-1.71
2026-07-15 04:15:47,50,0.400,0.300,0.420,+0.20,-0.47,-1.59
2026-07-15 04:21:05,50,0.380,0.280,0.400,+0.11,-0.56,-1.68
2026-07-15 04:26:22,50,0.320,0.260,0.400,+0.10,-0.51,-1.57
2026-07-15 04:31:40,50,0.280,0.180,0.300,-0.18,-1.29,-1.84
2026-07-15 04:36:58,51,0.275,0.176,0.373,-0.19,-1.31,-1.79
2026-07-15 04:42:16,51,0.294,0.176,0.353,-0.16,-1.29,-1.75
2026-07-15 04:47:34,51,0.314,0.235,0.353,-0.09,-1.21,-1.68
2026-07-15 04:52:52,51,0.353,0.235,0.373,-0.07,-1.19,-1.65
2026-07-15 04:58:11,51,0.333,0.216,0.353,-0.03,-1.16,-1.63
2026-07-15 05:03:29,51,0.392,0.275,0.235,-0.28,-0.59,-1.72
2026-07-15 05:08:47,51,0.353,0.255,0.255,-0.16,-0.41,-1.72
2026-07-15 05:14:05,51,0.392,0.275,0.255,-0.22,-0.42,-1.73
2026-07-15 05:19:23,51,0.412,0.314,0.255,-0.12,-0.32,-1.63
2026-07-15 05:24:41,51,0.412,0.314,0.255,-0.11,-0.31,-1.63
2026-07-15 05:29:59,51,0.373,0.275,0.235,-0.18,-0.38,-1.71
2026-07-15 05:35:17,51,0.353,0.255,0.235,-0.21,-0.41,-1.73
2026-07-15 05:40:35,51,0.294,0.216,0.255,-0.24,-0.44,-1.75
2026-07-15 05:45:53,51,0.294,0.235,0.255,-0.15,-0.34,-1.64
2026-07-15 05:51:12,51,0.314,0.255,0.255,-0.18,-0.37,-1.68
2026-07-15 05:56:30,51,0.294,0.275,0.255,-0.15,-0.34,-1.63
2026-07-15 06:01:48,51,0.275,0.314,0.216,-0.18,-0.31,-1.54
2026-07-15 06:07:07,51,0.294,0.353,0.216,+0.11,-0.28,-0.88
2026-07-15 06:12:25,51,0.392,0.373,0.235,+0.23,-0.16,-0.79
2026-07-15 06:17:43,50,0.420,0.360,0.220,+0.28,-0.11,-0.72
2026-07-15 06:23:00,50,0.400,0.380,0.220,+0.26,-0.13,-0.73
2026-07-15 06:28:18,50,0.400,0.340,0.240,+0.20,-0.19,-0.78
2026-07-15 06:33:36,50,0.380,0.440,0.220,+0.22,-0.17,-0.76
2026-07-15 06:38:54,50,0.400,0.440,0.240,+0.16,-0.23,-0.87
2026-07-15 06:44:12,50,0.520,0.500,0.240,+0.17,-0.22,-0.86
2026-07-15 06:49:29,50,0.420,0.480,0.260,+0.77,+0.38,-0.24
2026-07-15 06:54:47,50,0.380,0.460,0.240,+0.77,+0.38,-0.25
2026-07-15 07:00:04,49,0.367,0.490,0.224,+0.28,-0.05,-0.71
2026-07-15 07:05:22,49,0.347,0.367,0.204,-0.04,+0.25,-0.81
2026-07-15 07:10:39,49,0.327,0.408,0.184,-0.05,+0.25,-0.82
2026-07-15 07:15:57,49,0.408,0.327,0.184,+0.00,+0.30,-0.78
2026-07-15 07:21:14,49,0.551,0.531,0.306,+0.36,+0.66,-0.42
2026-07-15 07:26:31,49,0.612,0.510,0.306,+0.39,+0.70,-0.38
2026-07-15 07:31:49,49,0.510,0.469,0.306,+0.83,+0.63,-0.46
2026-07-15 07:37:06,49,0.571,0.510,0.367,+0.96,+0.74,-0.35
2026-07-15 07:42:24,49,0.592,0.571,0.347,+0.93,+0.71,-0.38
2026-07-15 07:47:41,49,0.592,0.531,0.347,+1.07,+0.86,-0.25
2026-07-15 07:52:59,49,0.490,0.429,0.286,+0.74,+0.52,-0.58
2026-07-15 07:58:16,49,0.571,0.469,0.306,+0.98,+0.76,-0.33
2026-07-15 08:03:34,49,0.429,0.367,0.286,+0.52,+0.26,-0.24
2026-07-15 08:08:52,49,0.551,0.429,0.327,+0.69,+0.43,-0.05
2026-07-15 08:14:09,49,0.592,0.429,0.367,+0.71,+0.43,-0.05
2026-07-15 08:19:27,50,0.580,0.360,0.360,+0.77,+0.51,+0.00
2026-07-15 08:24:45,50,0.500,0.420,0.340,+0.77,+0.51,-0.00
2026-07-15 08:30:02,50,0.480,0.400,0.360,-0.08,+0.56,+0.05
2026-07-15 08:35:20,51,0.510,0.490,0.373,+0.07,+0.73,+0.27
2026-07-15 08:40:38,51,0.451,0.451,0.431,+0.50,+1.26,+0.79
2026-07-15 08:45:56,51,0.451,0.451,0.451,+0.36,+1.12,+0.65
2026-07-15 08:51:14,51,0.490,0.471,0.471,+0.37,+1.12,+0.65
2026-07-15 08:56:33,52,0.500,0.481,0.500,+0.34,+1.12,+0.71
2026-07-15 09:01:52,52,0.538,0.462,0.538,-0.08,+0.74,+0.73
2026-07-15 09:07:10,51,0.471,0.490,0.451,-0.05,+0.30,+0.22
2026-07-15 09:12:28,51,0.471,0.451,0.431,-0.20,+0.24,+0.10
2026-07-15 09:17:46,51,0.490,0.451,0.431,-0.21,+0.22,+0.09
2026-07-15 09:23:05,51,0.471,0.471,0.431,-0.16,+0.28,+0.15
2026-07-15 09:28:23,51,0.373,0.471,0.451,-0.13,+0.30,+0.17
2026-07-15 09:33:41,51,0.353,0.431,0.431,-0.39,+0.06,-0.10
2026-07-15 09:38:59,50,0.340,0.400,0.400,-0.47,-0.02,-0.17
2026-07-15 09:44:17,50,0.360,0.460,0.400,-0.37,+0.07,-0.08
2026-07-15 09:49:35,50,0.320,0.420,0.420,-0.52,-0.08,-0.23
2026-07-15 09:54:52,50,0.380,0.420,0.420,-0.50,-0.06,-0.21
2026-07-15 10:00:10,49,0.388,0.429,0.449,-0.20,+0.05,+0.09
2026-07-15 10:05:27,49,0.306,0.469,0.429,-0.24,+0.09,+0.45
2026-07-15 10:10:44,49,0.265,0.429,0.449,-0.37,-0.09,+0.32
2026-07-15 10:16:02,49,0.286,0.449,0.449,-0.37,-0.11,+0.30
2026-07-15 10:21:19,48,0.396,0.479,0.438,-0.18,+0.10,+0.54
2026-07-15 10:26:36,49,0.367,0.429,0.449,-0.11,+0.17,+0.74
2026-07-15 10:31:54,50,0.380,0.440,0.500,-0.08,+0.18,+0.75
2026-07-15 10:37:11,50,0.340,0.440,0.480,-0.15,+0.13,+0.69
2026-07-15 10:42:29,50,0.360,0.420,0.440,-0.25,+0.01,+0.57
2026-07-15 10:47:47,50,0.380,0.380,0.460,-0.17,+0.10,+0.67
2026-07-15 10:53:05,50,0.280,0.380,0.380,-0.36,-0.07,+0.49
2026-07-15 10:58:23,51,0.294,0.412,0.392,-0.41,-0.19,+0.35
2026-07-15 11:03:41,51,0.255,0.373,0.431,-0.25,-0.57,+0.04
2026-07-15 11:08:59,51,0.255,0.333,0.392,-0.41,-0.74,-0.09
2026-07-15 11:14:17,50,0.260,0.360,0.380,-0.39,-0.68,-0.01
2026-07-15 11:19:35,50,0.260,0.340,0.380,-0.43,-0.71,-0.04
2026-07-15 11:24:53,50,0.220,0.320,0.360,-0.46,-0.75,-0.08
2026-07-15 11:30:11,50,0.260,0.300,0.340,-0.48,-0.75,-0.09
2026-07-15 11:35:30,50,0.240,0.280,0.300,-0.49,-0.77,-0.11
2026-07-15 11:40:49,50,0.280,0.300,0.340,-0.35,-0.62,+0.04
2026-07-15 11:46:07,50,0.260,0.300,0.380,-0.33,-0.61,+0.05
2026-07-15 11:51:25,50,0.320,0.300,0.340,-0.34,-0.62,+0.04
2026-07-15 11:56:42,50,0.340,0.320,0.340,-0.24,-0.52,+0.16
2026-07-15 12:02:00,49,0.347,0.306,0.347,-0.23,-0.52,-0.19
2026-07-15 12:07:17,49,0.388,0.327,0.367,-0.12,-0.42,-0.12
2026-07-15 12:12:34,49,0.469,0.327,0.388,-0.03,-0.39,-0.01
2026-07-15 12:17:52,49,0.449,0.327,0.408,-0.14,-0.51,-0.13
2026-07-15 12:23:09,49,0.449,0.347,0.408,-0.08,-0.44,-0.07
2026-07-15 12:28:27,49,0.408,0.306,0.388,-0.15,-0.52,-0.14
2026-07-15 12:33:44,49,0.429,0.367,0.408,+0.02,-0.35,+0.04
2026-07-15 12:39:02,49,0.449,0.347,0.429,-0.01,-0.39,-0.01
2026-07-15 12:44:20,49,0.408,0.347,0.408,-0.16,-0.56,-0.18
2026-07-15 12:49:37,49,0.469,0.347,0.449,-0.02,-0.42,-0.04
2026-07-15 12:54:55,49,0.571,0.408,0.490,+0.01,-0.40,-0.02
2026-07-15 13:00:12,49,0.551,0.408,0.449,-0.18,-0.28,-0.14
2026-07-15 13:05:30,49,0.531,0.429,0.469,+0.09,-0.13,-0.04
2026-07-15 13:10:48,49,0.551,0.449,0.469,-0.02,-0.34,-0.23
2026-07-15 13:16:05,49,0.571,0.408,0.510,-0.06,-0.37,-0.24
2026-07-15 13:21:22,49,0.531,0.388,0.429,-0.27,-0.62,-0.50
2026-07-15 13:26:40,49,0.551,0.429,0.429,-0.32,-0.64,-0.52
2026-07-15 13:31:57,49,0.429,0.347,0.367,-0.28,-0.61,-0.48
2026-07-15 13:37:14,49,0.490,0.429,0.429,-0.17,-0.50,-0.37
2026-07-15 13:42:32,49,0.510,0.367,0.429,-0.16,-0.48,-0.36
2026-07-15 13:47:49,49,0.490,0.367,0.408,-0.11,-0.45,-0.33
2026-07-15 13:53:06,49,0.551,0.449,0.408,-0.08,-0.42,-0.30
2026-07-15 13:58:23,49,0.551,0.367,0.449,-0.10,-0.43,-0.32
2026-07-15 14:03:41,49,0.388,0.429,0.408,-0.04,-0.24,-0.64
2026-07-15 14:08:58,49,0.245,0.429,0.388,-0.23,-0.38,-0.80
2026-07-15 14:14:15,49,0.204,0.429,0.388,-0.33,-0.42,-1.00
2026-07-15 14:19:33,49,0.265,0.388,0.367,-0.23,-0.31,-0.88
2026-07-15 14:24:50,49,0.245,0.408,0.347,-0.32,-0.42,-0.97
2026-07-15 14:30:08,49,0.265,0.388,0.347,-0.31,-0.40,-0.96
2026-07-15 14:35:25,49,0.306,0.408,0.347,-0.18,-0.27,-0.84
2026-07-15 14:40:43,48,0.375,0.500,0.375,-0.06,-0.15,-0.74
2026-07-15 14:46:00,48,0.312,0.500,0.333,-0.09,-0.19,-0.79
2026-07-15 14:51:17,48,0.375,0.458,0.312,+0.10,+0.01,-0.59
2026-07-15 14:56:34,48,0.333,0.521,0.417,+0.02,-0.07,-0.67
2026-07-15 15:01:51,48,0.521,0.583,0.417,-0.06,-0.18,-0.67
2026-07-15 15:07:08,48,0.562,0.542,0.417,-0.18,-0.38,-0.89
2026-07-15 15:12:25,49,0.510,0.510,0.388,-0.18,-0.38,-0.88
2026-07-15 15:17:43,49,0.531,0.551,0.408,+0.05,-0.16,-0.66
2026-07-15 15:23:00,49,0.531,0.531,0.429,+0.08,-0.14,-0.63
2026-07-15 15:28:18,49,0.531,0.571,0.408,+0.07,-0.14,-0.64
2026-07-15 15:33:35,49,0.551,0.551,0.469,+0.24,+0.03,-0.47
2026-07-15 15:38:52,49,0.551,0.490,0.429,+0.22,+0.01,-0.49
2026-07-15 15:44:10,49,0.510,0.490,0.429,-0.22,-0.42,-0.91
2026-07-15 15:49:28,49,0.490,0.490,0.429,-0.21,-0.42,-0.90
2026-07-15 15:54:45,49,0.510,0.510,0.429,-0.17,-0.38,-0.87
2026-07-15 16:00:02,49,0.429,0.510,0.408,-0.28,-0.49,-0.98
2026-07-15 16:05:20,49,0.286,0.347,0.408,-0.50,-0.47,-0.87
2026-07-15 16:10:37,49,0.347,0.408,0.429,-1.28,-1.26,-1.55
2026-07-15 16:15:55,49,0.327,0.367,0.408,-1.36,-1.34,-1.63
2026-07-15 16:21:12,49,0.327,0.367,0.449,-1.32,-1.30,-1.58
2026-07-15 16:26:29,49,0.286,0.306,0.367,-1.27,-1.24,-1.52
2026-07-15 16:31:47,49,0.245,0.245,0.347,-1.25,-1.23,-1.51
2026-07-15 16:37:04,49,0.286,0.327,0.367,-1.28,-1.26,-1.53
2026-07-15 16:42:22,49,0.306,0.265,0.306,-1.39,-1.37,-1.63
2026-07-15 16:47:39,49,0.306,0.265,0.388,-1.18,-1.18,-1.41
2026-07-15 16:52:57,49,0.286,0.306,0.347,-1.21,-1.21,-1.46
2026-07-15 16:58:15,49,0.265,0.286,0.347,-1.24,-1.22,-1.48
2026-07-15 17:03:33,49,0.204,0.306,0.408,-1.04,-1.40,-1.54
2026-07-15 17:08:50,49,0.327,0.388,0.408,-0.84,-1.20,-1.33
2026-07-15 17:14:07,49,0.286,0.388,0.429,-0.69,-1.04,-1.17
2026-07-15 17:19:25,49,0.306,0.408,0.429,-0.62,-0.95,-1.14
2026-07-15 17:24:42,49,0.327,0.347,0.388,-0.73,-1.08,-1.27
2026-07-15 17:30:00,50,0.340,0.380,0.460,-0.64,-1.06,-1.21
2026-07-15 17:35:18,50,0.280,0.320,0.400,-0.78,-1.20,-1.35
2026-07-15 17:40:36,50,0.360,0.400,0.480,-0.60,-1.02,-1.18
2026-07-15 17:45:54,50,0.340,0.420,0.460,-0.73,-1.15,-1.31
2026-07-15 17:51:11,49,0.388,0.408,0.510,-0.85,-1.25,-1.39
2026-07-15 17:56:29,49,0.429,0.449,0.510,-0.84,-1.25,-1.40
2026-07-15 18:01:46,48,0.521,0.333,0.500,+0.14,-1.41,-1.49
2026-07-15 18:07:03,48,0.562,0.375,0.562,-0.03,-1.26,-1.41
2026-07-15 18:12:20,48,0.583,0.375,0.562,-0.11,-1.31,-1.46
2026-07-15 18:17:37,48,0.521,0.417,0.562,-0.02,-1.18,-1.26
2026-07-15 18:22:55,49,0.612,0.531,0.571,+0.26,-1.00,-1.06
2026-07-15 18:28:12,49,0.612,0.510,0.571,+0.32,-0.95,-1.01
2026-07-15 18:33:29,49,0.633,0.531,0.592,+0.22,-1.04,-1.11
2026-07-15 18:38:47,49,0.653,0.429,0.551,+0.24,-1.02,-1.08
2026-07-15 18:44:04,49,0.592,0.408,0.571,+0.25,-1.00,-1.05
2026-07-15 18:49:22,49,0.571,0.408,0.531,+0.05,-1.19,-1.25
2026-07-15 18:54:39,49,0.510,0.367,0.531,-0.04,-1.26,-1.32
2026-07-15 18:59:57,49,0.510,0.388,0.510,-0.03,-1.27,-1.32
2026-07-15 19:05:14,49,0.510,0.490,0.429,+0.03,-0.71,-1.15
2026-07-15 19:10:32,49,0.551,0.551,0.449,-0.01,-0.70,-1.17
2026-07-15 19:15:49,49,0.531,0.449,0.429,-0.17,-0.87,-1.33
2026-07-15 19:21:07,49,0.551,0.408,0.429,-0.14,-0.85,-1.30
2026-07-15 19:26:24,49,0.449,0.429,0.469,-0.10,-0.81,-1.27
2026-07-15 19:31:42,49,0.429,0.429,0.429,-0.20,-0.90,-1.36
2026-07-15 19:36:59,49,0.469,0.449,0.408,-0.25,-0.96,-1.42
2026-07-15 19:42:17,49,0.490,0.469,0.408,-0.28,-0.99,-1.46
2026-07-15 19:47:34,49,0.408,0.449,0.408,-0.38,-1.09,-1.55
2026-07-15 19:52:51,49,0.449,0.469,0.408,-0.25,-0.96,-1.43
2026-07-15 19:58:09,49,0.510,0.449,0.408,-0.36,-1.07,-1.54
2026-07-15 20:03:26,49,0.469,0.551,0.531,-0.12,-0.03,-1.31
2026-07-15 20:08:43,49,0.490,0.571,0.571,-0.01,+0.03,-1.23
2026-07-15 20:14:01,49,0.510,0.592,0.612,-0.03,-0.04,-1.19
2026-07-15 20:19:19,49,0.490,0.571,0.571,-0.03,-0.07,-1.24
2026-07-15 20:24:36,49,0.449,0.531,0.551,-0.22,-0.25,-1.42
2026-07-15 20:29:54,49,0.469,0.490,0.510,-0.12,-0.15,-1.32
2026-07-15 20:35:11,48,0.375,0.521,0.479,-0.23,-0.26,-1.44
2026-07-15 20:40:28,47,0.511,0.574,0.574,-0.15,-0.17,-1.39
2026-07-15 20:45:44,47,0.468,0.553,0.553,-0.12,-0.14,-1.36
2026-07-15 20:51:01,47,0.447,0.532,0.574,-0.19,-0.22,-1.44
2026-07-15 20:56:18,47,0.489,0.511,0.553,-0.19,-0.22,-1.44
2026-07-15 21:01:35,47,0.532,0.511,0.468,+0.14,-0.13,-1.49
2026-07-15 21:06:52,47,0.362,0.468,0.426,-0.04,-0.28,-1.64
2026-07-15 21:12:09,47,0.319,0.362,0.404,-0.15,-0.44,-1.83
2026-07-15 21:17:26,47,0.404,0.404,0.383,+0.03,-0.26,-1.66
2026-07-15 21:22:43,47,0.404,0.426,0.426,+0.01,-0.28,-1.67
2026-07-15 21:27:59,46,0.500,0.391,0.391,+0.17,-0.15,-1.54
2026-07-15 21:33:15,46,0.587,0.543,0.522,+0.32,-0.01,-1.40
2026-07-15 21:38:32,47,0.617,0.532,0.511,+0.34,+0.04,-1.34
2026-07-15 21:43:49,47,0.638,0.532,0.553,+0.44,+0.15,-1.24
2026-07-15 21:49:05,46,0.565,0.587,0.565,+0.44,+0.16,-1.26
2026-07-15 21:54:22,46,0.717,0.609,0.609,+0.92,+0.64,-0.79
2026-07-15 21:59:38,45,0.711,0.578,0.622,+0.87,+0.59,-0.87
2026-07-15 22:04:55,46,0.804,0.717,0.652,+0.98,+0.83,-0.02
2026-07-15 22:10:11,46,0.804,0.674,0.652,+0.93,+0.78,-0.09
2026-07-15 22:15:28,46,0.739,0.652,0.652,+0.81,+0.68,-0.18
2026-07-15 22:20:44,46,0.761,0.674,0.652,+0.91,+0.76,-0.10
2026-07-15 22:26:00,45,0.733,0.689,0.622,+0.72,+0.55,-0.34
2026-07-15 22:31:16,45,0.733,0.711,0.600,+0.73,+0.56,-0.32
2026-07-15 22:36:33,45,0.711,0.667,0.600,+0.75,+0.59,-0.30
2026-07-15 22:41:49,45,0.711,0.667,0.600,+0.72,+0.55,-0.32
2026-07-15 22:47:05,45,0.689,0.711,0.600,+0.50,+0.33,-0.55
2026-07-15 22:52:21,46,0.652,0.630,0.522,+0.43,+0.30,-0.56
2026-07-15 22:57:38,46,0.652,0.652,0.587,+0.58,+0.45,-0.41
2026-07-15 23:02:54,46,0.435,0.717,0.674,+0.08,+1.07,+0.89
2026-07-15 23:08:11,46,0.370,0.630,0.630,-0.10,+0.87,+0.62
2026-07-15 23:13:27,46,0.304,0.717,0.630,-0.15,+0.86,+0.56
2026-07-15 23:18:43,46,0.304,0.674,0.609,-0.19,+0.82,+0.52
2026-07-15 23:24:00,46,0.304,0.652,0.587,-0.37,+0.65,+0.34
2026-07-15 23:29:16,46,0.196,0.630,0.587,-0.45,+0.56,+0.26
2026-07-15 23:34:33,46,0.283,0.630,0.609,-0.30,+0.71,+0.40
2026-07-15 23:39:49,46,0.304,0.652,0.609,-0.36,+0.65,+0.35
2026-07-15 23:45:04,46,0.304,0.609,0.652,-0.45,+0.55,+0.26
2026-07-15 23:50:20,46,0.304,0.630,0.609,-0.32,+0.69,+0.39
2026-07-15 23:55:37,46,0.326,0.630,0.609,-0.21,+0.80,+0.49
2026-07-16 00:00:53,46,0.391,0.630,0.630,-0.24,+0.71,+0.53
2026-07-16 00:06:10,46,0.326,0.652,0.587,-0.34,+0.50,+0.33
2026-07-16 00:11:27,47,0.404,0.638,0.638,+0.22,+1.05,+0.88
2026-07-16 00:16:43,47,0.298,0.617,0.596,+0.06,+0.89,+0.72
2026-07-16 00:22:00,47,0.277,0.532,0.574,-0.11,+0.72,+0.59
2026-07-16 00:27:16,47,0.298,0.511,0.574,-0.12,+0.70,+0.55
2026-07-16 05:43:21,48,0.542,0.438,0.271,+0.58,+0.31,-0.37
2026-07-16 05:48:41,48,0.500,0.417,0.271,+0.57,+0.30,-0.38
2026-07-16 05:54:00,48,0.479,0.417,0.271,+0.54,+0.27,-0.41
2026-07-16 05:59:20,48,0.521,0.479,0.271,+0.69,+0.43,-0.26
2026-07-16 06:04:39,48,0.625,0.396,0.292,+0.71,+0.20,-0.04
2026-07-16 06:09:58,48,0.604,0.333,0.292,+0.70,+0.04,-0.02
2026-07-16 06:15:17,48,0.500,0.333,0.271,+0.53,-0.11,-0.21
2026-07-16 06:20:37,48,0.521,0.333,0.250,+0.46,-0.18,-0.29
2026-07-16 06:25:57,48,0.562,0.333,0.271,+0.47,-0.17,-0.27
2026-07-16 06:31:16,48,0.562,0.312,0.271,+0.49,-0.16,-0.27
2026-07-16 06:36:36,48,0.521,0.375,0.250,+0.51,-0.16,-0.24
2026-07-16 06:41:56,48,0.583,0.375,0.271,+0.54,-0.13,-0.21
2026-07-16 06:47:15,48,0.604,0.396,0.250,+0.64,-0.04,-0.11
2026-07-16 06:52:35,48,0.562,0.396,0.292,+0.49,-0.19,-0.26
2026-07-16 06:57:54,48,0.625,0.375,0.292,+0.59,-0.10,-0.18
2026-07-16 07:03:14,48,0.438,0.521,0.312,-0.15,+0.40,-0.28
2026-07-16 07:08:33,48,0.417,0.479,0.312,-0.10,+0.48,-0.18
2026-07-16 07:13:53,48,0.479,0.500,0.396,-0.15,+0.48,-0.18
2026-07-16 07:19:12,47,0.574,0.574,0.383,+0.11,+0.81,-0.02
2026-07-16 07:24:31,47,0.532,0.574,0.383,+0.14,+0.85,+0.02
2026-07-16 07:29:50,48,0.542,0.583,0.396,+0.96,+1.63,+0.81
2026-07-16 07:35:10,48,0.562,0.583,0.438,+0.89,+1.56,+0.74
2026-07-16 07:40:30,48,0.562,0.542,0.396,+0.79,+1.48,+0.66
2026-07-16 07:45:50,48,0.542,0.562,0.375,+0.70,+1.39,+0.57
2026-07-16 07:51:09,48,0.542,0.521,0.354,+0.62,+1.30,+0.48
2026-07-16 07:56:29,48,0.521,0.458,0.354,+0.67,+1.37,+0.55
2026-07-16 08:01:49,48,0.562,0.583,0.375,+0.26,+1.36,+0.96
2026-07-16 08:07:08,48,0.604,0.604,0.500,+0.53,+1.50,+1.21
2026-07-16 08:12:27,48,0.542,0.646,0.521,+0.57,+1.57,+1.24
2026-07-16 08:17:46,47,0.553,0.660,0.553,+0.56,+1.60,+1.27
2026-07-16 08:23:06,47,0.532,0.617,0.532,+0.57,+1.60,+1.27
2026-07-16 08:28:25,47,0.532,0.617,0.489,+0.53,+1.56,+1.23
2026-07-16 08:33:44,47,0.553,0.574,0.511,+0.51,+1.53,+1.20
2026-07-16 08:39:02,47,0.532,0.574,0.468,+0.66,+1.70,+1.36
2026-07-16 08:44:20,47,0.426,0.553,0.468,+0.60,+1.64,+1.30
2026-07-16 08:49:39,47,0.383,0.532,0.489,+0.44,+1.49,+1.15
2026-07-16 08:55:00,47,0.383,0.511,0.511,+0.64,+1.67,+1.33
2026-07-16 09:00:19,47,0.340,0.511,0.447,+0.15,+1.12,+1.11
2026-07-16 09:05:38,47,0.404,0.489,0.383,+0.10,+0.75,+0.83
2026-07-16 09:10:57,47,0.447,0.489,0.404,+0.17,+0.84,+0.91
2026-07-16 09:16:16,47,0.489,0.553,0.426,+0.41,+1.07,+1.13
2026-07-16 09:21:36,47,0.447,0.447,0.383,+0.36,+1.05,+1.11
2026-07-16 09:26:55,47,0.404,0.383,0.404,+0.21,+0.87,+0.94
2026-07-16 09:32:15,47,0.319,0.426,0.362,+0.18,+0.84,+0.90
2026-07-16 09:37:34,48,0.354,0.417,0.354,+0.13,+0.80,+0.86
2026-07-16 09:42:54,48,0.271,0.417,0.333,+0.01,+0.69,+0.75
2026-07-16 09:48:13,48,0.271,0.375,0.354,-0.07,+0.60,+0.66
2026-07-16 09:53:34,48,0.271,0.375,0.333,+0.07,+0.74,+0.80
2026-07-16 09:58:54,48,0.354,0.417,0.333,+0.13,+0.80,+0.86
2026-07-16 10:04:14,48,0.292,0.333,0.396,-0.24,+0.35,+1.37
2026-07-16 10:09:34,49,0.265,0.327,0.449,-0.29,+0.26,+1.27
2026-07-16 10:14:53,48,0.229,0.271,0.458,-0.38,+0.20,+1.29
2026-07-16 10:20:12,48,0.229,0.250,0.438,-0.56,+0.01,+1.11
2026-07-16 10:25:33,48,0.250,0.229,0.396,-0.54,+0.03,+1.11
2026-07-16 10:30:52,48,0.271,0.229,0.417,-0.60,-0.04,+1.04
2026-07-16 10:36:13,48,0.271,0.271,0.438,-0.53,+0.04,+1.13
2026-07-16 10:41:33,48,0.333,0.292,0.438,-0.28,+0.30,+1.38
2026-07-16 10:46:53,48,0.312,0.292,0.458,-0.28,+0.29,+1.38
2026-07-16 10:52:13,48,0.396,0.333,0.521,-0.12,+0.45,+1.53
2026-07-16 10:57:32,47,0.362,0.404,0.532,-0.11,+0.50,+1.63
2026-07-16 11:02:50,46,0.457,0.370,0.543,+0.02,+0.18,+1.49
2026-07-16 11:08:09,46,0.435,0.239,0.478,-0.24,-0.11,+1.23
2026-07-16 11:13:28,46,0.370,0.196,0.435,-0.45,-0.35,+1.02
2026-07-16 11:18:47,46,0.370,0.174,0.457,-0.59,-0.50,+0.86
2026-07-16 11:24:05,46,0.326,0.217,0.522,-0.56,-0.47,+0.90
2026-07-16 11:29:25,46,0.391,0.217,0.522,-0.47,-0.38,+0.99
2026-07-16 11:34:43,46,0.391,0.261,0.500,-0.34,-0.25,+1.11
2026-07-16 11:40:02,46,0.435,0.283,0.565,-0.48,-0.39,+0.96
2026-07-16 11:45:21,46,0.435,0.261,0.522,-0.44,-0.36,+1.01
2026-07-16 11:50:40,46,0.435,0.304,0.543,-0.35,-0.25,+1.12
2026-07-16 11:55:58,46,0.478,0.391,0.522,-0.31,-0.22,+1.17
2026-07-16 12:01:17,46,0.348,0.435,0.522,-0.03,-0.27,+0.70
2026-07-16 12:06:37,46,0.435,0.478,0.522,+0.01,-0.25,+0.92
2026-07-16 12:11:56,46,0.370,0.435,0.435,+0.18,-0.01,+1.12
2026-07-16 12:17:15,46,0.370,0.391,0.478,+0.07,-0.10,+0.98
2026-07-16 12:22:34,47,0.255,0.383,0.404,+0.04,-0.11,+0.98
2026-07-16 12:27:53,46,0.261,0.370,0.348,-0.00,-0.17,+0.93
2026-07-16 12:33:12,46,0.217,0.348,0.391,-0.01,-0.18,+0.91
2026-07-16 12:38:31,47,0.277,0.340,0.340,+0.18,-0.00,+1.20
2026-07-16 12:43:50,47,0.319,0.362,0.362,+0.30,+0.11,+1.33
2026-07-16 12:49:09,47,0.255,0.362,0.340,+0.20,+0.00,+1.22
2026-07-16 12:54:28,47,0.277,0.340,0.298,+0.02,-0.16,+1.05
2026-07-16 12:59:47,47,0.298,0.362,0.319,+0.16,-0.02,+1.21
2026-07-16 13:05:06,46,0.217,0.370,0.304,+0.41,+0.27,+0.77
2026-07-16 13:10:25,46,0.174,0.326,0.283,+0.20,+0.06,+0.56
2026-07-16 13:15:44,47,0.277,0.404,0.340,+0.56,+0.45,+0.96
2026-07-16 13:21:03,48,0.208,0.354,0.292,+0.56,+0.47,+0.98
2026-07-16 13:26:22,48,0.208,0.292,0.250,+0.01,-0.10,+0.40
2026-07-16 13:31:43,48,0.188,0.333,0.292,-0.00,-0.11,+0.39
2026-07-16 13:37:03,48,0.188,0.375,0.292,-0.58,-0.69,-0.22
2026-07-16 13:42:22,48,0.208,0.375,0.292,-0.41,-0.53,-0.05
2026-07-16 13:47:42,48,0.229,0.396,0.333,-0.24,-0.35,+0.13
2026-07-16 13:53:01,48,0.229,0.354,0.271,-0.41,-0.53,-0.05
2026-07-16 13:58:21,48,0.208,0.375,0.292,-0.50,-0.62,-0.15
2026-07-16 14:03:40,48,0.396,0.208,0.292,-0.79,-0.63,-0.39
2026-07-16 14:09:00,48,0.375,0.271,0.292,-0.75,-0.59,-0.35
2026-07-16 14:14:19,48,0.396,0.271,0.354,-0.56,-0.37,-0.14
2026-07-16 14:19:39,48,0.500,0.271,0.333,-0.49,-0.31,-0.08
2026-07-16 14:24:59,48,0.458,0.312,0.333,-0.39,-0.19,+0.04
2026-07-16 14:30:19,48,0.479,0.333,0.333,-0.39,-0.21,+0.02
2026-07-16 14:35:38,48,0.521,0.375,0.354,-0.29,-0.11,+0.12
2026-07-16 14:40:57,48,0.479,0.354,0.354,-0.41,-0.23,-0.01
2026-07-16 14:46:17,48,0.521,0.458,0.375,-0.16,+0.04,+0.27
2026-07-16 14:51:36,48,0.521,0.417,0.354,-0.15,+0.06,+0.28
2026-07-16 14:56:56,48,0.542,0.438,0.375,-0.13,+0.07,+0.29
2026-07-16 15:02:15,48,0.562,0.333,0.417,+0.50,+0.08,-0.13
2026-07-16 15:07:34,48,0.542,0.312,0.458,+0.56,+0.09,-0.22
2026-07-16 15:12:53,48,0.688,0.354,0.417,+0.75,+0.27,-0.05
2026-07-16 15:18:12,48,0.688,0.375,0.438,+0.81,+0.33,+0.03
2026-07-16 15:23:32,48,0.604,0.333,0.438,+0.62,+0.14,-0.17
2026-07-16 15:28:51,48,0.688,0.354,0.396,+0.84,+0.36,+0.06
2026-07-16 15:34:10,48,0.583,0.354,0.438,+0.69,+0.21,-0.09
2026-07-16 15:39:32,48,0.542,0.312,0.354,+0.50,+0.02,-0.27
2026-07-16 15:44:51,48,0.521,0.354,0.417,+0.56,+0.09,-0.21
2026-07-16 15:50:10,48,0.646,0.396,0.396,+0.61,+0.11,-0.16
2026-07-16 15:55:29,48,0.646,0.354,0.438,+0.55,+0.08,-0.22
2026-07-16 16:00:50,48,0.375,0.438,0.354,-0.30,-0.20,-0.38
2026-07-16 16:06:10,48,0.333,0.396,0.479,-0.54,-0.66,-0.41
2026-07-16 16:11:30,48,0.333,0.375,0.396,-0.58,-0.69,-0.44
2026-07-16 16:16:49,48,0.271,0.354,0.375,-0.61,-0.72,-0.46
2026-07-16 16:22:09,48,0.229,0.354,0.333,-0.84,-0.94,-0.71
2026-07-16 16:27:28,48,0.292,0.312,0.312,-0.78,-0.88,-0.67
2026-07-16 16:32:48,48,0.292,0.333,0.354,-0.82,-0.92,-0.70
2026-07-16 16:38:08,48,0.229,0.250,0.250,-1.02,-1.12,-0.89
2026-07-16 16:43:27,48,0.229,0.229,0.250,-1.14,-1.24,-1.01
2026-07-16 16:48:46,48,0.167,0.229,0.250,-1.27,-1.38,-1.14
2026-07-16 16:54:05,48,0.167,0.208,0.229,-1.39,-1.49,-1.27
2026-07-16 16:59:25,49,0.204,0.245,0.286,-0.93,-1.04,-0.82
2026-07-16 17:04:44,49,0.122,0.265,0.184,-0.91,-0.58,-1.16
2026-07-16 17:10:03,48,0.146,0.312,0.208,-0.97,-0.62,-1.21
2026-07-16 17:15:24,49,0.163,0.265,0.184,-1.40,-1.05,-1.66
2026-07-16 17:20:43,48,0.167,0.292,0.208,-1.46,-1.13,-1.71
2026-07-16 17:26:03,49,0.122,0.245,0.184,-1.43,-1.08,-1.70
2026-07-16 17:31:23,49,0.163,0.245,0.224,-1.21,-0.85,-1.46
2026-07-16 17:36:44,49,0.265,0.306,0.245,-1.00,-0.64,-1.22
2026-07-16 17:42:03,49,0.265,0.306,0.245,-0.95,-0.59,-1.18
2026-07-16 17:47:23,49,0.204,0.286,0.286,-1.10,-0.74,-1.33
2026-07-16 17:48:25,49,0.204,0.306,0.286,-1.12,-0.75,-1.35
2026-07-16 17:53:41,48,0.208,0.271,0.250,-1.41,-1.06,-1.71
2026-07-16 17:58:59,49,0.204,0.286,0.265,-1.33,-0.97,-1.57
2026-07-16 18:04:16,48,0.312,0.167,0.146,-1.02,-1.90,-1.70
2026-07-16 18:09:33,48,0.292,0.125,0.125,-1.30,-2.17,-1.98
2026-07-16 18:14:50,48,0.250,0.125,0.104,-1.27,-2.15,-1.97
2026-07-16 18:20:07,48,0.188,0.104,0.125,-1.46,-2.34,-2.14
2026-07-16 18:25:24,48,0.188,0.104,0.125,-1.63,-2.51,-2.32
2026-07-16 18:30:41,49,0.204,0.082,0.102,-1.65,-2.56,-2.31
2026-07-16 18:35:59,49,0.265,0.122,0.102,-1.59,-2.51,-2.25
2026-07-16 18:41:16,49,0.204,0.143,0.143,-1.69,-2.60,-2.34
2026-07-16 18:46:34,49,0.224,0.143,0.163,-1.67,-2.58,-2.33
2026-07-16 18:51:52,49,0.224,0.102,0.163,-1.69,-2.60,-2.35
2026-07-16 18:57:09,48,0.271,0.146,0.167,-1.67,-2.57,-2.30
2026-07-16 19:02:26,48,0.208,0.125,0.188,-1.11,-2.15,-2.62
2026-07-16 19:07:43,48,0.229,0.208,0.208,-1.03,-2.20,-2.50
2026-07-16 19:13:01,49,0.306,0.184,0.204,-1.10,-2.59,-2.91
2026-07-16 19:18:18,49,0.286,0.184,0.204,-1.38,-2.87,-3.19
2026-07-16 19:23:36,49,0.245,0.204,0.224,-1.38,-2.87,-3.18
2026-07-16 19:28:53,49,0.224,0.204,0.204,-1.38,-2.86,-3.18
2026-07-16 19:34:10,49,0.286,0.204,0.204,-1.25,-2.73,-3.04
2026-07-16 19:39:28,49,0.306,0.163,0.204,-1.15,-2.65,-2.97
2026-07-16 19:44:45,49,0.306,0.163,0.204,-1.25,-2.73,-3.05
2026-07-16 19:50:02,49,0.327,0.184,0.184,-1.26,-2.75,-3.07
2026-07-16 19:55:19,49,0.306,0.204,0.184,-1.16,-2.66,-2.98
2026-07-16 20:00:37,49,0.429,0.224,0.245,-0.68,-2.42,-2.62
2026-07-16 20:05:55,50,0.460,0.220,0.240,-0.18,-2.21,-2.34
2026-07-16 20:11:12,50,0.400,0.200,0.200,-0.28,-2.34,-2.49
2026-07-16 20:16:30,50,0.420,0.240,0.240,-0.22,-2.22,-2.42
2026-07-16 20:21:48,50,0.440,0.260,0.220,-0.16,-2.16,-2.35
2026-07-16 20:27:05,50,0.440,0.280,0.240,-0.17,-2.17,-2.37
2026-07-16 20:32:23,50,0.440,0.300,0.240,-0.14,-2.14,-2.33
2026-07-16 20:37:41,50,0.440,0.240,0.260,-0.12,-2.13,-2.32
2026-07-16 20:42:59,50,0.480,0.280,0.240,-0.23,-2.23,-2.43
2026-07-16 20:48:16,50,0.500,0.300,0.220,-0.19,-2.19,-2.39
2026-07-16 20:53:34,51,0.490,0.314,0.275,-0.14,-2.08,-2.19
2026-07-16 20:58:52,51,0.569,0.314,0.294,-0.07,-2.03,-2.14
2026-07-16 21:04:10,50,0.480,0.300,0.260,-0.11,-1.34,-2.66
2026-07-16 21:09:28,50,0.420,0.360,0.240,-0.11,-1.30,-2.84
2026-07-16 21:14:46,50,0.380,0.320,0.220,-0.17,-1.36,-2.90
2026-07-16 21:20:04,50,0.400,0.340,0.220,-0.00,-1.20,-2.78
2026-07-16 21:25:21,49,0.449,0.347,0.204,-0.08,-1.22,-2.76
2026-07-16 21:30:39,49,0.510,0.347,0.204,-0.21,-1.34,-2.87
2026-07-16 21:35:56,49,0.469,0.367,0.224,-0.19,-1.31,-2.83
2026-07-16 21:41:14,49,0.286,0.286,0.224,-0.51,-1.64,-3.17
2026-07-16 21:46:32,48,0.271,0.292,0.229,-0.60,-1.75,-3.29
2026-07-16 21:51:50,48,0.292,0.292,0.229,-0.46,-1.62,-3.15
2026-07-16 21:57:07,48,0.333,0.292,0.250,-0.51,-1.67,-3.21
2026-07-16 22:02:24,48,0.333,0.396,0.271,-0.46,-0.81,-3.05
2026-07-16 22:07:42,48,0.312,0.417,0.271,-0.42,-0.49,-2.94
2026-07-16 22:13:00,48,0.292,0.417,0.271,-0.49,-0.56,-3.00
2026-07-16 22:18:17,48,0.333,0.458,0.271,-0.43,-0.50,-2.95
2026-07-16 22:23:35,48,0.417,0.521,0.250,-0.36,-0.42,-2.89
2026-07-16 22:28:53,48,0.458,0.500,0.250,-0.19,-0.28,-2.75
2026-07-16 22:34:10,48,0.479,0.542,0.250,-0.13,-0.22,-2.69
2026-07-16 22:39:27,48,0.542,0.625,0.292,+0.04,-0.05,-2.49
2026-07-16 22:44:45,48,0.417,0.500,0.292,-0.11,-0.21,-2.64
2026-07-16 22:50:02,48,0.417,0.562,0.271,-0.12,-0.20,-2.64
2026-07-16 22:55:20,48,0.500,0.542,0.271,-0.10,-0.18,-2.63
2026-07-16 23:00:37,47,0.596,0.574,0.426,+0.40,-0.01,-1.96
2026-07-16 23:05:55,49,0.673,0.531,0.469,+0.54,+0.07,-1.86
2026-07-16 23:11:12,49,0.673,0.592,0.490,+0.69,+0.19,-1.68
2026-07-16 23:16:30,48,0.667,0.562,0.479,+0.78,+0.28,-1.60
2026-07-16 23:21:47,48,0.688,0.500,0.438,+0.77,+0.27,-1.61
2026-07-16 23:27:04,47,0.596,0.511,0.447,+0.57,+0.09,-1.83
2026-07-16 23:32:23,47,0.596,0.596,0.468,+0.70,+0.22,-1.70
2026-07-16 23:37:40,47,0.617,0.532,0.468,+0.59,+0.11,-1.80
2026-07-16 23:42:57,47,0.574,0.532,0.447,+0.48,+0.01,-1.91
2026-07-16 23:48:14,47,0.574,0.553,0.447,+0.51,+0.03,-1.88
2026-07-16 23:53:31,47,0.617,0.596,0.468,+0.58,+0.10,-1.82
2026-07-16 23:58:47,47,0.681,0.596,0.447,+0.55,+0.06,-1.86
2026-07-17 00:04:05,47,0.277,0.404,0.468,-0.28,-0.24,-1.36
2026-07-17 00:09:22,47,0.191,0.340,0.404,-0.40,-0.42,-1.53
2026-07-17 00:14:39,47,0.191,0.298,0.362,-0.81,-0.82,-1.90
2026-07-17 00:19:56,48,0.229,0.333,0.396,-0.41,-0.43,-1.47
2026-07-17 00:25:13,48,0.271,0.438,0.438,-0.12,-0.15,-1.16
2026-07-17 00:30:31,48,0.396,0.458,0.479,-0.04,-0.06,-1.08
2026-07-17 00:35:48,48,0.417,0.479,0.458,+0.02,-0.00,-1.04
2026-07-17 00:41:06,48,0.417,0.500,0.479,-0.08,-0.10,-1.14
2026-07-17 00:46:24,48,0.333,0.479,0.438,-0.35,-0.36,-1.40
2026-07-17 00:51:41,48,0.333,0.458,0.396,-0.37,-0.39,-1.43
2026-07-17 00:56:58,47,0.340,0.426,0.404,-0.49,-0.50,-1.49
2026-07-17 01:02:15,47,0.277,0.489,0.426,-0.50,-0.15,-0.77
2026-07-17 01:07:32,47,0.340,0.468,0.489,-0.45,-0.01,-0.46
2026-07-17 01:12:49,47,0.255,0.447,0.447,-0.59,-0.15,-0.61
2026-07-17 01:18:07,47,0.255,0.489,0.447,-0.56,-0.12,-0.58
2026-07-17 01:23:24,47,0.255,0.489,0.447,-0.65,-0.21,-0.67
2026-07-17 01:28:40,47,0.255,0.468,0.447,-0.74,-0.29,-0.76
2026-07-17 01:33:57,47,0.340,0.468,0.447,-0.56,-0.11,-0.57
2026-07-17 01:39:15,47,0.277,0.489,0.468,-0.61,-0.17,-0.64
2026-07-17 01:44:32,47,0.277,0.447,0.404,-0.69,-0.26,-0.73
2026-07-17 01:49:48,47,0.234,0.489,0.426,-0.75,-0.31,-0.78
2026-07-17 01:55:05,47,0.234,0.447,0.426,-0.80,-0.36,-0.83
2026-07-17 02:00:22,47,0.319,0.362,0.468,-1.07,-0.64,-0.95
2026-07-17 02:05:39,47,0.255,0.234,0.383,-0.83,-1.04,-1.03
2026-07-17 02:10:56,46,0.239,0.217,0.326,-0.71,-1.02,-1.12
2026-07-17 02:16:12,46,0.217,0.196,0.348,-0.68,-1.02,-1.08
2026-07-17 02:21:29,46,0.152,0.217,0.326,-0.71,-1.07,-1.14
2026-07-17 02:26:45,46,0.196,0.239,0.391,-0.67,-1.11,-1.16
2026-07-17 02:32:02,46,0.196,0.261,0.304,-0.70,-1.16,-1.20
2026-07-17 02:37:19,46,0.283,0.304,0.348,-0.54,-0.99,-1.03
2026-07-17 02:42:35,45,0.267,0.267,0.356,-0.52,-0.95,-1.03
2026-07-17 02:47:52,45,0.200,0.244,0.311,-0.74,-1.16,-1.24
2026-07-17 02:53:08,45,0.178,0.244,0.289,-0.86,-1.29,-1.37
2026-07-17 02:58:24,45,0.200,0.200,0.311,-1.01,-1.45,-1.53
2026-07-17 03:03:40,45,0.356,0.222,0.333,-0.47,-1.26,-1.30
2026-07-17 03:08:57,45,0.400,0.222,0.311,-0.24,-1.16,-1.29
2026-07-17 03:14:13,45,0.422,0.267,0.333,-0.11,-1.00,-1.10
2026-07-17 03:19:29,45,0.400,0.289,0.356,-0.20,-1.08,-1.20
2026-07-17 03:24:46,45,0.533,0.267,0.378,+0.00,-0.86,-0.98
2026-07-17 03:30:02,45,0.511,0.289,0.356,+0.12,-0.75,-0.87
2026-07-17 03:35:18,46,0.391,0.239,0.370,-0.01,-0.87,-0.98
2026-07-17 03:40:35,46,0.370,0.239,0.370,-0.06,-0.90,-1.02
2026-07-17 03:45:51,46,0.413,0.217,0.370,+0.11,-0.73,-0.86
2026-07-17 03:51:08,46,0.370,0.261,0.370,-0.02,-0.86,-0.98
2026-07-17 03:56:25,47,0.383,0.255,0.362,+0.09,-0.66,-0.66
2026-07-17 04:01:42,47,0.404,0.255,0.404,+0.09,-0.76,-0.51
2026-07-17 04:06:59,47,0.404,0.255,0.426,+0.19,-0.49,-0.44
2026-07-17 04:12:16,47,0.362,0.234,0.426,+0.17,-0.51,-0.36
2026-07-17 04:17:33,47,0.319,0.277,0.468,+0.09,-0.62,-0.43
2026-07-17 04:22:51,48,0.354,0.250,0.458,+0.09,-0.63,-0.33
2026-07-17 04:28:09,48,0.312,0.250,0.458,+0.05,-0.67,-0.37
2026-07-17 04:33:26,48,0.375,0.250,0.500,+0.23,-0.49,-0.21
2026-07-17 04:38:43,48,0.500,0.271,0.521,+0.39,-0.34,-0.08
2026-07-17 04:44:00,48,0.521,0.271,0.500,+0.37,-0.36,-0.09
2026-07-17 04:49:18,48,0.479,0.292,0.479,+0.41,-0.32,-0.05
2026-07-17 04:54:36,48,0.438,0.292,0.458,+0.38,-0.35,-0.06
2026-07-17 04:59:53,47,0.468,0.255,0.447,+0.39,-0.42,+0.03
2026-07-17 05:05:10,47,0.362,0.319,0.340,+0.06,+0.02,-0.35
2026-07-17 05:10:27,47,0.383,0.319,0.298,+0.04,-0.03,-0.44
2026-07-17 05:15:46,47,0.319,0.319,0.277,-0.19,-0.25,-0.70
2026-07-17 05:21:03,47,0.426,0.298,0.277,-0.01,-0.06,-0.64
2026-07-17 05:26:20,47,0.447,0.319,0.277,+0.08,-0.05,-0.60
2026-07-17 05:31:37,47,0.340,0.340,0.277,+0.11,-0.01,-0.55
2026-07-17 05:36:54,47,0.404,0.383,0.277,+0.23,+0.11,-0.46
2026-07-17 05:42:11,48,0.458,0.375,0.292,+0.38,+0.62,+0.06
2026-07-17 05:47:28,48,0.438,0.333,0.292,+0.31,+0.56,-0.01
2026-07-17 05:52:45,47,0.383,0.340,0.298,+0.25,+0.50,-0.07
2026-07-17 05:58:02,47,0.468,0.362,0.298,+0.32,+0.54,-0.01
2026-07-17 06:03:19,47,0.468,0.468,0.319,+0.16,+0.78,+0.05
2026-07-17 06:08:37,47,0.468,0.489,0.340,+0.34,+1.03,+0.21
2026-07-17 06:13:53,47,0.489,0.511,0.362,+0.09,+0.79,-0.04
2026-07-17 06:19:10,46,0.543,0.522,0.348,+0.21,+0.92,+0.11
2026-07-17 06:24:27,46,0.609,0.522,0.326,+0.17,+0.88,+0.06
2026-07-17 06:29:43,46,0.543,0.457,0.304,+0.10,+0.79,-0.02
2026-07-17 06:35:00,46,0.565,0.457,0.304,+0.11,+0.78,-0.00
2026-07-17 06:40:17,46,0.543,0.478,0.326,+0.12,+0.83,+0.04
2026-07-17 06:45:33,46,0.500,0.478,0.326,+0.22,+0.90,+0.14
2026-07-17 06:50:51,46,0.500,0.522,0.326,+0.14,+0.84,+0.06
2026-07-17 06:56:08,46,0.457,0.413,0.348,+0.05,+0.75,-0.04
2026-07-17 07:01:24,46,0.652,0.478,0.304,+0.10,+0.39,-0.40
2026-07-17 07:06:41,46,0.652,0.609,0.370,+0.09,+0.35,+0.26
2026-07-17 07:11:58,46,0.652,0.565,0.370,+0.09,+0.39,+0.24
2026-07-17 07:17:14,46,0.587,0.565,0.348,-0.03,+0.26,+0.10
2026-07-17 07:22:31,46,0.522,0.522,0.326,-0.09,+0.23,+0.07
2026-07-17 07:27:48,46,0.435,0.391,0.326,-0.31,+0.03,-0.14
2026-07-17 07:33:04,46,0.435,0.348,0.283,-0.31,+0.02,-0.12
2026-07-17 07:38:21,46,0.391,0.435,0.304,-0.20,+0.14,+0.01
2026-07-17 07:43:37,46,0.304,0.348,0.283,-0.38,-0.04,-0.17
2026-07-17 07:48:54,46,0.304,0.348,0.283,-0.53,-0.19,-0.31
2026-07-17 07:54:11,46,0.283,0.283,0.261,-0.59,-0.25,-0.38
2026-07-17 07:59:27,46,0.304,0.304,0.261,-0.60,-0.27,-0.39
2026-07-17 08:04:44,46,0.261,0.261,0.261,-0.44,-0.38,-0.09
2026-07-17 08:10:01,46,0.261,0.304,0.261,-0.50,-0.48,-0.12
2026-07-17 08:15:17,46,0.304,0.326,0.283,-0.34,-0.31,+0.02
2026-07-17 08:20:33,46,0.261,0.261,0.261,-0.65,-0.66,-0.21
2026-07-17 08:25:50,47,0.213,0.255,0.277,-0.81,-0.82,-0.37
2026-07-17 08:31:07,47,0.298,0.319,0.298,-0.71,-0.71,-0.27
2026-07-17 08:36:24,47,0.298,0.277,0.319,-0.75,-0.75,-0.31
2026-07-17 08:41:41,47,0.277,0.319,0.319,-0.66,-0.66,-0.22
2026-07-17 08:46:57,47,0.340,0.298,0.340,-0.70,-0.69,-0.27
2026-07-17 08:52:15,47,0.404,0.298,0.340,-0.61,-0.60,-0.18
2026-07-17 08:57:31,47,0.340,0.340,0.319,-0.65,-0.64,-0.21
2026-07-17 09:02:48,47,0.319,0.340,0.362,-0.26,-0.92,-0.08
2026-07-17 09:08:06,47,0.277,0.277,0.298,-0.45,-1.11,-0.28
2026-07-17 09:13:22,47,0.340,0.277,0.298,-0.34,-1.03,-0.24
2026-07-17 09:18:39,47,0.426,0.319,0.319,-0.07,-0.76,+0.03
2026-07-17 09:23:55,48,0.375,0.354,0.312,-0.13,-0.85,-0.09
2026-07-17 09:29:13,49,0.388,0.327,0.306,-0.26,-0.96,-0.22
2026-07-17 09:34:30,49,0.286,0.306,0.306,-0.31,-1.01,-0.26
2026-07-17 09:39:48,49,0.265,0.347,0.306,-0.33,-1.03,-0.28
2026-07-17 09:45:05,49,0.306,0.327,0.327,-0.08,-0.77,-0.00
2026-07-17 09:50:23,49,0.347,0.306,0.306,-0.18,-0.88,-0.13
2026-07-17 09:55:40,49,0.429,0.327,0.286,-0.07,-0.76,-0.01
2026-07-17 10:00:57,49,0.592,0.367,0.306,+0.34,-0.24,-0.19
2026-07-17 10:06:15,49,0.592,0.347,0.388,+0.26,-0.41,-0.35
2026-07-17 10:11:32,49,0.551,0.327,0.347,+0.45,-0.22,-0.17
2026-07-17 10:16:51,50,0.600,0.360,0.380,+0.61,-0.08,+0.05
2026-07-17 10:22:08,50,0.480,0.240,0.300,+0.33,-0.35,-0.22
2026-07-17 10:27:26,50,0.460,0.280,0.280,+0.25,-0.43,-0.30
2026-07-17 10:32:44,50,0.500,0.280,0.260,+0.34,-0.34,-0.21
2026-07-17 10:38:01,50,0.460,0.260,0.240,+0.37,-0.32,-0.19
2026-07-17 10:43:19,50,0.420,0.280,0.240,+0.20,-0.49,-0.36
2026-07-17 10:48:37,50,0.360,0.220,0.260,+0.14,-0.55,-0.42
2026-07-17 10:53:54,50,0.300,0.200,0.240,-0.03,-0.72,-0.54
2026-07-17 10:59:12,50,0.300,0.200,0.280,-0.14,-0.84,-0.65
2026-07-17 11:04:29,50,0.300,0.300,0.240,-0.69,-0.34,-0.86
2026-07-17 11:09:47,50,0.240,0.240,0.180,-0.99,-0.64,-1.16
2026-07-17 11:15:04,49,0.204,0.204,0.143,-1.00,-0.63,-1.15
2026-07-17 11:20:22,50,0.260,0.280,0.160,-0.64,-0.25,-0.79
2026-07-17 11:25:40,50,0.220,0.200,0.160,-0.82,-0.43,-0.97
2026-07-17 11:30:57,50,0.200,0.160,0.220,-0.86,-0.47,-1.01
2026-07-17 11:36:15,50,0.180,0.220,0.200,-0.72,-0.33,-0.88
2026-07-17 11:41:33,49,0.204,0.265,0.163,-0.70,-0.28,-0.82
2026-07-17 11:46:51,50,0.180,0.260,0.200,-0.76,-0.40,-0.66
2026-07-17 11:52:08,50,0.200,0.260,0.200,-0.67,-0.31,-0.60
2026-07-17 11:57:26,50,0.200,0.260,0.200,-0.48,-0.12,-0.41
2026-07-17 12:02:44,50,0.280,0.280,0.240,+0.14,+0.27,-0.41
2026-07-17 12:08:02,50,0.480,0.300,0.260,+0.60,+0.53,-0.03
2026-07-17 12:13:20,50,0.420,0.320,0.260,+0.66,+0.66,+0.11
2026-07-17 12:18:37,50,0.420,0.300,0.260,+0.87,+0.87,+0.33
2026-07-17 12:23:55,50,0.460,0.320,0.300,+1.15,+1.15,+0.62
2026-07-17 12:29:13,50,0.520,0.340,0.280,+1.13,+1.12,+0.59
2026-07-17 12:34:30,50,0.480,0.320,0.300,+1.30,+1.29,+0.76
2026-07-17 12:39:48,50,0.480,0.320,0.280,+1.29,+1.29,+0.75
2026-07-17 12:45:06,50,0.440,0.320,0.280,+1.30,+1.31,+0.74
2026-07-17 12:50:23,50,0.400,0.320,0.240,+1.15,+1.16,+0.61
2026-07-17 12:55:42,50,0.500,0.360,0.240,+1.03,+1.05,+0.48
2026-07-17 13:01:00,50,0.520,0.300,0.260,+0.66,+0.85,+0.57
2026-07-17 13:06:18,50,0.600,0.260,0.260,+0.79,+0.62,+0.56
2026-07-17 13:11:36,50,0.540,0.280,0.280,+0.96,+0.84,+0.78
2026-07-17 13:16:55,50,0.520,0.280,0.260,+0.96,+0.83,+0.77
2026-07-17 13:22:13,50,0.400,0.240,0.260,+0.72,+0.59,+0.54
2026-07-17 13:27:31,51,0.471,0.216,0.235,+0.66,+0.42,+0.36
2026-07-17 13:32:49,50,0.480,0.220,0.260,+0.69,+0.47,+0.43
2026-07-17 13:38:06,50,0.500,0.260,0.260,+0.84,+0.53,+0.60
2026-07-17 13:43:24,50,0.580,0.280,0.280,+1.03,+0.87,+0.82
2026-07-17 13:48:42,50,0.620,0.260,0.260,+0.90,+0.75,+0.70
2026-07-17 13:53:59,50,0.660,0.280,0.260,+0.94,+0.76,+0.71
2026-07-17 13:59:17,50,0.580,0.300,0.260,+0.70,+0.52,+0.46
2026-07-17 14:04:35,50,0.400,0.380,0.240,-0.36,+0.45,+0.57
2026-07-17 14:09:53,50,0.340,0.380,0.240,-0.50,+0.54,+0.49
2026-07-17 14:15:10,50,0.340,0.440,0.240,-0.19,+0.92,+0.81
2026-07-17 14:20:28,50,0.340,0.420,0.260,-0.18,+0.92,+0.80
2026-07-17 14:25:46,50,0.300,0.380,0.240,-0.13,+1.01,+0.91
2026-07-17 14:31:04,50,0.300,0.320,0.260,-0.12,+1.10,+0.91
2026-07-17 14:36:22,50,0.300,0.280,0.240,-0.39,+0.77,+0.62
2026-07-17 14:41:40,50,0.340,0.300,0.280,-0.16,+0.95,+0.79
2026-07-17 14:46:58,51,0.275,0.255,0.216,-0.40,+0.68,+0.50
2026-07-17 14:52:16,50,0.300,0.260,0.200,-0.55,+0.62,+0.43
2026-07-17 14:57:34,51,0.294,0.275,0.216,-0.36,+0.83,+0.62
2026-07-17 15:02:53,51,0.294,0.373,0.235,-0.33,+0.40,+0.61
2026-07-17 15:08:11,52,0.308,0.346,0.269,-0.20,+0.56,+0.82
2026-07-17 15:13:29,52,0.308,0.365,0.288,-0.04,+0.79,+1.14
2026-07-17 15:18:48,52,0.308,0.365,0.288,+0.04,+0.86,+1.21
2026-07-17 15:24:06,52,0.288,0.346,0.269,+0.00,+0.82,+1.16
2026-07-17 15:29:24,52,0.308,0.365,0.269,+0.19,+1.07,+1.49
2026-07-17 15:34:43,52,0.327,0.404,0.327,+0.28,+1.13,+1.51
2026-07-17 15:40:01,53,0.340,0.377,0.321,+0.58,+1.52,+2.00
2026-07-17 15:45:20,53,0.302,0.453,0.321,+0.67,+1.62,+2.11
2026-07-17 15:50:38,53,0.283,0.377,0.321,+0.75,+1.69,+2.19
2026-07-17 15:55:57,53,0.283,0.340,0.302,+0.28,+1.19,+1.63
2026-07-17 16:01:16,52,0.462,0.308,0.269,+0.57,+0.48,+1.47
2026-07-17 16:06:34,52,0.442,0.288,0.231,+0.44,+0.20,+1.05
2026-07-17 16:11:53,52,0.519,0.327,0.231,+0.34,+0.03,+0.85
2026-07-17 16:17:11,51,0.471,0.294,0.235,-0.40,-0.70,-0.09
2026-07-17 16:22:30,51,0.392,0.294,0.235,-0.29,-0.61,+0.07
2026-07-17 16:27:48,51,0.471,0.294,0.294,-0.16,-0.48,+0.20
2026-07-17 16:33:06,51,0.549,0.294,0.275,-0.15,-0.47,+0.21
2026-07-17 16:38:24,51,0.392,0.275,0.294,-0.60,-0.92,-0.16
2026-07-17 16:43:43,52,0.462,0.288,0.308,-0.32,-0.72,+0.05
2026-07-17 16:49:01,52,0.462,0.288,0.288,-0.27,-0.65,+0.15
2026-07-17 16:54:20,52,0.481,0.308,0.288,-0.06,-0.44,+0.44
2026-07-17 16:59:38,52,0.404,0.288,0.250,-0.36,-0.75,+0.08
2026-07-17 17:04:56,52,0.250,0.288,0.346,-0.91,-0.66,+0.55
2026-07-17 17:10:15,52,0.231,0.250,0.327,-0.70,-0.50,+0.75
2026-07-17 17:15:32,50,0.320,0.240,0.380,-0.80,-0.60,+0.64
2026-07-17 17:20:50,50,0.260,0.260,0.340,-0.71,-0.49,+0.80
2026-07-17 17:26:08,49,0.245,0.245,0.327,-0.97,-0.73,+0.60
2026-07-17 17:31:25,49,0.265,0.286,0.327,-0.97,-0.74,+0.58
2026-07-17 17:36:43,49,0.245,0.286,0.327,-0.93,-0.64,+0.57
2026-07-17 17:42:00,50,0.200,0.260,0.280,-1.05,-0.80,+0.39
2026-07-17 17:47:18,50,0.280,0.280,0.340,-0.86,-0.61,+0.58
2026-07-17 17:52:36,50,0.360,0.300,0.360,-0.83,-0.59,+0.59
2026-07-17 17:57:54,51,0.373,0.353,0.373,-0.93,-0.70,+0.50
2026-07-17 18:03:12,51,0.569,0.490,0.392,-0.04,-0.40,+0.37
2026-07-17 18:08:29,50,0.560,0.500,0.400,+0.00,-0.35,+0.10
2026-07-17 18:13:47,50,0.580,0.620,0.440,+0.20,-0.14,+0.31
2026-07-17 18:19:05,50,0.600,0.640,0.460,+0.17,-0.16,+0.28
2026-07-17 18:24:22,50,0.660,0.640,0.500,+0.41,+0.07,+0.52
2026-07-17 18:29:40,49,0.633,0.633,0.490,+0.26,-0.08,+0.37
2026-07-17 18:34:57,49,0.633,0.653,0.490,+0.31,-0.02,+0.44
2026-07-17 18:40:15,49,0.633,0.612,0.469,+0.31,-0.03,+0.44
2026-07-17 18:45:32,49,0.633,0.592,0.510,+0.28,-0.06,+0.41
2026-07-17 18:50:50,49,0.633,0.592,0.490,+0.21,-0.12,+0.31
2026-07-17 18:56:07,49,0.633,0.612,0.490,+0.27,-0.06,+0.38
2026-07-17 19:01:24,49,0.531,0.531,0.388,+0.42,-0.48,-0.63
2026-07-17 19:06:41,49,0.714,0.551,0.449,+0.57,-0.46,-0.38
2026-07-17 19:11:59,49,0.694,0.510,0.429,+0.55,-0.49,-0.40
2026-07-17 19:17:16,49,0.633,0.571,0.429,+0.62,-0.41,-0.32
2026-07-17 19:22:34,49,0.612,0.510,0.429,+0.56,-0.45,-0.35
2026-07-17 19:27:52,49,0.612,0.551,0.429,+0.53,-0.48,-0.37
2026-07-17 19:33:09,49,0.612,0.531,0.408,+0.47,-0.54,-0.43
2026-07-17 19:38:26,49,0.653,0.551,0.429,+0.57,-0.44,-0.34
2026-07-17 19:43:44,48,0.667,0.562,0.458,+0.54,-0.43,-0.36
2026-07-17 19:49:00,48,0.625,0.562,0.458,+0.73,-0.23,-0.16
2026-07-17 19:54:17,48,0.604,0.562,0.438,+0.82,-0.15,-0.07
2026-07-17 19:59:34,48,0.646,0.521,0.458,+0.84,-0.14,-0.04
2026-07-17 20:04:51,47,0.596,0.596,0.404,+0.40,+0.68,-0.05
2026-07-17 20:10:08,47,0.574,0.638,0.426,+0.25,+0.52,-0.11
2026-07-17 20:15:25,47,0.596,0.660,0.404,+0.32,+0.63,-0.04
2026-07-17 20:20:42,48,0.500,0.604,0.417,+0.28,+0.55,-0.04
2026-07-17 20:25:59,48,0.562,0.667,0.438,+0.36,+0.64,+0.05
2026-07-17 20:31:16,48,0.542,0.625,0.396,+0.30,+0.57,-0.02
2026-07-17 20:36:34,48,0.562,0.646,0.458,+0.30,+0.57,-0.04
2026-07-17 20:41:51,48,0.583,0.646,0.500,+0.46,+0.73,+0.11
2026-07-17 20:47:08,48,0.625,0.646,0.500,+0.37,+0.64,+0.04
2026-07-17 20:52:25,48,0.604,0.604,0.438,+0.51,+0.78,+0.16
2026-07-17 20:57:42,48,0.562,0.646,0.521,+0.60,+0.86,+0.25
2026-07-17 21:02:59,48,0.479,0.646,0.625,+0.33,+1.13,+0.52
2026-07-17 21:08:16,48,0.500,0.604,0.583,+0.48,+1.18,+0.64
2026-07-17 21:13:33,49,0.490,0.653,0.653,+0.63,+1.29,+0.89
2026-07-17 21:18:51,49,0.531,0.633,0.653,+0.20,+0.94,+0.67
2026-07-17 21:24:08,49,0.490,0.633,0.673,+0.36,+1.11,+0.83
2026-07-17 21:29:26,49,0.408,0.633,0.653,+0.29,+1.03,+0.75
2026-07-17 21:34:44,49,0.388,0.551,0.633,+0.04,+0.75,+0.48
2026-07-17 21:40:01,49,0.347,0.551,0.612,-0.02,+0.69,+0.43
2026-07-17 21:45:19,49,0.367,0.490,0.633,+0.07,+0.78,+0.51
2026-07-17 21:50:36,49,0.408,0.531,0.571,+0.08,+0.79,+0.52
2026-07-17 21:55:54,49,0.408,0.551,0.612,+0.05,+0.76,+0.51
2026-07-17 22:01:11,49,0.367,0.469,0.510,-0.41,+0.23,-0.14
2026-07-17 22:06:29,49,0.347,0.388,0.429,-0.58,+0.11,-0.49
2026-07-17 22:11:46,49,0.224,0.347,0.408,-0.80,-0.18,-0.64
2026-07-17 22:17:04,49,0.347,0.408,0.449,-0.71,-0.11,-0.55
2026-07-17 22:22:21,48,0.375,0.438,0.438,-0.75,-0.12,-0.55
2026-07-17 22:27:38,48,0.312,0.438,0.396,-0.80,-0.17,-0.62
2026-07-17 22:32:54,48,0.354,0.458,0.396,-0.80,-0.17,-0.61
2026-07-17 22:38:11,47,0.340,0.447,0.362,-1.06,-0.43,-0.84
2026-07-17 22:43:28,47,0.277,0.426,0.340,-1.03,-0.40,-0.80
2026-07-17 22:48:44,47,0.362,0.447,0.362,-0.95,-0.32,-0.73
2026-07-17 22:54:01,47,0.362,0.468,0.447,-0.74,-0.10,-0.50
2026-07-17 22:59:18,47,0.383,0.532,0.511,-0.51,+0.12,-0.28
2026-07-17 23:04:34,47,0.511,0.404,0.596,-0.05,-0.22,+0.46
2026-07-17 23:09:51,47,0.617,0.468,0.596,+0.16,+0.04,+0.70
2026-07-17 23:15:09,47,0.681,0.468,0.553,+0.07,-0.05,+0.61
2026-07-17 23:20:26,47,0.596,0.447,0.574,+0.07,-0.05,+0.61
2026-07-17 23:25:43,47,0.553,0.426,0.617,-0.12,-0.25,+0.40
2026-07-17 23:31:00,47,0.468,0.404,0.532,-0.19,-0.31,+0.34
2026-07-17 23:36:17,47,0.468,0.404,0.511,-0.10,-0.22,+0.43
2026-07-17 23:41:33,47,0.553,0.383,0.574,+0.07,-0.05,+0.60
2026-07-17 23:46:50,47,0.447,0.383,0.468,-0.13,-0.24,+0.39
2026-07-17 23:52:07,47,0.447,0.468,0.489,-0.12,-0.24,+0.40
2026-07-17 23:57:23,47,0.468,0.468,0.511,-0.13,-0.24,+0.39
2026-07-18 00:02:41,47,0.404,0.426,0.574,+0.06,-0.56,+0.57
2026-07-18 00:07:58,47,0.298,0.340,0.511,-0.30,-0.83,+0.20
2026-07-18 00:13:14,47,0.277,0.340,0.489,-0.35,-0.90,+0.15
2026-07-18 00:18:32,48,0.292,0.354,0.500,+0.27,-0.26,+0.74
2026-07-18 00:23:49,48,0.333,0.375,0.521,+0.68,+0.13,+1.15
2026-07-18 00:29:06,48,0.396,0.458,0.604,+0.93,+0.37,+1.38
2026-07-18 00:34:23,48,0.438,0.458,0.625,+1.08,+0.52,+1.53
2026-07-18 00:39:39,48,0.438,0.479,0.625,+1.16,+0.59,+1.61
2026-07-18 00:44:56,48,0.417,0.521,0.646,+1.11,+0.53,+1.54
2026-07-18 00:50:13,48,0.438,0.438,0.625,+0.97,+0.41,+1.41
2026-07-18 00:55:31,49,0.571,0.490,0.673,+1.30,+0.77,+1.81
2026-07-18 01:00:48,49,0.612,0.633,0.571,+1.25,+1.10,+1.39
2026-07-18 01:06:05,49,0.571,0.571,0.653,+1.25,+1.12,+1.35
2026-07-18 01:11:23,49,0.633,0.612,0.633,+1.22,+1.09,+1.34
2026-07-18 01:16:41,49,0.633,0.633,0.633,+1.20,+1.03,+1.24
2026-07-18 01:21:58,49,0.633,0.633,0.633,+1.02,+0.87,+1.08
2026-07-18 01:27:15,49,0.551,0.592,0.551,+1.04,+0.89,+1.10
2026-07-18 01:32:33,49,0.612,0.571,0.551,+0.84,+0.70,+0.90
2026-07-18 01:37:50,49,0.612,0.592,0.592,+0.87,+0.74,+0.94
2026-07-18 01:43:07,49,0.612,0.551,0.612,+0.97,+0.83,+1.03
2026-07-18 01:48:24,49,0.612,0.551,0.571,+0.95,+0.81,+1.02
2026-07-18 01:53:42,49,0.612,0.571,0.592,+0.84,+0.71,+0.91
2026-07-18 01:58:59,48,0.521,0.542,0.542,+0.39,+0.28,+0.47
2026-07-18 02:04:16,48,0.375,0.583,0.521,-0.68,+0.50,+0.30
2026-07-18 02:09:33,48,0.458,0.625,0.583,-0.47,+0.70,+0.51
2026-07-18 02:14:49,48,0.500,0.583,0.583,-0.51,+0.66,+0.39
2026-07-18 02:20:06,48,0.479,0.521,0.562,-0.44,+0.74,+0.49
2026-07-18 02:25:23,48,0.500,0.583,0.583,-0.63,+0.53,+0.29
2026-07-18 02:30:40,48,0.521,0.562,0.646,-0.73,+0.42,+0.18
2026-07-18 02:35:58,48,0.479,0.583,0.646,-0.61,+0.56,+0.32
2026-07-18 02:41:14,48,0.438,0.500,0.500,-0.84,+0.31,+0.08
2026-07-18 02:46:32,48,0.438,0.542,0.542,-0.83,+0.32,+0.08
2026-07-18 02:51:48,48,0.354,0.479,0.542,-0.91,+0.23,-0.00
2026-07-18 02:57:06,48,0.375,0.500,0.521,-1.14,-0.02,-0.25
2026-07-18 03:02:22,47,0.426,0.511,0.532,-0.72,-0.16,-0.55
2026-07-18 03:07:39,47,0.426,0.532,0.468,-0.58,+0.04,-0.48
2026-07-18 03:12:55,47,0.426,0.532,0.532,-0.46,+0.04,-0.37
2026-07-18 03:18:12,47,0.404,0.511,0.447,-0.62,-0.12,-0.55
2026-07-18 03:23:29,47,0.340,0.426,0.426,-0.71,-0.19,-0.63
2026-07-18 03:28:46,47,0.319,0.426,0.447,-0.71,-0.20,-0.61
2026-07-18 03:34:03,47,0.404,0.426,0.404,-0.72,-0.21,-0.63
2026-07-18 03:39:19,47,0.426,0.447,0.404,-0.66,-0.16,-0.58
2026-07-18 03:44:36,47,0.404,0.426,0.404,-0.74,-0.24,-0.65
2026-07-18 03:49:53,47,0.447,0.447,0.489,-0.49,+0.01,-0.41
2026-07-18 03:55:09,47,0.404,0.447,0.468,-0.61,-0.10,-0.52
2026-07-18 04:00:26,47,0.489,0.447,0.468,-0.23,+0.03,-0.36
2026-07-18 04:05:43,47,0.404,0.383,0.489,+0.05,-1.12,-0.13
2026-07-18 04:10:59,47,0.255,0.319,0.447,-0.22,-1.45,-0.32
2026-07-18 04:16:16,47,0.255,0.298,0.426,-0.31,-1.56,-0.42
2026-07-18 04:21:33,47,0.170,0.277,0.426,-0.46,-1.67,-0.54
2026-07-18 04:26:50,47,0.213,0.234,0.447,-0.57,-1.81,-0.68
2026-07-18 04:32:06,47,0.170,0.277,0.426,-0.51,-1.72,-0.60
2026-07-18 04:37:23,47,0.298,0.298,0.511,-0.36,-1.63,-0.53
2026-07-18 04:42:39,47,0.319,0.319,0.489,-0.32,-1.60,-0.49
2026-07-18 04:47:56,47,0.319,0.319,0.489,-0.09,-1.37,-0.26
2026-07-18 04:53:12,47,0.319,0.319,0.511,-0.17,-1.44,-0.32
2026-07-18 04:58:29,47,0.340,0.319,0.511,-0.14,-1.44,-0.31
2026-07-18 05:03:45,47,0.234,0.277,0.468,-0.28,-1.03,-0.40
2026-07-18 05:09:02,47,0.213,0.255,0.468,-0.33,-0.95,-0.46
2026-07-18 05:14:18,47,0.255,0.340,0.468,-0.27,-0.86,-0.25
2026-07-18 05:19:35,47,0.213,0.298,0.447,-0.33,-0.92,-0.38
2026-07-18 05:24:51,47,0.319,0.319,0.468,-0.27,-0.87,-0.30
2026-07-18 05:30:07,47,0.362,0.255,0.447,-0.28,-0.88,-0.31
2026-07-18 05:35:24,47,0.319,0.277,0.447,-0.35,-0.94,-0.38
2026-07-18 05:40:41,47,0.340,0.255,0.468,-0.42,-1.01,-0.45
2026-07-18 05:45:58,47,0.234,0.277,0.447,-0.35,-0.93,-0.38
2026-07-18 05:51:15,47,0.255,0.277,0.404,-0.43,-1.02,-0.43
2026-07-18 05:56:32,47,0.298,0.340,0.426,-0.30,-0.90,-0.31
2026-07-18 06:01:48,47,0.340,0.255,0.426,-0.13,-0.30,-0.33
2026-07-18 06:07:05,47,0.404,0.362,0.404,-0.06,-0.09,-0.28
2026-07-18 06:12:22,47,0.511,0.447,0.468,+0.25,+0.16,+0.04
2026-07-18 06:17:39,47,0.532,0.426,0.468,+0.29,+0.09,-0.02
2026-07-18 06:22:55,47,0.532,0.447,0.447,+0.42,+0.22,+0.12
2026-07-18 06:28:12,47,0.617,0.532,0.447,+0.48,+0.28,+0.18
2026-07-18 06:33:28,47,0.532,0.511,0.447,+0.44,+0.27,+0.16
2026-07-18 06:38:45,47,0.511,0.511,0.447,+0.44,+0.29,+0.19
2026-07-18 06:44:02,47,0.511,0.532,0.468,+0.41,+0.25,+0.14
2026-07-18 06:49:18,47,0.553,0.511,0.447,+0.43,+0.27,+0.23
2026-07-18 06:54:35,47,0.532,0.447,0.447,+0.34,+0.19,+0.14
2026-07-18 06:59:52,47,0.511,0.426,0.426,+0.33,+0.18,+0.09
2026-07-18 07:05:08,47,0.447,0.468,0.362,+0.35,+0.21,-0.71
2026-07-18 07:10:25,47,0.426,0.447,0.319,+0.47,+0.35,-0.88
2026-07-18 07:15:42,47,0.447,0.468,0.340,+0.60,+0.46,-0.87
2026-07-18 07:20:59,47,0.404,0.447,0.362,+0.58,+0.44,-0.88
2026-07-18 07:26:16,47,0.426,0.426,0.383,+0.46,+0.32,-0.98
2026-07-18 07:31:33,47,0.383,0.404,0.383,+0.43,+0.28,-1.02
2026-07-18 07:36:50,47,0.426,0.426,0.383,+0.40,+0.26,-1.03
2026-07-18 07:42:07,47,0.447,0.404,0.383,+0.41,+0.26,-1.04
2026-07-18 07:47:24,47,0.489,0.447,0.404,+0.52,+0.38,-0.91
2026-07-18 07:52:40,46,0.500,0.478,0.413,+0.57,+0.44,-0.87
2026-07-18 07:57:56,46,0.500,0.478,0.391,+0.54,+0.41,-0.89
2026-07-18 08:03:14,46,0.435,0.522,0.348,+0.05,+0.40,-0.55
2026-07-18 08:08:30,46,0.326,0.478,0.370,+0.07,+0.57,-0.24
2026-07-18 08:13:47,46,0.348,0.522,0.391,-0.05,+0.47,-0.35
2026-07-18 08:19:03,46,0.326,0.500,0.370,-0.07,+0.45,-0.37
2026-07-18 08:24:20,46,0.326,0.522,0.413,+0.03,+0.56,-0.27
2026-07-18 08:29:37,46,0.348,0.478,0.413,+0.08,+0.60,-0.23
2026-07-18 08:34:53,46,0.435,0.522,0.435,+0.10,+0.61,-0.21
2026-07-18 08:40:09,46,0.457,0.543,0.457,+0.30,+0.82,-0.01
2026-07-18 08:45:25,46,0.391,0.522,0.435,+0.36,+0.88,+0.05
2026-07-18 08:50:41,46,0.435,0.543,0.457,+0.20,+0.71,-0.11
2026-07-18 08:55:58,46,0.435,0.565,0.478,+0.25,+0.76,-0.06
2026-07-18 09:01:14,46,0.457,0.543,0.391,-0.05,+0.47,+0.21
2026-07-18 09:06:31,47,0.489,0.532,0.468,+0.79,+1.41,+1.10
2026-07-18 09:11:48,47,0.532,0.553,0.468,+0.96,+1.53,+1.46
2026-07-18 09:17:04,47,0.574,0.468,0.511,+1.25,+1.81,+1.72
2026-07-18 09:22:21,47,0.511,0.447,0.404,+1.07,+1.63,+1.55
2026-07-18 09:27:38,47,0.532,0.404,0.426,+0.77,+1.34,+1.25
2026-07-18 09:32:54,47,0.489,0.447,0.426,+0.96,+1.51,+1.41
2026-07-18 09:38:10,46,0.478,0.391,0.413,+0.89,+1.48,+1.37
2026-07-18 09:43:27,46,0.457,0.435,0.435,+0.77,+1.37,+1.26
2026-07-18 09:48:44,46,0.543,0.500,0.457,+0.83,+1.42,+1.30
2026-07-18 09:54:01,47,0.426,0.447,0.426,+0.65,+1.22,+1.01
2026-07-18 09:59:18,48,0.438,0.500,0.458,+0.98,+1.57,+1.38
2026-07-18 10:04:35,49,0.429,0.449,0.469,+0.51,+1.46,+1.68
2026-07-18 10:09:53,49,0.429,0.429,0.469,+0.54,+1.45,+1.70
2026-07-18 10:15:10,49,0.429,0.429,0.449,+0.27,+1.14,+1.37
2026-07-18 10:20:28,48,0.438,0.458,0.479,+0.26,+1.17,+1.40
2026-07-18 10:25:45,48,0.479,0.521,0.521,-0.14,+0.68,+0.91
2026-07-18 10:31:01,47,0.574,0.532,0.553,-0.00,+0.86,+1.09
2026-07-18 10:36:18,47,0.383,0.511,0.511,-0.06,+0.79,+1.03
2026-07-18 10:41:35,47,0.426,0.511,0.511,-0.29,+0.57,+0.80
2026-07-18 10:46:52,47,0.383,0.489,0.489,-0.45,+0.40,+0.62
2026-07-18 10:52:09,47,0.383,0.489,0.468,-0.38,+0.50,+0.72
2026-07-18 10:57:25,47,0.426,0.511,0.468,-0.25,+0.62,+0.83
2026-07-18 11:02:42,47,0.447,0.468,0.532,-0.79,+0.80,+1.20
2026-07-18 11:07:58,47,0.447,0.447,0.511,-0.65,+0.75,+1.24
2026-07-18 11:13:16,49,0.408,0.469,0.551,-0.52,+1.13,+1.47
2026-07-18 11:18:33,49,0.449,0.510,0.551,-0.20,+1.49,+1.84
2026-07-18 11:23:50,49,0.490,0.490,0.592,-0.49,+1.16,+1.51
2026-07-18 11:29:08,49,0.551,0.531,0.571,-0.52,+1.12,+1.46
2026-07-18 11:34:25,49,0.531,0.571,0.612,-0.38,+1.26,+1.61
2026-07-18 11:39:43,49,0.490,0.531,0.571,-0.54,+1.07,+1.43
2026-07-18 11:45:00,49,0.490,0.571,0.551,-0.50,+1.09,+1.46
2026-07-18 11:50:18,49,0.469,0.571,0.551,-0.86,+0.70,+1.07
2026-07-18 11:55:35,49,0.449,0.551,0.531,-1.01,+0.53,+0.90
2026-07-18 12:00:53,49,0.429,0.551,0.510,-0.18,+0.52,+1.23
2026-07-18 12:06:10,49,0.449,0.510,0.510,+0.10,-0.14,+1.35
2026-07-18 12:11:28,49,0.388,0.531,0.551,+0.06,-0.18,+1.31
2026-07-18 12:16:46,49,0.408,0.571,0.571,+0.07,-0.17,+1.34
2026-07-18 12:22:03,48,0.438,0.562,0.562,+0.03,-0.09,+1.40
2026-07-18 12:27:20,48,0.458,0.521,0.562,+0.17,+0.05,+1.53
2026-07-18 12:32:36,48,0.375,0.479,0.479,-0.40,-0.52,+0.93
2026-07-18 12:37:53,48,0.375,0.479,0.479,-0.69,-0.85,+0.59
2026-07-18 12:43:11,48,0.312,0.417,0.521,-0.78,-0.93,+0.50
2026-07-18 12:48:28,49,0.286,0.510,0.449,-0.38,-0.37,+1.04
2026-07-18 12:53:45,49,0.265,0.469,0.449,-0.48,-0.47,+0.93
2026-07-18 12:59:06,49,0.306,0.449,0.510,-0.38,-0.38,+1.03
2026-07-18 13:04:23,48,0.292,0.417,0.521,-0.40,-1.19,+0.72
2026-07-18 13:09:40,48,0.312,0.375,0.500,-0.42,-1.21,+0.68
2026-07-18 13:14:57,48,0.292,0.396,0.542,-0.52,-1.24,+0.66
2026-07-18 13:20:14,47,0.340,0.383,0.553,-0.57,-1.39,+0.59
2026-07-18 13:25:30,47,0.298,0.362,0.532,-0.62,-1.43,+0.51
2026-07-18 13:30:47,48,0.354,0.438,0.521,-0.66,-1.35,+0.58
2026-07-18 13:36:04,47,0.319,0.447,0.489,-0.87,-1.56,+0.39
2026-07-18 13:41:21,47,0.340,0.404,0.468,-0.74,-1.45,+0.54
2026-07-18 13:46:37,47,0.340,0.404,0.468,-0.80,-1.49,+0.50
2026-07-18 13:51:54,46,0.348,0.435,0.478,-0.74,-1.49,+0.26
2026-07-18 13:57:10,46,0.348,0.435,0.478,-0.72,-1.48,+0.27
2026-07-18 14:02:26,46,0.370,0.326,0.522,-0.52,-0.77,+0.17
2026-07-18 14:07:42,45,0.356,0.400,0.533,-0.23,-0.51,+0.46
2026-07-18 14:12:59,45,0.422,0.444,0.556,-0.28,-0.53,+0.27
2026-07-18 14:18:15,45,0.333,0.378,0.489,-0.34,-0.59,+0.21
2026-07-18 14:23:32,45,0.400,0.400,0.489,-0.33,-0.57,+0.21
2026-07-18 14:28:48,46,0.326,0.370,0.478,-0.47,-0.72,+0.27
2026-07-18 14:34:06,47,0.404,0.404,0.489,-0.31,-0.57,+0.44
2026-07-18 14:39:23,47,0.383,0.383,0.468,-0.55,-0.81,+0.19
2026-07-18 14:44:41,47,0.298,0.383,0.468,-0.85,-1.09,-0.12
2026-07-18 14:49:58,47,0.298,0.340,0.489,-0.84,-1.10,-0.14
2026-07-18 14:55:15,46,0.304,0.304,0.435,-1.05,-1.32,-0.32
2026-07-18 15:00:31,46,0.283,0.326,0.391,-1.04,-1.47,-0.37
2026-07-18 15:05:48,46,0.174,0.283,0.304,-1.01,-1.50,-1.38
2026-07-18 15:11:05,46,0.239,0.304,0.326,-0.94,-1.59,-1.44
2026-07-18 15:16:23,47,0.319,0.277,0.383,-0.29,-1.05,-0.82
2026-07-18 15:21:43,48,0.271,0.292,0.375,-0.24,-0.97,-0.75
2026-07-18 15:27:00,48,0.312,0.333,0.417,-0.18,-0.90,-0.70
2026-07-18 15:32:19,46,0.283,0.283,0.391,-0.20,-0.98,-0.70
2026-07-18 15:37:35,45,0.267,0.289,0.378,-0.28,-0.94,-0.73
2026-07-18 15:42:51,45,0.289,0.333,0.378,-0.56,-1.22,-0.99
2026-07-18 15:48:06,44,0.250,0.295,0.409,-0.75,-1.42,-1.18
2026-07-18 15:53:22,44,0.273,0.386,0.455,-0.72,-1.40,-1.17
2026-07-18 15:58:38,44,0.295,0.364,0.432,-0.83,-1.51,-1.27
2026-07-18 16:03:54,44,0.500,0.318,0.455,-0.26,-1.05,-2.05
2026-07-18 16:09:09,44,0.386,0.295,0.432,-0.44,-1.23,-2.33
2026-07-18 16:14:25,43,0.465,0.302,0.419,-0.47,-1.21,-2.35
2026-07-18 16:19:40,43,0.395,0.302,0.419,-0.37,-1.11,-2.23
2026-07-18 16:24:56,44,0.477,0.364,0.432,-0.35,-1.08,-2.18
2026-07-18 16:30:11,43,0.442,0.302,0.395,-0.36,-1.13,-2.26
2026-07-18 16:35:26,43,0.488,0.302,0.372,-0.30,-1.06,-2.21
2026-07-18 16:40:42,43,0.512,0.302,0.395,-0.27,-1.04,-2.19
2026-07-18 16:45:57,43,0.581,0.349,0.395,-0.31,-1.07,-2.16
2026-07-18 16:51:14,42,0.524,0.333,0.405,-0.34,-1.08,-2.25
2026-07-18 16:56:29,42,0.500,0.286,0.381,-0.36,-1.11,-2.29
2026-07-18 17:01:45,42,0.381,0.262,0.357,+0.10,-0.92,-1.76
2026-07-18 17:07:00,41,0.463,0.293,0.415,-0.03,-0.96,-1.57
2026-07-18 17:12:15,41,0.537,0.317,0.390,-0.04,-0.94,-1.56
2026-07-18 17:17:30,41,0.439,0.293,0.366,-0.34,-1.24,-1.88
2026-07-18 17:22:46,41,0.390,0.220,0.366,-0.26,-1.16,-1.79
2026-07-18 17:28:01,41,0.439,0.244,0.366,-0.34,-1.24,-1.87
2026-07-18 17:33:16,42,0.476,0.310,0.429,-0.27,-1.10,-1.73
2026-07-18 17:38:31,42,0.452,0.310,0.381,-0.14,-1.00,-1.63
2026-07-18 17:43:46,42,0.381,0.262,0.405,-0.25,-1.09,-1.72
2026-07-18 17:49:02,42,0.405,0.333,0.381,-0.36,-1.21,-1.83
2026-07-18 17:54:17,41,0.415,0.293,0.366,-0.08,-0.99,-1.67
2026-07-18 17:59:32,41,0.415,0.268,0.341,-0.19,-1.09,-1.76
2026-07-18 18:04:47,41,0.293,0.415,0.293,-0.23,-0.50,-1.72
2026-07-18 18:10:02,41,0.317,0.439,0.293,-0.36,-0.63,-1.86
2026-07-18 18:15:17,41,0.366,0.415,0.293,-0.41,-0.67,-1.92
2026-07-18 18:20:32,41,0.366,0.317,0.268,-0.45,-0.69,-1.93
2026-07-18 18:25:47,41,0.293,0.293,0.268,-0.41,-0.66,-1.91
2026-07-18 18:31:02,41,0.268,0.341,0.268,-0.49,-0.73,-1.98
2026-07-18 18:36:17,40,0.275,0.325,0.275,-0.35,-0.59,-1.79
2026-07-18 18:41:33,41,0.268,0.341,0.293,-0.44,-0.69,-1.83
2026-07-18 18:46:47,41,0.268,0.317,0.293,-0.47,-0.74,-1.88
2026-07-18 18:52:02,41,0.293,0.390,0.317,-0.30,-0.59,-1.73
2026-07-18 18:57:18,41,0.268,0.341,0.293,-0.37,-0.65,-1.80
2026-07-18 19:02:33,41,0.366,0.390,0.293,-0.02,-0.24,-1.38
2026-07-18 19:07:47,41,0.341,0.366,0.293,+0.02,-0.28,-1.35
2026-07-18 19:13:02,41,0.293,0.366,0.244,-0.03,-0.32,-1.39
2026-07-18 19:18:17,41,0.341,0.366,0.268,-0.06,-0.35,-1.41
2026-07-18 19:23:33,41,0.366,0.366,0.293,+0.03,-0.26,-1.34
2026-07-18 19:28:48,41,0.415,0.390,0.268,+0.16,-0.17,-1.24
2026-07-18 19:34:03,41,0.439,0.415,0.293,+0.29,-0.02,-1.10
2026-07-18 19:39:18,41,0.366,0.341,0.268,+0.28,-0.03,-1.12
2026-07-18 19:44:33,41,0.293,0.390,0.244,+0.13,-0.18,-1.26
2026-07-18 19:49:48,41,0.341,0.317,0.268,+0.17,-0.13,-1.21
2026-07-18 19:55:03,41,0.390,0.415,0.268,+0.40,+0.11,-0.94
2026-07-18 20:00:18,41,0.366,0.341,0.244,-0.13,-0.16,-1.44
2026-07-18 20:05:33,41,0.512,0.268,0.293,+0.12,-0.37,-0.93
2026-07-18 20:10:48,41,0.463,0.317,0.244,-0.06,-0.57,-1.32
2026-07-18 20:16:04,42,0.571,0.357,0.286,+0.34,-0.15,-0.91
2026-07-18 20:21:19,42,0.548,0.357,0.357,+0.32,-0.10,-0.88
2026-07-18 20:26:34,42,0.524,0.310,0.333,+0.30,-0.13,-0.91
2026-07-18 20:31:50,42,0.500,0.310,0.310,+0.31,-0.12,-0.88
2026-07-18 20:37:05,42,0.500,0.357,0.333,+0.30,-0.13,-0.89
2026-07-18 20:42:20,42,0.452,0.357,0.310,+0.27,-0.16,-0.93
2026-07-18 20:47:35,41,0.512,0.341,0.293,+0.36,-0.06,-0.79
2026-07-18 20:52:50,40,0.525,0.350,0.300,+0.22,-0.19,-0.87
2026-07-18 20:58:05,40,0.475,0.375,0.350,+0.24,-0.16,-0.85
2026-07-18 21:03:19,40,0.475,0.375,0.400,-0.31,+0.01,-0.34
2026-07-18 21:08:34,40,0.475,0.475,0.450,-0.38,-0.07,-0.38
2026-07-18 21:13:48,40,0.525,0.475,0.425,-0.23,+0.09,-0.22
2026-07-18 21:19:03,40,0.375,0.375,0.350,-0.29,+0.00,-0.30
2026-07-18 21:24:18,40,0.350,0.375,0.325,-0.30,+0.02,-0.30
2026-07-18 21:29:32,40,0.400,0.350,0.350,-0.45,-0.13,-0.44
2026-07-18 21:34:47,40,0.450,0.375,0.425,-0.23,+0.09,-0.23
2026-07-18 21:40:02,40,0.450,0.425,0.425,-0.15,+0.17,-0.15
2026-07-18 21:45:17,40,0.450,0.375,0.425,-0.15,+0.17,-0.14
2026-07-18 21:50:32,40,0.450,0.425,0.450,-0.40,-0.08,-0.39
2026-07-18 21:55:46,40,0.525,0.450,0.500,-0.29,+0.02,-0.29
2026-07-18 22:01:01,40,0.425,0.575,0.375,+0.08,+0.52,+0.09
2026-07-18 22:06:16,40,0.475,0.550,0.375,+0.34,+0.56,+0.29
2026-07-18 22:11:30,40,0.450,0.450,0.375,+0.22,+0.38,+0.09
2026-07-18 22:16:45,40,0.425,0.425,0.375,+0.16,+0.32,+0.02
2026-07-18 22:22:00,40,0.475,0.375,0.325,-0.05,+0.12,-0.18
2026-07-18 22:27:15,40,0.450,0.400,0.375,+0.02,+0.18,-0.12
2026-07-18 22:32:29,40,0.475,0.350,0.300,-0.07,+0.08,-0.21
2026-07-18 22:37:44,40,0.425,0.375,0.300,-0.15,+0.00,-0.28
2026-07-18 22:42:59,40,0.450,0.400,0.275,-0.03,+0.12,-0.17
2026-07-18 22:48:13,40,0.450,0.425,0.325,-0.05,+0.11,-0.18
2026-07-18 22:53:28,40,0.475,0.375,0.325,-0.08,+0.07,-0.22
2026-07-18 22:58:42,40,0.475,0.375,0.300,-0.02,+0.13,-0.16
2026-07-18 23:03:57,40,0.325,0.325,0.325,-0.19,-0.17,-0.27
2026-07-18 23:09:11,40,0.250,0.350,0.300,-0.53,-0.61,-0.51
2026-07-18 23:14:26,40,0.350,0.400,0.325,-0.44,-0.53,-0.44
2026-07-18 23:19:41,40,0.300,0.375,0.300,-0.37,-0.47,-0.37
2026-07-18 23:24:55,39,0.359,0.385,0.308,-0.37,-0.54,-0.46
2026-07-18 23:30:09,39,0.410,0.487,0.282,-0.12,-0.29,-0.22
2026-07-18 23:35:23,39,0.385,0.487,0.333,-0.26,-0.43,-0.35
2026-07-18 23:40:38,39,0.410,0.513,0.333,-0.10,-0.28,-0.20
2026-07-18 23:45:52,39,0.359,0.462,0.410,-0.20,-0.38,-0.30
2026-07-18 23:51:07,39,0.410,0.513,0.410,-0.20,-0.38,-0.30
2026-07-18 23:56:21,39,0.385,0.513,0.359,-0.17,-0.35,-0.28
2026-07-19 00:01:36,39,0.487,0.410,0.385,+0.50,+0.36,+0.30
2026-07-19 00:06:50,39,0.538,0.462,0.410,+0.43,+0.25,+0.17
2026-07-19 00:12:04,39,0.462,0.410,0.282,+0.26,+0.07,+0.02
2026-07-19 00:17:19,39,0.487,0.410,0.385,+0.17,-0.05,-0.14
2026-07-19 00:22:31,39,0.538,0.385,0.308,+0.19,-0.02,-0.10
2026-07-19 00:27:46,40,0.525,0.425,0.350,+0.29,+0.07,+0.02
2026-07-19 00:33:01,40,0.500,0.425,0.325,+0.27,+0.04,+0.00
2026-07-19 00:38:16,40,0.525,0.425,0.375,+0.35,+0.13,+0.09
2026-07-19 00:43:30,40,0.425,0.375,0.350,+0.41,+0.18,+0.14
2026-07-19 00:48:46,40,0.425,0.425,0.350,+0.40,+0.18,+0.13
2026-07-19 00:54:01,40,0.525,0.425,0.350,+0.39,+0.16,+0.11
2026-07-19 00:59:15,40,0.450,0.425,0.325,+0.39,+0.16,+0.11
2026-07-19 01:04:30,39,0.359,0.359,0.385,-0.09,-0.13,+0.13
2026-07-19 01:09:45,40,0.275,0.325,0.300,-0.14,-0.14,+0.13
2026-07-19 01:14:59,40,0.350,0.325,0.400,-0.23,-0.32,+0.04
2026-07-19 01:20:14,40,0.350,0.275,0.375,-0.43,-0.52,-0.16
2026-07-19 01:25:29,40,0.300,0.300,0.400,-0.33,-0.42,-0.06
2026-07-19 01:30:43,40,0.250,0.250,0.400,-0.43,-0.54,-0.17
2026-07-19 01:35:58,40,0.300,0.250,0.375,-0.51,-0.61,-0.25
2026-07-19 01:41:13,40,0.275,0.250,0.375,-0.76,-0.86,-0.48
2026-07-19 01:46:27,40,0.350,0.275,0.375,-0.69,-0.76,-0.40
2026-07-19 01:51:42,39,0.359,0.333,0.410,-0.45,-0.57,-0.20
2026-07-19 01:56:56,39,0.436,0.359,0.462,-0.31,-0.43,-0.06
2026-07-19 02:02:10,39,0.513,0.462,0.462,-0.50,-0.07,-0.25
2026-07-19 02:07:25,39,0.487,0.513,0.385,-0.49,-0.10,-0.59
2026-07-19 02:12:39,39,0.513,0.410,0.462,-0.51,-0.16,-0.57
2026-07-19 02:17:53,39,0.538,0.462,0.462,-0.48,-0.12,-0.57
2026-07-19 02:23:08,39,0.538,0.436,0.436,-0.39,-0.04,-0.49
2026-07-19 02:28:22,39,0.538,0.513,0.436,-0.34,+0.05,-0.39
2026-07-19 02:33:36,39,0.513,0.513,0.436,-0.14,+0.24,-0.20
2026-07-19 02:38:51,40,0.500,0.550,0.450,-0.22,+0.31,+0.09
2026-07-19 02:44:05,40,0.575,0.575,0.500,-0.08,+0.45,+0.22
2026-07-19 02:49:20,40,0.625,0.600,0.475,-0.10,+0.43,+0.20
2026-07-19 02:54:34,40,0.600,0.575,0.475,-0.21,+0.31,+0.09
2026-07-19 02:59:50,40,0.625,0.600,0.500,-0.06,+0.48,+0.25
2026-07-19 03:05:04,40,0.625,0.550,0.550,+0.35,+0.42,+0.18
2026-07-19 03:10:19,40,0.575,0.550,0.550,+0.20,+0.16,+0.07
2026-07-19 03:15:34,40,0.475,0.475,0.500,-0.05,-0.11,-0.18
2026-07-19 03:20:48,40,0.450,0.475,0.525,-0.05,-0.11,-0.03
2026-07-19 03:26:03,40,0.500,0.550,0.625,+0.22,+0.22,+0.32
2026-07-19 03:31:17,40,0.475,0.550,0.600,+0.10,+0.14,+0.40
2026-07-19 03:36:32,40,0.350,0.500,0.575,-0.04,+0.03,+0.24
2026-07-19 03:41:47,40,0.350,0.500,0.525,-0.05,-0.00,+0.26
2026-07-19 03:47:02,40,0.350,0.425,0.525,-0.09,-0.06,+0.20
2026-07-19 03:52:16,40,0.350,0.425,0.500,-0.02,+0.01,+0.27
2026-07-19 03:57:31,40,0.375,0.425,0.450,-0.25,-0.27,-0.01
2026-07-19 04:02:46,40,0.325,0.425,0.475,-0.24,-0.38,+0.12
2026-07-19 04:08:01,40,0.350,0.375,0.400,-0.27,-0.42,-0.11
2026-07-19 04:13:15,39,0.333,0.436,0.385,-0.24,-0.27,+0.03
2026-07-19 04:18:29,39,0.359,0.436,0.385,-0.23,-0.26,+0.03
2026-07-19 04:23:43,39,0.333,0.436,0.385,-0.32,-0.35,-0.07
2026-07-19 04:28:58,39,0.436,0.462,0.462,-0.12,-0.15,+0.17
2026-07-19 04:34:12,39,0.359,0.436,0.436,-0.46,-0.47,-0.16
2026-07-19 04:39:26,39,0.359,0.410,0.462,-0.47,-0.48,-0.17
2026-07-19 04:44:40,39,0.333,0.436,0.436,-0.44,-0.46,-0.16
2026-07-19 04:49:55,39,0.359,0.462,0.436,-0.40,-0.42,-0.13
2026-07-19 04:55:09,39,0.385,0.436,0.462,-0.45,-0.46,-0.14
2026-07-19 05:00:24,39,0.333,0.538,0.487,-0.48,+0.20,-0.00
2026-07-19 05:05:38,39,0.308,0.462,0.538,-0.27,-0.03,-0.03
2026-07-19 05:10:52,40,0.425,0.475,0.575,-0.11,+0.26,+0.39
2026-07-19 05:16:07,40,0.450,0.450,0.575,-0.16,+0.16,+0.32
2026-07-19 05:21:22,40,0.500,0.450,0.625,-0.10,+0.23,+0.41
2026-07-19 05:26:36,40,0.475,0.475,0.625,-0.21,+0.08,+0.38
2026-07-19 05:31:51,40,0.400,0.475,0.600,-0.00,+0.30,+0.61
2026-07-19 05:37:06,40,0.500,0.475,0.600,-0.04,+0.15,+0.48
2026-07-19 05:42:21,40,0.450,0.450,0.600,+0.01,+0.19,+0.52
2026-07-19 05:47:35,40,0.500,0.450,0.600,+0.06,+0.25,+0.56
2026-07-19 05:52:50,39,0.487,0.410,0.513,-0.02,+0.18,+0.50
2026-07-19 05:58:04,39,0.590,0.462,0.615,+0.13,+0.33,+0.66
2026-07-19 06:03:18,39,0.410,0.513,0.513,-0.12,-0.31,+0.31
2026-07-19 06:08:33,39,0.462,0.462,0.487,-0.08,-0.26,+0.33
2026-07-19 06:13:47,39,0.436,0.513,0.487,-0.02,-0.19,+0.42
2026-07-19 06:19:02,40,0.525,0.575,0.500,+0.12,-0.01,+0.50
2026-07-19 06:24:16,40,0.450,0.600,0.500,-0.01,-0.21,+0.37
2026-07-19 06:29:31,40,0.450,0.425,0.500,-0.20,-0.34,+0.16
2026-07-19 06:34:46,41,0.390,0.512,0.512,-0.04,-0.19,+0.29
2026-07-19 06:40:01,41,0.415,0.463,0.488,-0.19,-0.34,+0.17
2026-07-19 06:45:17,41,0.366,0.488,0.488,-0.07,-0.21,+0.27
2026-07-19 06:50:32,42,0.405,0.405,0.524,-0.20,-0.31,+0.24
2026-07-19 06:55:48,42,0.429,0.429,0.500,-0.26,-0.37,+0.19
2026-07-19 07:01:03,42,0.381,0.476,0.548,-0.11,-0.06,-0.23
2026-07-19 07:06:18,42,0.524,0.571,0.595,-0.06,+0.15,+0.12
2026-07-19 07:11:34,42,0.476,0.595,0.595,+0.28,+0.48,+0.42
2026-07-19 07:16:49,42,0.524,0.571,0.619,+0.23,+0.42,+0.38
2026-07-19 07:22:04,42,0.524,0.571,0.619,+0.15,+0.34,+0.31
2026-07-19 07:27:20,42,0.429,0.571,0.595,-0.14,+0.06,+0.05
2026-07-19 07:32:35,42,0.452,0.619,0.595,+0.09,+0.27,+0.24
2026-07-19 07:37:50,42,0.405,0.595,0.595,+0.00,+0.20,+0.19
2026-07-19 07:43:06,42,0.476,0.548,0.548,-0.01,+0.18,+0.16
2026-07-19 07:48:21,42,0.476,0.571,0.595,-0.05,+0.12,+0.09
2026-07-19 07:53:36,42,0.524,0.595,0.571,+0.01,+0.18,+0.16
2026-07-19 07:58:53,42,0.524,0.595,0.595,+0.09,+0.23,+0.22
2026-07-19 08:04:08,42,0.595,0.548,0.643,+0.35,+0.20,+0.51
2026-07-19 08:09:24,42,0.476,0.524,0.619,+0.30,+0.13,+0.54
2026-07-19 08:14:39,42,0.524,0.595,0.548,+0.50,+0.31,+0.67
2026-07-19 08:19:54,42,0.476,0.500,0.548,+0.32,+0.14,+0.50
2026-07-19 08:25:10,42,0.548,0.524,0.571,+0.41,+0.23,+0.60
2026-07-19 08:30:25,42,0.548,0.500,0.571,+0.38,+0.19,+0.56
2026-07-19 08:35:40,42,0.476,0.524,0.571,+0.43,+0.25,+0.61
2026-07-19 08:40:55,42,0.476,0.571,0.548,+0.47,+0.29,+0.65
2026-07-19 08:46:10,42,0.500,0.571,0.619,+0.60,+0.41,+0.78
2026-07-19 08:51:25,42,0.548,0.571,0.595,+0.52,+0.34,+0.70
2026-07-19 08:56:40,42,0.524,0.643,0.643,+0.57,+0.39,+0.76
2026-07-19 09:01:54,41,0.439,0.488,0.537,+0.25,+0.45,+0.25
2026-07-19 09:07:09,41,0.390,0.439,0.537,+0.04,+0.16,+0.06
2026-07-19 09:12:23,39,0.410,0.487,0.538,+0.06,+0.39,-0.05
2026-07-19 09:17:37,39,0.462,0.462,0.513,-0.20,+0.15,-0.31
2026-07-19 09:22:51,39,0.436,0.487,0.538,-0.16,+0.18,-0.28
2026-07-19 09:28:05,39,0.487,0.513,0.564,-0.10,+0.25,-0.22
2026-07-19 09:33:19,39,0.462,0.564,0.590,-0.33,+0.01,-0.44
2026-07-19 09:38:33,39,0.359,0.462,0.538,-0.66,-0.32,-0.78
2026-07-19 09:43:47,39,0.410,0.462,0.513,-0.51,-0.16,-0.62
2026-07-19 09:49:01,39,0.410,0.513,0.538,-0.29,+0.05,-0.41
2026-07-19 09:54:15,39,0.410,0.564,0.564,-0.29,+0.06,-0.41
2026-07-19 09:59:29,39,0.410,0.538,0.564,-0.33,+0.02,-0.45
2026-07-19 10:04:43,38,0.395,0.526,0.579,-0.57,-0.02,-0.23
2026-07-19 10:09:56,38,0.368,0.500,0.526,-0.85,-0.31,-0.51
2026-07-19 10:15:10,38,0.395,0.526,0.500,-0.76,-0.20,-0.43
2026-07-19 10:20:24,38,0.368,0.526,0.526,-0.99,-0.44,-0.66
2026-07-19 10:25:38,39,0.436,0.487,0.538,-0.14,+0.35,+0.39
2026-07-19 10:30:51,39,0.462,0.513,0.538,-0.10,+0.39,+0.43
2026-07-19 10:36:06,39,0.436,0.487,0.513,-0.25,+0.28,+0.31
2026-07-19 10:41:19,39,0.410,0.487,0.487,-0.16,+0.33,+0.36
2026-07-19 10:46:33,39,0.410,0.462,0.487,-0.16,+0.33,+0.35
2026-07-19 10:51:48,40,0.425,0.475,0.525,+0.18,+0.66,+0.70
2026-07-19 10:57:02,40,0.475,0.550,0.550,+0.33,+0.83,+0.85
2026-07-19 11:02:17,40,0.450,0.475,0.625,+1.30,+0.64,+0.80
2026-07-19 11:07:31,40,0.600,0.575,0.650,+1.43,+0.76,+0.91
2026-07-19 11:12:45,41,0.659,0.585,0.634,+1.61,+0.80,+0.94
2026-07-19 11:18:01,41,0.610,0.537,0.561,+1.21,+0.42,+0.56
2026-07-19 11:23:16,41,0.512,0.488,0.561,+1.31,+0.51,+0.65
2026-07-19 11:28:30,41,0.512,0.488,0.561,+1.24,+0.45,+0.59
2026-07-19 11:33:45,41,0.610,0.512,0.585,+1.42,+0.62,+0.76
2026-07-19 11:39:00,41,0.585,0.585,0.610,+1.14,+0.33,+0.47
2026-07-19 11:44:15,41,0.634,0.537,0.634,+1.04,+0.24,+0.38
2026-07-19 11:49:30,41,0.659,0.537,0.659,+1.18,+0.37,+0.51
2026-07-19 11:54:44,41,0.634,0.561,0.634,+0.92,+0.12,+0.27
2026-07-19 11:59:59,41,0.610,0.561,0.659,+0.96,+0.16,+0.30
2026-07-19 12:05:13,40,0.525,0.500,0.525,-0.20,+0.08,+0.36
2026-07-19 12:10:28,40,0.475,0.475,0.525,-0.36,-0.06,+0.21
2026-07-19 12:15:43,40,0.475,0.475,0.500,-0.42,-0.13,+0.15
2026-07-19 12:20:57,41,0.439,0.439,0.463,-0.41,-0.16,+0.13
2026-07-19 12:26:12,41,0.366,0.415,0.488,-0.26,+0.02,+0.29
2026-07-19 12:31:26,41,0.366,0.415,0.488,-0.33,-0.05,+0.23
2026-07-19 12:36:42,41,0.415,0.463,0.512,-0.26,+0.01,+0.29
2026-07-19 12:41:56,40,0.350,0.400,0.475,-0.63,-0.45,-0.15
2026-07-19 12:47:10,40,0.375,0.400,0.425,-0.70,-0.51,-0.21
2026-07-19 12:52:26,40,0.375,0.425,0.500,-0.50,-0.31,-0.00
2026-07-19 12:57:40,40,0.350,0.425,0.475,-0.56,-0.36,-0.06
2026-07-19 13:02:55,40,0.300,0.400,0.500,-0.29,+0.73,+0.10
2026-07-19 13:08:09,40,0.300,0.400,0.475,-0.20,+0.75,+0.21
2026-07-19 13:13:24,40,0.350,0.375,0.475,-0.25,+0.69,+0.16
2026-07-19 13:18:39,40,0.400,0.375,0.475,-0.04,+0.96,+0.36
2026-07-19 13:23:53,40,0.350,0.400,0.475,-0.12,+0.86,+0.29
2026-07-19 13:29:08,40,0.350,0.400,0.425,-0.06,+0.92,+0.35
2026-07-19 13:34:22,40,0.325,0.400,0.450,-0.44,+0.51,-0.04
2026-07-19 13:39:37,39,0.410,0.436,0.462,-0.40,+0.55,+0.00
2026-07-19 13:44:50,39,0.359,0.436,0.436,-0.51,+0.43,-0.12
2026-07-19 13:50:04,38,0.316,0.474,0.447,-0.51,+0.50,-0.05
2026-07-19 13:55:18,38,0.316,0.447,0.474,-0.59,+0.41,-0.14
2026-07-19 14:00:32,38,0.447,0.474,0.421,-0.46,-0.67,-0.42
2026-07-19 14:05:45,38,0.500,0.395,0.421,-0.41,-1.09,-0.48
2026-07-19 14:10:59,38,0.500,0.368,0.316,-0.65,-1.21,-0.72
2026-07-19 14:16:13,38,0.500,0.395,0.342,-0.59,-1.14,-0.65
2026-07-19 14:21:26,38,0.447,0.368,0.342,-0.73,-1.28,-0.78
2026-07-19 14:26:40,38,0.447,0.421,0.342,-0.70,-1.24,-0.73
2026-07-19 14:31:54,38,0.421,0.395,0.316,-0.80,-1.37,-0.84
2026-07-19 14:37:07,38,0.395,0.421,0.316,-0.89,-1.46,-0.93
2026-07-19 14:42:21,38,0.395,0.421,0.263,-0.96,-1.51,-1.00
2026-07-19 14:47:35,38,0.474,0.447,0.316,-0.87,-1.43,-0.91
2026-07-19 14:52:48,38,0.500,0.421,0.342,-0.83,-1.39,-0.88
2026-07-19 14:58:02,38,0.500,0.368,0.342,-0.75,-1.31,-0.80
2026-07-19 15:03:15,38,0.500,0.263,0.316,-0.45,-1.17,-1.02
2026-07-19 15:08:29,38,0.447,0.211,0.263,-0.56,-1.34,-1.19
2026-07-19 15:13:44,39,0.487,0.256,0.308,-0.51,-1.01,-0.90
2026-07-19 15:18:58,39,0.487,0.282,0.333,-0.39,-0.90,-0.80
2026-07-19 15:24:11,38,0.500,0.263,0.342,-0.19,-0.73,-0.60
2026-07-19 15:29:25,38,0.474,0.237,0.368,-0.02,-0.57,-0.45
2026-07-19 15:34:38,38,0.500,0.316,0.395,-0.02,-0.56,-0.45
2026-07-19 15:39:53,38,0.526,0.289,0.421,+0.07,-0.47,-0.37
2026-07-19 15:45:06,38,0.526,0.316,0.395,-0.05,-0.58,-0.47
2026-07-19 15:50:21,39,0.487,0.282,0.462,+0.01,-0.21,-0.11
2026-07-19 15:55:34,38,0.526,0.289,0.474,+0.03,-0.18,-0.09
2026-07-19 16:00:48,37,0.622,0.541,0.541,+0.12,-0.08,+0.54
2026-07-19 16:06:01,37,0.568,0.541,0.595,+0.34,+0.05,+0.83
2026-07-19 16:11:14,37,0.568,0.432,0.568,+0.31,-0.01,+0.75
2026-07-19 16:16:28,37,0.568,0.459,0.622,+0.31,-0.01,+0.74
2026-07-19 16:21:41,37,0.568,0.459,0.568,-0.01,-0.31,+0.42
2026-07-19 16:26:54,37,0.568,0.486,0.595,+0.20,-0.11,+0.64
2026-07-19 16:32:08,38,0.553,0.500,0.632,+0.81,+0.49,+1.22
2026-07-19 16:37:22,38,0.500,0.500,0.632,+0.66,+0.34,+1.08
2026-07-19 16:42:36,38,0.579,0.474,0.632,+0.75,+0.46,+1.20
2026-07-19 16:47:49,38,0.553,0.474,0.632,+0.70,+0.40,+1.14
2026-07-19 16:53:03,38,0.421,0.500,0.632,+0.64,+0.31,+1.08
2026-07-19 16:58:17,38,0.447,0.474,0.605,+0.47,+0.15,+0.91
2026-07-19 17:03:31,38,0.368,0.395,0.474,-0.31,+0.02,-0.31
2026-07-19 17:08:45,38,0.342,0.395,0.447,-0.30,+0.04,-0.37
2026-07-19 17:13:58,37,0.459,0.459,0.486,-0.07,+0.28,-0.05
2026-07-19 17:19:11,37,0.405,0.432,0.486,-0.17,+0.17,-0.17
2026-07-19 17:24:24,37,0.324,0.405,0.486,-0.06,+0.27,-0.07
2026-07-19 17:29:38,37,0.459,0.432,0.486,-0.07,+0.27,-0.07
2026-07-19 17:34:51,37,0.432,0.432,0.541,+0.09,+0.43,+0.09
2026-07-19 17:40:05,37,0.405,0.459,0.432,+0.10,+0.44,+0.10
2026-07-19 17:45:18,37,0.459,0.486,0.432,+0.25,+0.60,+0.26
2026-07-19 17:50:32,37,0.541,0.514,0.514,+0.26,+0.61,+0.27
2026-07-19 17:55:45,37,0.541,0.486,0.514,+0.38,+0.74,+0.39
2026-07-19 18:00:59,37,0.486,0.541,0.378,+0.35,+1.00,+0.57
2026-07-19 18:06:12,37,0.622,0.622,0.405,+0.81,+1.24,+0.81
2026-07-19 18:11:25,37,0.622,0.514,0.351,+0.49,+0.89,+0.48
2026-07-19 18:16:38,37,0.568,0.514,0.324,+0.40,+0.80,+0.37
2026-07-19 18:21:51,37,0.405,0.459,0.324,+0.15,+0.53,+0.12
2026-07-19 18:27:05,37,0.378,0.405,0.324,+0.06,+0.43,-0.00
2026-07-19 18:32:19,37,0.432,0.459,0.351,+0.10,+0.49,+0.08
2026-07-19 18:37:33,37,0.405,0.432,0.324,+0.23,+0.63,+0.21
2026-07-19 18:42:46,38,0.421,0.474,0.368,+0.88,+1.27,+0.86
2026-07-19 18:48:00,38,0.474,0.421,0.342,+0.84,+1.22,+0.82
2026-07-19 18:53:14,38,0.526,0.395,0.316,+0.79,+1.17,+0.76
2026-07-19 18:58:27,38,0.342,0.395,0.289,+0.21,+0.63,+0.23
2026-07-19 19:03:41,38,0.237,0.395,0.395,-0.74,-0.26,+0.32
2026-07-19 19:08:54,38,0.211,0.395,0.421,-0.85,-0.37,+0.20
2026-07-19 19:14:08,38,0.237,0.395,0.395,-0.73,-0.26,+0.29
2026-07-19 19:19:21,38,0.211,0.342,0.421,-0.92,-0.45,+0.11
2026-07-19 19:24:35,38,0.237,0.395,0.395,-0.87,-0.39,+0.17
2026-07-19 19:29:49,38,0.237,0.368,0.421,-0.89,-0.42,+0.14
2026-07-19 19:35:03,39,0.205,0.333,0.410,-0.59,-0.10,+0.40
2026-07-19 19:40:17,39,0.205,0.359,0.410,-0.68,-0.18,+0.32
2026-07-19 19:45:31,39,0.282,0.436,0.462,-0.31,+0.18,+0.71
2026-07-19 19:50:45,39,0.308,0.462,0.462,-0.35,+0.13,+0.65
2026-07-19 19:55:59,39,0.308,0.410,0.436,-0.70,-0.22,+0.28
2026-07-19 20:01:13,39,0.385,0.513,0.436,-0.49,-0.39,-0.34
2026-07-19 20:06:27,39,0.385,0.487,0.462,-0.31,-0.00,-0.01
2026-07-19 20:11:40,39,0.410,0.462,0.436,-0.58,-0.27,-0.29
2026-07-19 20:16:55,39,0.385,0.487,0.436,-0.42,-0.10,-0.11
2026-07-19 20:22:09,39,0.462,0.564,0.487,-0.46,-0.14,-0.12
2026-07-19 20:27:23,39,0.462,0.564,0.487,-0.49,-0.17,-0.17
2026-07-19 20:32:37,39,0.513,0.564,0.462,-0.39,-0.07,-0.05
2026-07-19 20:37:51,39,0.436,0.538,0.487,-0.30,+0.02,+0.05
2026-07-19 20:43:05,39,0.359,0.436,0.462,-0.31,+0.01,-0.00
2026-07-19 20:48:19,39,0.410,0.487,0.462,-0.25,+0.08,+0.08
2026-07-19 20:53:33,39,0.410,0.513,0.462,-0.32,-0.00,+0.02
2026-07-19 20:58:47,39,0.359,0.436,0.436,-0.38,-0.06,-0.04
2026-07-19 21:04:01,39,0.385,0.333,0.487,-0.07,-0.83,+0.32
2026-07-19 21:09:14,39,0.436,0.282,0.436,-0.21,-1.00,+0.19
2026-07-19 21:14:28,39,0.385,0.282,0.436,-0.35,-1.14,+0.05
2026-07-19 21:19:42,39,0.359,0.256,0.410,-0.25,-1.05,+0.16
2026-07-19 21:24:56,39,0.436,0.282,0.436,-0.03,-0.83,+0.39
2026-07-19 21:30:09,39,0.385,0.256,0.436,-0.11,-0.91,+0.31
2026-07-19 21:35:23,39,0.410,0.231,0.513,-0.17,-0.97,+0.24
2026-07-19 21:40:38,39,0.333,0.179,0.487,-0.27,-1.08,+0.13
2026-07-19 21:45:52,39,0.385,0.282,0.513,-0.14,-0.94,+0.26
2026-07-19 21:51:07,39,0.410,0.282,0.487,+0.04,-0.77,+0.44
2026-07-19 21:56:21,39,0.359,0.231,0.436,-0.19,-1.00,+0.21
2026-07-19 22:01:35,39,0.333,0.359,0.359,+0.07,-0.50,-0.44
2026-07-19 22:06:50,39,0.359,0.359,0.308,-0.10,-0.51,-0.52
2026-07-19 22:12:05,40,0.350,0.375,0.325,+0.13,-0.08,-0.10
2026-07-19 22:17:20,40,0.275,0.325,0.325,+0.05,-0.16,-0.19
2026-07-19 22:22:34,40,0.325,0.350,0.350,-0.04,-0.26,-0.28
2026-07-19 22:27:49,40,0.350,0.450,0.325,+0.01,-0.22,-0.23
2026-07-19 22:33:03,40,0.350,0.375,0.300,-0.17,-0.38,-0.42
2026-07-19 22:38:18,40,0.325,0.350,0.275,-0.23,-0.46,-0.47
2026-07-19 22:43:32,40,0.400,0.475,0.325,-0.01,-0.25,-0.27
2026-07-19 22:48:47,40,0.350,0.400,0.350,-0.03,-0.27,-0.29
2026-07-19 22:54:01,40,0.400,0.375,0.350,+0.05,-0.18,-0.20
2026-07-19 22:59:15,40,0.300,0.375,0.325,-0.00,-0.24,-0.25
2026-07-19 23:04:30,40,0.350,0.400,0.350,-0.17,-0.28,+0.04
2026-07-19 23:09:44,40,0.400,0.400,0.400,-0.12,-0.11,+0.14
2026-07-19 23:14:58,40,0.400,0.375,0.450,-0.05,-0.02,+0.20
2026-07-19 23:20:13,40,0.350,0.400,0.400,-0.21,-0.19,+0.04
2026-07-19 23:25:27,40,0.350,0.400,0.425,-0.21,-0.18,+0.04
2026-07-19 23:30:42,40,0.400,0.425,0.450,-0.13,-0.11,+0.11
2026-07-19 23:35:56,40,0.475,0.450,0.425,-0.01,+0.00,+0.22
2026-07-19 23:41:11,40,0.475,0.475,0.475,-0.08,-0.06,+0.15
2026-07-19 23:46:24,40,0.525,0.500,0.575,-0.04,-0.03,+0.18
2026-07-19 23:51:38,40,0.475,0.500,0.550,-0.05,-0.04,+0.17
2026-07-19 23:56:53,40,0.475,0.500,0.550,-0.04,-0.03,+0.18
2026-07-20 00:02:07,39,0.385,0.436,0.282,-1.07,-1.13,-1.73
2026-07-20 00:07:21,40,0.475,0.400,0.300,-0.53,-0.50,-1.25
2026-07-20 00:12:35,39,0.410,0.333,0.256,-0.72,-0.67,-1.43
2026-07-20 00:17:48,39,0.359,0.385,0.282,-0.69,-0.64,-1.39
2026-07-20 00:23:02,39,0.436,0.308,0.282,-0.80,-0.76,-1.50
2026-07-20 00:28:17,39,0.410,0.333,0.282,-0.89,-0.85,-1.59
2026-07-20 06:18:27,38,0.474,0.395,0.395,-0.13,-0.00,-1.12
2026-07-20 06:23:44,38,0.395,0.368,0.395,-0.16,-0.03,-1.15
2026-07-20 06:29:01,38,0.421,0.395,0.395,-0.25,-0.06,-1.21
2026-07-20 06:34:17,38,0.342,0.368,0.395,-0.23,-0.05,-1.30
2026-07-20 06:39:34,38,0.316,0.368,0.395,+0.24,+0.38,-1.09
2026-07-20 06:44:50,38,0.368,0.395,0.368,-0.04,+0.13,-1.25
2026-07-20 06:50:07,38,0.237,0.342,0.316,-0.64,-0.44,-1.59
2026-07-20 06:55:24,38,0.184,0.316,0.316,-0.50,-0.31,-1.59
2026-07-20 07:00:40,38,0.184,0.342,0.316,-0.72,-0.19,-1.43
2026-07-20 07:05:56,38,0.132,0.500,0.316,-0.68,-0.25,-1.50
2026-07-20 07:11:12,38,0.237,0.368,0.289,-0.87,-0.54,-1.69
2026-07-20 07:16:28,38,0.368,0.474,0.368,-0.73,-0.40,-1.58
2026-07-20 07:21:44,38,0.342,0.474,0.395,-0.83,-0.50,-1.64
2026-07-20 07:27:00,38,0.342,0.395,0.263,-1.07,-0.74,-1.78
2026-07-20 07:32:16,37,0.405,0.324,0.270,-1.23,-0.97,-1.91
2026-07-20 07:37:33,37,0.324,0.351,0.216,-1.12,-0.81,-1.79
2026-07-20 07:42:51,38,0.368,0.368,0.263,-0.93,-0.60,-1.60
2026-07-20 07:48:09,38,0.263,0.342,0.211,-1.19,-0.85,-1.79
2026-07-20 07:53:26,38,0.237,0.368,0.237,-1.21,-0.87,-1.77
2026-07-20 07:58:43,38,0.263,0.316,0.237,-1.30,-0.98,-1.89
2026-07-20 08:04:01,38,0.316,0.184,0.237,-0.97,-1.41,-1.28
2026-07-20 08:09:17,38,0.263,0.184,0.237,-1.20,-1.64,-1.59
2026-07-20 08:14:33,38,0.342,0.237,0.342,-1.06,-1.50,-1.42
2026-07-20 08:19:50,39,0.359,0.231,0.333,-0.95,-1.14,-0.86
2026-07-20 08:25:07,39,0.333,0.256,0.333,-0.66,-0.84,-0.56
2026-07-20 08:30:23,39,0.359,0.231,0.256,-0.86,-1.06,-0.75
2026-07-20 08:35:39,39,0.436,0.333,0.359,-0.70,-0.90,-0.62
2026-07-20 08:40:56,39,0.410,0.308,0.333,-0.94,-1.14,-0.87
2026-07-20 08:46:12,39,0.385,0.231,0.308,-1.06,-1.26,-0.99
2026-07-20 08:51:29,39,0.359,0.231,0.282,-1.18,-1.39,-1.11
2026-07-20 08:56:46,39,0.436,0.256,0.359,-1.02,-1.23,-1.01
2026-07-20 09:02:03,39,0.359,0.231,0.333,-0.24,-1.34,-0.85
2026-07-20 09:07:20,39,0.590,0.385,0.436,+0.40,-0.73,-0.19
2026-07-20 09:12:37,39,0.667,0.513,0.487,+0.87,-0.30,+0.24
2026-07-20 09:17:53,39,0.744,0.538,0.564,+0.98,-0.17,+0.37
2026-07-20 09:23:10,39,0.590,0.410,0.513,+0.53,-0.57,-0.03
2026-07-20 09:28:27,39,0.667,0.462,0.538,+0.63,-0.49,+0.05
2026-07-20 09:33:43,39,0.590,0.462,0.538,+0.45,-0.53,+0.03
2026-07-20 09:38:59,39,0.641,0.487,0.564,+0.62,-0.35,+0.22
2026-07-20 09:44:16,39,0.692,0.538,0.564,+0.76,-0.27,+0.29
2026-07-20 09:49:32,39,0.615,0.462,0.513,+0.60,-0.45,+0.11
2026-07-20 09:54:49,39,0.513,0.385,0.487,+0.40,-0.65,-0.10
2026-07-20 10:00:06,39,0.436,0.359,0.462,+0.37,-0.57,-0.24
2026-07-20 10:05:23,39,0.538,0.513,0.487,+0.76,-0.40,-0.13
2026-07-20 10:10:41,40,0.650,0.575,0.525,+1.02,-0.06,+0.20
2026-07-20 10:15:57,40,0.625,0.600,0.550,+1.01,+0.01,+0.14
2026-07-20 10:21:15,40,0.600,0.600,0.500,+0.64,-0.34,-0.20
2026-07-20 10:26:32,40,0.600,0.550,0.575,+0.74,-0.23,-0.08
2026-07-20 10:31:49,39,0.590,0.538,0.590,+0.73,-0.26,-0.10
2026-07-20 10:37:07,39,0.538,0.564,0.538,+0.60,-0.34,-0.18
2026-07-20 10:42:23,39,0.564,0.538,0.564,+0.65,-0.30,-0.12
2026-07-20 10:47:40,40,0.500,0.525,0.450,-0.06,-0.91,-0.76
2026-07-20 10:52:57,39,0.308,0.410,0.462,-0.77,-1.50,-1.33
2026-07-20 10:58:14,39,0.333,0.359,0.333,-0.97,-1.69,-1.53
2026-07-20 11:03:31,40,0.450,0.525,0.350,-1.09,-1.08,-1.64
2026-07-20 11:08:48,40,0.500,0.525,0.375,-0.84,-0.93,-1.47
2026-07-20 11:14:05,40,0.475,0.525,0.350,-0.87,-0.94,-1.49
2026-07-20 11:19:22,40,0.400,0.425,0.375,-0.74,-0.83,-1.44
2026-07-20 11:24:39,40,0.375,0.400,0.325,-0.95,-1.04,-1.64
2026-07-20 11:29:56,40,0.450,0.425,0.350,-0.98,-1.06,-1.64
2026-07-20 11:35:14,40,0.375,0.425,0.350,-0.70,-0.79,-1.38
2026-07-20 11:40:30,40,0.350,0.425,0.375,-0.81,-0.87,-1.51
2026-07-20 11:45:47,41,0.488,0.512,0.390,-0.81,-0.89,-1.51
2026-07-20 11:51:05,41,0.585,0.537,0.390,-0.68,-0.77,-1.35
2026-07-20 11:56:22,41,0.561,0.537,0.366,-0.55,-0.63,-1.25
2026-07-20 12:01:40,41,0.610,0.585,0.341,+0.17,-0.18,-1.52
2026-07-20 12:06:57,41,0.732,0.585,0.390,+0.35,-0.32,-1.49
2026-07-20 12:12:15,41,0.634,0.488,0.366,+0.45,-0.42,-1.47
2026-07-20 12:17:32,41,0.707,0.512,0.366,+0.50,-0.36,-1.41
2026-07-20 12:22:50,41,0.634,0.463,0.317,-0.03,-0.78,-1.78
2026-07-20 12:28:07,41,0.512,0.390,0.293,-0.31,-1.01,-1.99
2026-07-20 12:33:25,41,0.585,0.390,0.341,-0.11,-0.76,-1.71
2026-07-20 12:38:42,41,0.610,0.512,0.341,+0.01,-0.65,-1.62
2026-07-20 12:43:59,40,0.600,0.525,0.350,+0.16,-0.57,-1.52
2026-07-20 12:49:16,40,0.625,0.525,0.400,+0.50,-0.36,-1.36
2026-07-20 12:54:33,40,0.575,0.500,0.350,+0.33,-0.52,-1.53
2026-07-20 12:59:50,40,0.550,0.425,0.325,+0.27,-0.52,-1.51
2026-07-20 13:05:07,40,0.300,0.375,0.450,-0.30,-0.93,-1.37
2026-07-20 13:10:24,40,0.275,0.300,0.400,-0.56,-1.19,-1.58
2026-07-20 13:15:41,40,0.250,0.325,0.400,-0.60,-1.26,-1.64
2026-07-20 13:20:58,39,0.256,0.282,0.410,-0.76,-1.42,-1.80
2026-07-20 13:26:14,39,0.231,0.308,0.410,-0.96,-1.54,-1.89
2026-07-20 13:31:31,39,0.308,0.308,0.487,-0.70,-1.29,-1.63
2026-07-20 13:36:48,40,0.225,0.325,0.475,-0.80,-1.28,-1.57
2026-07-20 13:42:07,40,0.250,0.300,0.500,-0.88,-1.37,-1.67
2026-07-20 13:47:24,40,0.175,0.275,0.450,-0.85,-1.40,-1.72
2026-07-20 13:52:41,40,0.150,0.225,0.350,-1.29,-1.76,-2.06
2026-07-20 13:57:58,41,0.195,0.268,0.366,-1.14,-1.63,-1.95
2026-07-20 14:03:15,40,0.150,0.225,0.200,-1.35,-1.10,-2.01
2026-07-20 14:08:32,40,0.250,0.275,0.225,-1.09,-0.71,-1.65
2026-07-20 14:13:49,40,0.175,0.200,0.150,-2.02,-1.64,-2.57
2026-07-20 14:19:06,40,0.225,0.225,0.175,-1.51,-1.15,-2.17
2026-07-20 14:24:23,39,0.179,0.179,0.154,-1.78,-1.40,-2.31
2026-07-20 14:29:40,39,0.179,0.205,0.179,-1.92,-1.55,-2.45
2026-07-20 14:34:57,39,0.154,0.205,0.205,-1.85,-1.47,-2.34
2026-07-20 14:40:14,39,0.205,0.205,0.128,-1.79,-1.42,-2.32
2026-07-20 14:45:30,39,0.256,0.205,0.154,-1.78,-1.40,-2.29
2026-07-20 14:50:48,40,0.175,0.200,0.175,-1.70,-1.35,-2.24
2026-07-20 14:56:04,39,0.154,0.205,0.179,-1.85,-1.49,-2.34
2026-07-20 15:01:21,38,0.237,0.184,0.237,-0.56,-1.04,-0.45
2026-07-20 15:06:36,38,0.237,0.132,0.211,-0.32,-1.00,-0.27
2026-07-20 15:11:52,37,0.189,0.108,0.162,-0.42,-1.15,-0.43
2026-07-20 15:17:08,37,0.270,0.162,0.243,-0.32,-1.05,-0.33
2026-07-20 15:22:24,37,0.216,0.135,0.189,-0.32,-1.07,-0.32
2026-07-20 15:27:40,37,0.216,0.162,0.216,-0.25,-1.00,-0.22
2026-07-20 15:32:56,37,0.297,0.216,0.270,-0.08,-0.90,+0.07
2026-07-20 15:38:12,38,0.263,0.105,0.263,-0.48,-1.30,-0.33
2026-07-20 15:43:29,37,0.216,0.108,0.216,-0.37,-1.15,-0.22
2026-07-20 15:48:45,37,0.216,0.108,0.243,-0.35,-1.13,-0.21
2026-07-20 15:54:01,37,0.243,0.135,0.216,-0.44,-1.22,-0.30
2026-07-20 15:59:17,38,0.263,0.079,0.263,-0.06,-0.87,+0.05
2026-07-20 16:04:36,38,0.421,0.237,0.289,+0.56,-0.80,-0.30
2026-07-20 16:09:52,38,0.447,0.263,0.289,+0.60,-0.77,-0.26
2026-07-20 16:15:09,38,0.526,0.263,0.289,+0.89,-0.54,+0.03
2026-07-20 16:20:26,38,0.447,0.289,0.263,+0.89,-0.49,+0.02
2026-07-20 16:25:48,38,0.605,0.289,0.263,+1.01,-0.37,+0.15
2026-07-20 16:31:19,38,0.605,0.263,0.263,+1.24,-0.15,+0.38
2026-07-20 16:36:36,37,0.541,0.243,0.270,+1.30,-0.10,+0.44
2026-07-20 16:41:53,38,0.684,0.289,0.263,+1.47,+0.05,+0.61
2026-07-20 16:47:23,38,0.684,0.289,0.289,+1.69,+0.28,+0.82
2026-07-20 16:52:40,38,0.605,0.263,0.316,+1.67,+0.25,+0.80
2026-07-20 16:57:57,38,0.632,0.263,0.316,+1.79,+0.36,+0.91
2026-07-20 17:03:13,38,0.737,0.342,0.211,+1.14,+1.11,+0.72
2026-07-20 17:08:34,38,0.763,0.368,0.237,+1.02,+1.01,+0.64
2026-07-20 17:13:52,38,0.711,0.316,0.263,+1.09,+1.22,+0.80
2026-07-20 17:19:10,38,0.684,0.289,0.263,+1.14,+1.27,+0.85
2026-07-20 17:24:27,38,0.711,0.342,0.263,+0.91,+1.03,+0.61
2026-07-20 17:29:44,38,0.684,0.289,0.237,+0.96,+1.07,+0.65
2026-07-20 17:35:01,38,0.632,0.316,0.211,+0.96,+1.07,+0.65
2026-07-20 17:40:19,39,0.590,0.308,0.231,+0.80,+0.95,+0.54
2026-07-20 17:45:37,39,0.615,0.282,0.282,+0.83,+0.96,+0.55
2026-07-20 17:50:55,39,0.641,0.333,0.256,+1.08,+1.26,+0.84
2026-07-20 17:56:19,39,0.641,0.308,0.256,+0.86,+1.03,+0.61
2026-07-20 18:01:37,39,0.564,0.564,0.231,+0.09,+1.44,+0.47
2026-07-20 18:07:08,41,0.390,0.561,0.244,-0.04,+1.39,+0.18
2026-07-20 18:12:29,41,0.366,0.585,0.195,-0.10,+1.36,+0.10
2026-07-20 18:17:52,40,0.425,0.625,0.200,+0.08,+1.80,+0.53
2026-07-20 18:23:10,40,0.425,0.625,0.250,+0.09,+1.79,+0.52
2026-07-20 18:28:30,41,0.512,0.610,0.244,+0.15,+1.90,+0.64
2026-07-20 18:33:50,41,0.488,0.585,0.220,+0.11,+1.87,+0.60
2026-07-20 18:39:11,41,0.512,0.610,0.244,+0.06,+1.80,+0.53
2026-07-20 18:44:31,40,0.475,0.600,0.200,+0.03,+1.83,+0.56
2026-07-20 18:49:50,40,0.450,0.575,0.200,-0.03,+1.76,+0.50
2026-07-20 18:55:09,42,0.452,0.643,0.238,+1.14,+2.81,+1.47
2026-07-20 19:00:29,42,0.524,0.667,0.310,+1.20,+2.04,+1.50
2026-07-20 19:05:49,42,0.548,0.690,0.310,+1.18,+2.44,+1.63
2026-07-20 19:11:07,42,0.500,0.690,0.357,+0.97,+2.23,+1.40
2026-07-20 19:16:25,42,0.548,0.690,0.357,+0.70,+1.95,+1.13
2026-07-20 19:21:44,42,0.595,0.714,0.381,+0.76,+2.01,+1.17
2026-07-20 19:27:04,42,0.619,0.762,0.381,+0.99,+2.24,+1.41
2026-07-20 19:32:22,42,0.524,0.714,0.381,+0.89,+2.14,+1.30
2026-07-20 19:37:40,42,0.619,0.714,0.333,+1.15,+2.42,+1.60
2026-07-20 19:42:57,41,0.585,0.707,0.317,+1.11,+2.34,+1.46
2026-07-20 19:48:15,41,0.610,0.707,0.293,+1.13,+2.34,+1.44
2026-07-20 19:53:32,42,0.595,0.714,0.333,+1.19,+2.37,+1.46
2026-07-20 19:58:49,42,0.595,0.714,0.333,+1.03,+2.22,+1.32
2026-07-20 20:04:07,42,0.476,0.571,0.429,-0.11,+1.03,+1.93
2026-07-20 20:09:24,41,0.512,0.610,0.463,+0.02,+1.21,+2.26
2026-07-20 20:14:41,41,0.537,0.585,0.488,+0.12,+1.33,+2.38
2026-07-20 20:19:59,41,0.537,0.634,0.439,+0.03,+1.20,+2.29
2026-07-20 20:25:17,41,0.610,0.683,0.439,+0.35,+1.55,+2.69
2026-07-20 20:30:34,42,0.595,0.619,0.500,+0.50,+1.67,+2.81
2026-07-20 20:35:52,42,0.643,0.690,0.643,+0.56,+1.73,+2.82
2026-07-20 20:41:10,42,0.667,0.714,0.619,+0.47,+1.52,+2.61
2026-07-20 20:46:27,42,0.619,0.690,0.667,+0.21,+1.23,+2.26
2026-07-20 20:51:45,44,0.636,0.659,0.659,+0.01,+1.01,+2.07
2026-07-20 20:57:04,44,0.682,0.682,0.682,+0.05,+1.03,+2.09
2026-07-20 21:02:22,45,0.622,0.667,0.733,-0.02,+1.02,+2.57
2026-07-20 21:07:41,46,0.609,0.609,0.696,-0.12,+0.86,+2.46
2026-07-20 21:13:00,46,0.630,0.630,0.717,-0.11,+0.87,+2.47
2026-07-20 21:18:19,46,0.609,0.652,0.696,+0.08,+1.07,+2.64
2026-07-20 21:23:40,45,0.644,0.622,0.711,+0.08,+1.09,+2.70
2026-07-20 21:29:01,45,0.556,0.556,0.689,-0.03,+0.98,+2.61
2026-07-20 21:34:19,45,0.578,0.578,0.711,-0.05,+0.96,+2.60
2026-07-20 21:39:37,44,0.614,0.614,0.705,+0.12,+1.13,+2.84
2026-07-20 21:44:55,44,0.614,0.636,0.705,+0.03,+1.03,+2.73
2026-07-20 21:50:12,44,0.591,0.614,0.727,-0.04,+0.97,+2.67
2026-07-20 21:52:00,44,0.591,0.636,0.727,-0.00,+1.02,+2.72
2026-07-20 21:57:16,44,0.568,0.614,0.682,-0.14,+0.88,+2.58
2026-07-20 22:02:33,45,0.356,0.578,0.644,-0.00,-0.02,+1.98
2026-07-20 22:07:49,44,0.341,0.614,0.659,-0.08,-0.11,+1.97
2026-07-20 22:13:06,44,0.409,0.591,0.682,+0.05,+0.07,+2.16
2026-07-20 22:18:23,44,0.409,0.614,0.705,-0.01,+0.05,+2.10
2026-07-20 22:23:40,44,0.341,0.591,0.705,-0.27,-0.20,+1.80
2026-07-20 22:28:56,45,0.356,0.578,0.667,-0.30,-0.22,+1.74
2026-07-20 22:34:43,45,0.467,0.600,0.667,-0.24,-0.16,+1.78
2026-07-20 22:40:13,45,0.444,0.622,0.644,-0.17,-0.11,+1.86
2026-07-20 22:45:31,45,0.422,0.600,0.644,-0.38,-0.31,+1.64
2026-07-20 22:50:48,45,0.333,0.556,0.622,-0.57,-0.51,+1.45
2026-07-20 22:56:06,45,0.356,0.511,0.667,-0.67,-0.60,+1.34
2026-07-20 23:01:23,45,0.244,0.400,0.533,-0.71,-0.68,+0.30
2026-07-20 23:06:40,44,0.341,0.432,0.636,-0.58,-0.68,+0.47
2026-07-20 23:11:58,44,0.318,0.386,0.500,-0.73,-0.83,+0.32
2026-07-20 23:17:15,44,0.273,0.364,0.455,-0.84,-0.92,+0.19
2026-07-20 23:22:32,43,0.279,0.326,0.395,-0.97,-1.02,+0.16
2026-07-20 23:27:49,43,0.279,0.465,0.581,-0.62,-0.67,+0.52
2026-07-20 23:33:07,44,0.341,0.523,0.545,-0.42,-0.48,+0.62
2026-07-20 23:38:23,44,0.364,0.523,0.500,-0.48,-0.54,+0.55
2026-07-20 23:43:40,44,0.386,0.432,0.500,-0.59,-0.67,+0.45
2026-07-20 23:48:57,44,0.386,0.455,0.523,-0.49,-0.55,+0.54
2026-07-20 23:54:14,44,0.341,0.409,0.477,-0.41,-0.47,+0.62
2026-07-20 23:59:31,44,0.318,0.364,0.568,-0.30,-0.37,+0.74
2026-07-21 00:04:49,45,0.600,0.400,0.622,+0.72,+0.03,+0.96
2026-07-21 00:10:06,45,0.622,0.444,0.600,+0.96,+0.26,+1.19
2026-07-21 00:15:24,46,0.717,0.543,0.674,+1.31,+0.63,+1.69
2026-07-21 00:20:44,45,0.689,0.511,0.689,+1.13,+0.47,+1.55
2026-07-21 00:26:03,45,0.667,0.511,0.689,+1.31,+0.66,+1.74
2026-07-21 00:31:20,45,0.689,0.422,0.733,+1.38,+0.74,+1.81
2026-07-21 00:36:39,45,0.711,0.422,0.733,+1.40,+0.73,+1.80
2026-07-21 00:41:57,45,0.689,0.422,0.711,+1.24,+0.59,+1.66
2026-07-21 00:47:15,47,0.723,0.574,0.745,+1.52,+0.89,+1.95
2026-07-21 00:52:34,47,0.745,0.638,0.723,+1.58,+0.95,+2.02
2026-07-21 00:57:52,47,0.702,0.574,0.723,+1.33,+0.71,+1.77
2026-07-21 01:03:09,47,0.681,0.638,0.660,+0.97,+0.79,+0.98
2026-07-21 01:08:28,47,0.596,0.617,0.660,+0.99,+0.90,+1.04
2026-07-21 01:13:46,46,0.630,0.630,0.630,+1.09,+1.02,+1.17
2026-07-21 01:19:04,46,0.609,0.630,0.630,+1.06,+0.89,+1.08
2026-07-21 01:24:21,46,0.609,0.609,0.652,+1.10,+0.94,+1.14
2026-07-21 01:30:21,46,0.644,0.630,0.630,+1.09,+0.90,+1.10
2026-07-21 01:35:48,45,0.667,0.644,0.622,+1.01,+0.83,+1.05
2026-07-21 01:41:16,45,0.644,0.644,0.644,+1.05,+0.87,+1.10
2026-07-21 01:46:49,44,0.682,0.636,0.614,+0.84,+0.66,+0.92
2026-07-21 01:52:22,44,0.659,0.705,0.659,+0.96,+0.76,+1.04
2026-07-21 01:57:52,44,0.682,0.682,0.659,+1.08,+0.92,+1.20
2026-07-21 02:03:09,44,0.455,0.682,0.636,+0.03,+1.51,+0.92
2026-07-21 02:08:26,44,0.409,0.682,0.614,+0.08,+1.58,+0.93
2026-07-21 02:13:43,44,0.341,0.705,0.591,-0.03,+1.45,+0.81
2026-07-21 02:19:01,44,0.341,0.705,0.591,-0.13,+1.37,+0.75
2026-07-21 02:24:18,44,0.386,0.682,0.591,+0.04,+1.43,+0.85
2026-07-21 02:29:35,44,0.386,0.727,0.568,+0.03,+1.41,+0.83
2026-07-21 02:34:59,44,0.432,0.750,0.636,+0.16,+1.55,+0.96
2026-07-21 02:40:16,44,0.455,0.773,0.614,+0.19,+1.57,+0.98
2026-07-21 02:45:35,45,0.467,0.711,0.622,+0.19,+1.57,+0.99
2026-07-21 02:50:52,45,0.444,0.711,0.622,+0.24,+1.64,+1.06
2026-07-21 02:56:10,45,0.556,0.756,0.622,+0.42,+1.83,+1.22
2026-07-21 03:01:27,45,0.622,0.711,0.644,+0.30,+1.64,+1.41
2026-07-21 03:06:44,45,0.689,0.733,0.667,+0.51,+1.59,+1.35
2026-07-21 03:12:01,45,0.711,0.733,0.667,+0.51,+1.61,+1.35
2026-07-21 03:17:18,45,0.733,0.711,0.689,+0.71,+1.78,+1.55
2026-07-21 03:22:35,45,0.622,0.733,0.644,+0.48,+1.54,+1.29
2026-07-21 03:27:53,45,0.556,0.733,0.644,+0.58,+1.64,+1.40
2026-07-21 03:33:10,45,0.533,0.689,0.578,+0.49,+1.55,+1.30
2026-07-21 03:38:28,45,0.622,0.667,0.600,+0.47,+1.54,+1.30
2026-07-21 03:43:45,45,0.622,0.644,0.600,+0.36,+1.44,+1.20
2026-07-21 03:49:02,45,0.467,0.622,0.533,+0.28,+1.35,+1.11
2026-07-21 03:54:21,45,0.444,0.667,0.556,+0.24,+1.30,+1.05
2026-07-21 03:59:38,45,0.422,0.667,0.533,+0.13,+1.26,+1.01
2026-07-21 04:04:56,45,0.289,0.378,0.578,-0.29,+0.37,+1.02
2026-07-21 04:10:14,45,0.311,0.356,0.578,-0.29,+0.39,+1.05
2026-07-21 04:15:31,45,0.244,0.333,0.556,-0.46,+0.22,+0.89
2026-07-21 04:20:49,45,0.200,0.356,0.533,-0.45,+0.14,+0.90
2026-07-21 04:26:15,45,0.200,0.356,0.533,-0.51,+0.07,+0.80
2026-07-21 04:31:50,45,0.267,0.378,0.533,-0.41,+0.18,+0.92
2026-07-21 04:37:35,45,0.244,0.333,0.533,-0.62,-0.05,+0.69
2026-07-21 04:43:14,45,0.244,0.356,0.533,-0.53,+0.07,+0.76
2026-07-21 04:49:02,45,0.222,0.356,0.533,-0.66,-0.08,+0.65
2026-07-21 04:54:51,45,0.244,0.311,0.511,-0.49,+0.11,+0.84
2026-07-21 05:00:08,45,0.222,0.400,0.533,-0.39,-0.06,+0.94
2026-07-21 05:05:26,45,0.200,0.356,0.556,-0.21,-0.19,+1.32
2026-07-21 05:10:44,45,0.244,0.356,0.622,-0.17,-0.19,+1.33
2026-07-21 05:16:02,45,0.333,0.356,0.644,-0.22,-0.28,+1.28
2026-07-21 05:21:19,45,0.333,0.333,0.644,-0.14,-0.20,+1.37
2026-07-21 05:26:36,45,0.400,0.333,0.600,-0.12,-0.18,+1.40
2026-07-21 05:31:54,45,0.400,0.356,0.644,-0.26,-0.33,+1.23
2026-07-21 05:37:13,45,0.467,0.378,0.644,-0.22,-0.28,+1.29
2026-07-21 05:42:30,45,0.444,0.356,0.600,-0.29,-0.36,+1.21
2026-07-21 05:47:48,46,0.413,0.370,0.630,-0.12,-0.20,+1.42
2026-07-21 05:53:07,46,0.413,0.370,0.652,-0.04,-0.12,+1.51
2026-07-21 05:58:26,46,0.435,0.370,0.630,-0.00,-0.09,+1.54
2026-07-21 06:03:44,46,0.478,0.283,0.587,+0.07,-0.26,+1.21
2026-07-21 06:09:02,46,0.543,0.239,0.587,+0.12,-0.30,+1.16
2026-07-21 06:14:20,46,0.587,0.261,0.609,+0.18,-0.27,+1.25
2026-07-21 06:19:38,46,0.478,0.261,0.609,-0.02,-0.49,+1.02
2026-07-21 06:24:55,46,0.543,0.304,0.630,+0.03,-0.39,+1.19
2026-07-21 06:30:12,46,0.500,0.304,0.587,-0.10,-0.52,+1.03
2026-07-21 06:35:29,46,0.587,0.239,0.652,-0.01,-0.44,+1.12
2026-07-21 06:40:46,46,0.587,0.283,0.630,+0.13,-0.30,+1.27
2026-07-21 06:46:03,46,0.522,0.304,0.630,-0.00,-0.43,+1.14
2026-07-21 06:51:19,46,0.500,0.304,0.609,-0.05,-0.48,+1.09
2026-07-21 06:56:36,46,0.435,0.283,0.565,-0.26,-0.70,+0.86
2026-07-21 07:01:52,46,0.348,0.391,0.348,-0.32,-0.47,+0.19
2026-07-21 07:07:09,46,0.304,0.304,0.326,-0.33,-0.39,-0.22
2026-07-21 07:12:26,45,0.333,0.356,0.356,-0.37,-0.38,-0.20
2026-07-21 07:17:42,45,0.356,0.378,0.333,-0.42,-0.46,-0.26
2026-07-21 07:22:59,45,0.378,0.356,0.356,-0.35,-0.39,-0.21
2026-07-21 07:28:16,45,0.356,0.333,0.333,-0.35,-0.37,-0.20
2026-07-21 07:33:34,45,0.444,0.356,0.356,-0.22,-0.24,-0.06
2026-07-21 07:38:51,45,0.400,0.356,0.378,-0.30,-0.31,-0.13
2026-07-21 07:44:08,45,0.333,0.356,0.378,-0.32,-0.34,-0.16
2026-07-21 07:49:24,45,0.311,0.289,0.333,-0.43,-0.46,-0.27
2026-07-21 07:54:43,45,0.311,0.311,0.356,-0.47,-0.51,-0.33
2026-07-21 07:59:59,45,0.289,0.311,0.333,-0.27,-0.33,-0.14
2026-07-21 08:05:16,45,0.311,0.422,0.356,+0.18,-0.30,-0.16
2026-07-21 08:10:32,45,0.378,0.511,0.356,+0.05,-0.18,-0.25
2026-07-21 08:15:48,45,0.422,0.489,0.311,+0.09,-0.13,-0.20
2026-07-21 08:21:05,45,0.511,0.556,0.444,+0.17,-0.05,-0.12
2026-07-21 08:26:22,46,0.522,0.543,0.522,+0.34,+0.16,+0.17
2026-07-21 08:31:38,46,0.543,0.565,0.500,+0.47,+0.30,+0.31
2026-07-21 08:36:55,46,0.587,0.587,0.478,+0.40,+0.23,+0.24
2026-07-21 08:42:12,45,0.533,0.578,0.467,+0.39,+0.19,+0.24
2026-07-21 08:47:28,45,0.556,0.578,0.489,+0.46,+0.25,+0.29
2026-07-21 08:52:44,45,0.511,0.556,0.467,+0.43,+0.22,+0.26
2026-07-21 08:58:00,45,0.578,0.600,0.489,+0.50,+0.30,+0.34
2026-07-21 09:03:16,45,0.578,0.356,0.311,+0.31,+0.18,-0.02
2026-07-21 09:08:32,45,0.667,0.333,0.289,+0.35,+0.20,-0.12
2026-07-21 09:13:48,45,0.644,0.400,0.289,+0.38,+0.23,-0.09
2026-07-21 09:19:04,44,0.614,0.432,0.318,+0.36,+0.24,-0.03
2026-07-21 09:24:19,44,0.636,0.523,0.318,+0.39,+0.26,-0.01
2026-07-21 09:29:35,44,0.591,0.500,0.341,+0.52,+0.33,+0.08
2026-07-21 09:34:52,44,0.591,0.477,0.409,+0.35,+0.22,-0.04
2026-07-21 09:40:08,44,0.659,0.568,0.432,+0.35,+0.22,-0.05
2026-07-21 09:45:24,44,0.568,0.591,0.409,+0.35,+0.21,-0.04
2026-07-21 09:50:39,44,0.568,0.614,0.455,+0.23,+0.09,-0.17
2026-07-21 09:55:56,45,0.578,0.533,0.422,+0.82,+0.76,+0.49
2026-07-21 10:01:12,45,0.533,0.556,0.533,+0.43,+0.84,+0.75
2026-07-21 10:06:28,45,0.489,0.578,0.556,+0.31,+0.88,+0.79
2026-07-21 10:11:45,45,0.578,0.622,0.600,+0.34,+0.85,+0.80
2026-07-21 10:17:01,45,0.556,0.667,0.600,+0.42,+0.92,+0.88
2026-07-21 10:22:18,46,0.652,0.630,0.565,+0.36,+0.92,+0.90
2026-07-21 10:27:34,46,0.609,0.587,0.565,+0.51,+1.07,+1.05
2026-07-21 10:32:50,46,0.587,0.543,0.565,+0.46,+1.03,+1.00
2026-07-21 10:38:07,46,0.630,0.630,0.587,+0.39,+0.95,+0.91
2026-07-21 10:43:24,46,0.565,0.565,0.543,+0.27,+0.83,+0.79
2026-07-21 10:48:40,46,0.522,0.522,0.565,+0.27,+0.84,+0.79
2026-07-21 10:53:57,45,0.467,0.578,0.578,+0.23,+0.89,+0.86
2026-07-21 10:59:13,45,0.467,0.556,0.533,+0.18,+0.83,+0.80
2026-07-21 11:04:29,45,0.267,0.533,0.511,-0.48,+0.63,+0.81
2026-07-21 11:09:46,45,0.267,0.556,0.578,-0.40,+0.76,+0.86
2026-07-21 11:15:02,45,0.244,0.489,0.511,-0.45,+0.69,+0.79
2026-07-21 11:20:18,45,0.200,0.400,0.489,-0.45,+0.70,+0.80
2026-07-21 11:25:35,45,0.200,0.489,0.533,-0.49,+0.66,+0.76
2026-07-21 11:30:51,45,0.178,0.467,0.533,-0.38,+0.77,+0.87
2026-07-21 11:36:07,45,0.178,0.533,0.511,-0.25,+0.92,+1.02
2026-07-21 11:41:23,45,0.200,0.556,0.578,-0.38,+0.79,+0.89
2026-07-21 11:46:39,45,0.244,0.578,0.578,-0.31,+0.86,+0.95
2026-07-21 11:51:55,45,0.289,0.533,0.533,-0.19,+0.98,+1.06
2026-07-21 11:57:11,45,0.356,0.556,0.533,-0.13,+1.04,+1.13
2026-07-21 12:02:27,44,0.364,0.523,0.432,+0.12,+0.85,+1.18
2026-07-21 12:07:42,44,0.523,0.545,0.500,+0.25,+0.72,+1.16
2026-07-21 12:12:58,44,0.659,0.568,0.477,+0.59,+0.93,+1.44
2026-07-21 12:18:14,43,0.628,0.558,0.442,+0.55,+0.90,+1.36
2026-07-21 12:23:29,43,0.651,0.558,0.488,+0.67,+1.04,+1.54
2026-07-21 12:28:45,45,0.600,0.556,0.511,+0.47,+0.88,+1.39
2026-07-21 12:34:02,47,0.638,0.574,0.553,+0.71,+1.41,+1.86
2026-07-21 12:39:20,47,0.596,0.574,0.553,+0.25,+0.91,+1.35
2026-07-21 12:44:36,47,0.553,0.532,0.511,+0.10,+0.75,+1.19
2026-07-21 12:49:53,47,0.638,0.553,0.511,+0.17,+0.78,+1.21
2026-07-21 12:55:10,46,0.522,0.522,0.478,-0.12,+0.54,+0.95
2026-07-21 13:00:27,46,0.413,0.348,0.500,-0.98,-1.08,+0.61
2026-07-21 13:05:43,46,0.500,0.413,0.543,-0.69,-0.39,+1.12
2026-07-21 13:10:59,46,0.457,0.413,0.522,-0.71,-0.41,+1.11
2026-07-21 13:16:16,46,0.457,0.435,0.543,-0.74,-0.44,+1.12
2026-07-21 13:21:33,46,0.391,0.478,0.522,-0.84,-0.53,+1.05
2026-07-21 13:26:49,46,0.348,0.457,0.522,-0.87,-0.55,+1.04
2026-07-21 13:32:06,47,0.319,0.426,0.489,-0.90,-0.79,+0.87
2026-07-21 13:37:22,47,0.383,0.447,0.532,-0.88,-0.76,+0.93
2026-07-21 13:42:39,47,0.447,0.383,0.489,-0.76,-0.64,+1.07
2026-07-21 13:47:56,47,0.489,0.426,0.596,-0.62,-0.50,+1.18
2026-07-21 13:53:13,47,0.426,0.404,0.574,-0.79,-0.69,+0.96
2026-07-21 13:58:30,47,0.447,0.426,0.553,-0.66,-0.54,+1.12
2026-07-21 14:03:47,47,0.468,0.489,0.532,+0.23,-0.36,+0.84
2026-07-21 14:09:04,47,0.489,0.553,0.532,+0.15,-0.39,+0.75
2026-07-21 14:14:21,47,0.404,0.553,0.489,+0.10,-0.40,+0.68
2026-07-21 14:19:39,48,0.396,0.562,0.542,+0.01,-0.46,+0.54
2026-07-21 14:24:56,48,0.375,0.562,0.500,+0.06,-0.42,+0.60
2026-07-21 14:30:13,48,0.479,0.542,0.500,+0.07,-0.39,+0.65
2026-07-21 14:35:30,48,0.479,0.562,0.562,+0.08,-0.40,+0.63
2026-07-21 14:40:47,48,0.458,0.500,0.521,+0.03,-0.45,+0.59
2026-07-21 14:46:05,48,0.521,0.542,0.521,+0.12,-0.35,+0.69
2026-07-21 14:51:22,48,0.562,0.521,0.583,+0.19,-0.28,+0.76
2026-07-21 14:56:39,48,0.542,0.562,0.604,+0.42,-0.05,+0.99
2026-07-21 15:01:56,48,0.521,0.562,0.562,+0.11,-0.57,+0.71
2026-07-21 15:07:14,48,0.479,0.521,0.542,+0.06,-0.52,+0.63
2026-07-21 15:12:31,48,0.500,0.479,0.583,+0.23,-0.21,+0.96
2026-07-21 15:17:49,48,0.542,0.521,0.562,+0.29,-0.12,+1.01
2026-07-21 15:23:06,48,0.500,0.479,0.562,+0.18,-0.25,+0.88
2026-07-21 15:28:23,48,0.479,0.542,0.542,+0.28,-0.12,+1.01
2026-07-21 15:33:40,47,0.511,0.532,0.511,+0.10,-0.35,+0.81
2026-07-21 15:38:57,46,0.522,0.565,0.522,+0.26,-0.23,+0.95
2026-07-21 15:44:13,45,0.600,0.489,0.533,+0.32,-0.24,+0.99
2026-07-21 15:49:29,46,0.565,0.565,0.543,+0.19,-0.36,+0.77
2026-07-21 15:54:45,44,0.568,0.545,0.545,+0.20,-0.38,+0.82
2026-07-21 16:00:01,45,0.533,0.578,0.556,+0.06,-0.49,+0.65
2026-07-21 16:05:18,45,0.511,0.622,0.511,+0.92,+1.18,+0.67
2026-07-21 16:10:34,45,0.467,0.644,0.556,+0.97,+1.23,+0.71
2026-07-21 16:15:51,47,0.489,0.617,0.553,+0.92,+1.17,+0.67
2026-07-21 16:21:07,46,0.435,0.630,0.565,+0.96,+1.19,+0.64
2026-07-21 16:26:24,46,0.435,0.565,0.543,+0.81,+1.00,+0.22
2026-07-21 16:31:40,46,0.413,0.609,0.522,+0.41,+0.63,-0.17
2026-07-21 16:36:57,47,0.489,0.574,0.553,+0.60,+0.83,+0.06
2026-07-21 16:42:15,47,0.553,0.596,0.574,+0.83,+1.09,+0.42
2026-07-21 16:47:32,47,0.511,0.596,0.574,+0.45,+0.71,+0.03
2026-07-21 16:52:48,46,0.565,0.543,0.565,+0.26,+0.57,+0.10
2026-07-21 16:58:04,46,0.543,0.565,0.587,+0.52,+0.82,+0.33
2026-07-21 17:03:21,46,0.500,0.565,0.630,-0.73,+0.20,+0.17
2026-07-21 17:08:38,47,0.468,0.574,0.638,-0.80,+0.01,-0.18
2026-07-21 17:13:55,48,0.479,0.583,0.625,-0.91,-0.11,-0.12
2026-07-21 17:19:12,47,0.447,0.574,0.638,-0.96,-0.07,+0.13
2026-07-21 17:24:30,48,0.458,0.604,0.625,-0.97,-0.19,-0.19
2026-07-21 17:29:48,48,0.396,0.562,0.604,-1.21,-0.41,-0.40
2026-07-21 17:35:05,48,0.396,0.521,0.583,-1.28,-0.51,-0.49
2026-07-21 17:40:22,48,0.417,0.542,0.542,-1.62,-0.88,-0.83
2026-07-21 17:45:40,48,0.438,0.542,0.562,-1.58,-0.79,-0.73
2026-07-21 17:50:57,48,0.458,0.521,0.562,-1.59,-0.81,-0.74
2026-07-21 17:56:14,47,0.468,0.596,0.532,-1.57,-0.69,-0.42
2026-07-21 18:01:31,47,0.340,0.426,0.553,-1.81,-1.50,-1.39
2026-07-21 18:06:48,47,0.277,0.426,0.489,-1.40,-1.61,-1.50
2026-07-21 18:12:05,47,0.298,0.404,0.511,-1.64,-1.79,-1.71
2026-07-21 18:17:22,48,0.292,0.417,0.542,-1.41,-1.57,-1.48
2026-07-21 18:22:39,48,0.250,0.396,0.521,-1.87,-2.04,-1.95
2026-07-21 18:27:57,49,0.224,0.367,0.531,-2.02,-2.13,-1.92
2026-07-21 18:33:15,49,0.286,0.429,0.531,-2.05,-2.18,-1.97
2026-07-21 18:38:32,49,0.388,0.490,0.571,-2.05,-2.16,-1.95
2026-07-21 18:43:50,49,0.306,0.449,0.510,-2.04,-2.14,-1.94
2026-07-21 18:49:08,49,0.429,0.510,0.571,-1.80,-1.91,-1.71
2026-07-21 18:54:26,49,0.408,0.510,0.551,-1.81,-1.94,-1.73
2026-07-21 18:59:43,49,0.408,0.429,0.531,-1.83,-1.95,-1.75
2026-07-21 19:05:01,49,0.490,0.408,0.531,-0.82,-2.57,-1.42
2026-07-21 19:10:18,49,0.469,0.408,0.490,-0.77,-2.54,-1.39
2026-07-21 19:15:35,48,0.438,0.417,0.500,-0.74,-2.55,-1.36
2026-07-21 19:20:53,48,0.479,0.375,0.521,-0.66,-2.47,-1.30
2026-07-21 19:26:10,48,0.500,0.375,0.479,-0.66,-2.46,-1.29
2026-07-21 19:31:27,49,0.469,0.347,0.510,-0.65,-2.43,-1.22
2026-07-21 19:36:45,49,0.571,0.408,0.571,-0.54,-2.33,-1.12
2026-07-21 19:42:02,49,0.571,0.408,0.490,-0.61,-2.39,-1.18
2026-07-21 19:47:20,49,0.571,0.429,0.571,-0.46,-2.24,-1.03
2026-07-21 19:52:38,49,0.429,0.388,0.510,-0.64,-2.42,-1.21
2026-07-21 19:57:55,48,0.500,0.375,0.500,-0.59,-2.40,-1.17
2026-07-21 20:03:12,48,0.438,0.333,0.458,+0.52,-1.53,-1.21
2026-07-21 20:08:29,48,0.458,0.354,0.438,+0.26,-1.75,-1.49
2026-07-21 20:13:47,49,0.408,0.347,0.469,-0.20,-1.97,-1.75
2026-07-21 20:19:05,49,0.408,0.327,0.490,-0.35,-2.01,-1.81
2026-07-21 20:24:23,49,0.408,0.347,0.469,-0.33,-1.99,-1.81
2026-07-21 20:29:40,48,0.417,0.333,0.479,-0.30,-1.99,-1.82
2026-07-21 20:34:58,49,0.449,0.429,0.490,-0.23,-1.90,-1.71
2026-07-21 20:40:16,49,0.490,0.469,0.490,-0.18,-1.84,-1.65
2026-07-21 20:45:33,49,0.490,0.449,0.490,-0.20,-1.86,-1.68
2026-07-21 20:50:51,49,0.469,0.469,0.469,-0.07,-1.73,-1.55
2026-07-21 20:56:08,49,0.490,0.469,0.510,-0.15,-1.80,-1.62
2026-07-21 21:01:25,48,0.562,0.500,0.500,-0.55,-0.88,-1.96
2026-07-21 21:06:43,48,0.542,0.521,0.417,-0.53,-0.89,-2.10
2026-07-21 21:11:59,47,0.596,0.596,0.426,-0.56,-0.91,-2.13
2026-07-21 21:17:16,47,0.532,0.511,0.468,-0.58,-0.93,-2.15
2026-07-21 21:22:33,47,0.596,0.596,0.468,-0.49,-0.83,-2.06
2026-07-21 21:27:51,47,0.702,0.638,0.447,-0.36,-0.71,-1.93
2026-07-21 21:33:08,47,0.574,0.638,0.468,-0.43,-0.77,-1.99
2026-07-21 21:38:25,47,0.553,0.617,0.489,-0.51,-0.85,-2.07
2026-07-21 21:43:45,47,0.532,0.617,0.489,-0.56,-0.90,-2.12
2026-07-21 21:49:01,47,0.511,0.574,0.468,-0.53,-0.86,-2.09
2026-07-21 21:54:18,47,0.532,0.596,0.468,-0.61,-0.94,-2.16
2026-07-21 21:59:35,47,0.553,0.574,0.489,-0.61,-0.93,-2.15
2026-07-21 22:04:52,47,0.468,0.553,0.447,-0.25,-0.38,-2.83
2026-07-21 22:10:09,47,0.489,0.596,0.468,-0.20,-0.33,-2.78
2026-07-21 22:15:26,47,0.468,0.553,0.468,-0.14,-0.25,-2.71
2026-07-21 22:20:43,47,0.426,0.574,0.468,-0.21,-0.30,-2.74
2026-07-21 22:26:00,47,0.362,0.511,0.447,-0.40,-0.49,-2.92
2026-07-21 22:31:16,47,0.383,0.553,0.426,-0.33,-0.43,-2.87
2026-07-21 22:36:33,47,0.468,0.574,0.447,-0.38,-0.46,-2.87
2026-07-21 22:41:50,47,0.383,0.553,0.426,-0.39,-0.49,-2.94
2026-07-21 22:47:07,47,0.426,0.574,0.468,-0.46,-0.55,-2.97
2026-07-21 22:52:24,46,0.457,0.565,0.435,-0.41,-0.49,-2.93
2026-07-21 22:57:41,46,0.457,0.630,0.457,-0.21,-0.29,-2.72
2026-07-21 23:02:57,46,0.500,0.630,0.457,-0.04,-0.57,-2.57
2026-07-21 23:08:14,46,0.565,0.630,0.478,-0.12,-0.73,-1.99
2026-07-21 23:13:31,46,0.587,0.652,0.457,-0.22,-0.79,-2.03
2026-07-21 23:18:47,46,0.500,0.609,0.457,-0.21,-0.78,-2.02
2026-07-21 23:24:04,46,0.522,0.500,0.391,-0.49,-1.03,-2.25
2026-07-21 23:29:21,46,0.457,0.543,0.435,-0.62,-1.15,-2.36
2026-07-21 23:34:37,46,0.457,0.630,0.435,-0.58,-1.08,-2.27
2026-07-21 23:39:54,46,0.457,0.522,0.435,-0.57,-1.06,-2.24
2026-07-21 23:45:10,46,0.478,0.500,0.391,-0.60,-1.08,-2.24
2026-07-21 23:50:26,46,0.500,0.522,0.413,-0.59,-1.07,-2.23
2026-07-21 23:55:43,46,0.478,0.522,0.370,-0.51,-1.00,-2.17
2026-07-22 00:00:58,45,0.422,0.533,0.444,-0.56,-0.71,-1.52
2026-07-22 00:06:14,45,0.267,0.422,0.422,-0.87,-1.02,-1.63
2026-07-22 00:11:30,45,0.267,0.289,0.378,-0.87,-1.04,-1.63
2026-07-22 00:16:47,47,0.277,0.426,0.426,-0.14,-0.32,-0.87
2026-07-22 00:22:04,45,0.244,0.400,0.444,-0.30,-0.52,-1.17
2026-07-22 00:27:20,44,0.250,0.364,0.477,-0.23,-0.46,-1.14
2026-07-22 00:32:36,45,0.222,0.400,0.467,-0.11,-0.31,-0.96
2026-07-22 00:37:52,45,0.267,0.400,0.400,-0.24,-0.45,-1.12
2026-07-22 00:43:08,45,0.289,0.400,0.400,-0.44,-0.61,-1.23
2026-07-22 00:48:24,44,0.318,0.364,0.364,-0.41,-0.59,-1.23
2026-07-22 00:53:40,44,0.318,0.409,0.432,-0.48,-0.65,-1.29
2026-07-22 00:58:56,44,0.318,0.455,0.455,-0.29,-0.48,-1.14
2026-07-22 01:04:11,44,0.318,0.409,0.500,+0.27,-0.52,-0.79
2026-07-22 01:09:27,44,0.318,0.409,0.523,+0.18,-0.54,-0.79
2026-07-22 01:14:43,43,0.349,0.442,0.512,+0.20,-0.52,-0.84
2026-07-22 01:19:59,44,0.386,0.477,0.500,+0.36,-0.34,-0.64
2026-07-22 01:25:14,44,0.364,0.455,0.523,+0.47,-0.23,-0.52
2026-07-22 01:30:30,44,0.341,0.432,0.545,+0.47,-0.22,-0.51
2026-07-22 01:35:46,44,0.386,0.432,0.545,+0.61,-0.09,-0.39
2026-07-22 01:41:02,44,0.432,0.477,0.455,+0.62,-0.10,-0.37
2026-07-22 01:46:17,44,0.295,0.386,0.477,+0.44,-0.28,-0.57
2026-07-22 01:51:33,44,0.318,0.386,0.477,+0.43,-0.27,-0.55
2026-07-22 01:56:49,44,0.432,0.386,0.500,+0.64,-0.08,-0.37
2026-07-22 02:02:05,44,0.364,0.364,0.455,-0.41,-0.05,-0.56
2026-07-22 02:07:21,45,0.400,0.378,0.444,-0.28,-0.02,-0.65
2026-07-22 02:12:37,45,0.356,0.311,0.422,-0.30,-0.16,-0.73
2026-07-22 02:17:53,45,0.289,0.267,0.467,-0.34,-0.26,-0.72
2026-07-22 02:23:10,46,0.261,0.261,0.435,-0.38,-0.33,-0.77
2026-07-22 02:28:26,46,0.326,0.283,0.413,-0.31,-0.24,-0.70
2026-07-22 02:33:43,46,0.326,0.304,0.413,-0.32,-0.26,-0.71
2026-07-22 02:38:59,45,0.311,0.289,0.422,-0.28,-0.19,-0.65
2026-07-22 02:44:15,45,0.311,0.289,0.444,-0.22,-0.12,-0.58
2026-07-22 02:49:31,46,0.283,0.261,0.391,-0.56,-0.50,-0.94
2026-07-22 02:54:48,46,0.326,0.283,0.391,-0.49,-0.43,-0.87
2026-07-22 03:00:04,46,0.326,0.261,0.391,-0.43,-0.36,-0.79
2026-07-22 03:05:20,45,0.356,0.333,0.356,-0.38,+0.15,-0.50
2026-07-22 03:10:36,45,0.333,0.333,0.333,-0.39,+0.21,-0.58
2026-07-22 03:15:52,45,0.333,0.400,0.333,-0.61,-0.01,-0.76
2026-07-22 03:21:08,45,0.333,0.400,0.356,-0.52,+0.07,-0.70
2026-07-22 03:26:24,45,0.289,0.356,0.356,-0.55,+0.04,-0.71
2026-07-22 03:31:41,45,0.267,0.356,0.356,-0.56,+0.04,-0.75
2026-07-22 03:36:57,45,0.267,0.333,0.333,-0.56,+0.03,-0.75
2026-07-22 03:42:13,45,0.400,0.356,0.333,-0.51,+0.09,-0.67
2026-07-22 03:47:29,45,0.400,0.400,0.356,-0.45,+0.15,-0.60
2026-07-22 03:52:44,45,0.422,0.400,0.356,-0.49,+0.10,-0.61
2026-07-22 03:58:01,45,0.356,0.378,0.356,-0.38,+0.23,-0.48
2026-07-22 04:03:17,45,0.489,0.400,0.422,-0.02,-0.43,-0.28
2026-07-22 04:08:33,45,0.578,0.356,0.422,-0.02,-0.46,-0.31
2026-07-22 04:13:49,45,0.578,0.400,0.422,-0.15,-0.55,-0.32
2026-07-22 04:19:05,44,0.545,0.386,0.500,-0.09,-0.54,-0.23
2026-07-22 04:24:21,44,0.636,0.432,0.523,-0.02,-0.39,-0.15
2026-07-22 04:29:37,44,0.659,0.386,0.500,-0.13,-0.50,-0.24
2026-07-22 04:34:52,44,0.614,0.386,0.477,-0.14,-0.50,-0.24
2026-07-22 04:40:07,44,0.659,0.409,0.477,-0.16,-0.52,-0.27
2026-07-22 04:45:23,44,0.591,0.409,0.477,-0.19,-0.56,-0.30
2026-07-22 04:50:39,44,0.614,0.432,0.477,-0.12,-0.49,-0.23
2026-07-22 04:55:55,44,0.614,0.455,0.477,+0.05,-0.33,-0.11
2026-07-22 05:01:10,44,0.659,0.432,0.432,+0.22,-0.30,-0.10
2026-07-22 05:06:26,44,0.614,0.455,0.386,+0.27,-0.21,-0.14
2026-07-22 05:11:41,44,0.614,0.500,0.386,+0.24,-0.18,-0.09
2026-07-22 05:16:57,44,0.500,0.477,0.341,+0.18,-0.21,-0.19
2026-07-22 05:22:13,44,0.500,0.455,0.341,+0.30,-0.10,-0.10
2026-07-22 05:27:29,44,0.455,0.432,0.341,+0.19,-0.22,-0.22
2026-07-22 05:32:45,44,0.409,0.386,0.341,+0.11,-0.31,-0.29
2026-07-22 05:38:01,44,0.477,0.409,0.364,-0.00,-0.40,-0.34
2026-07-22 05:43:18,44,0.477,0.386,0.364,+0.03,-0.37,-0.31
2026-07-22 05:48:34,44,0.455,0.364,0.318,+0.04,-0.37,-0.31
2026-07-22 05:53:50,44,0.432,0.364,0.318,+0.12,-0.29,-0.23
2026-07-22 05:59:06,44,0.477,0.341,0.364,+0.09,-0.28,-0.23
2026-07-22 06:04:21,44,0.409,0.455,0.432,+0.11,-0.04,+0.27
2026-07-22 06:09:37,44,0.364,0.500,0.409,+0.07,-0.03,+0.29
2026-07-22 06:14:53,44,0.364,0.500,0.477,+0.15,+0.04,+0.45
2026-07-22 06:20:09,43,0.349,0.442,0.442,+0.09,-0.05,+0.35
2026-07-22 06:25:24,43,0.442,0.465,0.395,+0.05,-0.08,+0.30
2026-07-22 06:30:39,43,0.395,0.488,0.419,+0.03,-0.10,+0.28
2026-07-22 06:35:55,43,0.395,0.535,0.442,-0.09,-0.20,+0.16
2026-07-22 06:41:10,43,0.442,0.465,0.465,-0.06,-0.18,+0.20
2026-07-22 06:46:25,43,0.535,0.488,0.465,-0.01,-0.12,+0.25
2026-07-22 06:51:41,43,0.512,0.488,0.419,-0.06,-0.18,+0.20
2026-07-22 06:56:56,43,0.442,0.465,0.395,-0.13,-0.25,+0.12
2026-07-22 07:02:11,43,0.279,0.419,0.349,-0.48,-0.18,-0.98
2026-07-22 07:07:26,43,0.326,0.442,0.302,-0.37,-0.24,-0.91
2026-07-22 07:12:42,43,0.279,0.419,0.279,-0.58,-0.43,-1.05
2026-07-22 07:17:57,44,0.250,0.409,0.364,-0.17,+0.01,-0.51
2026-07-22 07:23:13,44,0.250,0.409,0.386,-0.24,-0.06,-0.55
2026-07-22 07:28:29,44,0.250,0.409,0.386,-0.26,-0.08,-0.47
2026-07-22 07:33:44,44,0.318,0.455,0.364,-0.41,-0.24,-0.61
2026-07-22 07:39:00,44,0.227,0.409,0.318,-0.78,-0.60,-0.95
2026-07-22 07:44:16,44,0.205,0.409,0.318,-0.93,-0.75,-1.08
2026-07-22 07:49:32,44,0.159,0.386,0.273,-1.63,-1.46,-1.84
2026-07-22 07:54:48,44,0.205,0.341,0.273,-1.69,-1.51,-1.89
2026-07-22 08:00:03,44,0.205,0.341,0.205,-1.63,-1.46,-1.85
2026-07-22 08:05:19,44,0.182,0.205,0.295,-1.66,-1.63,-1.90
2026-07-22 08:10:35,45,0.178,0.222,0.289,-1.51,-1.42,-1.62
2026-07-22 08:15:52,46,0.283,0.283,0.283,-1.46,-1.34,-1.50
2026-07-22 08:21:08,46,0.283,0.261,0.261,-1.31,-1.20,-1.35
2026-07-22 08:26:24,46,0.370,0.261,0.326,-1.36,-1.25,-1.39
2026-07-22 08:31:41,46,0.304,0.304,0.304,-1.40,-1.28,-1.43
2026-07-22 08:36:57,46,0.348,0.326,0.283,-1.15,-1.03,-1.18
2026-07-22 08:42:13,46,0.304,0.283,0.326,-1.19,-1.07,-1.22
2026-07-22 08:47:30,46,0.413,0.348,0.348,-1.16,-1.05,-1.19
2026-07-22 08:52:46,46,0.500,0.413,0.391,-1.19,-1.08,-1.22
2026-07-22 08:58:02,46,0.543,0.478,0.457,-1.13,-1.01,-1.16
2026-07-22 09:03:18,46,0.587,0.435,0.478,-0.15,-1.10,-1.08
2026-07-22 09:08:35,46,0.522,0.391,0.522,-0.11,-1.05,-1.00
2026-07-22 09:13:51,46,0.587,0.478,0.565,-0.09,-1.01,-0.96
2026-07-22 09:19:09,47,0.574,0.404,0.511,-0.07,-1.01,-0.93
2026-07-22 09:24:27,48,0.583,0.438,0.542,-0.06,-1.07,-1.02
2026-07-22 09:29:44,49,0.592,0.388,0.490,-0.06,-1.00,-0.98
2026-07-22 09:35:01,49,0.633,0.408,0.510,-0.12,-1.07,-1.05
2026-07-22 09:40:19,49,0.612,0.388,0.551,-0.04,-1.02,-1.00
2026-07-22 09:45:37,49,0.612,0.429,0.510,+0.04,-0.95,-0.96
2026-07-22 09:50:54,49,0.592,0.388,0.449,-0.14,-1.12,-1.11
2026-07-22 09:56:12,49,0.612,0.388,0.490,-0.06,-1.03,-1.02
2026-07-22 10:01:29,49,0.612,0.469,0.449,+0.07,-1.34,-1.09
2026-07-22 10:06:47,50,0.600,0.480,0.440,+0.17,-1.01,-0.75
2026-07-22 10:12:05,50,0.580,0.460,0.420,+0.08,-1.05,-0.85
2026-07-22 10:17:23,50,0.540,0.460,0.440,-0.02,-1.16,-0.91
2026-07-22 10:22:41,50,0.500,0.500,0.440,-0.09,-1.14,-0.95
2026-07-22 10:27:59,51,0.471,0.510,0.412,-0.10,-1.11,-0.86
2026-07-22 10:33:18,51,0.451,0.471,0.431,-0.11,-1.12,-0.87
2026-07-22 10:38:36,51,0.471,0.471,0.431,-0.21,-1.22,-0.96
2026-07-22 10:43:54,51,0.451,0.471,0.431,-0.22,-1.24,-0.98
2026-07-22 10:49:13,51,0.510,0.510,0.431,-0.20,-1.21,-0.95
2026-07-22 10:54:32,51,0.490,0.471,0.431,-0.12,-1.13,-0.88
2026-07-22 10:59:50,51,0.451,0.490,0.412,-0.11,-1.11,-0.85
2026-07-22 11:05:09,51,0.314,0.529,0.412,-0.34,-0.07,-0.79
2026-07-22 11:10:26,49,0.306,0.571,0.408,-0.42,-0.20,-0.94
2026-07-22 11:15:43,49,0.306,0.571,0.469,-0.38,-0.14,-0.90
2026-07-22 11:21:01,48,0.354,0.542,0.479,-0.41,-0.11,-0.89
2026-07-22 11:26:18,48,0.354,0.604,0.479,-0.47,-0.17,-0.95
2026-07-22 11:31:35,48,0.333,0.604,0.500,-0.60,-0.29,-1.07
2026-07-22 11:36:52,48,0.312,0.583,0.500,-0.61,-0.31,-1.08
2026-07-22 11:42:09,48,0.354,0.604,0.542,-0.54,-0.25,-1.01
2026-07-22 11:47:26,48,0.354,0.542,0.417,-0.56,-0.26,-1.02
2026-07-22 11:52:43,49,0.306,0.571,0.429,-0.75,-0.44,-1.20
2026-07-22 11:58:01,48,0.312,0.521,0.417,-0.89,-0.58,-1.33
2026-07-22 12:03:18,48,0.333,0.458,0.458,-0.45,-0.34,-1.32
2026-07-22 12:08:35,49,0.347,0.408,0.408,-0.41,-0.35,-1.30
2026-07-22 12:13:53,49,0.327,0.367,0.367,-0.50,-0.47,-1.41
2026-07-22 12:19:10,50,0.300,0.360,0.340,-0.49,-0.46,-1.40
2026-07-22 12:24:28,50,0.280,0.400,0.300,-0.54,-0.52,-1.46
2026-07-22 12:29:46,50,0.360,0.420,0.340,-0.34,-0.32,-1.28
2026-07-22 12:35:04,49,0.388,0.449,0.388,-0.28,-0.26,-1.23
2026-07-22 12:40:22,49,0.347,0.367,0.347,-0.47,-0.46,-1.42
2026-07-22 12:45:39,48,0.333,0.458,0.354,-0.37,-0.36,-1.32
2026-07-22 12:50:55,47,0.319,0.426,0.404,-0.46,-0.50,-1.43
2026-07-22 12:56:13,49,0.265,0.388,0.327,-0.43,-0.50,-1.44
2026-07-22 13:01:30,47,0.277,0.234,0.319,-0.43,-1.14,-1.71
2026-07-22 13:06:47,47,0.362,0.234,0.447,-0.11,-0.82,-1.49
2026-07-22 13:12:04,47,0.426,0.298,0.447,-0.01,-0.78,-1.62
2026-07-22 13:17:21,47,0.574,0.319,0.468,+0.11,-0.68,-1.49
2026-07-22 13:22:37,48,0.562,0.333,0.438,+0.12,-0.65,-1.46
2026-07-22 13:27:55,48,0.562,0.292,0.417,+0.09,-0.69,-1.52
2026-07-22 13:33:11,47,0.511,0.255,0.383,+0.03,-0.81,-1.65
2026-07-22 13:38:28,47,0.532,0.319,0.426,+0.09,-0.75,-1.59
2026-07-22 13:43:45,47,0.489,0.319,0.383,-0.02,-0.88,-1.72
2026-07-22 13:49:01,47,0.553,0.319,0.426,+0.13,-0.73,-1.57
2026-07-22 13:54:18,47,0.489,0.277,0.404,-0.02,-0.86,-1.69
2026-07-22 13:59:35,47,0.553,0.319,0.383,-0.07,-0.91,-1.74
2026-07-22 14:04:52,47,0.681,0.362,0.447,+0.23,-0.53,-1.11
2026-07-22 14:10:09,47,0.574,0.404,0.426,+0.31,-0.39,-0.60
2026-07-22 14:15:26,47,0.511,0.383,0.447,+0.34,-0.32,-0.56
2026-07-22 14:20:44,50,0.360,0.340,0.400,+0.15,-0.51,-0.66
2026-07-22 14:26:02,50,0.320,0.320,0.360,+0.08,-0.58,-0.73
2026-07-22 14:31:19,49,0.347,0.306,0.367,+0.10,-0.56,-0.72
2026-07-22 14:36:37,49,0.408,0.265,0.347,+0.12,-0.55,-0.70
2026-07-22 14:41:54,49,0.388,0.265,0.327,-0.07,-0.73,-0.88
2026-07-22 14:47:12,49,0.347,0.286,0.327,-0.05,-0.71,-0.87
2026-07-22 14:52:29,49,0.388,0.306,0.327,-0.21,-0.86,-1.02
2026-07-22 14:57:46,49,0.388,0.327,0.347,-0.27,-0.93,-1.09
2026-07-22 15:03:04,49,0.286,0.347,0.286,-0.48,-0.76,-1.00
2026-07-22 15:08:22,49,0.184,0.327,0.286,-0.69,-0.66,-1.15
2026-07-22 15:13:39,49,0.224,0.347,0.286,-0.64,-0.60,-1.09
2026-07-22 15:18:57,49,0.224,0.367,0.306,-0.66,-0.62,-1.12
2026-07-22 15:24:15,50,0.260,0.420,0.300,-0.39,-0.31,-0.84
2026-07-22 15:29:33,50,0.220,0.380,0.280,-0.31,-0.23,-0.76
2026-07-22 15:34:50,50,0.260,0.360,0.260,-0.28,-0.21,-0.72
2026-07-22 15:40:09,51,0.255,0.333,0.294,-0.29,-0.22,-0.74
2026-07-22 15:45:26,50,0.240,0.280,0.280,-0.54,-0.47,-0.98
2026-07-22 15:50:45,51,0.235,0.294,0.275,-0.61,-0.55,-1.04
2026-07-22 15:56:02,50,0.220,0.320,0.280,-0.45,-0.39,-0.90
2026-07-22 16:01:20,49,0.306,0.327,0.224,-0.19,-0.25,-1.47
2026-07-22 16:06:38,48,0.292,0.271,0.208,-0.20,-0.24,-1.43
2026-07-22 16:11:55,48,0.271,0.312,0.229,-0.10,-0.21,-1.34
2026-07-22 16:17:12,48,0.292,0.292,0.250,-0.21,-0.32,-1.44
2026-07-22 16:22:29,48,0.312,0.292,0.208,-0.20,-0.31,-1.45
2026-07-22 16:28:03,48,0.375,0.312,0.250,-0.06,-0.18,-1.31
2026-07-22 16:33:23,47,0.298,0.319,0.255,-0.15,-0.23,-1.36
2026-07-22 16:38:54,47,0.277,0.298,0.255,-0.19,-0.28,-1.41
2026-07-22 16:45:08,47,0.319,0.277,0.255,-0.23,-0.32,-1.45
2026-07-22 16:50:24,46,0.348,0.304,0.304,-0.18,-0.25,-1.40
2026-07-22 16:56:21,46,0.348,0.283,0.304,+0.11,+0.03,-1.10
2026-07-22 17:01:38,47,0.383,0.340,0.277,+0.33,+0.03,-0.66
2026-07-22 17:06:55,47,0.404,0.255,0.340,+0.72,+0.23,-0.08
2026-07-22 17:12:12,47,0.404,0.277,0.319,+0.99,+0.46,+0.15
2026-07-22 17:17:28,46,0.370,0.348,0.326,+0.96,+0.44,+0.15
2026-07-22 17:22:45,45,0.511,0.400,0.400,+0.82,+0.33,-0.00
2026-07-22 17:28:01,45,0.489,0.333,0.356,+0.41,-0.07,-0.49
2026-07-22 17:33:17,45,0.489,0.311,0.400,+0.33,-0.14,-0.49
2026-07-22 17:38:33,45,0.422,0.289,0.333,+0.25,-0.22,-0.57
2026-07-22 17:43:49,45,0.378,0.333,0.378,+0.21,-0.27,-0.61
2026-07-22 17:49:05,45,0.400,0.333,0.378,+0.54,+0.06,-0.29
2026-07-22 17:54:22,45,0.400,0.333,0.356,+0.52,+0.04,-0.31
2026-07-22 17:59:38,45,0.444,0.333,0.400,+0.61,+0.13,-0.22
2026-07-22 18:04:55,45,0.622,0.467,0.467,+0.36,+0.61,+0.32
2026-07-22 18:10:11,46,0.696,0.500,0.413,+0.47,+0.64,+0.30
2026-07-22 18:15:28,46,0.630,0.522,0.457,+0.36,+0.63,+0.23
2026-07-22 18:20:45,45,0.689,0.467,0.444,+0.44,+0.69,+0.29
2026-07-22 18:26:01,44,0.682,0.455,0.477,+0.39,+0.62,+0.23
2026-07-22 18:31:16,42,0.714,0.429,0.476,+0.46,+0.68,+0.26
2026-07-22 18:36:31,43,0.651,0.465,0.442,+0.37,+0.61,+0.20
2026-07-22 18:41:47,43,0.628,0.442,0.465,+0.28,+0.52,+0.11
2026-07-22 18:47:02,42,0.643,0.429,0.452,+0.23,+0.43,+0.02
2026-07-22 18:52:18,42,0.643,0.429,0.405,+0.09,+0.28,-0.12
2026-07-22 18:57:33,42,0.571,0.452,0.405,-0.06,+0.13,-0.27
2026-07-22 19:02:48,42,0.405,0.476,0.429,-0.18,+0.43,+0.35
2026-07-22 19:08:04,43,0.395,0.512,0.395,-0.04,+0.55,+0.41
2026-07-22 19:13:19,43,0.535,0.535,0.419,+0.01,+0.58,+0.44
2026-07-22 19:18:34,43,0.488,0.488,0.395,+0.09,+0.65,+0.51
2026-07-22 19:23:50,43,0.512,0.512,0.465,+0.04,+0.62,+0.47
2026-07-22 19:29:05,43,0.558,0.535,0.465,+0.12,+0.71,+0.56
2026-07-22 19:34:21,43,0.558,0.535,0.419,+0.21,+0.79,+0.65
2026-07-22 19:39:36,43,0.558,0.581,0.442,+0.15,+0.70,+0.55
2026-07-22 19:44:51,43,0.535,0.558,0.442,+0.07,+0.62,+0.48
2026-07-22 19:50:07,43,0.558,0.535,0.465,+0.07,+0.64,+0.47
2026-07-22 19:55:23,43,0.535,0.535,0.442,+0.15,+0.70,+0.55
2026-07-22 20:00:39,43,0.628,0.674,0.465,+0.34,+0.41,+0.58
2026-07-22 20:05:54,42,0.667,0.667,0.381,+0.52,+0.42,+0.25
2026-07-22 20:11:09,42,0.667,0.667,0.381,+0.45,+0.43,+0.10
2026-07-22 20:16:25,42,0.667,0.667,0.381,+0.37,+0.36,+0.04
2026-07-22 20:21:40,42,0.667,0.667,0.405,+0.55,+0.53,+0.22
2026-07-22 20:26:55,42,0.619,0.667,0.405,+0.46,+0.45,+0.13
2026-07-22 20:32:10,42,0.643,0.667,0.429,+0.47,+0.45,+0.13
2026-07-22 20:37:25,42,0.667,0.690,0.405,+0.47,+0.45,+0.13
2026-07-22 20:42:41,42,0.548,0.595,0.405,+0.22,+0.20,-0.11
2026-07-22 20:47:56,42,0.595,0.619,0.405,+0.07,+0.06,-0.25
2026-07-22 20:53:12,42,0.571,0.619,0.381,+0.14,+0.12,-0.19
2026-07-22 20:58:27,42,0.690,0.595,0.405,+0.23,+0.21,-0.11
2026-07-22 21:03:42,42,0.357,0.476,0.429,-0.25,-0.17,+0.23
2026-07-22 21:08:57,42,0.310,0.429,0.357,-0.46,-0.31,+0.03
2026-07-22 21:14:13,42,0.310,0.429,0.357,-0.38,-0.28,+0.13
2026-07-22 21:19:28,42,0.214,0.381,0.357,-0.50,-0.40,+0.01
2026-07-22 21:24:43,42,0.214,0.357,0.333,-0.52,-0.42,-0.01
2026-07-22 21:36:38,42,0.190,0.357,0.357,-0.75,-0.64,-0.26
2026-07-22 21:41:55,42,0.214,0.357,0.333,-0.61,-0.51,-0.12
2026-07-22 21:47:20,42,0.214,0.333,0.310,-0.60,-0.49,-0.11
2026-07-22 21:52:37,42,0.238,0.333,0.333,-0.57,-0.47,-0.10
2026-07-22 21:57:54,42,0.238,0.286,0.333,-0.78,-0.67,-0.32
2026-07-22 22:03:11,42,0.310,0.405,0.429,-0.35,-0.19,+0.01
2026-07-22 22:08:28,42,0.357,0.381,0.381,-0.29,-0.11,+0.05
2026-07-22 22:13:46,42,0.381,0.381,0.381,-0.24,-0.06,+0.11
2026-07-22 22:19:02,42,0.333,0.429,0.452,-0.09,+0.09,+0.26
2026-07-22 22:24:19,41,0.293,0.463,0.415,-0.14,+0.03,+0.24
2026-07-22 22:29:35,41,0.341,0.463,0.512,+0.01,+0.18,+0.40
2026-07-22 22:34:52,41,0.341,0.463,0.488,-0.03,+0.14,+0.36
2026-07-22 22:40:09,41,0.512,0.537,0.585,+0.15,+0.32,+0.57
2026-07-22 22:45:26,41,0.488,0.463,0.537,+0.15,+0.32,+0.55
2026-07-22 22:50:43,42,0.548,0.595,0.571,+0.24,+0.61,+0.82
2026-07-22 22:56:00,42,0.524,0.595,0.571,+0.14,+0.50,+0.73
2026-07-22 23:01:18,42,0.643,0.619,0.643,+0.62,+0.11,+0.42
2026-07-22 23:06:36,42,0.762,0.667,0.690,+1.01,+0.37,+0.92
2026-07-22 23:11:54,42,0.690,0.667,0.690,+0.89,+0.27,+0.80
2026-07-22 23:17:11,42,0.667,0.548,0.667,+0.73,+0.11,+0.63
2026-07-22 23:22:28,42,0.619,0.524,0.643,+0.59,-0.03,+0.50
2026-07-22 23:27:45,42,0.548,0.405,0.667,+0.51,-0.12,+0.41
2026-07-22 23:33:02,42,0.595,0.429,0.619,+0.48,-0.17,+0.33
2026-07-22 23:38:22,42,0.619,0.476,0.667,+0.62,-0.02,+0.48
2026-07-22 23:43:39,42,0.643,0.452,0.643,+0.52,-0.12,+0.38
2026-07-22 23:48:57,42,0.619,0.429,0.595,+0.40,-0.23,+0.26
2026-07-22 23:54:16,42,0.571,0.452,0.595,+0.37,-0.26,+0.24
2026-07-22 23:59:33,42,0.619,0.405,0.595,+0.45,-0.19,+0.30
2026-07-23 00:04:50,42,0.429,0.476,0.476,-0.17,+0.05,+0.03
2026-07-23 00:10:07,42,0.357,0.429,0.524,-0.10,+0.16,+0.21
2026-07-23 00:15:25,42,0.357,0.452,0.476,-0.34,-0.08,-0.04
2026-07-23 00:20:42,44,0.364,0.500,0.500,+0.68,+1.08,+1.20
2026-07-23 00:26:01,45,0.400,0.489,0.489,+0.63,+1.02,+1.15
2026-07-23 00:31:19,44,0.477,0.523,0.591,+0.56,+0.96,+1.08
2026-07-23 00:36:36,43,0.488,0.558,0.558,+0.37,+0.79,+0.91
2026-07-23 00:41:56,44,0.386,0.523,0.591,+0.44,+0.87,+0.98
2026-07-23 00:47:14,44,0.409,0.568,0.636,+0.45,+0.88,+0.99
2026-07-23 00:52:32,44,0.386,0.568,0.568,+0.55,+0.98,+1.10
2026-07-23 00:57:50,44,0.341,0.500,0.545,+0.27,+0.69,+0.80
2026-07-23 01:03:08,44,0.455,0.500,0.523,+0.39,+0.90,+0.96
2026-07-23 01:08:26,45,0.511,0.578,0.511,+0.61,+1.14,+1.19
2026-07-23 01:13:45,45,0.622,0.622,0.622,+0.33,+0.84,+0.90
2026-07-23 01:19:03,45,0.511,0.600,0.578,+0.20,+0.70,+0.80
2026-07-23 01:24:21,45,0.556,0.578,0.556,+0.25,+0.75,+0.81
2026-07-23 01:29:40,45,0.489,0.533,0.489,+0.07,+0.56,+0.63
2026-07-23 01:34:58,45,0.533,0.600,0.578,+0.15,+0.64,+0.70
2026-07-23 01:40:16,45,0.622,0.644,0.600,+0.35,+0.85,+0.90
2026-07-23 01:45:35,45,0.600,0.667,0.622,+0.42,+0.92,+0.97
2026-07-23 01:50:54,45,0.622,0.644,0.644,+0.28,+0.77,+0.83
2026-07-23 01:56:12,45,0.556,0.600,0.667,+0.27,+0.77,+0.82
2026-07-23 02:01:31,45,0.533,0.578,0.556,-0.08,+0.33,+0.49
2026-07-23 02:06:49,45,0.511,0.533,0.533,-0.03,+0.16,+0.35
2026-07-23 02:12:07,45,0.556,0.511,0.556,-0.08,+0.11,+0.33
2026-07-23 02:17:26,45,0.511,0.533,0.533,-0.03,+0.08,+0.35
2026-07-23 02:22:44,45,0.444,0.489,0.511,-0.04,+0.06,+0.33
2026-07-23 02:28:02,45,0.444,0.422,0.489,-0.16,-0.15,+0.16
2026-07-23 02:33:20,45,0.444,0.422,0.511,-0.12,-0.11,+0.19
2026-07-23 02:38:38,45,0.511,0.444,0.533,-0.13,-0.12,+0.18
2026-07-23 02:43:56,45,0.511,0.444,0.533,+0.00,+0.01,+0.33
2026-07-23 02:49:15,45,0.467,0.489,0.511,-0.10,-0.08,+0.23
2026-07-23 02:54:33,45,0.400,0.400,0.511,-0.25,-0.24,+0.07
2026-07-23 02:59:51,45,0.422,0.400,0.533,-0.13,-0.12,+0.19
2026-07-23 03:05:09,45,0.356,0.556,0.489,-0.13,-0.04,+0.21
2026-07-23 03:10:29,45,0.311,0.489,0.556,-0.37,-0.17,+0.01
2026-07-23 03:15:47,45,0.289,0.489,0.511,-0.49,-0.31,-0.11
2026-07-23 03:21:05,45,0.333,0.533,0.467,-0.46,-0.27,-0.08
2026-07-23 03:26:23,45,0.289,0.444,0.489,-0.57,-0.38,-0.20
2026-07-23 03:31:41,45,0.311,0.444,0.489,-0.56,-0.38,-0.20
2026-07-23 03:37:00,45,0.289,0.400,0.422,-0.70,-0.52,-0.34
2026-07-23 03:42:19,45,0.267,0.378,0.422,-0.67,-0.50,-0.32
2026-07-23 03:47:37,45,0.244,0.422,0.489,-0.58,-0.40,-0.22
2026-07-23 03:52:55,45,0.267,0.444,0.556,-0.52,-0.34,-0.16
2026-07-23 03:58:13,45,0.289,0.444,0.511,-0.45,-0.28,-0.10
2026-07-23 04:03:32,45,0.267,0.356,0.533,-0.47,-0.67,+0.02
2026-07-23 04:08:49,45,0.311,0.378,0.556,-0.50,-0.69,+0.06
2026-07-23 04:14:08,45,0.222,0.333,0.533,-0.69,-0.92,-0.14
2026-07-23 04:19:26,45,0.289,0.378,0.556,-0.50,-0.71,+0.01
2026-07-23 04:24:44,45,0.244,0.356,0.533,-0.56,-0.76,-0.05
2026-07-23 04:30:03,45,0.289,0.356,0.533,-0.58,-0.78,-0.08
2026-07-23 04:35:22,45,0.244,0.356,0.556,-0.61,-0.79,-0.14
2026-07-23 04:40:40,45,0.200,0.333,0.556,-0.66,-0.84,-0.19
2026-07-23 04:45:59,45,0.244,0.311,0.578,-0.61,-0.78,-0.14
2026-07-23 04:51:17,44,0.227,0.295,0.568,-0.65,-0.84,-0.17
2026-07-23 04:56:34,44,0.250,0.341,0.591,-0.61,-0.80,-0.13
2026-07-23 05:01:52,44,0.295,0.318,0.386,-0.20,-0.46,-0.58
2026-07-23 05:07:10,44,0.364,0.341,0.386,-0.10,-0.35,-0.50
2026-07-23 05:12:28,44,0.477,0.341,0.409,+0.12,-0.30,-0.38
2026-07-23 05:17:46,44,0.477,0.318,0.409,+0.27,-0.15,-0.24
2026-07-23 05:23:04,44,0.523,0.386,0.432,+0.36,-0.06,-0.15
2026-07-23 05:28:22,44,0.523,0.409,0.409,+0.37,-0.10,-0.21
2026-07-23 05:33:40,44,0.568,0.364,0.386,+0.43,-0.14,-0.20
2026-07-23 05:38:57,44,0.523,0.364,0.409,+0.46,-0.11,-0.17
2026-07-23 05:44:15,44,0.545,0.386,0.409,+0.53,-0.04,-0.11
2026-07-23 05:49:33,44,0.614,0.386,0.364,+0.52,-0.05,-0.11
2026-07-23 05:54:51,44,0.591,0.409,0.409,+0.45,-0.11,-0.17
2026-07-23 06:00:09,44,0.523,0.364,0.386,+0.49,-0.18,-0.06
2026-07-23 06:05:27,45,0.622,0.356,0.467,+0.62,+0.03,+0.06
2026-07-23 06:10:44,44,0.500,0.341,0.477,+0.48,-0.04,+0.04
2026-07-23 06:16:02,44,0.477,0.364,0.409,+0.47,+0.00,+0.04
2026-07-23 06:21:20,44,0.432,0.364,0.386,+0.36,-0.13,-0.08
2026-07-23 06:26:38,44,0.477,0.386,0.409,+0.50,+0.03,+0.07
2026-07-23 06:31:56,44,0.523,0.386,0.455,+0.47,+0.01,+0.04
2026-07-23 06:37:16,45,0.711,0.467,0.578,+0.58,+0.15,+0.16
2026-07-23 06:42:34,45,0.733,0.400,0.556,+0.68,+0.25,+0.26
2026-07-23 06:47:52,45,0.622,0.400,0.533,+0.60,+0.17,+0.18
2026-07-23 06:53:11,45,0.667,0.400,0.578,+0.58,+0.15,+0.16
2026-07-23 06:58:29,45,0.644,0.444,0.600,+0.58,+0.15,+0.14
2026-07-23 07:03:47,45,0.489,0.600,0.444,+0.12,+0.49,-0.20
2026-07-23 07:09:05,45,0.511,0.644,0.467,+0.06,+0.56,-0.03
2026-07-23 07:14:23,45,0.511,0.578,0.489,+0.10,+0.62,+0.03
2026-07-23 07:19:42,45,0.511,0.600,0.511,+0.17,+0.68,+0.09
2026-07-23 07:24:59,43,0.535,0.605,0.581,+0.18,+0.76,+0.08
2026-07-23 07:30:17,43,0.535,0.581,0.581,+0.18,+0.76,+0.08
2026-07-23 07:35:35,43,0.442,0.581,0.488,+0.02,+0.60,-0.09
2026-07-23 07:40:53,43,0.442,0.535,0.488,-0.13,+0.45,-0.23
2026-07-23 07:46:10,44,0.455,0.568,0.545,+0.49,+1.09,+0.43
2026-07-23 07:51:28,43,0.535,0.558,0.558,+0.78,+1.39,+0.74
2026-07-23 07:56:45,43,0.581,0.628,0.512,+0.78,+1.40,+0.74
2026-07-23 08:02:02,43,0.349,0.698,0.419,+0.17,+1.08,+0.66
2026-07-23 08:07:19,43,0.349,0.628,0.419,+0.36,+1.23,+0.76
2026-07-23 08:12:37,43,0.349,0.558,0.349,+0.05,+0.91,+0.44
2026-07-23 08:17:54,42,0.286,0.524,0.333,-0.13,+0.73,+0.26
2026-07-23 08:23:11,42,0.262,0.571,0.333,-0.18,+0.66,+0.18
2026-07-23 08:28:29,42,0.238,0.595,0.357,-0.05,+0.79,+0.30
2026-07-23 08:33:45,41,0.244,0.537,0.341,-0.09,+0.76,+0.35
2026-07-23 08:39:01,41,0.268,0.561,0.366,-0.03,+0.82,+0.41
2026-07-23 08:44:17,41,0.268,0.512,0.317,-0.21,+0.64,+0.22
2026-07-23 08:49:35,41,0.268,0.561,0.341,-0.22,+0.61,+0.19
2026-07-23 08:54:51,41,0.293,0.585,0.366,-0.17,+0.67,+0.25
2026-07-23 09:00:08,41,0.366,0.561,0.390,-0.25,+0.34,+0.22
2026-07-23 09:05:25,41,0.341,0.463,0.293,-0.57,-0.08,+0.03
2026-07-23 09:10:42,41,0.341,0.439,0.341,-0.60,-0.08,+0.09
2026-07-23 09:15:59,41,0.390,0.439,0.317,-0.57,-0.06,+0.11
2026-07-23 09:21:16,41,0.390,0.415,0.366,-0.56,-0.04,+0.13
2026-07-23 09:26:33,41,0.537,0.585,0.390,-0.34,+0.18,+0.35
2026-07-23 09:31:50,41,0.463,0.585,0.439,-0.27,+0.24,+0.41
2026-07-23 09:37:07,42,0.548,0.524,0.452,-0.01,+0.50,+0.65
2026-07-23 09:42:26,43,0.488,0.535,0.349,-0.07,+0.35,+0.50
2026-07-23 09:47:44,43,0.535,0.488,0.349,-0.10,+0.31,+0.46
2026-07-23 09:53:02,43,0.512,0.512,0.395,-0.08,+0.32,+0.47
2026-07-23 09:58:19,43,0.442,0.419,0.395,-0.30,+0.10,+0.25
2026-07-23 10:03:37,43,0.326,0.395,0.512,+0.21,+0.00,+0.80
2026-07-23 10:08:54,43,0.465,0.395,0.535,+0.48,+0.21,+1.02
2026-07-23 10:14:12,43,0.395,0.372,0.488,+0.41,+0.17,+0.95
2026-07-23 10:19:29,42,0.405,0.357,0.548,+0.30,+0.02,+0.83
2026-07-23 10:24:46,41,0.439,0.439,0.537,+0.56,+0.32,+1.04
2026-07-23 10:30:04,41,0.439,0.439,0.512,+0.57,+0.33,+1.05
2026-07-23 10:35:21,41,0.488,0.366,0.488,+0.56,+0.32,+1.04
2026-07-23 10:40:38,41,0.463,0.390,0.488,+0.52,+0.28,+1.00
2026-07-23 10:45:55,41,0.488,0.415,0.561,+0.50,+0.27,+0.98
2026-07-23 10:51:12,41,0.488,0.317,0.488,+0.33,+0.10,+0.81
2026-07-23 10:56:29,41,0.366,0.268,0.463,+0.19,-0.04,+0.67
2026-07-23 11:01:46,41,0.341,0.366,0.512,-0.35,-0.06,+0.87
2026-07-23 11:07:03,41,0.317,0.390,0.463,-0.15,-0.22,+0.72
2026-07-23 11:12:20,41,0.341,0.341,0.390,-0.20,-0.25,+0.69
2026-07-23 11:17:37,41,0.317,0.341,0.366,-0.30,-0.36,+0.59
2026-07-23 11:22:54,42,0.333,0.310,0.357,-0.23,-0.27,+0.64
2026-07-23 11:28:11,42,0.286,0.310,0.405,-0.39,-0.44,+0.47
2026-07-23 11:33:29,42,0.333,0.381,0.452,-0.28,-0.34,+0.58
2026-07-23 11:38:46,42,0.286,0.310,0.405,-0.41,-0.47,+0.45
2026-07-23 11:44:03,42,0.262,0.333,0.357,-0.50,-0.56,+0.36
2026-07-23 11:49:20,43,0.256,0.279,0.326,-0.41,-0.52,+0.44
2026-07-23 11:54:38,43,0.256,0.302,0.372,-0.19,-0.30,+0.66
2026-07-23 11:59:55,43,0.279,0.326,0.419,-0.02,-0.13,+0.83
2026-07-23 12:05:13,43,0.256,0.372,0.349,-0.44,+0.04,+0.04
2026-07-23 12:10:31,43,0.233,0.349,0.349,-0.47,+0.05,+0.07
2026-07-23 12:15:48,43,0.186,0.372,0.349,-0.55,-0.03,-0.00
2026-07-23 12:21:06,43,0.163,0.302,0.326,-0.74,-0.22,-0.19
2026-07-23 12:26:23,43,0.209,0.326,0.279,-0.79,-0.27,-0.23
2026-07-23 12:31:41,43,0.209,0.302,0.279,-0.70,-0.17,-0.13
2026-07-23 12:36:59,43,0.209,0.279,0.256,-0.69,-0.17,-0.13
2026-07-23 12:42:16,43,0.233,0.372,0.326,-0.76,-0.23,-0.19
2026-07-23 12:47:34,43,0.279,0.372,0.372,-0.73,-0.20,-0.16
2026-07-23 12:52:52,43,0.256,0.349,0.349,-0.73,-0.21,-0.17
2026-07-23 12:58:09,43,0.233,0.349,0.326,-0.91,-0.39,-0.35
2026-07-23 13:03:27,43,0.302,0.279,0.256,-0.49,-0.64,-0.49
2026-07-23 13:08:44,43,0.256,0.256,0.279,-0.27,-0.42,-0.27
2026-07-23 13:14:02,43,0.279,0.233,0.302,-0.30,-0.45,-0.30
2026-07-23 13:19:21,43,0.279,0.233,0.302,-0.23,-0.39,-0.22
2026-07-23 13:24:38,43,0.349,0.279,0.302,-0.18,-0.34,-0.18
2026-07-23 13:29:56,43,0.372,0.279,0.326,+0.03,-0.13,+0.04
2026-07-23 13:35:14,43,0.442,0.349,0.349,-0.04,-0.20,-0.03
2026-07-23 13:40:31,43,0.395,0.349,0.372,-0.05,-0.21,-0.04
2026-07-23 13:45:49,43,0.372,0.302,0.349,-0.04,-0.19,-0.02
2026-07-23 13:51:07,44,0.455,0.341,0.364,-0.09,-0.17,-0.20
2026-07-23 13:56:24,44,0.455,0.386,0.364,-0.12,-0.20,-0.22
2026-07-23 14:01:42,44,0.477,0.432,0.295,+0.27,-0.02,-0.39
2026-07-23 14:06:59,44,0.500,0.364,0.341,+0.23,-0.38,-0.66
2026-07-23 14:12:17,44,0.568,0.341,0.295,+0.31,-0.50,-0.63
2026-07-23 14:17:35,44,0.614,0.364,0.318,+0.36,-0.44,-0.58
2026-07-23 14:22:53,44,0.682,0.318,0.318,+0.34,-0.46,-0.60
2026-07-23 14:28:10,43,0.651,0.349,0.326,+0.33,-0.46,-0.56
2026-07-23 14:33:28,44,0.659,0.341,0.341,+0.40,-0.40,-0.55
2026-07-23 14:38:45,43,0.628,0.302,0.326,+0.20,-0.59,-0.69
2026-07-23 14:44:03,44,0.591,0.318,0.318,+0.27,-0.55,-0.68
2026-07-23 14:49:21,44,0.591,0.341,0.364,+0.29,-0.51,-0.66
2026-07-23 14:54:39,43,0.465,0.349,0.302,+0.17,-0.63,-0.72
2026-07-23 14:59:57,43,0.465,0.326,0.326,+0.09,-0.70,-0.80
2026-07-23 15:05:14,43,0.395,0.326,0.349,-0.40,-0.61,-0.42
2026-07-23 15:10:32,43,0.349,0.326,0.326,-0.54,-0.75,-0.57
2026-07-23 15:15:50,44,0.256,0.326,0.302,-0.56,-0.83,-0.67
2026-07-23 15:21:08,44,0.256,0.326,0.326,-0.68,-0.96,-0.80
2026-07-23 15:26:26,44,0.279,0.326,0.302,-0.57,-0.84,-0.67
2026-07-23 15:31:44,44,0.279,0.349,0.326,-0.57,-0.84,-0.67
2026-07-23 15:37:02,44,0.326,0.372,0.326,-0.50,-0.77,-0.60
2026-07-23 15:42:20,44,0.349,0.372,0.326,-0.51,-0.78,-0.61
2026-07-23 15:47:38,44,0.395,0.372,0.326,-0.40,-0.66,-0.50
2026-07-23 15:52:56,44,0.326,0.372,0.326,-0.43,-0.69,-0.53
2026-07-23 15:58:13,44,0.372,0.372,0.326,-0.39,-0.65,-0.49
2026-07-23 16:03:31,44,0.295,0.432,0.318,-0.86,-0.79,-1.37
2026-07-23 16:08:49,45,0.356,0.422,0.244,-0.47,-0.39,-0.97
2026-07-23 16:14:07,45,0.244,0.333,0.289,-0.68,-0.61,-1.18
2026-07-23 16:19:25,45,0.356,0.400,0.267,-0.66,-0.58,-1.16
2026-07-23 16:24:44,45,0.244,0.311,0.267,-0.66,-0.59,-1.15
2026-07-23 16:30:02,45,0.311,0.356,0.267,-0.74,-0.66,-1.23
2026-07-23 16:35:20,45,0.356,0.422,0.311,-0.47,-0.40,-0.97
2026-07-23 16:40:39,45,0.311,0.422,0.311,-0.48,-0.41,-0.98
2026-07-23 16:45:57,44,0.295,0.386,0.295,-0.49,-0.33,-1.04
2026-07-23 16:51:15,45,0.333,0.422,0.267,-0.44,-0.19,-0.87
2026-07-23 16:56:33,45,0.311,0.444,0.289,-0.49,-0.25,-0.92
2026-07-23 17:01:52,45,0.289,0.311,0.244,-0.27,-0.73,-1.23
2026-07-23 17:07:10,45,0.378,0.267,0.289,-0.06,-0.64,-0.96
2026-07-23 17:12:28,45,0.400,0.333,0.333,+0.08,-0.43,-0.87
2026-07-23 17:17:46,45,0.378,0.378,0.289,+0.01,-0.51,-0.95
2026-07-23 17:23:04,44,0.409,0.409,0.295,-0.14,-0.62,-0.98
2026-07-23 17:28:22,44,0.409,0.409,0.318,-0.09,-0.57,-0.93
2026-07-23 17:33:39,44,0.409,0.432,0.318,-0.06,-0.54,-0.90
2026-07-23 17:38:57,44,0.386,0.455,0.318,-0.23,-0.69,-1.06
2026-07-23 17:44:16,44,0.386,0.455,0.318,-0.12,-0.59,-0.96
2026-07-23 17:49:33,44,0.477,0.523,0.318,-0.17,-0.63,-0.99
2026-07-23 17:54:51,44,0.500,0.500,0.341,-0.16,-0.61,-0.99
2026-07-23 18:00:09,44,0.432,0.455,0.318,-0.44,-0.70,-0.94
2026-07-23 18:05:27,44,0.591,0.477,0.341,+0.02,-0.56,-0.84
2026-07-23 18:10:45,44,0.568,0.523,0.318,-0.02,-0.60,-0.88
2026-07-23 18:16:03,44,0.545,0.523,0.318,+0.01,-0.57,-0.86
2026-07-23 18:21:21,44,0.545,0.477,0.364,+0.01,-0.57,-0.86
2026-07-23 18:26:40,44,0.545,0.523,0.364,-0.04,-0.62,-0.91
2026-07-23 18:31:58,45,0.556,0.533,0.378,+0.37,-0.22,-0.51
2026-07-23 18:37:17,45,0.578,0.556,0.333,+0.39,-0.20,-0.50
2026-07-23 18:42:35,45,0.578,0.489,0.356,+0.15,-0.43,-0.73
2026-07-23 18:47:53,45,0.600,0.556,0.289,+0.39,-0.20,-0.50
2026-07-23 18:53:12,45,0.511,0.533,0.333,+0.27,-0.30,-0.60
2026-07-23 18:58:30,45,0.578,0.533,0.356,+0.44,-0.15,-0.45
2026-07-23 19:03:48,45,0.400,0.467,0.489,+0.44,+0.36,+0.17
2026-07-23 19:09:06,44,0.523,0.409,0.545,+0.49,+0.31,+0.35
2026-07-23 19:14:24,44,0.523,0.409,0.523,+0.44,+0.28,+0.26
2026-07-23 19:19:42,44,0.614,0.500,0.568,+0.56,+0.40,+0.38
2026-07-23 19:25:00,44,0.500,0.500,0.545,+0.42,+0.25,+0.24
2026-07-23 19:30:18,44,0.545,0.545,0.568,+0.34,+0.17,+0.16
2026-07-23 19:35:36,44,0.568,0.545,0.523,+0.36,+0.19,+0.17
2026-07-23 19:40:54,44,0.523,0.568,0.500,+0.19,+0.02,+0.00
2026-07-23 19:46:12,44,0.568,0.568,0.523,+0.37,+0.20,+0.18
2026-07-23 19:51:30,44,0.591,0.636,0.636,+0.52,+0.35,+0.34
2026-07-23 19:56:49,44,0.545,0.591,0.568,+0.42,+0.24,+0.23
2026-07-23 20:02:06,44,0.477,0.659,0.477,-0.10,+0.34,-0.22
2026-07-23 20:07:24,44,0.455,0.591,0.500,+0.01,+0.46,-0.29
2026-07-23 20:12:42,44,0.477,0.591,0.545,+0.11,+0.61,-0.24
2026-07-23 20:17:59,44,0.523,0.614,0.545,+0.18,+0.67,-0.09
2026-07-23 20:23:17,44,0.523,0.568,0.500,+0.21,+0.70,-0.06
2026-07-23 20:28:35,44,0.477,0.545,0.455,+0.08,+0.57,-0.19
2026-07-23 20:33:53,44,0.409,0.500,0.409,-0.17,+0.31,-0.45
2026-07-23 20:39:11,44,0.295,0.477,0.432,-0.24,+0.24,-0.52
2026-07-23 20:44:29,44,0.318,0.523,0.409,-0.24,+0.26,-0.51
2026-07-23 20:49:47,44,0.318,0.500,0.409,-0.27,+0.21,-0.55
2026-07-23 20:55:04,44,0.341,0.523,0.432,-0.29,+0.19,-0.56
2026-07-23 21:00:21,44,0.250,0.455,0.455,-0.37,+0.02,-0.57
2026-07-23 21:05:39,45,0.333,0.489,0.489,-0.17,+0.25,-0.26
2026-07-23 21:10:58,45,0.267,0.467,0.467,-0.42,+0.04,-0.47
2026-07-23 21:16:16,45,0.311,0.489,0.533,-0.29,+0.17,-0.31
2026-07-23 21:21:34,45,0.311,0.444,0.489,-0.31,+0.16,-0.28
2026-07-23 21:26:55,45,0.289,0.400,0.489,-0.41,+0.06,-0.38
2026-07-23 21:32:13,45,0.333,0.400,0.444,-0.35,+0.12,-0.33
2026-07-23 21:37:32,45,0.244,0.311,0.333,-0.82,-0.35,-0.80
2026-07-23 21:42:50,45,0.222,0.267,0.311,-0.83,-0.36,-0.81
2026-07-23 21:48:08,45,0.200,0.244,0.289,-1.27,-0.79,-1.26
2026-07-23 21:53:27,45,0.289,0.267,0.333,-0.96,-0.49,-0.94
2026-07-23 21:58:45,45,0.244,0.289,0.289,-1.13,-0.67,-1.13
2026-07-23 22:04:03,45,0.244,0.222,0.333,-0.79,-0.98,-0.70
2026-07-23 22:09:22,45,0.178,0.200,0.267,-0.91,-1.20,-0.96
2026-07-23 22:14:40,45,0.200,0.200,0.289,-0.87,-1.18,-0.94
2026-07-23 22:19:58,45,0.200,0.222,0.244,-1.06,-1.36,-1.11
2026-07-23 22:25:17,45,0.178,0.222,0.244,-1.00,-1.31,-1.06
2026-07-23 22:30:36,45,0.200,0.222,0.267,-1.10,-1.40,-1.15
2026-07-23 22:35:53,45,0.289,0.289,0.289,-0.86,-1.17,-0.92
2026-07-23 22:41:11,45,0.244,0.267,0.267,-1.11,-1.45,-1.20
2026-07-23 22:46:29,44,0.205,0.250,0.250,-1.15,-1.51,-1.25
2026-07-23 22:51:47,44,0.205,0.205,0.273,-1.28,-1.64,-1.38
2026-07-23 22:57:05,44,0.227,0.250,0.273,-1.28,-1.64,-1.37
2026-07-23 23:02:23,44,0.295,0.250,0.295,-0.64,-1.84,-1.11
2026-07-23 23:07:41,44,0.341,0.295,0.295,-0.21,-1.37,-0.90
2026-07-23 23:12:58,44,0.341,0.250,0.341,-0.23,-1.43,-0.87
2026-07-23 23:18:16,44,0.341,0.250,0.295,-0.24,-1.44,-0.88
2026-07-23 23:23:34,44,0.364,0.227,0.341,-0.32,-1.51,-0.96
2026-07-23 23:28:52,44,0.341,0.250,0.318,-0.22,-1.41,-0.85
2026-07-23 23:34:10,45,0.333,0.244,0.267,-0.13,-1.29,-0.74
2026-07-23 23:39:28,45,0.400,0.244,0.289,+0.06,-1.11,-0.55
2026-07-23 23:44:47,45,0.356,0.200,0.267,-0.18,-1.35,-0.79
2026-07-23 23:50:05,45,0.311,0.200,0.244,-0.43,-1.59,-1.04
2026-07-23 23:55:23,45,0.333,0.200,0.267,-0.62,-1.78,-1.23
2026-07-24 00:00:41,45,0.356,0.156,0.244,-0.14,-1.41,-1.23
2026-07-24 00:06:00,45,0.356,0.200,0.244,-0.08,-1.39,-1.31
2026-07-24 00:11:25,44,0.341,0.182,0.205,-0.14,-1.44,-1.35
2026-07-24 00:16:45,44,0.295,0.182,0.227,-0.14,-1.44,-1.35
2026-07-24 00:22:02,43,0.395,0.233,0.233,-0.10,-1.41,-1.32
2026-07-24 00:27:20,43,0.419,0.279,0.256,-0.06,-1.38,-1.29
2026-07-24 00:32:37,43,0.326,0.256,0.209,-0.18,-1.50,-1.40
2026-07-24 00:37:55,43,0.349,0.256,0.233,-0.17,-1.48,-1.39
2026-07-24 00:43:13,43,0.419,0.233,0.233,-0.21,-1.51,-1.42
2026-07-24 00:48:30,43,0.442,0.256,0.233,-0.19,-1.49,-1.41
2026-07-24 00:53:48,43,0.465,0.256,0.233,-0.16,-1.47,-1.38
2026-07-24 00:59:05,43,0.442,0.256,0.256,-0.34,-1.64,-1.55
2026-07-24 01:04:23,44,0.455,0.318,0.273,-0.26,-0.86,-1.82
2026-07-24 01:09:41,44,0.409,0.364,0.273,-0.20,-0.74,-1.81
2026-07-24 01:14:59,44,0.455,0.386,0.250,+0.02,-0.53,-1.59
2026-07-24 01:20:17,44,0.386,0.318,0.250,-0.24,-0.78,-1.84
2026-07-24 01:25:35,44,0.386,0.364,0.227,-0.07,-0.60,-1.66
2026-07-24 01:30:53,44,0.455,0.364,0.250,+0.02,-0.51,-1.57
2026-07-24 01:36:11,44,0.477,0.318,0.295,-0.06,-0.58,-1.63
2026-07-24 01:41:30,44,0.455,0.341,0.295,-0.08,-0.60,-1.65
2026-07-24 01:46:48,43,0.465,0.372,0.302,-0.04,-0.57,-1.61
2026-07-24 01:52:05,43,0.419,0.349,0.302,-0.28,-0.81,-1.84
2026-07-24 01:57:22,43,0.488,0.372,0.302,-0.27,-0.79,-1.83
2026-07-24 02:02:40,43,0.395,0.442,0.302,-0.58,-0.52,-2.12
2026-07-24 02:07:57,43,0.512,0.419,0.302,-0.44,-0.66,-2.16
2026-07-24 02:13:15,43,0.442,0.372,0.279,-0.40,-0.63,-2.16
2026-07-24 02:18:32,43,0.419,0.372,0.279,-0.49,-0.70,-2.21
2026-07-24 02:23:50,43,0.395,0.419,0.279,-0.55,-0.73,-2.19
2026-07-24 02:29:07,43,0.419,0.442,0.279,-0.52,-0.71,-2.17
2026-07-24 02:34:25,43,0.372,0.442,0.256,-0.43,-0.62,-2.09
2026-07-24 02:39:42,43,0.349,0.349,0.256,-0.50,-0.70,-2.18
2026-07-24 02:45:00,43,0.349,0.372,0.256,-0.39,-0.60,-2.08
2026-07-24 02:50:18,43,0.349,0.349,0.256,-0.35,-0.56,-2.03
2026-07-24 02:55:35,43,0.372,0.395,0.279,-0.41,-0.61,-2.08
2026-07-24 03:00:53,43,0.349,0.372,0.279,-0.26,-0.86,-2.21
2026-07-24 03:06:10,43,0.349,0.372,0.302,-0.21,-0.72,-1.99
2026-07-24 03:11:28,43,0.349,0.372,0.302,-0.17,-0.60,-1.90
2026-07-24 03:16:45,43,0.372,0.302,0.302,-0.20,-0.61,-1.89
2026-07-24 03:22:03,43,0.372,0.326,0.302,-0.20,-0.61,-1.89
2026-07-24 03:27:21,43,0.372,0.326,0.302,-0.13,-0.52,-1.81
2026-07-24 03:32:38,43,0.395,0.372,0.326,+0.00,-0.39,-1.70
2026-07-24 03:37:56,43,0.395,0.372,0.326,-0.05,-0.43,-1.72
2026-07-24 03:43:13,43,0.349,0.395,0.326,-0.13,-0.48,-1.77
2026-07-24 03:48:31,43,0.326,0.395,0.302,-0.03,-0.41,-1.69
2026-07-24 03:53:48,43,0.349,0.395,0.302,+0.06,-0.33,-1.61
2026-07-24 03:59:05,43,0.395,0.395,0.302,+0.08,-0.33,-1.61
2026-07-24 04:04:23,43,0.581,0.442,0.349,+0.53,-0.14,-1.02
2026-07-24 04:09:41,43,0.628,0.488,0.372,+0.53,+0.05,-0.82
2026-07-24 04:14:59,43,0.535,0.465,0.372,+0.59,-0.01,-0.76
2026-07-24 04:20:18,43,0.581,0.488,0.349,+0.65,+0.06,-0.75
2026-07-24 04:25:35,43,0.651,0.488,0.326,+0.67,-0.08,-0.71
2026-07-24 04:30:53,43,0.651,0.512,0.349,+0.65,-0.10,-0.74
2026-07-24 04:36:11,43,0.628,0.512,0.372,+0.78,+0.04,-0.59
2026-07-24 04:41:29,43,0.628,0.488,0.372,+0.64,-0.09,-0.71
2026-07-24 04:46:47,43,0.581,0.465,0.349,+0.76,+0.02,-0.60
2026-07-24 04:52:04,43,0.535,0.442,0.302,+0.65,-0.08,-0.70
2026-07-24 04:57:22,43,0.558,0.419,0.326,+0.61,-0.12,-0.74
2026-07-24 05:02:39,43,0.628,0.442,0.372,+0.38,+0.26,-0.27
2026-07-24 05:07:56,43,0.605,0.465,0.395,+0.37,+0.48,-0.13
2026-07-24 05:13:14,43,0.558,0.512,0.395,+0.19,+0.30,-0.31
2026-07-24 05:18:32,43,0.581,0.558,0.419,+0.41,+0.47,-0.09
2026-07-24 05:23:49,43,0.605,0.581,0.395,+0.36,+0.41,-0.10
2026-07-24 05:29:06,43,0.628,0.628,0.419,+0.47,+0.52,-0.02
2026-07-24 05:34:24,43,0.628,0.581,0.442,+0.32,+0.40,-0.10
2026-07-24 05:39:42,43,0.651,0.605,0.465,+0.23,+0.30,-0.18
2026-07-24 05:45:00,43,0.628,0.605,0.442,+0.25,+0.32,-0.17
2026-07-24 05:50:17,43,0.581,0.605,0.419,+0.25,+0.31,-0.20
2026-07-24 05:55:35,43,0.581,0.581,0.442,+0.24,+0.31,-0.18
2026-07-24 06:00:52,43,0.581,0.698,0.465,+0.31,+0.50,-0.28
2026-07-24 06:06:10,43,0.581,0.698,0.558,+0.05,+0.74,-0.06
2026-07-24 06:11:27,43,0.465,0.698,0.581,+0.02,+0.73,-0.08
2026-07-24 06:16:45,43,0.419,0.651,0.558,-0.17,+0.60,-0.24
2026-07-24 06:22:03,43,0.372,0.651,0.558,-0.13,+0.64,-0.18
2026-07-24 06:27:20,43,0.442,0.674,0.558,-0.15,+0.63,-0.22
2026-07-24 06:32:38,43,0.419,0.651,0.512,-0.17,+0.61,-0.27
2026-07-24 06:37:56,43,0.465,0.628,0.558,-0.11,+0.66,-0.20
2026-07-24 06:43:13,43,0.442,0.651,0.558,-0.01,+0.72,-0.14
2026-07-24 06:48:31,43,0.512,0.651,0.558,+0.12,+0.90,+0.03
2026-07-24 06:53:48,43,0.488,0.698,0.558,+0.14,+0.92,+0.04
2026-07-24 06:59:06,43,0.558,0.698,0.581,+0.19,+0.95,+0.08
2026-07-24 07:04:23,43,0.349,0.581,0.535,+0.18,+0.42,+0.24
2026-07-24 07:09:40,43,0.372,0.628,0.535,+0.28,+0.54,+0.35
2026-07-24 07:14:58,43,0.326,0.628,0.512,+0.21,+0.47,+0.27
2026-07-24 07:20:16,43,0.349,0.581,0.512,+0.19,+0.47,+0.22
2026-07-24 07:25:33,43,0.326,0.535,0.535,+0.10,+0.38,+0.15
2026-07-24 07:30:51,43,0.302,0.558,0.488,+0.05,+0.34,+0.11
2026-07-24 07:36:09,43,0.349,0.651,0.512,+0.18,+0.46,+0.24
2026-07-24 07:41:26,43,0.326,0.605,0.488,+0.12,+0.40,+0.18
2026-07-24 07:46:45,43,0.419,0.628,0.512,+0.16,+0.44,+0.22
2026-07-24 07:52:02,43,0.395,0.628,0.465,+0.07,+0.35,+0.13
2026-07-24 07:57:19,43,0.419,0.651,0.558,-0.00,+0.28,+0.08
2026-07-24 08:02:36,42,0.429,0.571,0.524,-0.20,-0.10,+0.16
2026-07-24 08:07:53,42,0.429,0.595,0.524,-0.33,-0.18,+0.15
2026-07-24 08:13:10,43,0.442,0.535,0.512,-0.40,-0.31,-0.26
2026-07-24 08:18:28,43,0.488,0.535,0.535,-0.44,-0.34,-0.26
2026-07-24 08:23:45,43,0.465,0.558,0.535,-0.42,-0.33,-0.28
2026-07-24 08:29:03,43,0.395,0.535,0.512,-0.40,-0.29,-0.24
2026-07-24 08:34:20,43,0.349,0.488,0.512,-0.43,-0.34,-0.29
2026-07-24 08:39:37,43,0.372,0.535,0.465,-0.43,-0.34,-0.29
2026-07-24 08:44:54,43,0.395,0.512,0.488,-0.42,-0.33,-0.28
2026-07-24 08:50:11,43,0.349,0.512,0.488,-0.49,-0.40,-0.35
2026-07-24 08:55:29,43,0.256,0.349,0.395,-0.66,-0.57,-0.52
2026-07-24 09:00:46,43,0.256,0.302,0.488,-0.82,-0.90,-0.07
2026-07-24 09:06:03,42,0.286,0.262,0.548,-0.47,-0.63,+0.27
2026-07-24 09:11:20,42,0.310,0.310,0.500,-0.39,-0.56,+0.35
2026-07-24 09:16:38,42,0.357,0.381,0.524,-0.38,-0.54,+0.36
2026-07-24 09:21:55,41,0.317,0.317,0.439,-0.58,-0.80,+0.12
2026-07-24 09:27:12,41,0.317,0.293,0.512,-0.47,-0.70,+0.22
2026-07-24 09:32:28,41,0.293,0.268,0.366,-0.58,-0.80,+0.11
2026-07-24 09:37:45,42,0.333,0.262,0.381,-0.40,-0.61,+0.32
2026-07-24 09:43:02,42,0.286,0.286,0.381,-0.59,-0.81,+0.11
2026-07-24 09:48:19,43,0.349,0.349,0.442,-0.35,-0.54,+0.43
2026-07-24 09:53:37,43,0.326,0.326,0.395,-0.47,-0.66,+0.33
2026-07-24 09:58:54,43,0.279,0.326,0.465,-0.33,-0.52,+0.47
2026-07-24 10:04:12,43,0.395,0.326,0.395,+0.40,-0.62,-0.24
2026-07-24 10:09:29,42,0.452,0.310,0.429,+0.60,-0.48,-0.13
2026-07-24 10:14:46,42,0.381,0.333,0.405,+0.48,-0.60,-0.25
2026-07-24 10:20:03,42,0.381,0.310,0.429,+0.55,-0.53,-0.18
2026-07-24 10:25:20,42,0.357,0.381,0.429,+0.52,-0.55,-0.20
2026-07-24 10:30:37,42,0.381,0.286,0.452,+0.61,-0.49,-0.08
2026-07-24 10:35:54,42,0.452,0.333,0.452,+0.84,-0.28,+0.11
2026-07-24 10:41:12,42,0.476,0.381,0.429,+0.93,-0.19,+0.20
2026-07-24 10:46:29,42,0.500,0.357,0.405,+1.00,-0.13,+0.26
2026-07-24 10:51:46,42,0.405,0.333,0.429,+0.94,-0.20,+0.18
2026-07-24 10:57:03,42,0.429,0.310,0.357,+1.04,-0.12,+0.26
2026-07-24 11:02:20,42,0.429,0.310,0.262,+0.56,+0.20,+0.02
2026-07-24 11:07:37,42,0.476,0.357,0.286,+0.66,+0.30,+0.11
2026-07-24 11:12:54,41,0.463,0.390,0.293,+0.63,+0.31,+0.09
2026-07-24 11:18:11,41,0.512,0.390,0.317,+0.76,+0.43,+0.20
2026-07-24 11:23:28,41,0.463,0.341,0.366,+0.97,+0.62,+0.37
2026-07-24 11:28:45,41,0.561,0.390,0.390,+0.90,+0.55,+0.32
2026-07-24 11:34:02,41,0.537,0.366,0.317,+0.64,+0.31,+0.10
2026-07-24 11:39:19,41,0.415,0.366,0.341,+0.44,+0.11,-0.10
2026-07-24 11:44:36,41,0.488,0.366,0.293,+0.35,+0.03,-0.18
2026-07-24 11:49:53,41,0.463,0.366,0.317,+0.25,-0.06,-0.27
2026-07-24 11:55:10,41,0.439,0.390,0.341,+0.31,+0.02,-0.18
2026-07-24 12:00:27,42,0.381,0.405,0.381,-0.05,+0.63,-0.03
2026-07-24 12:05:44,42,0.452,0.452,0.357,+0.03,+1.06,-0.01
2026-07-24 12:11:01,42,0.595,0.524,0.333,+0.15,+1.17,+0.13
2026-07-24 12:16:19,42,0.595,0.500,0.333,+0.22,+1.25,+0.19
2026-07-24 12:21:37,42,0.619,0.548,0.333,+0.31,+1.33,+0.28
2026-07-24 12:26:54,42,0.571,0.500,0.333,+0.24,+1.25,+0.22
2026-07-24 12:32:11,42,0.619,0.548,0.381,+0.37,+1.38,+0.34
2026-07-24 12:37:28,42,0.643,0.500,0.333,+0.31,+1.33,+0.27
2026-07-24 12:42:45,42,0.571,0.476,0.333,+0.17,+1.19,+0.11
2026-07-24 12:48:02,42,0.548,0.452,0.286,+0.03,+1.04,-0.01
2026-07-24 12:53:20,42,0.571,0.500,0.381,+0.17,+1.18,+0.14
2026-07-24 12:58:36,42,0.619,0.548,0.357,+0.23,+1.25,+0.20
2026-07-24 13:03:53,42,0.619,0.595,0.333,+0.19,+0.64,+0.02
2026-07-24 13:09:10,42,0.619,0.595,0.286,+0.09,+0.52,-0.03
2026-07-24 13:14:28,42,0.524,0.548,0.333,+0.05,+0.47,-0.08
2026-07-24 13:19:45,42,0.548,0.500,0.381,+0.04,+0.46,-0.10
2026-07-24 18:47:47,41,0.317,0.512,0.585,+0.24,+1.10,+1.30
2026-07-24 18:53:02,41,0.293,0.488,0.610,+0.34,+1.20,+1.38
2026-07-24 18:58:17,42,0.286,0.500,0.595,+0.38,+1.10,+1.35
2026-07-24 19:03:32,42,0.310,0.405,0.452,+0.39,+0.57,+1.56
2026-07-24 19:08:47,41,0.268,0.317,0.341,+0.08,+0.14,+1.09
2026-07-24 19:14:02,42,0.310,0.286,0.381,-0.06,-0.07,+0.78
2026-07-24 19:19:17,42,0.357,0.310,0.405,+0.10,+0.10,+0.96
2026-07-24 19:24:32,42,0.286,0.381,0.357,+0.07,+0.06,+0.92
2026-07-24 19:29:47,42,0.357,0.333,0.405,+0.02,+0.01,+0.86
2026-07-24 19:35:01,42,0.357,0.333,0.405,+0.15,+0.13,+1.02
2026-07-24 19:40:16,42,0.286,0.310,0.357,-0.13,-0.14,+0.73
2026-07-24 19:45:31,42,0.333,0.310,0.333,-0.00,+0.00,+0.89
2026-07-24 19:50:46,42,0.262,0.357,0.405,-0.13,-0.14,+0.73
2026-07-24 19:56:01,41,0.293,0.341,0.390,-0.22,-0.23,+0.69
2026-07-24 20:01:16,41,0.195,0.268,0.390,-0.72,-0.59,+0.66
2026-07-24 20:06:31,41,0.244,0.244,0.439,-0.44,-0.07,+1.06
2026-07-24 20:11:45,41,0.268,0.244,0.366,-0.44,-0.06,+1.02
2026-07-24 20:17:00,41,0.244,0.220,0.366,-0.40,-0.03,+1.05
2026-07-24 20:22:15,42,0.238,0.262,0.429,-0.33,+0.17,+1.32
2026-07-24 20:27:30,43,0.233,0.256,0.395,-0.41,+0.08,+1.18
2026-07-24 20:32:46,44,0.295,0.273,0.386,-0.45,+0.01,+1.12
2026-07-24 20:38:02,44,0.227,0.273,0.341,-0.41,+0.04,+1.16
2026-07-24 20:43:18,44,0.295,0.273,0.364,-0.39,+0.06,+1.17
2026-07-24 20:48:33,44,0.295,0.250,0.364,-0.54,-0.09,+1.03
2026-07-24 20:53:49,44,0.273,0.318,0.364,-0.46,-0.01,+1.11
2026-07-24 20:59:04,43,0.233,0.302,0.349,-0.68,-0.20,+0.97
2026-07-24 21:04:20,44,0.409,0.273,0.432,+0.01,+0.18,+0.93
2026-07-24 21:09:35,44,0.432,0.295,0.432,+0.13,+0.24,+0.95
2026-07-24 21:14:51,44,0.545,0.341,0.386,+0.35,+0.47,+1.17
2026-07-24 21:20:07,44,0.500,0.273,0.409,+0.39,+0.52,+1.25
2026-07-24 21:25:22,44,0.477,0.318,0.364,+0.32,+0.44,+1.16
2026-07-24 21:30:38,43,0.465,0.256,0.395,+0.31,+0.43,+1.19
2026-07-24 21:35:53,43,0.419,0.279,0.372,+0.21,+0.33,+1.07
2026-07-24 21:41:08,43,0.395,0.279,0.302,+0.31,+0.42,+1.17
2026-07-24 21:46:23,43,0.395,0.256,0.326,+0.21,+0.32,+1.05
2026-07-24 21:51:38,43,0.349,0.279,0.326,+0.05,+0.14,+0.86
2026-07-24 21:56:53,43,0.279,0.256,0.279,-0.15,-0.06,+0.66
2026-07-24 22:02:09,42,0.333,0.238,0.286,+0.01,-0.52,+0.01
2026-07-24 22:07:24,42,0.310,0.214,0.286,-0.16,-0.74,-0.11
2026-07-24 22:12:39,43,0.279,0.256,0.302,-0.02,-0.56,+0.05
2026-07-24 22:17:55,43,0.302,0.233,0.302,-0.03,-0.57,+0.02
2026-07-24 22:23:10,43,0.326,0.233,0.326,-0.03,-0.63,-0.08
2026-07-24 22:28:26,43,0.326,0.209,0.279,-0.28,-0.81,-0.31
2026-07-24 22:33:41,43,0.256,0.233,0.279,-0.33,-0.87,-0.35
2026-07-24 22:38:56,42,0.238,0.214,0.286,-0.34,-0.91,-0.36
2026-07-24 22:44:12,42,0.262,0.238,0.286,-0.29,-0.86,-0.31
2026-07-24 22:49:27,42,0.214,0.214,0.286,-0.19,-0.76,-0.20
2026-07-24 22:54:43,42,0.190,0.190,0.238,-0.61,-1.21,-0.67
2026-07-24 22:59:58,41,0.171,0.122,0.268,-0.69,-1.33,-0.74
2026-07-24 23:05:14,41,0.244,0.244,0.195,-0.57,-0.80,-0.74
2026-07-24 23:10:29,41,0.268,0.195,0.220,-0.45,-0.65,-0.61
2026-07-24 23:15:44,41,0.293,0.195,0.244,-0.50,-0.69,-0.66
2026-07-24 23:20:59,41,0.317,0.220,0.244,-0.65,-0.83,-0.83
2026-07-24 23:26:14,41,0.341,0.244,0.244,-0.52,-0.69,-0.68
2026-07-24 23:31:30,41,0.293,0.244,0.220,-0.61,-0.78,-0.79
2026-07-24 23:36:45,41,0.317,0.244,0.244,-0.47,-0.64,-0.63
2026-07-24 23:42:00,41,0.341,0.293,0.220,-0.50,-0.67,-0.67
2026-07-24 23:47:16,41,0.317,0.293,0.244,-0.44,-0.61,-0.61
2026-07-24 23:52:31,41,0.293,0.268,0.293,-0.18,-0.35,-0.35
2026-07-24 23:57:45,41,0.341,0.293,0.268,+0.06,-0.11,-0.10
2026-07-25 00:03:00,41,0.390,0.220,0.220,+0.30,-0.27,-0.36
2026-07-25 00:08:14,41,0.390,0.293,0.244,+0.29,-0.31,-0.38
2026-07-25 00:13:29,41,0.463,0.293,0.293,+1.11,+0.50,+0.49
2026-07-25 00:18:44,41,0.488,0.293,0.268,+1.12,+0.50,+0.51
2026-07-25 00:23:58,41,0.512,0.317,0.293,+1.09,+0.48,+0.49
2026-07-25 00:29:13,41,0.537,0.366,0.293,+1.32,+0.71,+0.73
2026-07-25 00:34:28,41,0.585,0.317,0.293,+1.52,+0.91,+0.94
2026-07-25 00:39:42,41,0.488,0.317,0.268,+1.32,+0.72,+0.73
2026-07-25 00:44:57,41,0.488,0.341,0.317,+1.46,+0.86,+0.89
2026-07-25 00:50:11,41,0.463,0.341,0.293,+1.35,+0.74,+0.76
2026-07-25 00:55:26,41,0.488,0.317,0.317,+1.40,+0.79,+0.81
2026-07-25 01:00:40,41,0.415,0.390,0.366,+1.06,+1.10,+0.24
2026-07-25 01:05:55,41,0.439,0.415,0.293,+0.74,+0.82,+0.16
2026-07-25 01:11:10,41,0.439,0.415,0.268,+1.01,+1.07,+0.39
2026-07-25 01:16:24,41,0.463,0.390,0.268,+1.03,+1.09,+0.40
2026-07-25 01:21:39,41,0.512,0.439,0.268,+1.19,+1.25,+0.56
2026-07-25 01:26:54,43,0.465,0.395,0.256,+1.37,+1.40,+0.75
2026-07-25 01:32:09,43,0.488,0.372,0.279,+1.41,+1.45,+0.80
2026-07-25 01:37:25,43,0.465,0.372,0.279,+1.60,+1.62,+0.95
2026-07-25 01:42:40,43,0.465,0.395,0.302,+1.54,+1.55,+0.89
2026-07-25 01:47:55,43,0.442,0.395,0.302,+1.64,+1.66,+1.00
2026-07-25 01:53:10,43,0.419,0.395,0.326,+1.66,+1.69,+1.01
2026-07-25 01:58:26,43,0.488,0.442,0.326,+1.73,+1.74,+1.06
2026-07-25 02:03:41,43,0.395,0.442,0.349,+1.12,+2.50,+1.75
2026-07-25 02:08:57,44,0.341,0.477,0.386,+0.70,+2.13,+1.38
2026-07-25 02:14:12,44,0.386,0.432,0.341,+0.87,+2.30,+1.58
2026-07-25 02:19:28,43,0.488,0.512,0.372,+0.87,+2.32,+1.58
2026-07-25 02:24:43,43,0.488,0.558,0.419,+1.11,+2.57,+1.84
2026-07-25 02:29:58,43,0.535,0.581,0.395,+1.41,+2.88,+2.16
2026-07-25 02:35:13,42,0.643,0.595,0.429,+1.36,+2.76,+1.95
2026-07-25 02:40:28,42,0.571,0.595,0.429,+1.52,+2.92,+2.15
2026-07-25 02:45:42,42,0.571,0.571,0.429,+1.42,+2.82,+2.06
2026-07-25 02:50:57,42,0.571,0.571,0.429,+1.33,+2.72,+1.96
2026-07-25 02:56:13,42,0.571,0.619,0.429,+1.36,+2.75,+1.98
2026-07-25 03:01:27,42,0.595,0.595,0.357,+0.43,+2.38,+2.07
2026-07-25 03:06:43,42,0.595,0.548,0.357,+0.54,+2.15,+2.00
2026-07-25 03:11:58,42,0.571,0.548,0.357,+0.64,+2.27,+2.08
2026-07-25 03:17:13,43,0.535,0.558,0.372,+0.39,+2.00,+1.80
2026-07-25 03:22:28,43,0.442,0.465,0.326,+0.23,+1.81,+1.62
2026-07-25 03:27:43,43,0.372,0.488,0.302,+0.25,+1.82,+1.62
2026-07-25 03:32:58,43,0.535,0.535,0.326,+0.39,+1.95,+1.75
2026-07-25 03:38:14,43,0.419,0.488,0.326,+0.26,+1.84,+1.64
2026-07-25 03:43:30,43,0.395,0.442,0.326,+0.38,+1.98,+1.77
2026-07-25 03:48:45,43,0.488,0.558,0.372,+0.42,+2.01,+1.80
2026-07-25 03:54:00,43,0.488,0.581,0.395,+0.56,+2.14,+1.93
2026-07-25 03:59:14,42,0.476,0.548,0.381,+0.38,+2.04,+1.88
2026-07-25 04:04:29,42,0.310,0.429,0.429,-0.08,+1.17,+2.35
2026-07-25 04:09:44,42,0.286,0.405,0.429,-0.14,+1.13,+2.33
2026-07-25 04:14:59,42,0.286,0.381,0.429,-0.20,+1.07,+2.26
2026-07-25 04:20:14,42,0.310,0.429,0.405,-0.39,+1.00,+1.91
2026-07-25 04:25:29,42,0.286,0.310,0.405,-0.49,+0.84,+1.81
2026-07-25 04:30:44,42,0.333,0.429,0.405,-0.41,+0.93,+1.89
2026-07-25 04:35:59,42,0.405,0.405,0.405,-0.50,+0.82,+1.79
2026-07-25 04:41:14,42,0.357,0.405,0.381,-0.65,+0.63,+1.59
2026-07-25 04:46:28,42,0.381,0.429,0.405,-0.50,+0.80,+1.77
2026-07-25 04:51:43,42,0.286,0.357,0.429,-0.63,+0.70,+1.68
2026-07-25 04:56:58,42,0.333,0.381,0.429,-0.53,+0.81,+1.78
2026-07-25 05:02:13,42,0.429,0.452,0.524,-0.19,+0.12,+2.09
2026-07-25 05:07:28,42,0.405,0.524,0.571,-0.22,+0.12,+2.34
2026-07-25 05:12:43,42,0.405,0.524,0.571,-0.14,+0.17,+2.38
2026-07-25 05:17:57,42,0.405,0.476,0.548,-0.15,+0.17,+2.34
2026-07-25 05:23:12,42,0.452,0.500,0.571,-0.11,+0.22,+2.39
2026-07-25 05:28:28,42,0.524,0.548,0.595,+0.03,+0.36,+2.52
2026-07-25 05:33:42,42,0.452,0.500,0.571,-0.05,+0.28,+2.43
2026-07-25 05:51:52,41,0.390,0.512,0.512,-0.24,+0.11,+2.25
2026-07-25 05:57:09,41,0.415,0.537,0.537,-0.30,+0.04,+2.16
2026-07-25 06:02:25,41,0.439,0.463,0.488,-0.25,-0.50,+1.51
2026-07-25 06:07:42,41,0.341,0.439,0.512,-0.35,-0.66,+1.42
2026-07-25 06:13:01,41,0.341,0.390,0.390,-0.31,-0.66,+1.51
2026-07-25 06:18:17,41,0.341,0.415,0.463,-0.35,-0.70,+1.47
2026-07-25 06:23:34,41,0.317,0.341,0.439,-0.54,-0.89,+1.24
2026-07-25 06:28:51,41,0.317,0.366,0.488,-0.53,-0.88,+1.26
2026-07-25 06:34:07,41,0.415,0.390,0.488,-0.36,-0.72,+1.43
2026-07-25 06:39:23,40,0.425,0.425,0.650,-0.25,-0.64,+1.69
2026-07-25 06:44:39,40,0.350,0.300,0.500,-0.42,-0.82,+1.56
2026-07-25 06:49:55,41,0.341,0.366,0.488,-0.20,-0.56,+1.67
2026-07-25 06:55:11,41,0.341,0.341,0.415,-0.40,-0.76,+1.45
2026-07-25 07:00:27,41,0.366,0.220,0.268,-0.42,-0.75,+0.42
2026-07-25 07:05:42,40,0.275,0.250,0.325,-0.24,-0.69,+0.58
2026-07-25 07:10:59,40,0.325,0.300,0.325,-0.14,-0.58,+0.61
2026-07-25 07:16:14,39,0.256,0.256,0.385,-0.14,-0.57,+0.60
2026-07-25 07:21:30,40,0.300,0.275,0.400,-0.23,-0.68,+0.47
2026-07-25 07:26:46,39,0.282,0.256,0.436,-0.23,-0.67,+0.50
2026-07-25 07:32:02,39,0.359,0.308,0.436,-0.17,-0.62,+0.56
2026-07-25 07:37:18,40,0.400,0.350,0.425,-0.13,-0.52,+0.57
2026-07-25 07:42:33,39,0.462,0.385,0.513,-0.02,-0.47,+0.72
2026-07-25 07:47:49,39,0.436,0.385,0.513,-0.09,-0.54,+0.65
2026-07-25 07:53:04,39,0.385,0.385,0.487,-0.04,-0.50,+0.71
2026-07-25 07:58:19,39,0.462,0.436,0.410,-0.04,-0.50,+0.71
2026-07-25 08:03:34,39,0.538,0.410,0.436,+0.19,-0.53,-0.39
2026-07-25 08:08:49,39,0.641,0.436,0.564,+0.39,-0.29,-0.13
2026-07-25 08:14:05,39,0.590,0.359,0.487,+0.31,-0.40,-0.20
2026-07-25 08:19:20,39,0.564,0.308,0.462,+0.29,-0.41,-0.22
2026-07-25 08:24:35,39,0.564,0.308,0.410,+0.39,-0.32,-0.12
2026-07-25 08:29:50,39,0.615,0.410,0.513,+0.37,-0.34,-0.15
2026-07-25 08:35:05,39,0.615,0.385,0.513,+0.35,-0.36,-0.17
2026-07-25 08:40:20,39,0.564,0.308,0.462,+0.28,-0.42,-0.23
2026-07-25 08:45:35,39,0.641,0.385,0.538,+0.44,-0.27,-0.08
2026-07-25 08:50:50,39,0.615,0.359,0.513,+0.39,-0.31,-0.12
2026-07-25 08:56:05,39,0.590,0.359,0.462,+0.45,-0.26,-0.07
2026-07-25 09:01:21,39,0.385,0.385,0.385,+0.18,+0.05,-0.60
2026-07-25 09:06:36,39,0.462,0.436,0.436,+0.33,+0.25,-0.52
2026-07-25 09:11:51,39,0.487,0.487,0.436,+0.37,+0.29,-0.48
2026-07-25 09:17:06,38,0.526,0.526,0.395,+0.49,+0.42,-0.35
2026-07-25 09:22:21,38,0.474,0.474,0.447,+0.65,+0.56,-0.23
2026-07-25 09:27:35,38,0.553,0.553,0.447,+0.75,+0.68,-0.10
2026-07-25 09:32:50,38,0.632,0.605,0.447,+0.74,+0.67,-0.11
2026-07-25 09:38:06,38,0.632,0.579,0.526,+0.95,+0.89,+0.09
2026-07-25 09:43:20,38,0.579,0.553,0.526,+0.87,+0.81,+0.02
2026-07-25 09:48:35,38,0.605,0.553,0.526,+0.88,+0.82,+0.03
2026-07-25 09:53:50,38,0.553,0.579,0.500,+0.90,+0.84,+0.07
2026-07-25 09:59:05,38,0.553,0.526,0.447,+0.92,+0.86,+0.09
2026-07-25 10:04:20,38,0.553,0.658,0.553,+0.57,+1.28,+0.39
2026-07-25 10:09:34,38,0.500,0.605,0.553,+0.35,+1.06,+0.18
2026-07-25 10:14:49,38,0.395,0.658,0.526,+0.44,+1.15,+0.28
2026-07-25 10:20:04,38,0.395,0.632,0.526,+0.28,+0.99,+0.12
2026-07-25 10:25:19,39,0.436,0.615,0.513,+0.43,+1.12,+0.28
2026-07-25 10:30:34,39,0.436,0.667,0.487,+0.48,+1.17,+0.33
2026-07-25 10:35:50,40,0.425,0.650,0.575,+0.41,+1.10,+0.40
2026-07-25 10:41:05,40,0.425,0.625,0.575,+0.35,+1.05,+0.35
2026-07-25 10:46:21,40,0.425,0.600,0.500,+0.27,+0.97,+0.27
2026-07-25 10:51:36,40,0.425,0.625,0.600,+0.22,+0.92,+0.23
2026-07-25 10:56:52,40,0.375,0.625,0.525,-0.00,+0.69,-0.00
2026-07-25 11:02:07,40,0.275,0.500,0.575,-0.56,+0.40,+0.13
2026-07-25 11:07:23,39,0.282,0.462,0.538,-0.52,+0.42,+0.02
2026-07-25 11:12:37,38,0.316,0.500,0.500,-0.41,+0.53,+0.12
2026-07-25 11:17:53,38,0.263,0.421,0.447,-0.47,+0.48,+0.07
2026-07-25 11:23:08,38,0.263,0.368,0.447,-0.62,+0.33,-0.08
2026-07-25 11:28:23,38,0.263,0.395,0.474,-0.58,+0.36,-0.05
2026-07-25 11:33:39,40,0.250,0.425,0.475,-0.67,+0.26,-0.01
2026-07-25 11:38:54,40,0.325,0.475,0.525,-0.72,+0.21,-0.06
2026-07-25 11:44:10,40,0.400,0.475,0.500,-0.64,+0.30,+0.03
2026-07-25 11:49:25,40,0.275,0.475,0.450,-0.77,+0.17,-0.10
2026-07-25 11:54:40,39,0.282,0.462,0.462,-0.80,+0.19,-0.06
2026-07-25 11:59:56,39,0.205,0.410,0.436,-1.00,-0.00,-0.26
2026-07-25 12:05:10,39,0.179,0.359,0.462,-0.59,-0.47,+0.01
2026-07-25 12:10:26,40,0.350,0.375,0.500,-0.33,-0.30,+0.20
2026-07-25 12:15:42,40,0.300,0.350,0.475,-0.24,-0.20,+0.30
2026-07-25 12:20:57,40,0.300,0.350,0.450,-0.44,-0.41,+0.09
2026-07-25 12:26:13,40,0.250,0.325,0.425,-0.45,-0.41,+0.09
2026-07-25 12:31:28,40,0.275,0.375,0.450,-0.52,-0.48,+0.02
2026-07-25 12:36:44,40,0.275,0.350,0.400,-0.51,-0.47,+0.04
2026-07-25 12:41:59,40,0.225,0.350,0.400,-0.28,-0.24,+0.30
2026-07-25 12:47:15,40,0.250,0.250,0.375,-0.37,-0.33,+0.20
2026-07-25 12:52:30,40,0.250,0.300,0.375,-0.39,-0.36,+0.17
2026-07-25 12:57:46,41,0.268,0.293,0.366,+0.05,+0.24,+0.83
2026-07-25 13:03:02,42,0.286,0.190,0.357,+0.19,-0.46,+0.88
2026-07-25 13:08:18,42,0.310,0.238,0.381,+0.32,-0.36,+1.17
2026-07-25 13:13:34,41,0.317,0.195,0.463,+0.49,-0.27,+1.15
2026-07-25 13:18:50,41,0.341,0.244,0.439,+0.62,-0.13,+1.30
2026-07-25 13:24:06,41,0.317,0.293,0.415,+0.81,+0.04,+1.52
2026-07-25 13:29:22,41,0.366,0.244,0.366,+0.70,-0.05,+1.40
2026-07-25 13:34:39,41,0.293,0.293,0.415,+0.41,-0.35,+1.07
2026-07-25 13:39:55,42,0.238,0.262,0.405,+0.21,-0.53,+0.87
2026-07-25 13:45:11,42,0.357,0.310,0.405,+0.31,-0.43,+0.97
2026-07-25 13:50:27,42,0.357,0.310,0.452,+0.52,-0.22,+1.20
2026-07-25 13:55:44,42,0.381,0.310,0.429,+0.57,-0.16,+1.27
2026-07-25 14:01:00,42,0.476,0.286,0.381,+0.08,+0.05,+0.95
2026-07-25 14:06:16,42,0.500,0.286,0.476,+0.25,+0.26,+0.97
2026-07-25 14:11:32,42,0.500,0.310,0.476,+0.35,+0.45,+1.04
2026-07-25 14:16:48,42,0.524,0.310,0.381,+0.30,+0.40,+0.99
2026-07-25 14:22:05,41,0.488,0.268,0.341,+0.26,+0.33,+0.93
2026-07-25 14:27:21,41,0.439,0.293,0.390,+0.14,+0.18,+0.75
2026-07-25 14:32:37,41,0.415,0.293,0.341,+0.09,+0.15,+0.72
2026-07-25 14:37:54,42,0.405,0.310,0.286,+0.01,+0.06,+0.62
2026-07-25 14:43:11,43,0.349,0.256,0.302,-0.05,-0.10,+0.66
2026-07-25 14:48:28,43,0.279,0.256,0.279,-0.02,-0.07,+0.70
2026-07-25 14:53:45,44,0.364,0.250,0.318,-0.11,-0.19,+0.62
2026-07-25 14:59:02,44,0.273,0.227,0.273,-0.17,-0.25,+0.55
2026-07-25 15:04:19,44,0.273,0.227,0.295,-0.32,+0.02,+0.12
2026-07-25 15:09:36,43,0.209,0.209,0.233,-0.46,+0.02,-0.13
2026-07-25 15:14:52,43,0.209,0.256,0.233,-0.27,+0.21,+0.05
2026-07-25 15:20:09,44,0.250,0.250,0.227,-0.16,+0.28,+0.28
2026-07-25 15:25:26,44,0.273,0.227,0.227,-0.31,+0.12,+0.13
2026-07-25 15:30:43,44,0.250,0.227,0.182,-0.34,+0.10,+0.11
2026-07-25 15:36:00,44,0.273,0.250,0.182,-0.46,-0.02,-0.01
2026-07-25 15:41:17,44,0.273,0.205,0.227,-0.58,-0.13,-0.12
2026-07-25 15:46:34,44,0.273,0.205,0.205,-0.53,-0.07,-0.05
2026-07-25 15:51:51,44,0.227,0.250,0.227,-0.44,+0.02,+0.05
2026-07-25 15:57:09,44,0.295,0.273,0.227,-0.28,+0.18,+0.21
2026-07-25 16:02:25,44,0.409,0.364,0.182,+0.38,-0.06,-0.20
2026-07-25 16:07:43,44,0.432,0.318,0.159,+0.31,-0.00,-0.54
2026-07-25 16:12:59,43,0.395,0.395,0.186,+0.37,+0.04,-0.46
2026-07-25 16:18:16,42,0.381,0.333,0.190,+0.50,+0.14,-0.20
2026-07-25 16:23:32,42,0.333,0.333,0.190,+0.10,-0.25,-0.59
2026-07-25 16:28:48,42,0.381,0.333,0.190,+0.33,-0.02,-0.34
2026-07-25 16:34:04,42,0.286,0.310,0.190,+0.17,-0.19,-0.52
2026-07-25 16:39:21,42,0.333,0.333,0.190,+0.31,-0.04,-0.37
2026-07-25 16:44:37,42,0.429,0.333,0.190,+0.43,+0.08,-0.22
2026-07-25 16:49:54,42,0.310,0.310,0.214,+0.37,+0.02,-0.30
2026-07-25 16:55:10,43,0.395,0.302,0.233,+0.86,+0.49,+0.18
2026-07-25 17:00:27,43,0.372,0.233,0.209,+0.13,+0.18,+0.10
2026-07-25 17:05:43,43,0.349,0.326,0.279,+0.59,+0.44,+0.80
2026-07-25 17:11:01,43,0.349,0.326,0.279,+0.27,+0.10,+0.42
2026-07-25 17:16:18,43,0.372,0.256,0.256,-0.03,-0.20,+0.08
2026-07-25 17:21:35,43,0.372,0.302,0.279,+0.17,-0.00,+0.28
2026-07-25 17:26:51,43,0.372,0.326,0.256,+0.12,-0.05,+0.24
2026-07-25 17:32:08,43,0.349,0.326,0.256,+0.08,-0.09,+0.20
2026-07-25 17:37:25,43,0.302,0.256,0.233,-0.17,-0.31,-0.06
2026-07-25 17:42:44,43,0.302,0.256,0.256,-0.21,-0.36,-0.08
2026-07-25 17:48:01,43,0.326,0.256,0.233,-0.14,-0.28,+0.01
2026-07-25 17:53:17,43,0.256,0.256,0.256,-0.24,-0.39,-0.09
2026-07-25 17:58:34,43,0.279,0.279,0.233,+0.07,-0.05,+0.28
2026-07-25 18:03:50,43,0.349,0.349,0.233,-0.43,+0.19,+0.36
2026-07-25 18:09:07,43,0.372,0.326,0.209,-0.55,+0.02,+0.19
2026-07-25 18:14:25,44,0.409,0.432,0.273,-0.36,+0.16,+0.32
2026-07-25 18:19:42,44,0.409,0.409,0.250,-0.36,+0.02,+0.32
2026-07-25 18:24:59,44,0.500,0.409,0.250,-0.30,+0.09,+0.41
2026-07-25 18:30:16,44,0.568,0.432,0.250,-0.16,+0.24,+0.55
2026-07-25 18:35:33,44,0.477,0.386,0.250,-0.45,-0.00,+0.32
2026-07-25 18:40:50,44,0.455,0.386,0.205,-0.51,-0.04,+0.29
2026-07-25 18:46:07,44,0.386,0.364,0.227,-0.44,+0.04,+0.38
2026-07-25 18:51:24,44,0.432,0.386,0.227,-0.56,-0.10,+0.21
2026-07-25 18:56:42,44,0.500,0.500,0.227,-0.55,-0.11,+0.19
2026-07-25 19:02:00,45,0.444,0.444,0.311,-0.59,-0.57,-0.79
2026-07-25 19:07:18,45,0.444,0.400,0.333,-0.73,-0.77,-0.91
2026-07-25 19:12:35,44,0.386,0.364,0.318,-0.78,-0.89,-0.96
2026-07-25 19:17:53,44,0.455,0.364,0.341,-0.60,-0.68,-0.74
2026-07-25 19:23:10,44,0.432,0.409,0.295,-0.60,-0.68,-0.74
2026-07-25 19:28:27,44,0.455,0.341,0.295,-0.79,-0.90,-0.97
2026-07-25 19:33:44,44,0.455,0.386,0.318,-0.72,-0.82,-0.89
2026-07-25 19:39:02,44,0.455,0.409,0.250,-0.63,-0.72,-0.78
2026-07-25 19:44:18,44,0.386,0.364,0.273,-0.66,-0.75,-0.80
2026-07-25 19:49:35,44,0.455,0.386,0.386,-0.66,-0.76,-0.82
2026-07-25 19:54:52,44,0.455,0.386,0.318,-0.70,-0.80,-0.85
2026-07-25 20:00:09,44,0.477,0.409,0.386,-0.51,-0.78,-0.68
2026-07-25 20:05:26,44,0.477,0.500,0.318,-0.01,-0.71,-0.71
2026-07-25 20:10:44,45,0.489,0.533,0.356,+0.05,-0.70,-0.63
2026-07-25 20:16:01,45,0.533,0.556,0.333,+0.15,-0.59,-0.53
2026-07-25 20:21:18,45,0.533,0.511,0.333,-0.05,-0.77,-0.72
2026-07-25 20:26:36,45,0.533,0.511,0.333,-0.31,-1.03,-1.00
2026-07-25 20:31:53,45,0.511,0.556,0.333,-0.39,-1.12,-1.12
2026-07-25 20:37:10,43,0.349,0.465,0.279,-1.05,-1.74,-1.80
2026-07-25 20:42:27,43,0.419,0.581,0.302,-0.85,-1.54,-1.58
2026-07-25 20:47:43,43,0.395,0.512,0.279,-1.14,-1.82,-1.89
2026-07-25 20:53:00,43,0.419,0.512,0.302,-1.11,-1.79,-1.85
2026-07-25 20:58:17,44,0.455,0.455,0.318,-0.87,-1.51,-1.59
2026-07-25 21:03:34,44,0.295,0.432,0.364,-0.92,-1.67,-1.61
2026-07-25 21:08:51,43,0.279,0.512,0.442,-0.85,-1.60,-1.45
2026-07-25 21:14:08,43,0.279,0.535,0.419,-1.11,-1.71,-1.66
2026-07-25 21:19:25,45,0.356,0.489,0.378,-1.13,-1.56,-1.49
2026-07-25 21:24:42,45,0.356,0.444,0.400,-0.75,-1.19,-1.08
2026-07-25 21:29:59,45,0.467,0.556,0.467,-0.47,-0.92,-0.81
2026-07-25 21:35:17,45,0.444,0.533,0.489,-0.47,-0.95,-0.85
2026-07-25 21:40:35,44,0.477,0.545,0.455,-0.37,-0.88,-0.72
2026-07-25 21:45:51,44,0.386,0.568,0.500,-0.36,-0.90,-0.71
2026-07-25 21:51:08,43,0.395,0.558,0.465,-0.41,-0.94,-0.81
2026-07-25 21:56:25,44,0.477,0.545,0.500,-0.45,-0.94,-0.89
2026-07-25 22:01:42,44,0.591,0.568,0.545,+0.42,-0.38,-1.08
2026-07-25 22:06:58,42,0.571,0.619,0.524,+0.39,-0.54,-1.02
2026-07-25 22:12:14,42,0.667,0.619,0.548,+0.68,-0.26,-0.74
2026-07-25 22:17:31,42,0.619,0.595,0.500,+0.42,-0.50,-0.98
2026-07-25 22:22:47,42,0.619,0.524,0.524,+0.34,-0.58,-1.06
2026-07-25 22:28:04,42,0.595,0.571,0.500,+0.38,-0.55,-1.03
2026-07-25 22:33:20,42,0.595,0.571,0.571,+0.48,-0.47,-0.94
2026-07-25 22:38:36,42,0.571,0.571,0.548,+0.41,-0.55,-1.03
2026-07-25 22:43:51,41,0.585,0.634,0.585,+0.58,-0.41,-0.91
2026-07-25 22:49:07,42,0.595,0.619,0.524,+0.48,-0.48,-0.95
2026-07-25 22:54:23,42,0.571,0.595,0.571,+0.43,-0.52,-0.99
2026-07-25 22:59:40,42,0.571,0.619,0.524,+0.41,-0.55,-1.01
2026-07-25 23:04:55,41,0.512,0.537,0.537,+0.19,-0.23,-1.05
2026-07-25 23:10:11,41,0.561,0.537,0.561,+0.21,-0.22,-1.06
2026-07-25 23:15:27,41,0.512,0.488,0.537,+0.01,-0.43,-1.26
2026-07-25 23:20:43,41,0.585,0.512,0.537,+0.10,-0.34,-1.16
2026-07-25 23:25:58,41,0.561,0.537,0.512,+0.22,-0.23,-1.06
2026-07-25 23:31:14,41,0.488,0.488,0.537,+0.13,-0.32,-1.14
2026-07-25 23:36:30,41,0.537,0.561,0.512,+0.20,-0.26,-1.11
2026-07-25 23:41:46,41,0.512,0.585,0.488,+0.20,-0.27,-1.13
2026-07-25 23:47:02,41,0.488,0.512,0.512,+0.28,-0.19,-1.05
2026-07-25 23:52:17,41,0.463,0.463,0.512,+0.06,-0.42,-1.27
2026-07-25 23:57:33,41,0.488,0.512,0.512,+0.03,-0.44,-1.29
2026-07-26 00:02:50,41,0.390,0.561,0.512,+0.06,+0.40,-1.13
2026-07-26 00:08:05,41,0.317,0.537,0.463,-0.49,-0.11,-1.64
2026-07-26 00:13:22,41,0.317,0.488,0.488,-0.66,-0.28,-1.76
2026-07-26 00:18:38,41,0.366,0.512,0.439,+0.06,+0.46,-1.08
2026-07-26 00:23:54,41,0.390,0.512,0.537,+0.20,+0.60,-0.91
2026-07-26 00:29:10,41,0.366,0.512,0.488,+0.20,+0.59,-0.91
2026-07-26 00:34:26,41,0.415,0.512,0.512,+0.01,+0.40,-1.08
2026-07-26 00:39:42,41,0.366,0.488,0.463,+0.41,+0.81,-0.69
2026-07-26 00:44:58,41,0.390,0.463,0.463,+0.29,+0.69,-0.80
2026-07-26 00:50:14,41,0.341,0.463,0.415,+0.23,+0.63,-0.85
2026-07-26 00:55:31,42,0.381,0.500,0.452,+0.42,+0.82,-0.62
2026-07-26 01:00:48,43,0.372,0.512,0.419,+0.42,+0.54,-0.32
2026-07-26 01:06:04,43,0.442,0.488,0.512,+0.63,+0.53,-0.01
2026-07-26 01:11:21,43,0.372,0.512,0.512,+0.78,+0.67,+0.08
2026-07-26 01:16:38,43,0.395,0.512,0.535,+0.78,+0.69,+0.08
2026-07-26 01:21:54,43,0.372,0.465,0.535,+0.32,+0.24,-0.37
2026-07-26 01:27:11,43,0.372,0.442,0.512,+0.47,+0.39,-0.23
2026-07-26 01:32:27,43,0.419,0.512,0.535,+0.45,+0.38,-0.25
2026-07-26 01:37:44,43,0.535,0.535,0.581,+0.25,+0.17,-0.43
2026-07-26 01:43:01,43,0.512,0.535,0.535,+0.39,+0.30,-0.30
2026-07-26 01:48:19,43,0.558,0.581,0.605,+0.53,+0.44,-0.16
2026-07-26 01:53:35,43,0.512,0.581,0.581,+0.38,+0.29,-0.30
2026-07-26 01:58:52,43,0.512,0.605,0.558,+0.52,+0.46,-0.16
2026-07-26 02:04:09,43,0.465,0.512,0.535,+0.08,+0.36,+0.17
2026-07-26 02:09:26,43,0.535,0.512,0.535,-0.05,+0.27,-0.00
2026-07-26 02:14:43,43,0.535,0.535,0.512,+0.14,+0.46,+0.18
2026-07-26 02:20:00,43,0.535,0.465,0.535,+0.09,+0.40,+0.11
2026-07-26 02:25:17,43,0.581,0.512,0.558,-0.08,+0.23,-0.07
2026-07-26 02:30:35,44,0.614,0.545,0.568,+0.16,+0.46,+0.17
2026-07-26 02:35:52,44,0.636,0.568,0.591,+0.32,+0.62,+0.32
2026-07-26 02:41:09,44,0.636,0.568,0.614,+0.30,+0.61,+0.31
2026-07-26 02:46:26,44,0.659,0.614,0.636,+0.41,+0.71,+0.42
2026-07-26 02:51:44,44,0.659,0.568,0.614,+0.37,+0.70,+0.41
2026-07-26 02:57:01,44,0.636,0.568,0.636,+0.36,+0.70,+0.41
2026-07-26 03:02:19,44,0.591,0.545,0.659,+0.59,+0.89,+1.09
2026-07-26 03:07:36,44,0.591,0.591,0.659,+0.57,+0.99,+1.14
2026-07-26 03:12:55,44,0.568,0.659,0.682,+0.60,+1.06,+1.21
2026-07-26 03:18:11,43,0.581,0.674,0.651,+0.66,+1.12,+1.27
2026-07-26 03:23:28,43,0.535,0.651,0.651,+0.57,+1.01,+1.14
2026-07-26 03:28:45,43,0.605,0.628,0.605,+0.48,+0.91,+1.05
2026-07-26 03:34:03,43,0.628,0.651,0.581,+0.38,+0.79,+0.91
2026-07-26 03:39:20,43,0.605,0.628,0.558,+0.33,+0.75,+0.87
2026-07-26 03:44:37,43,0.512,0.628,0.558,+0.21,+0.64,+0.76
2026-07-26 03:49:54,43,0.512,0.605,0.581,+0.17,+0.60,+0.73
2026-07-26 03:55:11,43,0.488,0.581,0.558,+0.25,+0.67,+0.80
2026-07-26 04:00:28,43,0.488,0.581,0.535,+0.14,+0.65,+0.73
2026-07-26 04:05:45,43,0.419,0.581,0.535,+0.02,+0.31,+0.69
2026-07-26 04:11:02,43,0.349,0.605,0.558,-0.02,+0.40,+0.68
2026-07-26 04:16:19,43,0.302,0.581,0.558,-0.01,+0.41,+0.67
2026-07-26 04:21:36,43,0.372,0.581,0.558,+0.01,+0.43,+0.66
2026-07-26 04:26:53,43,0.302,0.558,0.558,-0.18,+0.23,+0.45
2026-07-26 04:32:10,43,0.326,0.558,0.581,-0.12,+0.29,+0.52
2026-07-26 04:37:27,43,0.349,0.558,0.558,-0.16,+0.25,+0.53
2026-07-26 04:42:46,43,0.326,0.558,0.605,-0.04,+0.38,+0.66
2026-07-26 04:48:03,43,0.349,0.558,0.581,-0.09,+0.32,+0.59
2026-07-26 04:53:20,43,0.349,0.558,0.581,-0.11,+0.31,+0.56
2026-07-26 04:58:37,43,0.326,0.581,0.581,-0.16,+0.26,+0.53
2026-07-26 05:03:53,43,0.279,0.535,0.581,-0.12,+0.44,+0.50
2026-07-26 05:09:11,43,0.256,0.488,0.535,-0.14,+0.34,+0.43
2026-07-26 05:14:28,43,0.279,0.419,0.535,-0.25,+0.18,+0.31
2026-07-26 05:19:44,43,0.233,0.395,0.558,+0.03,+0.48,+0.62
2026-07-26 05:25:02,43,0.279,0.465,0.535,+0.06,+0.51,+0.62
2026-07-26 05:30:19,43,0.279,0.488,0.465,-0.15,+0.30,+0.41
2026-07-26 05:35:36,43,0.233,0.419,0.419,-0.17,+0.27,+0.40
2026-07-26 05:40:53,43,0.233,0.395,0.488,-0.02,+0.44,+0.58
2026-07-26 05:46:10,43,0.279,0.395,0.465,+0.08,+0.54,+0.63
2026-07-26 05:51:27,43,0.302,0.419,0.512,+0.12,+0.58,+0.70
2026-07-26 05:56:44,43,0.302,0.419,0.488,+0.17,+0.62,+0.75
2026-07-26 06:02:01,43,0.372,0.326,0.535,+0.44,+0.26,+0.96
2026-07-26 06:07:18,43,0.349,0.372,0.488,+0.42,+0.28,+1.02
2026-07-26 06:12:35,43,0.349,0.326,0.488,+0.36,+0.22,+0.96
2026-07-26 06:17:52,43,0.372,0.302,0.512,+0.39,+0.19,+0.98
2026-07-26 06:23:09,43,0.395,0.279,0.465,+0.27,+0.05,+0.90
2026-07-26 06:28:26,43,0.372,0.326,0.512,+0.40,+0.16,+1.07
2026-07-26 06:33:43,43,0.442,0.326,0.605,+0.46,+0.22,+1.11
2026-07-26 06:39:00,43,0.488,0.326,0.628,+0.56,+0.33,+1.21
2026-07-26 06:44:17,43,0.488,0.349,0.581,+0.64,+0.40,+1.29
2026-07-26 06:49:34,43,0.558,0.302,0.605,+0.65,+0.43,+1.31
2026-07-26 06:54:51,43,0.558,0.349,0.651,+0.61,+0.38,+1.26
2026-07-26 07:00:08,43,0.488,0.372,0.674,+0.42,+0.56,+1.47
2026-07-26 07:05:24,43,0.651,0.512,0.558,+0.40,+0.56,+0.91
2026-07-26 07:10:41,42,0.667,0.548,0.548,+0.34,+0.53,+0.91
2026-07-26 07:15:58,42,0.714,0.524,0.619,+0.49,+0.65,+1.03
2026-07-26 07:21:15,42,0.667,0.524,0.571,+0.42,+0.58,+0.96
2026-07-26 07:26:31,42,0.595,0.452,0.571,+0.47,+0.63,+1.02
2026-07-26 07:31:47,42,0.595,0.429,0.619,+0.39,+0.56,+0.93
2026-07-26 07:37:04,42,0.571,0.429,0.571,+0.31,+0.48,+0.86
2026-07-26 07:42:20,42,0.595,0.452,0.619,+0.42,+0.59,+0.97
2026-07-26 07:47:36,42,0.619,0.476,0.595,+0.43,+0.61,+0.99
2026-07-26 07:52:53,42,0.548,0.405,0.500,+0.13,+0.30,+0.68
2026-07-26 07:58:09,42,0.524,0.429,0.524,+0.15,+0.35,+0.74
2026-07-26 08:03:25,42,0.405,0.476,0.476,-0.09,+0.59,+0.88
2026-07-26 08:08:41,42,0.429,0.500,0.476,-0.07,+0.67,+0.97
2026-07-26 08:13:58,43,0.488,0.488,0.442,+0.62,+1.43,+1.76
2026-07-26 08:19:14,43,0.372,0.419,0.372,+0.17,+0.96,+1.29
2026-07-26 08:24:31,43,0.372,0.465,0.372,+0.08,+0.88,+1.21
2026-07-26 08:29:48,44,0.295,0.386,0.364,+0.12,+0.88,+1.21
2026-07-26 08:35:05,44,0.295,0.409,0.341,+0.08,+0.84,+1.16
2026-07-26 08:40:22,44,0.295,0.432,0.341,+0.08,+0.83,+1.15
2026-07-26 08:45:40,44,0.205,0.364,0.364,-0.04,+0.71,+1.05
2026-07-26 08:50:56,44,0.318,0.341,0.318,+0.01,+0.76,+1.12
2026-07-26 08:56:13,44,0.318,0.364,0.318,+0.18,+0.93,+1.29
2026-07-26 09:01:30,45,0.289,0.422,0.356,-0.31,+0.64,+0.84
2026-07-26 09:06:47,45,0.311,0.422,0.333,-0.50,+0.46,+0.61
2026-07-26 09:12:05,44,0.386,0.500,0.364,-0.33,+0.55,+0.74
2026-07-26 09:17:22,44,0.364,0.523,0.364,-0.29,+0.64,+0.78
2026-07-26 09:22:38,43,0.395,0.442,0.349,-0.48,+0.42,+0.61
2026-07-26 09:27:56,43,0.395,0.395,0.326,-0.34,+0.57,+0.76
2026-07-26 09:33:12,43,0.395,0.442,0.372,-0.30,+0.59,+0.81
2026-07-26 09:38:30,43,0.372,0.465,0.326,-0.46,+0.41,+0.62
2026-07-26 09:43:46,43,0.372,0.465,0.349,-0.50,+0.37,+0.57
2026-07-26 09:49:03,43,0.372,0.465,0.372,-0.52,+0.33,+0.54
2026-07-26 09:54:20,42,0.429,0.476,0.286,-0.51,+0.31,+0.53
2026-07-26 09:59:36,42,0.405,0.452,0.333,-0.41,+0.40,+0.67
2026-07-26 10:04:53,42,0.452,0.357,0.381,-0.02,+0.23,+0.82
2026-07-26 10:10:11,42,0.405,0.310,0.310,-0.69,-0.49,+0.07
2026-07-26 10:15:28,42,0.357,0.357,0.333,-0.62,-0.40,+0.15
2026-07-26 10:20:44,42,0.405,0.381,0.357,-0.55,-0.34,+0.21
2026-07-26 10:26:01,42,0.452,0.381,0.381,-0.50,-0.27,+0.29
2026-07-26 10:31:17,42,0.500,0.429,0.405,-0.15,+0.06,+0.62
2026-07-26 10:36:34,42,0.429,0.405,0.405,-0.22,-0.01,+0.55
2026-07-26 10:41:50,42,0.476,0.429,0.381,-0.28,-0.05,+0.51
2026-07-26 10:47:07,42,0.405,0.357,0.405,-0.35,-0.12,+0.44
2026-07-26 10:52:23,42,0.476,0.429,0.405,-0.26,-0.02,+0.54
2026-07-26 10:57:40,42,0.524,0.500,0.452,-0.17,+0.05,+0.61
2026-07-26 11:02:56,42,0.452,0.452,0.548,-0.01,-0.49,+0.83
2026-07-26 11:08:13,42,0.310,0.357,0.500,-0.26,-0.78,+0.49
2026-07-26 11:13:29,42,0.405,0.405,0.452,-0.11,-0.57,+0.70
2026-07-26 11:18:45,41,0.415,0.415,0.463,-0.01,-0.48,+0.82
2026-07-26 11:24:01,41,0.341,0.390,0.415,-0.28,-0.74,+0.53
2026-07-26 11:29:17,41,0.366,0.390,0.439,-0.29,-0.76,+0.51
2026-07-26 11:34:34,41,0.366,0.366,0.439,-0.27,-0.70,+0.54
2026-07-26 11:39:50,41,0.390,0.366,0.463,-0.48,-0.91,+0.32
2026-07-26 11:45:06,41,0.341,0.366,0.390,-0.32,-0.75,+0.49
2026-07-26 11:50:22,41,0.366,0.341,0.439,-0.33,-0.77,+0.46
2026-07-26 11:55:39,42,0.429,0.405,0.548,-0.37,-0.81,+0.37
2026-07-26 12:00:56,42,0.333,0.429,0.429,-0.55,-0.72,-0.14
2026-07-26 12:06:12,42,0.357,0.476,0.476,-0.39,-0.66,-0.13
2026-07-26 12:11:29,42,0.333,0.429,0.452,-0.44,-0.70,-0.16
2026-07-26 12:16:45,42,0.357,0.405,0.476,-0.45,-0.69,-0.15
2026-07-26 12:22:02,42,0.333,0.429,0.476,-0.52,-0.79,-0.24
2026-07-26 12:27:18,43,0.395,0.442,0.512,-0.41,-0.57,+0.00
2026-07-26 12:32:36,43,0.372,0.442,0.488,-0.56,-0.70,-0.13
2026-07-26 12:37:53,43,0.442,0.419,0.488,-0.58,-0.73,-0.16
2026-07-26 12:43:10,43,0.465,0.488,0.465,-0.71,-0.84,-0.27
2026-07-26 12:48:27,43,0.465,0.488,0.442,-0.73,-0.85,-0.26
2026-07-26 12:53:43,42,0.429,0.476,0.405,-0.81,-0.94,-0.36
2026-07-26 12:59:00,43,0.465,0.465,0.419,-0.89,-1.01,-0.44
2026-07-26 13:04:17,42,0.357,0.405,0.405,-0.43,-1.03,-0.78
2026-07-26 13:09:33,42,0.333,0.405,0.429,-0.63,-1.23,-1.00
2026-07-26 13:14:50,42,0.357,0.381,0.381,-0.65,-1.26,-1.00
2026-07-26 13:20:06,42,0.238,0.310,0.381,-0.73,-1.33,-1.09
2026-07-26 13:25:22,42,0.357,0.381,0.429,-0.62,-1.20,-0.97
2026-07-26 13:30:39,42,0.429,0.429,0.429,-0.74,-1.31,-1.10
2026-07-26 13:35:55,41,0.463,0.415,0.415,-0.62,-1.20,-0.92
2026-07-26 13:41:12,42,0.429,0.452,0.452,-0.33,-0.90,-0.64
2026-07-26 13:46:28,42,0.476,0.476,0.476,-0.14,-0.70,-0.45
2026-07-26 13:51:45,42,0.429,0.452,0.429,-0.29,-0.85,-0.61
2026-07-26 13:57:02,42,0.476,0.429,0.452,-0.31,-0.89,-0.61
2026-07-26 14:02:18,42,0.381,0.429,0.405,-0.19,-0.90,-1.18
2026-07-26 14:07:35,42,0.405,0.429,0.429,-0.11,-0.89,-1.08
2026-07-26 14:12:51,43,0.488,0.442,0.442,+0.07,-0.67,-0.81
2026-07-26 14:18:09,44,0.364,0.432,0.409,-0.16,-0.89,-1.02
2026-07-26 14:23:26,44,0.386,0.432,0.432,-0.01,-0.73,-0.87
2026-07-26 14:28:43,44,0.318,0.409,0.432,-0.07,-0.78,-0.90
2026-07-26 14:34:00,44,0.295,0.386,0.409,-0.05,-0.75,-0.85
2026-07-26 14:39:17,43,0.395,0.419,0.419,+0.07,-0.65,-0.76
2026-07-26 14:44:34,43,0.488,0.395,0.419,+0.20,-0.53,-0.63
2026-07-26 14:49:51,43,0.465,0.395,0.395,+0.25,-0.46,-0.56
2026-07-26 14:55:08,43,0.419,0.395,0.419,+0.09,-0.63,-0.70
2026-07-26 15:00:25,43,0.442,0.372,0.372,+0.21,-0.22,-0.55
2026-07-26 15:05:42,43,0.372,0.326,0.419,+0.29,+0.02,-0.43
2026-07-26 15:10:59,43,0.349,0.256,0.372,+0.18,-0.06,-0.50
2026-07-26 15:16:16,43,0.256,0.233,0.372,+0.08,-0.14,-0.59
2026-07-26 15:21:34,45,0.289,0.200,0.356,+0.07,-0.17,-0.55
2026-07-26 15:26:51,44,0.273,0.227,0.364,+0.01,-0.23,-0.62
2026-07-26 15:32:08,44,0.273,0.250,0.364,+0.15,-0.09,-0.49
2026-07-26 15:37:26,44,0.318,0.273,0.386,+0.25,+0.00,-0.39
2026-07-26 15:42:43,44,0.318,0.295,0.386,+0.25,+0.18,-0.24
2026-07-26 15:48:00,44,0.409,0.318,0.386,+0.56,+0.49,+0.07
2026-07-26 15:53:17,43,0.372,0.326,0.395,+0.53,+0.50,+0.04
2026-07-26 15:58:35,43,0.349,0.326,0.395,+0.49,+0.45,-0.02
2026-07-26 16:03:52,43,0.535,0.419,0.395,+0.43,+0.82,+0.10
2026-07-26 16:09:08,43,0.535,0.488,0.372,+0.48,+0.88,+0.15
2026-07-26 16:14:25,44,0.500,0.500,0.386,+0.15,+0.52,-0.18
2026-07-26 16:19:43,44,0.545,0.500,0.409,-0.07,+0.31,-0.38
2026-07-26 16:25:01,46,0.478,0.478,0.326,+0.38,+0.71,+0.11
2026-07-26 16:30:19,45,0.400,0.400,0.356,+0.37,+0.73,+0.16
2026-07-26 16:35:37,45,0.378,0.444,0.356,+0.36,+0.75,+0.20
2026-07-26 16:40:54,44,0.409,0.432,0.341,+0.35,+0.75,+0.17
2026-07-26 16:46:11,44,0.386,0.455,0.318,+0.38,+0.78,+0.20
2026-07-26 16:51:29,44,0.386,0.455,0.341,+0.37,+0.77,+0.19
2026-07-26 16:56:45,44,0.364,0.455,0.318,+0.42,+0.81,+0.23
2026-07-26 17:02:01,44,0.227,0.432,0.386,-0.12,+0.50,+0.34
2026-07-26 17:07:16,44,0.250,0.455,0.409,-0.04,+0.68,+0.24
2026-07-26 17:12:32,45,0.311,0.489,0.400,-0.03,+0.71,+0.29
2026-07-26 17:17:49,44,0.295,0.477,0.386,+0.06,+0.81,+0.35
2026-07-26 17:23:04,44,0.250,0.409,0.364,-0.05,+0.69,+0.22
2026-07-26 17:28:20,44,0.295,0.409,0.364,-0.10,+0.64,+0.17
2026-07-26 17:33:36,44,0.273,0.386,0.364,-0.03,+0.71,+0.24
2026-07-26 17:38:53,45,0.311,0.444,0.356,-0.13,+0.52,+0.02
2026-07-26 17:44:09,45,0.289,0.444,0.356,+0.14,+0.78,+0.28
2026-07-26 17:49:25,44,0.318,0.432,0.386,+0.11,+0.83,+0.34
2026-07-26 17:54:40,44,0.250,0.386,0.364,+0.01,+0.70,+0.20
2026-07-26 17:59:56,43,0.256,0.419,0.372,+0.10,+0.83,+0.31
2026-07-26 18:05:11,43,0.488,0.512,0.395,+0.28,+0.68,+0.80
2026-07-26 18:10:26,43,0.465,0.512,0.372,+0.23,+0.64,+0.80
2026-07-26 18:15:41,43,0.488,0.488,0.395,+0.20,+0.63,+0.87
2026-07-26 18:20:56,43,0.535,0.488,0.395,+0.07,+0.49,+0.76
2026-07-26 18:26:11,41,0.561,0.512,0.415,+0.22,+0.68,+0.95
2026-07-26 18:31:26,41,0.512,0.512,0.366,+0.16,+0.62,+0.89
2026-07-26 18:36:40,41,0.463,0.439,0.390,+0.07,+0.55,+0.83
2026-07-26 18:41:55,41,0.488,0.439,0.439,+0.04,+0.51,+0.80
2026-07-26 18:47:09,40,0.500,0.425,0.425,+0.14,+0.63,+0.95
2026-07-26 18:52:25,40,0.500,0.525,0.475,-0.02,+0.49,+0.80
2026-07-26 18:57:40,40,0.475,0.475,0.400,-0.18,+0.33,+0.65
2026-07-26 19:02:54,40,0.300,0.300,0.375,-0.63,-0.39,+0.20
2026-07-26 19:08:09,41,0.390,0.366,0.390,+0.10,+0.25,+1.01
2026-07-26 19:13:25,41,0.415,0.390,0.390,+0.03,+0.14,+1.03
2026-07-26 19:18:39,41,0.415,0.341,0.415,-0.08,+0.03,+0.92
2026-07-26 19:23:54,41,0.439,0.415,0.366,+0.11,+0.17,+1.07
2026-07-26 19:29:09,41,0.512,0.439,0.415,+0.09,+0.15,+1.05
2026-07-26 19:34:23,41,0.439,0.439,0.463,+0.06,+0.13,+1.03
2026-07-26 19:39:38,41,0.512,0.415,0.463,+0.08,+0.15,+1.06
2026-07-26 19:44:54,41,0.537,0.439,0.488,+0.05,+0.12,+1.03
2026-07-26 19:50:09,41,0.512,0.415,0.488,-0.03,+0.05,+0.95
2026-07-26 19:55:23,41,0.512,0.415,0.512,+0.02,+0.09,+0.99
2026-07-26 20:00:38,41,0.415,0.439,0.415,-0.17,+0.08,+0.87
2026-07-26 20:05:52,40,0.450,0.525,0.400,-0.36,-0.22,+0.51
2026-07-26 20:11:07,40,0.375,0.375,0.400,-0.37,-0.37,+0.47
2026-07-26 20:16:21,39,0.333,0.436,0.385,-0.41,-0.38,+0.43
2026-07-26 20:21:35,39,0.359,0.462,0.436,-0.38,-0.36,+0.44
2026-07-26 20:26:52,39,0.410,0.462,0.436,-0.34,-0.32,+0.48
2026-07-26 20:32:07,39,0.410,0.487,0.462,-0.37,-0.35,+0.46
2026-07-26 20:37:21,39,0.436,0.462,0.410,-0.50,-0.49,+0.33
2026-07-26 20:37:55,39,0.462,0.462,0.410,-0.44,-0.43,+0.39
2026-07-26 20:43:11,39,0.385,0.436,0.410,-0.49,-0.47,+0.35
2026-07-26 20:48:27,39,0.359,0.436,0.359,-0.52,-0.51,+0.30
2026-07-26 20:53:43,39,0.385,0.410,0.410,-0.49,-0.44,+0.33
2026-07-26 20:58:58,39,0.385,0.385,0.385,-0.50,-0.45,+0.33
2026-07-26 21:04:14,39,0.256,0.410,0.487,-0.45,-0.35,+0.14
2026-07-26 21:09:30,39,0.308,0.487,0.513,-0.49,-0.46,+0.07
2026-07-26 21:14:46,39,0.282,0.462,0.487,-0.54,-0.49,+0.00
2026-07-26 21:20:01,39,0.333,0.436,0.385,-0.61,-0.57,-0.08
2026-07-26 21:25:17,39,0.385,0.513,0.487,-0.42,-0.37,+0.12
2026-07-26 21:30:32,39,0.359,0.538,0.462,-0.36,-0.32,+0.17
2026-07-26 21:35:48,39,0.385,0.564,0.462,-0.27,-0.23,+0.25
2026-07-26 21:41:04,39,0.333,0.564,0.385,-0.37,-0.33,+0.16
2026-07-26 21:46:19,38,0.263,0.526,0.395,-0.47,-0.44,+0.07
2026-07-26 21:51:34,38,0.289,0.500,0.421,-0.21,-0.19,+0.31
2026-07-26 21:56:49,38,0.263,0.421,0.368,-0.36,-0.34,+0.16
2026-07-26 22:02:05,38,0.395,0.342,0.447,-0.12,-0.43,-0.28
2026-07-26 22:07:20,38,0.395,0.342,0.395,-0.12,-0.42,-0.44
2026-07-26 22:12:35,38,0.395,0.368,0.342,-0.13,-0.43,-0.44
2026-07-26 22:17:51,38,0.316,0.342,0.289,-0.22,-0.53,-0.57
2026-07-26 22:23:06,38,0.395,0.342,0.289,-0.36,-0.67,-0.70
2026-07-26 22:28:22,37,0.405,0.351,0.324,-0.28,-0.60,-0.67
2026-07-26 22:33:37,37,0.324,0.297,0.216,-0.45,-0.76,-0.83
2026-07-26 22:38:52,37,0.378,0.378,0.324,-0.38,-0.68,-0.74
2026-07-26 22:44:07,37,0.378,0.351,0.324,-0.42,-0.72,-0.78
2026-07-26 22:49:22,37,0.432,0.324,0.270,-0.36,-0.66,-0.72
2026-07-26 22:54:38,36,0.417,0.333,0.278,-0.46,-0.76,-0.80
2026-07-26 22:59:53,36,0.389,0.361,0.306,-0.49,-0.78,-0.82
2026-07-26 23:05:07,36,0.417,0.306,0.333,-0.47,-0.96,-0.73
2026-07-26 23:10:22,37,0.514,0.405,0.432,-0.39,-0.85,-0.70
2026-07-26 23:15:36,35,0.457,0.400,0.371,-0.81,-1.26,-1.11
2026-07-26 23:20:51,37,0.459,0.432,0.405,-0.10,-0.29,+0.06
2026-07-26 23:26:07,39,0.385,0.410,0.359,+0.37,+0.24,+0.61
2026-07-26 23:31:23,39,0.385,0.385,0.333,+0.07,-0.05,+0.30
2026-07-26 23:36:38,39,0.385,0.410,0.359,+0.14,+0.01,+0.37
2026-07-26 23:41:54,39,0.410,0.410,0.385,+0.06,-0.07,+0.28
2026-07-26 23:47:10,40,0.375,0.425,0.400,-0.05,-0.17,+0.19
2026-07-26 23:52:26,40,0.400,0.425,0.400,+0.04,-0.08,+0.29
2026-07-26 23:57:42,40,0.500,0.425,0.400,-0.00,-0.13,+0.24
2026-07-27 00:02:59,40,0.475,0.425,0.450,+0.23,-0.03,-0.12
2026-07-27 00:08:14,40,0.525,0.475,0.475,+0.97,+0.73,+0.76
2026-07-27 00:13:30,40,0.500,0.400,0.475,+0.81,+0.60,+0.62
2026-07-27 00:18:45,38,0.579,0.579,0.500,+1.00,+0.76,+0.82
2026-07-27 00:24:01,38,0.632,0.579,0.553,+1.05,+0.81,+0.87
2026-07-27 00:29:16,39,0.538,0.538,0.538,+0.85,+0.59,+0.65
2026-07-27 00:34:32,38,0.553,0.553,0.579,+1.13,+0.88,+0.94
2026-07-27 00:39:47,39,0.615,0.564,0.615,+1.41,+1.18,+1.24
2026-07-27 00:45:03,39,0.615,0.641,0.615,+1.49,+1.26,+1.33
2026-07-27 00:50:18,39,0.641,0.641,0.615,+1.67,+1.44,+1.52
2026-07-27 00:55:34,38,0.632,0.605,0.579,+1.69,+1.47,+1.53
2026-07-27 01:00:49,38,0.684,0.526,0.553,+0.99,+0.89,+0.97
2026-07-27 01:06:04,38,0.605,0.579,0.553,+0.83,+0.78,+0.88
2026-07-27 01:11:21,41,0.537,0.537,0.537,+1.01,+0.93,+1.02
2026-07-27 01:16:37,41,0.561,0.561,0.512,+0.97,+0.88,+0.97
2026-07-27 01:21:53,39,0.564,0.513,0.513,+1.04,+0.95,+1.04
2026-07-27 01:27:09,40,0.600,0.525,0.525,+1.27,+1.17,+1.26
2026-07-27 01:32:25,39,0.590,0.513,0.538,+1.35,+1.25,+1.34
2026-07-27 01:37:41,39,0.590,0.513,0.487,+1.15,+1.05,+1.14
2026-07-27 01:42:57,39,0.564,0.513,0.487,+1.00,+0.91,+0.99
2026-07-27 01:48:13,39,0.564,0.513,0.462,+1.06,+0.97,+1.05
2026-07-27 01:53:28,39,0.564,0.513,0.487,+1.10,+1.01,+1.09
2026-07-27 01:58:44,39,0.513,0.513,0.462,+0.95,+0.85,+0.93
2026-07-27 02:04:00,40,0.350,0.475,0.475,-0.03,+1.20,+0.91
2026-07-27 02:09:16,40,0.350,0.475,0.500,-0.03,+1.27,+1.01
2026-07-27 02:14:31,39,0.282,0.487,0.487,-0.16,+1.20,+0.83
2026-07-27 02:19:47,39,0.385,0.513,0.513,+0.06,+1.48,+1.18
2026-07-27 02:25:03,39,0.359,0.462,0.487,-0.04,+1.27,+0.88
2026-07-27 02:30:19,40,0.325,0.475,0.475,+0.11,+1.42,+1.05
2026-07-27 02:35:34,39,0.385,0.410,0.436,+0.12,+1.44,+1.05
2026-07-27 02:40:50,39,0.359,0.410,0.410,+0.04,+1.37,+0.98
2026-07-27 02:46:06,39,0.385,0.410,0.410,+0.25,+1.59,+1.20
2026-07-27 02:51:22,39,0.359,0.410,0.436,+0.25,+1.61,+1.21
2026-07-27 02:56:38,39,0.385,0.410,0.436,+0.09,+1.46,+1.07
2026-07-27 03:01:53,39,0.333,0.436,0.436,-0.09,+1.23,+1.19
2026-07-27 03:07:09,39,0.385,0.410,0.436,+0.19,+1.20,+1.23
2026-07-27 03:12:24,39,0.410,0.487,0.410,+0.11,+1.20,+1.20
2026-07-27 03:17:40,39,0.385,0.462,0.410,+0.07,+1.13,+1.12
2026-07-27 03:22:57,39,0.436,0.436,0.436,+0.21,+1.27,+1.27
2026-07-27 03:28:13,39,0.436,0.462,0.436,+0.33,+1.34,+1.40
2026-07-27 03:33:28,39,0.436,0.487,0.436,+0.39,+1.36,+1.42
2026-07-27 03:38:44,39,0.385,0.462,0.410,+0.24,+1.19,+1.28
2026-07-27 03:43:59,38,0.342,0.447,0.447,+0.32,+1.34,+1.47
2026-07-27 03:49:14,38,0.342,0.447,0.447,+0.31,+1.33,+1.46
2026-07-27 03:54:29,38,0.368,0.421,0.474,+0.33,+1.36,+1.47
2026-07-27 03:59:45,39,0.385,0.462,0.462,+0.36,+1.37,+1.47
2026-07-27 04:05:00,39,0.385,0.333,0.436,-0.12,+0.29,+1.34
2026-07-27 04:10:16,39,0.359,0.359,0.410,-0.08,+0.28,+1.31
2026-07-27 04:15:32,38,0.342,0.368,0.447,-0.06,+0.25,+1.38
2026-07-27 04:20:47,38,0.316,0.316,0.421,-0.09,+0.22,+1.34
2026-07-27 04:26:02,38,0.316,0.342,0.421,-0.29,+0.01,+1.11
2026-07-27 04:31:17,38,0.342,0.316,0.421,-0.27,+0.02,+1.12
2026-07-27 04:36:33,38,0.342,0.342,0.447,-0.26,+0.01,+1.09
2026-07-27 04:41:48,38,0.342,0.368,0.421,-0.33,-0.05,+1.02
2026-07-27 04:47:03,38,0.316,0.316,0.447,-0.29,-0.01,+1.06
2026-07-27 04:52:19,38,0.342,0.368,0.447,-0.15,+0.13,+1.22
2026-07-27 04:57:34,38,0.316,0.368,0.421,-0.22,+0.08,+1.19
2026-07-27 05:02:50,38,0.316,0.368,0.474,-0.04,-0.08,+1.73
2026-07-27 05:08:05,38,0.289,0.368,0.421,-0.07,+0.19,+1.55
2026-07-27 05:13:20,38,0.316,0.368,0.474,-0.05,+0.17,+1.58
2026-07-27 05:18:37,38,0.289,0.395,0.500,-0.03,+0.28,+1.67
2026-07-27 05:23:52,38,0.342,0.395,0.447,+0.00,+0.36,+1.58
2026-07-27 05:29:08,38,0.421,0.395,0.395,+0.01,+0.37,+1.59
2026-07-27 05:34:24,38,0.368,0.395,0.421,-0.11,+0.29,+1.54
2026-07-27 05:39:40,38,0.395,0.395,0.421,-0.03,+0.36,+1.64
2026-07-27 05:44:55,38,0.316,0.395,0.395,+0.02,+0.41,+1.69
2026-07-27 05:50:10,38,0.316,0.395,0.395,+0.20,+0.62,+1.93
2026-07-27 05:55:26,38,0.368,0.421,0.395,+0.17,+0.59,+1.87
2026-07-27 06:00:41,38,0.421,0.421,0.447,+0.28,+0.42,+1.51
2026-07-27 06:05:56,38,0.421,0.421,0.447,+0.38,+0.18,+1.48
2026-07-27 06:11:11,38,0.447,0.368,0.474,+0.43,+0.19,+1.53
2026-07-27 06:16:27,38,0.368,0.421,0.500,+0.39,+0.14,+1.49
2026-07-27 06:21:43,39,0.513,0.436,0.487,+0.53,+0.30,+1.63
2026-07-27 06:26:58,39,0.564,0.538,0.513,+0.61,+0.37,+1.72
2026-07-27 06:32:14,39,0.538,0.564,0.513,+0.52,+0.29,+1.62
2026-07-27 06:37:30,39,0.564,0.513,0.513,+0.68,+0.45,+1.78
2026-07-27 06:42:46,39,0.487,0.538,0.513,+0.58,+0.36,+1.65
2026-07-27 06:48:02,39,0.564,0.513,0.487,+0.83,+0.60,+1.95
2026-07-27 06:53:17,39,0.590,0.564,0.538,+0.97,+0.74,+2.09
2026-07-27 06:58:33,39,0.590,0.590,0.538,+0.97,+0.75,+2.09
2026-07-27 07:03:49,39,0.641,0.667,0.615,+0.69,+0.93,+1.20
2026-07-27 07:09:05,39,0.615,0.692,0.564,+0.60,+0.79,+1.08
2026-07-27 07:14:20,39,0.615,0.641,0.564,+0.52,+0.72,+1.02
2026-07-27 07:19:36,39,0.641,0.615,0.615,+0.33,+0.53,+0.81
2026-07-27 07:24:52,39,0.692,0.692,0.615,+0.24,+0.43,+0.68
2026-07-27 07:30:08,39,0.692,0.692,0.590,+0.26,+0.45,+0.72
2026-07-27 07:35:24,39,0.692,0.641,0.641,+0.32,+0.52,+0.79
2026-07-27 07:40:39,39,0.615,0.615,0.590,+0.32,+0.52,+0.79
2026-07-27 07:45:55,39,0.615,0.615,0.590,+0.39,+0.58,+0.85
2026-07-27 07:51:11,39,0.615,0.615,0.590,+0.31,+0.51,+0.78
2026-07-27 07:56:26,39,0.641,0.667,0.615,+0.28,+0.48,+0.74
2026-07-27 08:01:41,39,0.513,0.667,0.564,-0.25,+0.53,+0.83
2026-07-27 08:06:56,39,0.538,0.667,0.513,-0.24,+0.71,+0.84
2026-07-27 08:12:12,39,0.462,0.667,0.564,-0.17,+0.85,+1.03
2026-07-27 08:17:28,38,0.526,0.711,0.579,-0.12,+0.94,+1.11
2026-07-27 08:22:43,38,0.447,0.684,0.526,-0.30,+0.75,+0.92
2026-07-27 08:27:58,38,0.395,0.684,0.526,-0.30,+0.73,+0.91
2026-07-27 08:33:14,38,0.474,0.684,0.579,-0.22,+0.82,+1.00
2026-07-27 08:38:29,38,0.526,0.684,0.579,-0.17,+0.88,+1.06
2026-07-27 08:43:43,38,0.526,0.658,0.605,-0.26,+0.80,+0.98
2026-07-27 08:48:59,39,0.513,0.667,0.590,-0.03,+0.96,+1.11
2026-07-27 08:54:16,39,0.538,0.615,0.590,-0.03,+0.95,+1.10
2026-07-27 08:59:31,39,0.513,0.641,0.538,-0.03,+0.96,+1.10
2026-07-27 09:04:47,40,0.475,0.650,0.625,+0.46,+0.78,+0.93
2026-07-27 09:10:03,40,0.500,0.650,0.650,+0.67,+0.96,+1.10
2026-07-27 09:15:19,40,0.400,0.550,0.600,+0.40,+0.72,+0.88
2026-07-27 09:20:35,40,0.350,0.575,0.575,+0.18,+0.48,+0.63
2026-07-27 09:25:51,40,0.425,0.650,0.600,+0.18,+0.50,+0.66
2026-07-27 09:31:08,39,0.308,0.590,0.590,-0.19,+0.11,+0.27
2026-07-27 09:36:24,39,0.385,0.615,0.590,-0.04,+0.25,+0.41
2026-07-27 09:41:39,40,0.375,0.625,0.600,+0.38,+0.61,+0.78
2026-07-27 09:46:55,40,0.350,0.600,0.600,+0.49,+0.71,+0.88
2026-07-27 09:52:12,41,0.268,0.561,0.585,+0.36,+0.59,+0.75
2026-07-27 09:57:28,41,0.317,0.610,0.561,+0.43,+0.64,+0.79
2026-07-27 10:02:45,41,0.317,0.512,0.585,+0.26,+0.25,+0.89
2026-07-27 10:08:01,40,0.350,0.500,0.600,+0.32,+0.32,+1.00
2026-07-27 10:13:17,40,0.400,0.525,0.625,+0.04,+0.04,+0.73
2026-07-27 10:18:32,40,0.400,0.525,0.575,-0.02,-0.01,+0.65
2026-07-27 10:23:48,40,0.325,0.500,0.650,-0.07,-0.06,+0.62
2026-07-27 10:29:05,41,0.317,0.537,0.585,+0.24,+0.26,+0.93
2026-07-27 10:34:21,41,0.317,0.488,0.561,+0.22,+0.27,+0.92
2026-07-27 10:39:37,41,0.244,0.463,0.512,-0.09,-0.07,+0.59
2026-07-27 10:44:54,41,0.268,0.488,0.512,-0.11,-0.09,+0.58
2026-07-27 10:50:10,41,0.341,0.463,0.512,+0.03,+0.07,+0.70
2026-07-27 10:55:26,41,0.293,0.463,0.512,+0.10,+0.17,+0.76
2026-07-27 11:00:43,41,0.439,0.366,0.561,-0.07,+0.52,+1.02
2026-07-27 11:05:59,41,0.463,0.293,0.537,-0.39,+0.29,+0.78
2026-07-27 11:11:15,42,0.476,0.286,0.500,-0.34,+0.42,+0.95
2026-07-27 11:16:32,42,0.452,0.310,0.571,-0.11,+0.71,+1.21
2026-07-27 11:21:49,42,0.452,0.310,0.571,-0.17,+0.65,+1.15
2026-07-27 11:27:06,42,0.429,0.310,0.548,-0.05,+0.74,+1.32
2026-07-27 11:32:23,42,0.524,0.310,0.524,-0.14,+0.65,+1.17
2026-07-27 11:37:40,43,0.488,0.442,0.581,-0.02,+0.80,+1.32
2026-07-27 11:42:58,43,0.488,0.419,0.581,+0.07,+0.90,+1.42
2026-07-27 11:48:14,43,0.488,0.395,0.535,+0.11,+0.96,+1.47
2026-07-27 11:53:31,42,0.500,0.429,0.571,+0.12,+0.98,+1.57
2026-07-27 11:58:47,42,0.452,0.381,0.571,+0.14,+1.00,+1.58
2026-07-27 12:04:04,42,0.452,0.357,0.595,+0.06,+0.64,+1.23
2026-07-27 12:09:20,42,0.429,0.310,0.571,-0.14,+0.43,+1.01
2026-07-27 12:14:37,42,0.357,0.310,0.571,-0.19,+0.38,+0.95
2026-07-27 12:19:54,42,0.452,0.357,0.548,-0.15,+0.43,+1.00
2026-07-27 12:25:10,42,0.381,0.333,0.571,-0.23,+0.32,+0.90
2026-07-27 12:30:27,42,0.357,0.357,0.571,-0.39,+0.12,+0.70
2026-07-27 12:35:43,42,0.405,0.357,0.571,-0.43,+0.08,+0.66
2026-07-27 12:41:00,42,0.381,0.357,0.571,-0.36,+0.15,+0.73
2026-07-27 12:46:16,42,0.357,0.357,0.571,-0.49,+0.01,+0.58
2026-07-27 12:51:33,42,0.357,0.333,0.548,-0.61,-0.18,+0.39
2026-07-27 12:56:49,42,0.381,0.333,0.548,-0.71,-0.28,+0.30
2026-07-27 13:02:06,42,0.476,0.333,0.548,-0.64,-0.95,+0.04
2026-07-27 13:07:23,42,0.405,0.405,0.524,-0.58,-0.57,-0.01
2026-07-27 13:12:40,42,0.333,0.357,0.429,-0.67,-0.59,-0.14
2026-07-27 13:17:57,42,0.381,0.429,0.476,-0.47,-0.35,+0.12
2026-07-27 13:23:14,42,0.405,0.500,0.500,-0.27,-0.14,+0.36
2026-07-27 13:28:30,42,0.381,0.452,0.476,-0.30,-0.17,+0.32
2026-07-27 13:33:47,43,0.372,0.465,0.488,-0.41,-0.29,+0.26
2026-07-27 13:39:04,43,0.372,0.442,0.488,-0.50,-0.37,+0.18
2026-07-27 13:44:22,43,0.395,0.488,0.488,-0.43,-0.30,+0.26
2026-07-27 13:49:38,43,0.395,0.419,0.488,-0.40,-0.28,+0.26
2026-07-27 13:54:56,43,0.349,0.419,0.488,-0.45,-0.34,+0.19
2026-07-27 14:00:13,43,0.395,0.488,0.465,-0.46,-0.39,+0.31
2026-07-27 14:05:30,43,0.395,0.395,0.372,+0.20,-0.42,+0.42
2026-07-27 14:10:47,43,0.395,0.372,0.395,+0.15,-0.48,+0.37
2026-07-27 14:16:03,43,0.395,0.419,0.442,+0.29,-0.35,+0.50
2026-07-27 14:21:20,43,0.442,0.465,0.419,+0.33,-0.33,+0.52
2026-07-27 14:26:37,42,0.405,0.429,0.429,+0.32,-0.44,+0.46
2026-07-27 14:31:54,42,0.429,0.476,0.405,+0.40,-0.36,+0.55
2026-07-27 14:37:11,42,0.405,0.405,0.381,+0.27,-0.48,+0.42
2026-07-27 14:42:27,42,0.429,0.452,0.381,+0.34,-0.41,+0.49
2026-07-27 14:47:44,42,0.429,0.429,0.357,+0.26,-0.48,+0.44
2026-07-27 14:53:01,42,0.452,0.452,0.381,+0.27,-0.49,+0.45
2026-07-27 14:58:17,42,0.476,0.452,0.381,+0.40,-0.35,+0.63
2026-07-27 15:03:34,42,0.619,0.476,0.452,+0.21,-0.27,+0.35
2026-07-27 15:08:51,42,0.643,0.548,0.476,+0.18,-0.33,+0.12
2026-07-27 15:14:09,43,0.595,0.524,0.452,+0.09,-0.42,+0.03
2026-07-27 15:19:26,43,0.548,0.500,0.405,-0.31,-0.86,-0.37
2026-07-27 15:24:43,43,0.500,0.452,0.405,-0.32,-0.88,-0.40
2026-07-27 15:30:00,43,0.405,0.381,0.333,-0.51,-1.07,-0.59
2026-07-27 15:35:16,42,0.488,0.439,0.341,-0.38,-0.95,-0.48
2026-07-27 15:40:33,43,0.476,0.524,0.429,-0.29,-0.84,-0.43
2026-07-27 15:45:51,43,0.500,0.429,0.405,-0.36,-0.92,-0.49
2026-07-27 15:51:08,43,0.524,0.500,0.429,-0.51,-1.07,-0.60
2026-07-27 15:56:24,42,0.537,0.415,0.390,-0.68,-1.25,-0.75
2026-07-27 16:01:41,42,0.452,0.548,0.524,-0.65,-0.27,-1.14
2026-07-27 16:06:58,41,0.439,0.439,0.512,-0.44,-0.19,-0.89
2026-07-27 16:12:14,42,0.357,0.452,0.476,-0.36,-0.13,-0.81
2026-07-27 16:17:31,42,0.452,0.452,0.476,-0.37,-0.10,-0.77
2026-07-27 16:22:47,42,0.548,0.452,0.500,-0.14,+0.17,-0.50
2026-07-27 16:28:04,42,0.548,0.429,0.476,-0.25,+0.07,-0.60
2026-07-27 16:33:21,42,0.571,0.524,0.500,-0.14,+0.17,-0.48
2026-07-27 16:38:37,42,0.524,0.476,0.500,-0.16,+0.16,-0.50
2026-07-27 16:43:54,42,0.429,0.357,0.452,-0.31,+0.02,-0.63
2026-07-27 16:49:11,42,0.476,0.357,0.476,-0.38,-0.05,-0.71
2026-07-27 16:54:28,42,0.500,0.405,0.452,-0.42,-0.10,-0.77
2026-07-27 16:59:45,42,0.452,0.405,0.429,-0.37,-0.04,-0.69
2026-07-27 17:05:01,42,0.405,0.500,0.381,+0.14,-0.22,-0.85
2026-07-27 17:10:17,42,0.405,0.429,0.381,-0.08,-0.54,-1.10
2026-07-27 17:15:34,42,0.357,0.429,0.357,-0.11,-0.59,-1.15
2026-07-27 17:20:51,42,0.333,0.452,0.381,-0.11,-0.57,-1.14
2026-07-27 17:26:07,42,0.333,0.429,0.452,-0.06,-0.52,-1.08
2026-07-27 17:31:24,42,0.333,0.405,0.310,-0.44,-0.92,-1.47
2026-07-27 17:36:41,43,0.349,0.442,0.302,-0.34,-0.84,-1.44
2026-07-27 17:41:58,43,0.302,0.395,0.326,-0.42,-0.92,-1.52
2026-07-27 17:47:15,43,0.349,0.395,0.349,-0.39,-0.87,-1.47
2026-07-27 17:52:33,43,0.395,0.395,0.326,-0.19,-0.67,-1.27
2026-07-27 17:57:50,44,0.455,0.477,0.341,-0.14,-0.61,-1.22
2026-07-27 18:03:07,44,0.273,0.295,0.250,-0.84,-1.25,-1.65
2026-07-27 18:08:24,44,0.273,0.295,0.227,-1.04,-1.34,-1.85
2026-07-27 18:13:42,44,0.227,0.273,0.227,-1.10,-1.41,-1.93
2026-07-27 18:18:59,45,0.222,0.267,0.200,-1.14,-1.45,-1.97
2026-07-27 18:24:16,45,0.244,0.333,0.200,-1.18,-1.53,-2.08
2026-07-27 18:29:34,45,0.267,0.356,0.289,-1.00,-1.35,-1.91
2026-07-27 18:34:52,45,0.333,0.356,0.311,-0.90,-1.26,-1.81
2026-07-27 18:40:10,45,0.378,0.400,0.311,-0.80,-1.15,-1.70
2026-07-27 18:45:28,46,0.370,0.391,0.348,-0.73,-1.08,-1.62
2026-07-27 18:50:46,46,0.391,0.391,0.283,-0.88,-1.23,-1.78
2026-07-27 18:56:04,46,0.391,0.391,0.304,-0.91,-1.26,-1.81
2026-07-27 19:01:22,46,0.457,0.326,0.326,-0.39,-1.32,-1.18
2026-07-27 19:06:41,46,0.413,0.348,0.348,-0.48,-0.98,-1.18
2026-07-27 19:11:59,47,0.457,0.370,0.304,-0.41,-0.94,-1.27
2026-07-27 19:17:18,47,0.478,0.370,0.326,-0.25,-0.77,-1.10
2026-07-27 19:22:36,47,0.587,0.326,0.348,-0.01,-0.54,-0.87
2026-07-27 19:27:56,47,0.457,0.326,0.326,-0.29,-0.82,-1.15
2026-07-27 19:33:15,47,0.457,0.304,0.304,-0.24,-0.79,-1.12
2026-07-27 19:38:33,47,0.457,0.326,0.326,-0.25,-0.78,-1.13
2026-07-27 19:43:52,48,0.553,0.404,0.340,-0.14,-0.67,-1.03
2026-07-27 19:49:11,48,0.468,0.340,0.362,-0.12,-0.65,-1.00
2026-07-27 19:54:30,48,0.532,0.298,0.362,+0.11,-0.41,-0.74
2026-07-27 19:59:48,48,0.511,0.340,0.340,+0.12,-0.40,-0.73
2026-07-27 20:05:08,48,0.479,0.354,0.396,+0.06,-0.90,-1.07
2026-07-27 20:10:27,48,0.521,0.354,0.438,+0.19,-0.77,-1.02
2026-07-27 20:15:46,48,0.500,0.375,0.417,+0.11,-0.84,-1.09
2026-07-27 20:21:05,48,0.500,0.333,0.396,+0.17,-0.76,-1.03
2026-07-27 20:26:24,48,0.354,0.312,0.333,+0.02,-0.92,-1.17
2026-07-27 20:31:43,48,0.354,0.271,0.354,+0.05,-0.90,-1.15
2026-07-27 20:37:02,48,0.396,0.271,0.396,+0.09,-0.87,-1.12
2026-07-27 20:42:21,47,0.362,0.234,0.362,+0.09,-0.86,-1.11
2026-07-27 20:47:39,47,0.383,0.234,0.404,-0.01,-0.97,-1.20
2026-07-27 20:52:58,47,0.404,0.277,0.383,+0.11,-0.85,-1.09
2026-07-27 20:58:17,47,0.383,0.277,0.383,-0.05,-1.00,-1.26
2026-07-27 21:03:35,47,0.340,0.426,0.298,-0.27,-0.35,-1.35
2026-07-27 21:08:54,47,0.426,0.511,0.383,-0.13,-0.23,-1.23
2026-07-27 21:14:13,47,0.362,0.362,0.298,-0.05,-0.11,-1.17
2026-07-27 21:19:31,47,0.383,0.362,0.298,-0.31,-0.36,-1.42
2026-07-27 21:24:50,47,0.298,0.298,0.298,-0.63,-0.68,-1.75
2026-07-27 21:30:08,46,0.348,0.370,0.304,-0.36,-0.41,-1.47
2026-07-27 21:35:26,47,0.340,0.362,0.255,-0.56,-0.60,-1.65
2026-07-27 21:40:45,48,0.312,0.375,0.333,-0.37,-0.43,-1.45
2026-07-27 21:46:04,48,0.396,0.333,0.292,-0.40,-0.45,-1.48
2026-07-27 21:51:23,48,0.375,0.354,0.292,-0.32,-0.37,-1.41
2026-07-27 21:56:42,48,0.375,0.375,0.354,-0.41,-0.46,-1.51
2026-07-27 22:02:00,48,0.479,0.396,0.396,+0.04,-0.14,-0.78
2026-07-27 22:07:20,48,0.438,0.396,0.396,+0.01,-0.14,-0.72
2026-07-27 22:12:39,48,0.396,0.375,0.354,-0.08,-0.14,-0.81
2026-07-27 22:17:58,48,0.375,0.375,0.354,-0.10,-0.16,-0.83
2026-07-27 22:23:16,48,0.396,0.375,0.271,-0.22,-0.29,-0.95
2026-07-27 22:28:35,47,0.404,0.447,0.277,-0.11,-0.12,-0.78
2026-07-27 22:33:53,47,0.404,0.489,0.255,-0.11,-0.12,-0.78
2026-07-27 22:39:11,47,0.553,0.574,0.404,-0.04,-0.06,-0.73
2026-07-27 22:44:30,47,0.638,0.681,0.468,+0.05,+0.03,-0.63
2026-07-27 22:49:47,49,0.612,0.653,0.490,+0.04,+0.03,-0.57
2026-07-27 22:55:06,49,0.510,0.551,0.429,-0.26,-0.27,-0.86
2026-07-27 23:00:26,49,0.429,0.469,0.367,-0.09,-0.29,-1.09
2026-07-27 23:05:45,49,0.510,0.449,0.449,-0.35,-0.56,-1.27
2026-07-27 23:11:05,49,0.449,0.408,0.367,-0.28,-0.52,-1.24
2026-07-27 23:16:24,49,0.388,0.429,0.388,-0.45,-0.66,-1.35
2026-07-27 23:21:43,49,0.245,0.367,0.286,-0.90,-1.11,-1.80
2026-07-27 23:27:02,50,0.320,0.300,0.260,-0.70,-0.92,-1.64
2026-07-27 23:32:22,50,0.340,0.300,0.240,-1.18,-1.41,-2.13
2026-07-27 23:37:42,50,0.200,0.220,0.200,-1.74,-1.98,-2.70
2026-07-27 23:43:02,50,0.200,0.260,0.240,-1.64,-1.89,-2.63
2026-07-27 23:48:22,50,0.300,0.320,0.240,-1.45,-1.68,-2.42
2026-07-27 23:53:41,50,0.300,0.340,0.260,-1.40,-1.63,-2.36
2026-07-27 23:59:01,50,0.340,0.340,0.240,-1.11,-1.33,-2.07
2026-07-28 00:04:20,49,0.245,0.286,0.286,-1.11,-1.37,-1.59
2026-07-28 00:09:39,50,0.260,0.280,0.280,-0.69,-0.95,-1.10
2026-07-28 00:14:58,50,0.320,0.280,0.300,-0.59,-0.88,-0.97
2026-07-28 00:20:18,50,0.260,0.320,0.260,-0.67,-0.96,-1.05
2026-07-28 00:25:38,51,0.294,0.294,0.294,-0.30,-0.55,-0.67
2026-07-28 00:30:58,51,0.294,0.294,0.255,-0.40,-0.66,-0.78
2026-07-28 00:36:18,51,0.314,0.294,0.294,-0.24,-0.51,-0.62
2026-07-28 00:41:38,51,0.294,0.255,0.235,-0.33,-0.59,-0.69
2026-07-28 00:46:57,50,0.280,0.260,0.220,-0.33,-0.64,-0.77
2026-07-28 00:52:17,50,0.260,0.260,0.220,-0.31,-0.63,-0.76
2026-07-28 00:57:37,51,0.314,0.255,0.216,-0.30,-0.64,-0.78
2026-07-28 01:02:56,51,0.314,0.275,0.255,+0.70,-0.38,-0.34
2026-07-28 01:08:16,51,0.392,0.275,0.294,+0.96,-0.20,-0.09
2026-07-28 01:13:36,51,0.314,0.255,0.255,+0.70,-0.49,-0.36
2026-07-28 01:18:56,51,0.314,0.294,0.255,+0.47,-0.71,-0.57
2026-07-28 01:24:15,51,0.333,0.235,0.294,+0.64,-0.54,-0.40
2026-07-28 01:29:35,51,0.588,0.275,0.275,+0.95,-0.24,-0.09
2026-07-28 01:34:55,51,0.608,0.275,0.275,+0.98,-0.21,-0.05
2026-07-28 01:40:15,51,0.647,0.275,0.275,+1.09,-0.11,+0.04
2026-07-28 01:45:35,51,0.647,0.294,0.275,+1.15,-0.05,+0.10
2026-07-28 01:50:55,51,0.608,0.294,0.294,+0.99,-0.19,-0.05
2026-07-28 01:56:15,51,0.569,0.294,0.333,+0.77,-0.41,-0.28
2026-07-28 02:01:34,51,0.549,0.275,0.333,+0.14,+0.09,-0.41
2026-07-28 02:06:54,51,0.549,0.294,0.314,+0.17,-0.09,-0.48
2026-07-28 02:12:15,51,0.569,0.314,0.353,+0.26,+0.05,-0.37
2026-07-28 02:17:34,51,0.529,0.314,0.333,+0.42,+0.10,-0.23
2026-07-28 02:22:54,51,0.529,0.333,0.314,+0.52,+0.20,-0.13
2026-07-28 02:28:14,51,0.490,0.294,0.294,+0.50,+0.18,-0.14
2026-07-28 02:33:34,51,0.451,0.294,0.294,+0.31,-0.01,-0.33
2026-07-28 02:38:54,51,0.490,0.314,0.294,+0.25,-0.09,-0.41
2026-07-28 02:44:14,51,0.510,0.314,0.294,+0.27,-0.07,-0.38
2026-07-28 02:49:34,51,0.510,0.294,0.314,+0.17,-0.16,-0.47
2026-07-28 02:54:53,51,0.431,0.294,0.275,+0.05,-0.26,-0.56
2026-07-28 03:00:13,51,0.451,0.294,0.294,+0.06,-0.40,-0.40
2026-07-28 03:05:33,51,0.353,0.529,0.294,+0.00,+0.46,-0.47
2026-07-28 03:10:53,51,0.294,0.549,0.255,-0.30,+0.40,-0.65
2026-07-28 03:16:13,51,0.235,0.392,0.275,-0.30,+0.44,-0.65
2026-07-28 03:21:33,51,0.196,0.392,0.255,-0.22,+0.67,-0.51
2026-07-28 03:26:53,51,0.235,0.412,0.255,-0.08,+0.80,-0.38
2026-07-28 03:32:13,51,0.294,0.412,0.255,+0.15,+1.02,-0.16
2026-07-28 03:37:33,51,0.275,0.392,0.235,+0.20,+1.07,-0.13
2026-07-28 03:42:54,51,0.314,0.412,0.255,+0.28,+1.21,-0.05
2026-07-28 03:48:14,51,0.294,0.392,0.255,+0.21,+1.09,-0.11
2026-07-28 03:53:34,51,0.314,0.412,0.255,+0.30,+1.16,-0.07
2026-07-28 03:58:54,51,0.294,0.451,0.255,+0.47,+1.32,+0.07
2026-07-28 04:04:13,51,0.392,0.412,0.275,+0.48,+0.58,+0.07
2026-07-28 04:09:33,51,0.431,0.451,0.294,+0.61,+0.66,+0.20
2026-07-28 04:14:53,51,0.510,0.471,0.294,+0.68,+0.81,+0.29
2026-07-28 04:20:13,51,0.451,0.490,0.294,+0.62,+0.75,+0.18
2026-07-28 04:25:33,51,0.510,0.510,0.294,+0.79,+0.93,+0.36
2026-07-28 04:30:52,51,0.510,0.510,0.294,+0.72,+0.84,+0.26
2026-07-28 04:36:12,51,0.529,0.529,0.294,+0.75,+0.90,+0.31
2026-07-28 04:41:32,51,0.549,0.490,0.275,+0.68,+0.80,+0.21
2026-07-28 04:46:51,51,0.490,0.490,0.314,+0.57,+0.69,+0.11
2026-07-28 04:52:12,51,0.471,0.549,0.275,+0.65,+0.78,+0.19
2026-07-28 04:57:32,51,0.471,0.588,0.294,+0.58,+0.71,+0.11
2026-07-28 05:02:52,51,0.569,0.451,0.333,-0.01,+0.55,+0.22
2026-07-28 05:08:12,51,0.569,0.353,0.333,+0.04,+0.50,+0.32
2026-07-28 05:13:31,51,0.608,0.353,0.333,+0.21,+0.65,+0.48
2026-07-28 05:18:52,51,0.647,0.353,0.373,+0.40,+0.83,+0.66
2026-07-28 05:24:11,51,0.588,0.412,0.353,+0.33,+0.73,+0.56
2026-07-28 05:29:31,51,0.627,0.451,0.373,+0.44,+0.85,+0.71
2026-07-28 05:34:51,51,0.686,0.431,0.373,+0.53,+0.94,+0.83
2026-07-28 05:40:11,51,0.647,0.471,0.353,+0.44,+0.84,+0.74
2026-07-28 05:45:31,51,0.549,0.392,0.353,+0.24,+0.63,+0.53
2026-07-28 05:50:51,51,0.549,0.392,0.333,-0.06,+0.30,+0.19
2026-07-28 05:56:12,52,0.615,0.385,0.365,+1.30,+1.66,+1.62
2026-07-28 06:01:32,52,0.462,0.462,0.481,+0.62,+1.70,+2.37
2026-07-28 06:06:52,52,0.385,0.423,0.442,+0.33,+1.33,+2.03
2026-07-28 06:12:13,52,0.327,0.462,0.423,-0.15,+0.87,+1.49
2026-07-28 06:17:33,52,0.250,0.404,0.385,-0.49,+0.62,+1.22
2026-07-28 06:22:53,52,0.212,0.385,0.404,-0.74,+0.31,+0.85
2026-07-28 06:28:13,52,0.192,0.327,0.385,-0.84,+0.23,+0.77
2026-07-28 06:33:34,52,0.192,0.327,0.385,-0.74,+0.37,+0.90
2026-07-28 06:38:54,52,0.192,0.327,0.365,-0.82,+0.27,+0.81
2026-07-28 06:44:14,52,0.212,0.308,0.346,-0.67,+0.45,+0.98
2026-07-28 06:49:34,52,0.231,0.327,0.404,-0.54,+0.57,+1.11
2026-07-28 06:54:55,53,0.208,0.340,0.377,-0.41,+0.66,+1.32
2026-07-28 07:00:16,53,0.226,0.302,0.377,-0.44,+0.32,+0.51
2026-07-28 07:05:36,53,0.189,0.283,0.377,-1.34,+0.03,+0.38
2026-07-28 07:10:57,53,0.189,0.283,0.340,-1.55,-0.18,+0.21
2026-07-28 07:16:17,53,0.170,0.302,0.358,-1.37,+0.06,+0.44
2026-07-28 07:21:37,53,0.170,0.302,0.340,-1.20,+0.27,+0.66
2026-07-28 07:26:58,53,0.170,0.340,0.377,-1.20,+0.23,+0.62
2026-07-28 07:32:18,53,0.151,0.302,0.377,-1.21,+0.21,+0.58
2026-07-28 07:37:39,53,0.151,0.264,0.302,-1.18,+0.22,+0.59
2026-07-28 07:43:01,54,0.148,0.204,0.222,-1.65,-0.30,+0.05
2026-07-28 07:48:21,54,0.130,0.204,0.185,-1.89,-0.61,-0.26
2026-07-28 07:53:43,54,0.148,0.222,0.241,-2.02,-0.66,-0.33
2026-07-28 07:59:04,54,0.111,0.241,0.204,-2.28,-0.86,-0.53
2026-07-28 08:04:24,54,0.148,0.167,0.148,-1.07,-1.52,-0.80
2026-07-28 08:09:45,54,0.222,0.185,0.167,-0.90,-1.39,-0.70
2026-07-28 08:15:06,54,0.185,0.185,0.204,-0.94,-1.42,-0.73
2026-07-28 08:20:27,54,0.222,0.204,0.222,-0.64,-1.13,-0.45
2026-07-28 08:25:48,54,0.185,0.241,0.222,-0.71,-1.20,-0.52
2026-07-28 08:31:09,54,0.167,0.185,0.204,-0.84,-1.34,-0.68
2026-07-28 08:36:30,54,0.148,0.185,0.222,-0.97,-1.45,-0.78
2026-07-28 08:41:50,54,0.185,0.204,0.204,-1.02,-1.53,-0.88
2026-07-28 08:47:10,53,0.132,0.189,0.189,-1.12,-1.58,-0.93
2026-07-28 08:52:31,53,0.170,0.170,0.208,-1.06,-1.54,-0.92
2026-07-28 08:57:52,53,0.132,0.208,0.226,-1.04,-1.57,-0.94
2026-07-28 09:03:12,53,0.453,0.132,0.226,-0.24,-2.46,-0.87
2026-07-28 09:08:33,53,0.491,0.170,0.245,-0.05,-2.37,-0.74
2026-07-28 09:13:54,53,0.434,0.151,0.245,-0.07,-2.41,-0.79
2026-07-28 09:19:14,53,0.547,0.170,0.245,+0.27,-2.09,-0.48
2026-07-28 09:24:35,53,0.415,0.151,0.245,-0.17,-2.56,-0.90
2026-07-28 09:29:55,52,0.385,0.135,0.250,-0.48,-2.88,-1.18
2026-07-28 09:35:16,52,0.327,0.135,0.231,-0.67,-3.04,-1.37
2026-07-28 09:40:36,52,0.365,0.135,0.231,-0.63,-3.00,-1.37
2026-07-28 09:45:56,52,0.327,0.135,0.212,-0.79,-3.14,-1.54
2026-07-28 09:51:16,52,0.308,0.135,0.212,-1.01,-3.36,-1.69
2026-07-28 09:56:37,52,0.308,0.135,0.250,-1.07,-3.43,-1.80
2026-07-28 10:01:57,52,0.308,0.154,0.250,-0.79,-2.19,-1.92
2026-07-28 10:07:18,52,0.212,0.135,0.231,-1.15,-2.25,-2.25
2026-07-28 10:12:38,52,0.231,0.135,0.231,-1.26,-2.37,-2.32
2026-07-28 10:17:58,52,0.231,0.212,0.212,-1.26,-2.36,-2.28
2026-07-28 10:23:20,53,0.245,0.170,0.226,-1.28,-2.36,-2.28
2026-07-28 10:28:41,53,0.283,0.151,0.208,-1.33,-2.43,-2.36
2026-07-28 10:34:01,53,0.302,0.132,0.208,-1.19,-2.27,-2.24
2026-07-28 10:39:22,53,0.245,0.151,0.208,-1.25,-2.34,-2.33
2026-07-28 10:44:43,53,0.226,0.151,0.208,-1.38,-2.48,-2.48
2026-07-28 10:50:04,53,0.264,0.170,0.208,-1.45,-2.56,-2.54
2026-07-28 10:55:24,53,0.226,0.132,0.226,-1.55,-2.66,-2.63
2026-07-28 11:00:45,53,0.264,0.189,0.189,-0.85,-1.92,-3.07
2026-07-28 11:06:06,53,0.302,0.189,0.208,-0.39,-1.52,-3.01
2026-07-28 11:11:26,53,0.302,0.264,0.226,-0.05,-1.15,-2.71
2026-07-28 11:16:47,52,0.288,0.250,0.231,-0.03,-1.13,-2.67
2026-07-28 11:22:07,52,0.442,0.308,0.231,+0.25,-0.89,-2.35
2026-07-28 11:27:27,52,0.404,0.308,0.231,+0.16,-0.96,-2.43
2026-07-28 11:32:47,52,0.346,0.288,0.231,+0.11,-1.00,-2.48
2026-07-28 11:38:08,52,0.404,0.269,0.250,+0.26,-0.87,-2.34
2026-07-28 11:43:27,52,0.385,0.269,0.250,+0.22,-0.90,-2.36
2026-07-28 11:48:48,52,0.327,0.250,0.250,-0.03,-1.13,-2.63
2026-07-28 11:54:08,52,0.346,0.250,0.250,+0.10,-0.97,-2.50
2026-07-28 11:59:28,52,0.385,0.269,0.250,+0.16,-0.95,-2.44
2026-07-28 12:04:49,52,0.538,0.269,0.192,+0.60,-0.93,-3.30
2026-07-28 12:10:09,52,0.423,0.269,0.192,+0.42,-1.14,-3.49
2026-07-28 12:15:29,53,0.491,0.264,0.189,+0.59,-1.02,-3.37
2026-07-28 12:20:50,53,0.491,0.264,0.189,+0.46,-1.14,-3.48
2026-07-28 12:26:11,53,0.491,0.283,0.189,+0.47,-1.11,-3.47
2026-07-28 12:31:31,53,0.453,0.302,0.208,+0.52,-1.06,-3.43
2026-07-28 12:36:51,52,0.365,0.288,0.231,+0.50,-1.09,-3.41
2026-07-28 12:42:11,50,0.520,0.300,0.220,+0.71,-0.89,-3.21
2026-07-28 12:47:30,50,0.540,0.300,0.220,+0.59,-1.01,-3.31
2026-07-28 12:52:50,50,0.560,0.320,0.240,+0.56,-1.05,-3.34
2026-07-28 12:58:09,50,0.540,0.280,0.220,+0.55,-1.05,-3.35
2026-07-28 13:03:29,50,0.380,0.340,0.240,-0.27,-0.09,-2.36
2026-07-28 13:08:49,50,0.300,0.300,0.220,-0.43,-0.15,-2.40
2026-07-28 13:14:09,50,0.220,0.320,0.180,-0.86,-0.53,-2.76
2026-07-28 13:19:28,50,0.260,0.320,0.160,-0.68,-0.35,-2.60
2026-07-28 13:24:48,50,0.380,0.380,0.220,-0.42,-0.12,-2.38
2026-07-28 13:30:07,50,0.380,0.360,0.240,-0.42,-0.13,-2.38
2026-07-28 13:35:27,49,0.245,0.306,0.204,-0.68,-0.28,-2.52
2026-07-28 13:40:46,49,0.286,0.327,0.224,-0.61,-0.19,-2.43
2026-07-28 13:46:04,49,0.286,0.306,0.204,-0.62,-0.20,-2.45
2026-07-28 13:51:23,49,0.429,0.367,0.224,-0.43,-0.03,-2.28
2026-07-28 13:56:42,49,0.449,0.347,0.224,-0.58,-0.18,-2.42
2026-07-28 14:02:02,49,0.306,0.531,0.286,-0.54,+0.19,-1.35
2026-07-28 14:07:21,49,0.449,0.592,0.286,-0.61,+0.12,-1.32
2026-07-28 14:12:39,49,0.469,0.571,0.265,-0.47,+0.19,-1.27
2026-07-28 14:17:59,50,0.469,0.531,0.265,-0.39,+0.26,-1.20
2026-07-28 14:23:19,50,0.510,0.673,0.286,-0.25,+0.40,-1.05
2026-07-28 14:28:38,50,0.490,0.571,0.286,-0.20,+0.45,-1.00
2026-07-28 14:33:58,50,0.469,0.531,0.286,-0.38,+0.28,-1.18
2026-07-28 14:39:19,50,0.449,0.510,0.224,-0.47,+0.18,-1.29
2026-07-28 14:44:38,50,0.510,0.510,0.204,-0.32,+0.33,-1.14
2026-07-28 14:49:58,50,0.551,0.551,0.224,-0.27,+0.38,-1.08
2026-07-28 14:55:18,50,0.531,0.571,0.245,-0.22,+0.43,-1.03
2026-07-28 15:00:38,50,0.560,0.360,0.220,+0.17,-0.44,-0.91
2026-07-28 15:05:57,50,0.440,0.300,0.220,-0.10,-0.70,-1.34
2026-07-28 15:11:17,50,0.460,0.320,0.220,-0.08,-0.70,-1.36
2026-07-28 15:16:36,50,0.460,0.320,0.200,-0.31,-0.94,-1.60
2026-07-28 15:21:55,49,0.429,0.306,0.184,-0.24,-0.85,-1.59
2026-07-28 15:27:14,49,0.469,0.429,0.204,-0.12,-0.74,-1.48
2026-07-28 15:32:33,48,0.542,0.396,0.229,-0.11,-0.77,-1.51
2026-07-28 15:37:52,48,0.542,0.458,0.250,+0.02,-0.62,-1.36
2026-07-28 15:43:12,48,0.521,0.417,0.229,-0.29,-0.92,-1.69
2026-07-28 15:48:30,48,0.500,0.375,0.229,-0.56,-1.19,-1.96
2026-07-28 15:53:49,48,0.438,0.375,0.208,-0.51,-1.14,-1.90
2026-07-28 15:59:09,48,0.500,0.417,0.229,-0.15,-0.72,-1.36
2026-07-28 16:04:28,48,0.438,0.479,0.375,-0.40,-0.86,-0.65
2026-07-28 16:09:47,47,0.511,0.489,0.362,-0.38,-0.71,-0.47
2026-07-28 16:15:05,47,0.511,0.532,0.447,-0.35,-0.63,-0.29
2026-07-28 16:20:24,47,0.404,0.447,0.404,-0.46,-0.73,-0.38
2026-07-28 16:25:43,48,0.479,0.438,0.375,-0.45,-0.75,-0.44
2026-07-28 16:31:02,48,0.479,0.417,0.417,-0.67,-0.98,-0.66
2026-07-28 16:36:21,49,0.367,0.388,0.408,-0.91,-1.20,-0.90
2026-07-28 16:41:40,49,0.408,0.388,0.388,-0.94,-1.22,-0.90
2026-07-28 16:46:59,48,0.271,0.333,0.271,-1.09,-1.38,-1.06
2026-07-28 16:52:18,49,0.286,0.367,0.265,-1.05,-1.34,-1.03
2026-07-28 16:57:37,50,0.320,0.380,0.280,-0.79,-1.14,-0.76
2026-07-28 17:02:57,50,0.300,0.440,0.460,-0.36,-0.52,-0.27
2026-07-28 17:08:16,50,0.380,0.420,0.380,-0.42,-0.64,-0.38
2026-07-28 17:13:36,50,0.320,0.440,0.380,-0.53,-0.75,-0.46
2026-07-28 17:18:56,50,0.340,0.400,0.420,-0.69,-0.87,-0.55
2026-07-28 17:24:15,50,0.300,0.360,0.360,-0.78,-0.97,-0.66
2026-07-28 17:29:35,50,0.300,0.320,0.400,-0.84,-1.03,-0.71
2026-07-28 17:34:55,49,0.347,0.327,0.408,-0.66,-0.87,-0.41
2026-07-28 17:40:14,49,0.388,0.347,0.367,-0.69,-0.91,-0.45
2026-07-28 17:45:33,49,0.347,0.347,0.388,-0.59,-0.81,-0.34
2026-07-28 17:50:52,49,0.388,0.388,0.429,-0.69,-0.91,-0.45
2026-07-28 17:56:11,49,0.286,0.388,0.367,-0.87,-1.10,-0.65
2026-07-28 18:01:30,50,0.380,0.320,0.360,+1.62,+0.93,+0.74
2026-07-28 18:06:50,50,0.280,0.280,0.320,+2.06,+1.30,+0.96
2026-07-28 18:12:09,50,0.320,0.320,0.300,+2.33,+1.58,+1.23
2026-07-28 18:17:29,50,0.360,0.340,0.300,+2.57,+1.79,+1.45
2026-07-28 18:22:49,51,0.451,0.412,0.373,+2.87,+2.02,+1.68
2026-07-28 18:28:09,51,0.412,0.353,0.333,+2.39,+1.55,+1.20
2026-07-28 18:33:28,50,0.480,0.380,0.360,+2.19,+1.34,+1.02
2026-07-28 18:38:49,50,0.420,0.360,0.360,+2.18,+1.30,+0.98
2026-07-28 18:44:08,50,0.500,0.420,0.340,+1.81,+0.95,+0.61
2026-07-28 18:49:28,50,0.480,0.400,0.360,+1.97,+1.10,+0.77
2026-07-28 18:54:47,50,0.480,0.360,0.340,+1.71,+0.85,+0.50
2026-07-28 19:00:07,50,0.280,0.340,0.320,+1.73,+0.78,+0.23
2026-07-28 19:05:26,50,0.440,0.340,0.420,+2.38,+1.48,+0.72
2026-07-28 19:10:45,50,0.400,0.360,0.380,+2.47,+1.57,+0.81
2026-07-28 19:16:06,50,0.400,0.320,0.340,+2.36,+1.45,+0.70
2026-07-28 19:21:26,50,0.440,0.360,0.440,+2.72,+1.78,+1.03
2026-07-28 19:26:45,50,0.420,0.360,0.420,+2.60,+1.65,+0.89
2026-07-28 19:32:05,50,0.440,0.360,0.420,+2.83,+1.88,+1.13
2026-07-28 19:37:24,50,0.440,0.360,0.420,+2.86,+1.90,+1.16
2026-07-28 19:42:44,50,0.440,0.400,0.420,+2.80,+1.85,+1.10
2026-07-28 19:48:03,50,0.440,0.380,0.400,+2.72,+1.77,+1.05
2026-07-28 19:53:23,50,0.440,0.400,0.460,+2.83,+1.87,+1.12
2026-07-28 19:58:43,51,0.471,0.431,0.490,+2.73,+1.84,+1.20
2026-07-28 20:04:04,51,0.510,0.333,0.353,+1.03,+2.26,+1.52
2026-07-28 20:09:23,51,0.431,0.353,0.353,+0.69,+2.10,+1.31
2026-07-28 20:14:44,51,0.373,0.412,0.353,+0.89,+2.34,+1.54
2026-07-28 20:20:03,51,0.529,0.431,0.451,+1.22,+2.67,+1.89
2026-07-28 20:25:23,51,0.510,0.392,0.412,+1.14,+2.61,+1.82
2026-07-28 20:30:43,51,0.451,0.431,0.412,+1.13,+2.39,+1.61
2026-07-28 20:36:03,51,0.490,0.451,0.412,+1.17,+2.46,+1.68
2026-07-28 20:41:23,51,0.569,0.392,0.353,+1.19,+2.47,+1.70
2026-07-28 20:46:42,51,0.549,0.431,0.373,+1.24,+2.51,+1.73
2026-07-28 20:52:02,51,0.529,0.353,0.333,+1.12,+2.32,+1.55
2026-07-28 20:57:22,51,0.549,0.431,0.392,+1.34,+2.49,+1.71
2026-07-28 21:02:42,51,0.392,0.451,0.431,+0.15,+2.59,+1.34
2026-07-28 21:08:01,51,0.510,0.471,0.451,+0.23,+2.63,+1.39
2026-07-28 21:13:21,51,0.529,0.490,0.451,+0.03,+2.36,+1.13
2026-07-28 21:18:41,51,0.490,0.471,0.431,-0.24,+2.05,+0.86
2026-07-28 21:24:01,51,0.471,0.510,0.451,-0.36,+1.85,+0.66
2026-07-28 21:29:21,51,0.549,0.529,0.490,-0.14,+2.12,+0.93
2026-07-28 21:34:40,51,0.490,0.510,0.451,-0.22,+2.06,+0.87
2026-07-28 21:39:59,51,0.608,0.471,0.529,-0.18,+2.18,+1.01
2026-07-28 21:45:19,51,0.549,0.490,0.490,-0.17,+2.24,+1.08
2026-07-28 21:50:39,51,0.608,0.549,0.549,+0.23,+2.62,+1.42
2026-07-28 21:55:59,52,0.596,0.519,0.519,+0.15,+2.44,+1.29
2026-07-28 22:01:20,52,0.558,0.596,0.462,+0.01,+1.23,+1.62
2026-07-28 22:06:41,52,0.519,0.596,0.462,+0.03,+1.28,+1.55
2026-07-28 22:12:01,52,0.538,0.558,0.481,-0.09,+1.19,+1.62
2026-07-28 22:17:21,52,0.558,0.519,0.462,-0.11,+1.12,+1.64
2026-07-28 22:22:41,52,0.442,0.538,0.500,-0.07,+1.16,+1.65
2026-07-28 22:28:03,52,0.442,0.538,0.462,-0.00,+1.24,+1.74
2026-07-28 22:33:23,53,0.415,0.472,0.453,-0.12,+1.13,+1.63
2026-07-28 22:38:44,53,0.377,0.472,0.453,-0.11,+1.14,+1.64
2026-07-28 22:44:05,53,0.302,0.415,0.415,-0.28,+0.96,+1.46
2026-07-28 22:49:24,53,0.302,0.415,0.396,-0.48,+0.75,+1.24
2026-07-28 22:54:45,52,0.385,0.423,0.404,-0.24,+0.97,+1.46
2026-07-28 23:00:05,51,0.353,0.412,0.431,-0.30,+0.40,+1.51
2026-07-28 23:05:25,51,0.294,0.451,0.431,-0.26,+0.15,+1.55
2026-07-28 23:10:44,51,0.373,0.431,0.451,+0.02,+0.26,+2.11
2026-07-28 23:16:04,52,0.327,0.365,0.500,-0.19,+0.06,+1.93
2026-07-28 23:21:24,52,0.288,0.346,0.442,-0.42,-0.14,+1.68
2026-07-28 23:26:45,52,0.269,0.346,0.481,-0.37,-0.11,+1.74
2026-07-28 23:32:05,52,0.327,0.365,0.442,-0.30,-0.05,+1.84
2026-07-28 23:37:25,52,0.308,0.423,0.481,-0.28,-0.04,+1.84
2026-07-28 23:42:45,52,0.308,0.404,0.442,-0.23,+0.02,+1.89
2026-07-28 23:48:05,52,0.346,0.404,0.462,-0.16,+0.10,+1.90
2026-07-28 23:53:25,52,0.385,0.481,0.538,-0.08,+0.19,+1.95
2026-07-28 23:58:45,51,0.373,0.490,0.490,-0.01,+0.25,+2.08
2026-07-29 00:04:05,52,0.538,0.442,0.538,+0.72,+0.44,+2.92
2026-07-29 00:09:26,52,0.500,0.462,0.481,+0.59,+0.38,+2.88
2026-07-29 00:14:46,51,0.529,0.451,0.549,+0.41,+0.19,+2.73
2026-07-29 00:20:06,51,0.529,0.451,0.549,+1.70,+1.54,+4.17
2026-07-29 00:25:26,51,0.627,0.588,0.706,+2.07,+1.92,+4.58
2026-07-29 00:30:46,51,0.608,0.529,0.745,+1.73,+1.60,+4.09
2026-07-29 00:36:08,51,0.608,0.510,0.784,+1.75,+1.62,+4.08
2026-07-29 00:41:27,51,0.588,0.549,0.804,+1.37,+1.25,+3.69
2026-07-29 00:46:47,51,0.588,0.588,0.804,+1.56,+1.45,+3.85
2026-07-29 00:52:07,51,0.569,0.549,0.745,+1.42,+1.31,+3.70
2026-07-29 00:57:26,49,0.531,0.510,0.714,+1.50,+1.37,+3.78
2026-07-29 01:02:45,49,0.510,0.571,0.673,+1.25,+1.38,+2.64
2026-07-29 01:08:05,50,0.520,0.500,0.680,+1.19,+1.21,+2.39
2026-07-29 01:13:25,50,0.560,0.520,0.700,+1.01,+1.02,+2.18
2026-07-29 01:18:45,50,0.580,0.540,0.700,+1.19,+1.24,+2.37
2026-07-29 01:24:05,50,0.560,0.520,0.660,+0.82,+0.83,+1.98
2026-07-29 01:29:24,50,0.580,0.560,0.680,+0.50,+0.54,+1.64
2026-07-29 01:34:44,50,0.500,0.480,0.620,+0.50,+0.54,+1.66
2026-07-29 01:40:03,50,0.500,0.500,0.640,+0.53,+0.58,+1.68
2026-07-29 01:45:23,50,0.560,0.500,0.700,+0.65,+0.69,+1.79
2026-07-29 01:50:42,50,0.540,0.540,0.700,+0.61,+0.66,+1.73
2026-07-29 01:56:01,50,0.580,0.560,0.700,+0.84,+0.89,+1.97
2026-07-29 02:01:21,50,0.500,0.560,0.680,-0.42,+0.79,+1.39
2026-07-29 02:06:40,50,0.380,0.600,0.640,-0.54,+0.81,+1.20
2026-07-29 02:12:00,50,0.360,0.600,0.600,-0.67,+0.63,+1.00
2026-07-29 02:17:19,50,0.380,0.580,0.580,-0.58,+0.65,+0.95
2026-07-29 02:22:38,50,0.380,0.560,0.600,-0.70,+0.56,+0.86
2026-07-29 02:27:57,49,0.367,0.592,0.592,-0.89,+0.54,+0.79
2026-07-29 02:33:16,49,0.327,0.592,0.571,-1.03,+0.42,+0.67
2026-07-29 02:38:36,49,0.286,0.510,0.510,-1.22,+0.23,+0.42
2026-07-29 02:43:55,49,0.286,0.531,0.490,-1.34,+0.11,+0.30
2026-07-29 02:49:14,48,0.292,0.542,0.521,-1.26,+0.18,+0.36
2026-07-29 02:54:32,48,0.292,0.521,0.521,-1.58,-0.14,+0.04
2026-07-29 02:59:51,48,0.312,0.500,0.479,-1.48,-0.02,+0.13
2026-07-29 03:05:11,48,0.292,0.562,0.562,-0.95,-0.01,-0.11
2026-07-29 03:10:30,48,0.250,0.562,0.521,-0.96,-0.01,-0.09
2026-07-29 03:15:49,48,0.271,0.562,0.521,-0.70,+0.29,+0.20
2026-07-29 03:21:08,48,0.229,0.562,0.542,-0.94,+0.06,-0.07
2026-07-29 03:26:26,48,0.271,0.500,0.521,-0.93,-0.01,-0.14
2026-07-29 03:31:44,48,0.250,0.542,0.521,-0.90,+0.04,-0.09
2026-07-29 03:37:03,48,0.312,0.521,0.521,-0.72,+0.20,+0.07
2026-07-29 03:42:22,48,0.312,0.479,0.521,-0.56,+0.36,+0.23
2026-07-29 03:47:41,48,0.292,0.479,0.542,-0.68,+0.25,+0.12
2026-07-29 03:53:00,48,0.292,0.521,0.542,-0.79,+0.15,+0.02
2026-07-29 03:58:19,48,0.312,0.521,0.583,-0.65,+0.32,+0.19
2026-07-29 04:03:38,48,0.521,0.354,0.583,+0.27,-1.04,+0.18
2026-07-29 04:08:57,48,0.521,0.375,0.583,+0.44,-0.99,+0.37
2026-07-29 04:14:16,48,0.521,0.354,0.604,+0.38,-1.01,+0.38
2026-07-29 04:19:35,48,0.500,0.354,0.604,+0.35,-1.08,+0.33
2026-07-29 04:24:53,48,0.583,0.312,0.604,+0.46,-1.04,+0.43
2026-07-29 04:30:12,48,0.562,0.292,0.604,+0.54,-0.95,+0.51
2026-07-29 04:35:32,48,0.646,0.333,0.583,+0.63,-0.87,+0.64
2026-07-29 04:40:51,48,0.583,0.292,0.583,+0.48,-1.01,+0.49
2026-07-29 04:46:10,48,0.583,0.312,0.604,+0.39,-1.09,+0.41
2026-07-29 04:51:29,48,0.562,0.312,0.583,+0.40,-1.09,+0.41
2026-07-29 04:56:48,48,0.604,0.312,0.583,+0.49,-1.03,+0.49
2026-07-29 05:02:07,48,0.521,0.354,0.521,+0.16,-0.32,+0.35
2026-07-29 05:07:26,48,0.438,0.312,0.479,-0.21,-0.66,+0.14
2026-07-29 05:12:45,48,0.438,0.292,0.500,-0.16,-0.71,+0.31
2026-07-29 05:18:03,48,0.500,0.292,0.521,+0.12,-0.46,+0.55
2026-07-29 05:23:22,48,0.500,0.312,0.521,+0.23,-0.35,+0.65
2026-07-29 05:28:41,48,0.479,0.292,0.521,+0.17,-0.46,+0.60
2026-07-29 05:33:59,48,0.438,0.333,0.521,+0.09,-0.52,+0.55
2026-07-29 05:39:18,48,0.396,0.292,0.521,-0.18,-0.80,+0.23
2026-07-29 05:44:37,49,0.388,0.306,0.510,+0.00,-0.80,+0.50
2026-07-29 05:49:56,49,0.449,0.327,0.510,+0.24,-0.60,+0.69
2026-07-29 05:55:16,49,0.469,0.347,0.490,+0.23,-0.62,+0.63
2026-07-29 06:00:35,49,0.388,0.429,0.490,+0.05,+0.33,+0.43
2026-07-29 06:05:54,49,0.449,0.531,0.490,+0.04,+0.25,+0.36
2026-07-29 06:11:13,49,0.469,0.510,0.469,+0.01,+0.31,+0.40
2026-07-29 06:16:32,49,0.490,0.531,0.469,+0.15,+0.47,+0.57
2026-07-29 06:21:52,49,0.429,0.490,0.531,+0.17,+0.48,+0.56
2026-07-29 06:27:10,49,0.510,0.592,0.531,+0.25,+0.55,+0.62
2026-07-29 06:32:30,49,0.469,0.551,0.531,+0.32,+0.63,+0.72
2026-07-29 06:37:49,49,0.469,0.571,0.510,+0.28,+0.59,+0.70
2026-07-29 06:43:09,49,0.531,0.571,0.551,+0.17,+0.49,+0.57
2026-07-29 06:48:28,49,0.551,0.592,0.551,+0.26,+0.57,+0.65
2026-07-29 06:53:48,49,0.592,0.592,0.531,+0.35,+0.67,+0.77
2026-07-29 06:59:07,49,0.551,0.592,0.551,+0.23,+0.53,+0.60
2026-07-29 07:04:27,49,0.551,0.531,0.449,+0.12,+0.26,-0.80
2026-07-29 07:09:46,49,0.571,0.551,0.449,+0.28,+0.41,-0.65
2026-07-29 07:15:05,49,0.571,0.551,0.449,+0.20,+0.32,-0.74
2026-07-29 07:20:24,49,0.490,0.531,0.429,+0.03,+0.16,-0.88
2026-07-29 07:25:43,48,0.562,0.542,0.438,+0.12,+0.29,-0.84
2026-07-29 07:31:02,48,0.500,0.479,0.396,-0.06,+0.05,-1.08
2026-07-29 07:36:21,48,0.458,0.521,0.354,+0.01,+0.19,-0.97
2026-07-29 07:41:39,47,0.468,0.532,0.340,-0.08,+0.16,-1.02
2026-07-29 07:46:58,47,0.426,0.468,0.383,-0.21,+0.02,-1.15
2026-07-29 07:52:16,47,0.362,0.404,0.298,-0.52,-0.30,-1.47
2026-07-29 07:57:35,47,0.383,0.383,0.298,-0.48,-0.25,-1.43
2026-07-29 08:02:53,47,0.277,0.319,0.277,-0.39,-0.22,-0.94
2026-07-29 08:08:12,47,0.277,0.362,0.298,-0.46,-0.28,-1.07
2026-07-29 08:13:30,47,0.319,0.340,0.277,-0.17,+0.02,-0.79
2026-07-29 08:18:49,47,0.319,0.362,0.255,-0.19,+0.01,-0.81
2026-07-29 08:24:08,48,0.333,0.333,0.271,+0.15,+0.51,-0.22
2026-07-29 08:29:27,48,0.312,0.375,0.292,+0.19,+0.56,-0.19
2026-07-29 08:34:46,48,0.396,0.417,0.312,+0.43,+0.80,+0.06
2026-07-29 08:40:04,48,0.438,0.417,0.438,+0.57,+0.93,+0.20
2026-07-29 08:45:22,48,0.438,0.417,0.417,+0.67,+1.07,+0.30
2026-07-29 08:50:41,48,0.375,0.438,0.458,+0.45,+0.83,+0.07
2026-07-29 08:55:59,48,0.333,0.438,0.354,+0.26,+0.65,-0.08
2026-07-29 09:01:18,48,0.667,0.438,0.562,+0.98,+0.67,+1.26
2026-07-29 09:06:37,48,0.708,0.521,0.521,+0.69,+0.25,+1.09
2026-07-29 09:11:56,48,0.625,0.562,0.542,+0.41,-0.05,+0.77
2026-07-29 09:17:14,48,0.646,0.479,0.542,+0.40,-0.07,+0.76
2026-07-29 09:22:33,48,0.667,0.542,0.542,+0.58,+0.13,+0.95
2026-07-29 09:27:51,47,0.681,0.553,0.532,+0.51,+0.06,+0.93
2026-07-29 09:33:10,47,0.596,0.489,0.489,+0.30,-0.15,+0.70
2026-07-29 09:38:29,47,0.617,0.511,0.489,+0.34,-0.11,+0.75
2026-07-29 09:43:47,47,0.617,0.553,0.532,+0.35,-0.10,+0.76
2026-07-29 09:49:06,47,0.638,0.468,0.489,+0.35,-0.10,+0.76
2026-07-29 09:54:24,47,0.596,0.511,0.489,+0.35,-0.11,+0.74
2026-07-29 09:59:43,47,0.574,0.426,0.447,-0.11,-0.54,+0.30
2026-07-29 10:05:01,47,0.383,0.319,0.447,-0.95,-0.52,-0.19
2026-07-29 10:10:20,47,0.340,0.340,0.426,-0.96,-0.52,-0.22
2026-07-29 10:15:39,47,0.340,0.340,0.404,-1.08,-0.67,-0.39
2026-07-29 10:20:57,46,0.304,0.348,0.348,-0.95,-0.50,-0.21
2026-07-29 10:26:16,46,0.348,0.391,0.413,-0.99,-0.53,-0.22
2026-07-29 10:31:34,46,0.283,0.348,0.435,-1.19,-0.74,-0.44
2026-07-29 10:36:52,46,0.326,0.391,0.370,-1.15,-0.69,-0.38
2026-07-29 10:42:11,46,0.348,0.391,0.391,-0.94,-0.49,-0.17
2026-07-29 10:47:29,46,0.261,0.348,0.413,-1.35,-0.89,-0.58
2026-07-29 10:52:47,46,0.304,0.370,0.391,-1.12,-0.67,-0.35
2026-07-29 10:58:05,46,0.239,0.283,0.435,-1.45,-0.99,-0.66
2026-07-29 11:03:23,46,0.239,0.348,0.413,-1.33,-1.03,-1.15
2026-07-29 11:08:43,46,0.217,0.304,0.391,-1.30,-1.36,-1.28
2026-07-29 11:14:01,46,0.217,0.283,0.326,-1.38,-1.39,-1.31
2026-07-29 11:19:19,46,0.217,0.283,0.283,-1.53,-1.55,-1.47
2026-07-29 11:24:37,46,0.217,0.326,0.348,-1.36,-1.38,-1.31
2026-07-29 11:29:55,46,0.239,0.348,0.370,-1.08,-1.09,-1.03
2026-07-29 11:35:14,46,0.217,0.348,0.391,-1.34,-1.34,-1.28
2026-07-29 11:40:32,46,0.217,0.326,0.348,-1.43,-1.41,-1.36
2026-07-29 11:45:50,46,0.239,0.348,0.370,-1.33,-1.31,-1.25
2026-07-29 11:51:08,46,0.261,0.326,0.370,-1.55,-1.53,-1.46
2026-07-29 11:56:26,46,0.239,0.304,0.304,-1.59,-1.57,-1.51
2026-07-29 12:01:45,46,0.348,0.261,0.304,-1.07,-2.11,-1.59
2026-07-29 12:07:03,46,0.239,0.196,0.261,-0.80,-2.36,-2.00
2026-07-29 12:12:21,46,0.370,0.217,0.261,-0.66,-2.15,-1.81
2026-07-29 12:17:39,45,0.267,0.178,0.244,-0.76,-2.26,-1.88
2026-07-29 12:22:56,45,0.200,0.178,0.244,-1.01,-2.47,-2.09
2026-07-29 12:28:14,45,0.222,0.133,0.222,-1.52,-3.01,-2.61
2026-07-29 12:33:32,45,0.222,0.133,0.178,-1.74,-3.24,-2.84
2026-07-29 12:38:49,45,0.178,0.111,0.178,-2.04,-3.50,-3.11
2026-07-29 12:44:07,45,0.156,0.133,0.156,-2.18,-3.65,-3.25
2026-07-29 12:49:25,45,0.178,0.111,0.178,-2.32,-3.80,-3.40
2026-07-29 12:54:43,45,0.178,0.111,0.200,-2.15,-3.64,-3.25
2026-07-29 13:00:01,45,0.200,0.133,0.200,-2.26,-3.76,-3.37
2026-07-29 13:05:19,45,0.178,0.133,0.200,-1.74,-3.33,-3.56
2026-07-29 13:10:37,45,0.178,0.133,0.200,-1.58,-3.18,-3.39
2026-07-29 13:15:54,45,0.200,0.133,0.222,-1.56,-3.18,-3.39
2026-07-29 13:21:12,45,0.244,0.133,0.200,-1.84,-3.45,-3.67
2026-07-29 13:26:29,45,0.267,0.133,0.200,-1.51,-3.15,-3.39
2026-07-29 13:31:47,44,0.250,0.159,0.227,-1.58,-3.21,-3.46
2026-07-29 13:37:05,44,0.182,0.136,0.227,-1.75,-3.37,-3.60
2026-07-29 13:42:22,44,0.227,0.159,0.205,-1.70,-3.34,-3.58
2026-07-29 13:47:39,44,0.205,0.159,0.227,-1.53,-3.15,-3.40
2026-07-29 13:52:56,44,0.250,0.182,0.182,-1.36,-3.00,-3.25
2026-07-29 13:58:14,44,0.250,0.159,0.227,-1.32,-2.95,-3.20
2026-07-29 14:03:31,45,0.489,0.200,0.244,+0.41,-1.90,-2.48
2026-07-29 14:08:49,45,0.533,0.200,0.244,+0.46,-1.80,-2.50
2026-07-29 14:14:07,45,0.578,0.267,0.267,+0.59,-1.69,-2.38
2026-07-29 14:19:25,45,0.511,0.244,0.289,+0.55,-1.72,-2.41
2026-07-29 14:24:42,45,0.533,0.200,0.222,+0.51,-1.77,-2.47
2026-07-29 14:30:00,45,0.533,0.200,0.244,+0.46,-1.82,-2.53
2026-07-29 14:35:18,45,0.533,0.244,0.200,+0.51,-1.77,-2.47
2026-07-29 14:40:36,44,0.614,0.250,0.205,+0.63,-1.63,-2.40
2026-07-29 14:45:53,44,0.591,0.273,0.205,+0.73,-1.55,-2.32
2026-07-29 14:51:10,44,0.614,0.250,0.227,+0.76,-1.53,-2.31
2026-07-29 14:56:28,44,0.568,0.227,0.205,+0.60,-1.67,-2.44
2026-07-29 15:01:45,44,0.659,0.250,0.205,+0.17,-1.13,-3.02
2026-07-29 15:07:02,44,0.614,0.227,0.205,+0.17,-1.03,-3.14
2026-07-29 15:12:19,44,0.500,0.227,0.182,-0.19,-1.28,-3.48
2026-07-29 15:17:37,44,0.545,0.227,0.182,+0.11,-0.98,-3.23
2026-07-29 15:22:54,44,0.568,0.295,0.182,+0.09,-1.00,-3.23
2026-07-29 15:28:12,44,0.705,0.295,0.205,+0.32,-0.77,-3.01
2026-07-29 15:33:29,44,0.659,0.295,0.205,+0.25,-0.85,-3.10
2026-07-29 15:38:46,44,0.659,0.273,0.205,+0.39,-0.71,-2.97
2026-07-29 15:44:04,44,0.659,0.273,0.205,+0.36,-0.73,-2.98
2026-07-29 15:49:21,44,0.705,0.318,0.182,+0.51,-0.59,-2.85
2026-07-29 15:54:39,44,0.682,0.318,0.182,+0.64,-0.46,-2.71
2026-07-29 15:59:55,43,0.581,0.256,0.186,+0.42,-0.62,-2.90
2026-07-29 16:05:12,43,0.581,0.605,0.140,+0.25,+0.77,-2.46
2026-07-29 16:10:29,43,0.558,0.674,0.140,+0.18,+0.75,-2.31
2026-07-29 16:15:47,43,0.581,0.651,0.116,+0.31,+0.90,-2.17
2026-07-29 16:21:04,43,0.535,0.651,0.140,+0.18,+0.80,-2.27
2026-07-29 16:26:21,43,0.628,0.651,0.140,+0.10,+0.71,-2.32
2026-07-29 16:31:38,43,0.558,0.674,0.163,+0.25,+0.87,-2.19
2026-07-29 16:36:56,43,0.651,0.651,0.116,+0.54,+1.20,-1.90
2026-07-29 16:42:13,43,0.512,0.605,0.116,+0.46,+1.12,-1.97
2026-07-29 16:47:29,43,0.628,0.605,0.093,+0.35,+1.02,-2.10
2026-07-29 16:52:46,43,0.465,0.628,0.093,+0.24,+0.88,-2.21
2026-07-29 16:58:04,43,0.535,0.581,0.093,+0.09,+0.73,-2.34
2026-07-29 17:03:22,43,0.535,0.674,0.256,-0.01,+0.31,-1.61
2026-07-29 17:08:38,42,0.452,0.667,0.262,-0.13,+0.32,-1.66
2026-07-29 17:13:55,42,0.405,0.619,0.167,-0.26,+0.15,-1.79
2026-07-29 17:19:14,42,0.381,0.690,0.214,-0.34,+0.08,-1.85
2026-07-29 17:24:31,42,0.381,0.643,0.262,-0.33,+0.16,-1.67
2026-07-29 17:29:48,42,0.238,0.524,0.190,-0.49,-0.04,-1.84
2026-07-29 17:35:05,42,0.286,0.548,0.238,-0.50,-0.03,-1.84
2026-07-29 17:40:23,42,0.238,0.500,0.214,-0.67,-0.21,-2.00
2026-07-29 17:45:40,42,0.381,0.690,0.310,-0.50,-0.04,-1.85
2026-07-29 17:50:59,42,0.405,0.643,0.286,-0.53,-0.07,-1.88
2026-07-29 17:56:17,42,0.405,0.619,0.286,-0.68,-0.23,-2.03
2026-07-29 18:01:33,42,0.286,0.476,0.286,-1.05,-0.67,-1.72
2026-07-29 18:06:50,41,0.146,0.415,0.220,-1.28,-0.97,-1.82
2026-07-29 18:12:07,41,0.171,0.463,0.268,-1.33,-1.01,-1.87
2026-07-29 18:17:25,43,0.238,0.500,0.286,-1.17,-0.65,-1.36
2026-07-29 18:22:42,43,0.357,0.500,0.357,-0.90,-0.38,-1.08
2026-07-29 18:28:00,43,0.310,0.500,0.310,-0.60,-0.05,-0.70
2026-07-29 18:33:17,43,0.405,0.405,0.357,-0.56,+0.00,-0.62
2026-07-29 18:38:35,43,0.405,0.452,0.357,-0.61,-0.06,-0.69
2026-07-29 18:43:52,43,0.381,0.500,0.333,-0.72,-0.17,-0.79
2026-07-29 18:49:10,43,0.357,0.476,0.357,-0.92,-0.37,-1.02
2026-07-29 18:54:27,43,0.333,0.452,0.310,-0.99,-0.44,-1.10
2026-07-29 18:59:45,43,0.381,0.476,0.310,-0.83,-0.28,-0.94
2026-07-29 19:05:02,43,0.558,0.488,0.535,+0.57,-0.23,+0.74
2026-07-29 19:10:19,43,0.605,0.442,0.605,+0.69,-0.24,+0.76
2026-07-29 19:15:37,43,0.674,0.465,0.628,+0.82,-0.17,+0.93
2026-07-29 19:20:54,43,0.628,0.465,0.605,+0.83,-0.15,+0.96
2026-07-29 19:26:11,43,0.605,0.442,0.651,+0.87,-0.11,+1.00
2026-07-29 19:31:28,43,0.581,0.465,0.628,+0.68,-0.30,+0.80
2026-07-29 19:36:45,43,0.605,0.512,0.605,+0.87,-0.12,+0.99
2026-07-29 19:42:03,43,0.581,0.512,0.651,+0.99,-0.00,+1.11
2026-07-29 19:47:20,43,0.605,0.465,0.651,+0.99,+0.00,+1.11
2026-07-29 19:52:37,43,0.674,0.465,0.605,+0.77,-0.21,+0.89
2026-07-29 19:57:54,43,0.628,0.419,0.605,+0.82,-0.16,+0.94
2026-07-29 20:03:11,43,0.465,0.372,0.581,+0.24,-0.25,+0.55
2026-07-29 20:08:28,43,0.512,0.372,0.581,+0.29,-0.20,+0.65
2026-07-29 20:13:46,43,0.605,0.442,0.605,+0.46,-0.00,+0.83
2026-07-29 20:19:03,43,0.488,0.372,0.628,+0.48,+0.02,+0.85
2026-07-29 20:24:20,43,0.628,0.442,0.605,+0.56,+0.30,+1.21
2026-07-29 20:29:37,43,0.581,0.465,0.605,+0.49,+0.24,+1.16
2026-07-29 20:34:55,44,0.477,0.409,0.614,+0.36,+0.07,+0.97
2026-07-29 20:40:13,44,0.500,0.455,0.614,+0.49,+0.19,+1.08
2026-07-29 20:45:31,44,0.500,0.432,0.614,+0.48,+0.18,+1.07
2026-07-29 20:50:48,44,0.545,0.409,0.636,+0.58,+0.28,+1.19
2026-07-29 20:56:06,44,0.409,0.386,0.568,+0.37,+0.07,+0.98
2026-07-29 21:01:23,44,0.477,0.568,0.568,+0.21,+0.93,+0.84
2026-07-29 21:06:41,44,0.364,0.591,0.500,+0.14,+1.08,+0.68
2026-07-29 21:11:58,44,0.341,0.568,0.477,+0.07,+1.00,+0.60
2026-07-29 21:17:16,44,0.318,0.455,0.455,-0.04,+0.87,+0.47
2026-07-29 21:22:34,44,0.386,0.500,0.477,-0.02,+0.90,+0.50
2026-07-29 21:27:51,44,0.364,0.477,0.523,+0.14,+1.06,+0.66
2026-07-29 21:33:09,44,0.364,0.432,0.477,+0.07,+1.00,+0.59
2026-07-29 21:38:26,44,0.364,0.432,0.455,-0.11,+0.82,+0.41
2026-07-29 21:43:43,44,0.341,0.500,0.455,-0.14,+0.78,+0.38
2026-07-29 21:49:01,44,0.341,0.477,0.432,-0.15,+0.78,+0.38
2026-07-29 21:54:20,44,0.318,0.545,0.432,-0.26,+0.67,+0.26
2026-07-29 21:59:37,44,0.364,0.523,0.500,-0.35,+0.59,+0.18
2026-07-29 22:04:56,44,0.182,0.409,0.409,-0.57,-0.21,-0.26
2026-07-29 22:10:14,45,0.178,0.400,0.444,+0.68,+1.03,+1.08
2026-07-29 22:15:33,45,0.222,0.422,0.422,+0.72,+1.05,+1.10
2026-07-29 22:20:52,45,0.222,0.444,0.378,+0.49,+0.82,+0.88
2026-07-29 22:26:09,45,0.222,0.378,0.356,+0.36,+0.69,+0.74
2026-07-29 22:31:27,45,0.267,0.400,0.422,+0.54,+0.88,+0.93
2026-07-29 22:36:44,45,0.311,0.400,0.467,+0.10,+0.43,+0.45
2026-07-29 22:42:02,45,0.267,0.422,0.422,+0.02,+0.35,+0.38
2026-07-29 22:47:20,44,0.295,0.386,0.455,-0.10,+0.18,+0.29
2026-07-29 22:52:38,44,0.364,0.364,0.409,-0.13,+0.15,+0.25
2026-07-29 22:57:55,44,0.250,0.341,0.386,-0.42,-0.14,-0.04
2026-07-29 23:03:13,44,0.568,0.364,0.364,-0.48,-0.05,-0.18
2026-07-29 23:08:31,44,0.432,0.250,0.364,-0.59,-0.19,-0.22
2026-07-29 23:13:48,44,0.432,0.250,0.386,-0.76,-0.38,-0.42
2026-07-29 23:19:05,44,0.432,0.295,0.341,-0.65,-0.29,-0.31
2026-07-29 23:24:22,44,0.364,0.227,0.386,-0.73,-0.38,-0.40
2026-07-29 23:29:41,44,0.295,0.295,0.318,-0.80,-0.47,-0.49
2026-07-29 23:34:58,44,0.318,0.318,0.364,-0.84,-0.49,-0.51
2026-07-29 23:40:16,44,0.364,0.295,0.318,-0.74,-0.41,-0.42
2026-07-29 23:45:33,44,0.318,0.295,0.318,-0.90,-0.58,-0.58
2026-07-29 23:50:51,44,0.364,0.341,0.364,-0.91,-0.58,-0.56
2026-07-29 23:56:07,43,0.326,0.302,0.395,-1.01,-0.67,-0.65
2026-07-30 00:01:25,43,0.302,0.279,0.372,-0.69,-0.86,+0.01
2026-07-30 00:06:42,44,0.318,0.273,0.386,-0.55,-0.80,+0.30
2026-07-30 00:11:59,44,0.341,0.205,0.409,-0.47,-0.76,+0.30
2026-07-30 00:17:16,43,0.302,0.233,0.395,-0.40,-0.70,+0.45
2026-07-30 00:22:33,42,0.262,0.190,0.333,-0.84,-1.08,+0.04
2026-07-30 00:27:50,42,0.238,0.167,0.286,-1.28,-1.53,-0.42
2026-07-30 00:33:06,42,0.214,0.190,0.286,-1.24,-1.50,-0.37
2026-07-30 00:38:23,42,0.286,0.167,0.286,-1.25,-1.49,-0.37
2026-07-30 00:43:40,42,0.214,0.143,0.262,-1.46,-1.69,-0.53
2026-07-30 00:48:57,42,0.214,0.143,0.262,-1.43,-1.66,-0.50
2026-07-30 00:54:14,44,0.250,0.205,0.295,-0.69,-0.85,+0.27
2026-07-30 00:59:32,44,0.250,0.227,0.295,-0.70,-0.87,+0.26
2026-07-30 01:04:49,44,0.273,0.227,0.227,-0.11,-0.96,-0.57
2026-07-30 01:10:07,44,0.250,0.227,0.250,-0.09,-1.02,-0.47
2026-07-30 01:15:24,44,0.273,0.227,0.250,-0.13,-1.06,-0.51
2026-07-30 01:20:42,44,0.295,0.205,0.273,-0.11,-1.01,-0.45
2026-07-30 01:25:59,44,0.432,0.318,0.273,+0.13,-0.79,-0.21
2026-07-30 01:31:17,44,0.386,0.318,0.295,+0.17,-0.74,-0.17
2026-07-30 01:36:34,45,0.333,0.289,0.311,+0.10,-0.79,-0.18
2026-07-30 01:41:52,45,0.289,0.267,0.267,-0.17,-1.06,-0.45
2026-07-30 01:47:10,45,0.267,0.289,0.289,-0.22,-1.10,-0.50
2026-07-30 01:52:28,45,0.289,0.267,0.289,-0.19,-1.08,-0.48
2026-07-30 01:57:45,44,0.318,0.227,0.250,+0.02,-0.81,-0.25
2026-07-30 02:03:02,44,0.500,0.273,0.227,-0.35,-0.55,-0.46
2026-07-30 02:08:20,44,0.591,0.273,0.205,+0.19,-0.51,-0.38
2026-07-30 02:13:37,44,0.591,0.295,0.205,+0.33,-0.38,-0.25
2026-07-30 02:18:55,44,0.614,0.250,0.227,+0.44,-0.35,-0.19
2026-07-30 02:24:12,44,0.636,0.250,0.227,+0.56,-0.21,-0.05
2026-07-30 02:29:30,44,0.636,0.295,0.227,+0.60,-0.15,+0.01
2026-07-30 02:34:48,44,0.636,0.295,0.227,+0.52,-0.25,-0.10
2026-07-30 02:40:05,44,0.636,0.295,0.227,+0.62,-0.16,-0.13
2026-07-30 02:45:23,44,0.682,0.295,0.250,+0.67,-0.12,-0.10
2026-07-30 02:50:40,45,0.689,0.356,0.311,+0.63,-0.17,-0.12
2026-07-30 02:55:58,45,0.667,0.400,0.400,+0.93,+0.17,+0.17
2026-07-30 03:01:16,45,0.711,0.667,0.533,+1.06,+1.05,+0.38
2026-07-30 03:06:34,45,0.711,0.622,0.444,+1.01,+0.99,+0.26
2026-07-30 03:11:52,45,0.667,0.644,0.578,+1.03,+0.95,+0.40
2026-07-30 03:17:10,45,0.556,0.600,0.511,+0.68,+0.74,+0.11
2026-07-30 03:22:28,45,0.556,0.511,0.444,+0.49,+0.55,-0.05
2026-07-30 03:27:45,45,0.600,0.511,0.400,+0.30,+0.37,-0.22
2026-07-30 03:33:03,45,0.489,0.467,0.289,+0.09,+0.15,-0.44
2026-07-30 03:38:21,46,0.543,0.522,0.348,+0.33,+0.25,-0.32
2026-07-30 03:43:40,46,0.587,0.522,0.457,+0.47,+0.38,-0.20
2026-07-30 03:48:58,46,0.609,0.457,0.457,+0.52,+0.43,-0.14
2026-07-30 03:54:16,46,0.609,0.478,0.457,+0.65,+0.53,-0.05
2026-07-30 03:59:34,46,0.587,0.478,0.457,+0.64,+0.53,-0.04
2026-07-30 04:04:52,47,0.511,0.553,0.447,+0.17,+0.97,+0.34
2026-07-30 04:10:11,47,0.383,0.553,0.426,-0.23,+0.75,-0.10
2026-07-30 04:15:29,47,0.362,0.596,0.404,-0.30,+0.79,-0.07
2026-07-30 04:20:48,47,0.340,0.617,0.426,-0.36,+0.75,-0.10
2026-07-30 04:26:06,47,0.234,0.574,0.319,-0.57,+0.67,-0.36
2026-07-30 04:31:25,47,0.234,0.574,0.319,-0.53,+0.75,-0.31
2026-07-30 04:36:43,47,0.277,0.553,0.298,-0.54,+0.74,-0.33
2026-07-30 04:42:02,47,0.234,0.553,0.298,-0.45,+0.84,-0.23
2026-07-30 04:47:21,47,0.213,0.511,0.255,-0.69,+0.60,-0.44
2026-07-30 04:52:39,47,0.213,0.383,0.234,-0.80,+0.50,-0.52
2026-07-30 04:57:57,47,0.213,0.426,0.255,-0.71,+0.59,-0.42
2026-07-30 05:03:15,47,0.234,0.298,0.234,-0.84,-0.10,-0.66
2026-07-30 05:08:34,47,0.277,0.277,0.213,-0.79,-0.08,-0.61
2026-07-30 05:13:52,47,0.255,0.298,0.234,-0.85,-0.11,-0.35
2026-07-30 05:19:10,47,0.255,0.340,0.277,-0.62,+0.14,-0.08
2026-07-30 05:24:29,47,0.255,0.340,0.277,-0.66,+0.13,-0.08
2026-07-30 05:29:47,47,0.234,0.234,0.255,-1.07,-0.32,-0.49
2026-07-30 05:35:05,47,0.170,0.213,0.234,-1.10,-0.35,-0.51
2026-07-30 05:40:24,47,0.234,0.298,0.213,-0.69,+0.07,-0.09
2026-07-30 05:45:42,47,0.255,0.298,0.213,-0.91,-0.16,-0.34
2026-07-30 05:51:01,47,0.255,0.298,0.213,-1.02,-0.28,-0.47
2026-07-30 05:56:21,47,0.255,0.277,0.255,-1.02,-0.28,-0.50
2026-07-30 06:01:39,47,0.277,0.255,0.191,-0.49,-1.00,-0.32
2026-07-30 06:06:58,48,0.229,0.167,0.208,-0.47,-1.35,-0.41
2026-07-30 06:12:16,48,0.250,0.167,0.250,-0.25,-1.12,-0.20
2026-07-30 06:17:36,48,0.312,0.167,0.250,-0.18,-1.07,-0.11
2026-07-30 06:22:54,48,0.375,0.229,0.271,-0.05,-0.93,+0.02
2026-07-30 06:28:13,48,0.458,0.250,0.271,+0.05,-0.84,+0.14
2026-07-30 06:33:32,48,0.438,0.271,0.292,+0.05,-0.83,+0.11
2026-07-30 06:38:51,48,0.521,0.229,0.292,+0.18,-0.70,+0.23
2026-07-30 06:44:09,48,0.542,0.271,0.312,+0.26,-0.62,+0.31
2026-07-30 06:49:28,48,0.542,0.250,0.312,+0.17,-0.71,+0.21
2026-07-30 06:54:47,48,0.562,0.271,0.312,+0.16,-0.73,+0.20
2026-07-30 07:00:06,47,0.553,0.319,0.426,+0.26,-0.57,+0.40
2026-07-30 07:05:24,47,0.638,0.340,0.511,+0.70,-0.23,+0.75
2026-07-30 07:10:42,47,0.660,0.362,0.511,+0.80,-0.14,+0.96
2026-07-30 07:16:01,47,0.702,0.362,0.511,+0.76,-0.18,+0.91
2026-07-30 07:21:19,47,0.745,0.362,0.553,+0.96,-0.06,+1.13
2026-07-30 07:26:38,47,0.702,0.362,0.574,+0.89,-0.13,+1.05
2026-07-30 07:31:56,47,0.681,0.340,0.574,+0.86,-0.16,+1.03
2026-07-30 07:37:15,47,0.617,0.340,0.574,+0.76,-0.26,+0.93
2026-07-30 07:42:33,47,0.660,0.319,0.553,+0.69,-0.33,+0.89
2026-07-30 07:47:52,47,0.638,0.255,0.574,+0.58,-0.46,+0.75
2026-07-30 07:53:10,47,0.660,0.277,0.553,+0.58,-0.45,+0.76
2026-07-30 07:58:28,46,0.609,0.283,0.522,+0.51,-0.47,+0.70
2026-07-30 08:03:46,46,0.435,0.565,0.500,+0.05,+0.45,+0.48
2026-07-30 08:09:04,46,0.391,0.522,0.478,+0.03,+0.50,+0.43
2026-07-30 08:14:22,45,0.333,0.511,0.400,+0.03,+0.55,+0.44
2026-07-30 08:19:40,45,0.444,0.578,0.400,-0.00,+0.52,+0.39
2026-07-30 08:24:57,45,0.489,0.578,0.533,-0.10,+0.42,+0.28
2026-07-30 08:30:15,45,0.467,0.533,0.489,-0.16,+0.35,+0.21
2026-07-30 08:35:32,45,0.378,0.422,0.422,-0.41,+0.10,-0.04
2026-07-30 08:40:49,44,0.364,0.455,0.409,-0.37,+0.14,-0.02
2026-07-30 08:46:06,44,0.364,0.523,0.500,-0.24,+0.26,+0.10
2026-07-30 08:51:23,45,0.422,0.578,0.511,+0.31,+0.83,+0.67
2026-07-30 08:56:41,45,0.400,0.511,0.489,+0.20,+0.72,+0.58
2026-07-30 09:01:59,45,0.356,0.533,0.311,-0.12,+0.54,-0.35
2026-07-30 09:07:17,45,0.333,0.511,0.311,-0.16,+0.46,-0.43
2026-07-30 09:12:35,45,0.378,0.511,0.311,+0.09,+0.75,-0.20
2026-07-30 09:17:52,45,0.400,0.533,0.267,+0.00,+0.68,-0.35
2026-07-30 09:23:10,45,0.356,0.533,0.267,-0.08,+0.60,-0.43
2026-07-30 09:28:29,45,0.333,0.533,0.267,-0.06,+0.62,-0.41
2026-07-30 09:33:47,45,0.356,0.600,0.311,-0.03,+0.66,-0.38
2026-07-30 09:39:05,45,0.267,0.533,0.289,-0.00,+0.69,-0.34
2026-07-30 09:44:23,45,0.289,0.489,0.267,-0.06,+0.63,-0.39
2026-07-30 09:49:40,45,0.267,0.489,0.267,-0.17,+0.56,-0.47
2026-07-30 09:54:58,45,0.311,0.511,0.244,-0.11,+0.58,-0.45
2026-07-30 10:00:16,45,0.289,0.400,0.222,-0.21,+0.32,-0.54
2026-07-30 10:05:33,45,0.356,0.400,0.222,-0.14,+0.00,-0.32
2026-07-30 10:10:51,45,0.444,0.400,0.244,+0.06,+0.22,-0.12
2026-07-30 10:16:08,45,0.422,0.333,0.244,+0.08,+0.24,-0.09
2026-07-30 10:21:26,45,0.378,0.333,0.222,-0.03,+0.12,-0.21
2026-07-30 10:26:44,45,0.356,0.333,0.244,+0.04,+0.19,-0.14
2026-07-30 10:32:02,45,0.356,0.422,0.222,-0.04,+0.12,-0.22
2026-07-30 10:37:19,44,0.477,0.523,0.295,+0.52,+0.72,+0.41
2026-07-30 10:42:36,44,0.614,0.614,0.318,+0.54,+0.68,+0.39
2026-07-30 10:47:53,44,0.636,0.591,0.295,+0.77,+0.95,+0.64
2026-07-30 10:53:11,44,0.636,0.614,0.318,+0.80,+1.00,+0.69
2026-07-30 10:58:28,44,0.636,0.614,0.273,+0.73,+0.90,+0.60
2026-07-30 11:03:45,44,0.614,0.568,0.545,+0.72,+0.74,+1.36
2026-07-30 11:09:03,44,0.636,0.568,0.591,+1.10,+1.15,+1.79
2026-07-30 11:14:21,44,0.727,0.591,0.591,+1.12,+1.02,+1.72
2026-07-30 11:19:38,44,0.659,0.568,0.614,+1.13,+1.05,+1.74
2026-07-30 11:24:56,44,0.705,0.591,0.591,+1.14,+1.06,+1.75
2026-07-30 11:30:13,44,0.659,0.545,0.545,+0.86,+0.79,+1.48
2026-07-30 11:35:31,44,0.636,0.523,0.455,+0.56,+0.49,+1.16
2026-07-30 11:40:48,44,0.591,0.568,0.500,+0.69,+0.61,+1.29
2026-07-30 11:46:06,44,0.614,0.591,0.568,+0.58,+0.48,+1.16
2026-07-30 11:51:23,44,0.659,0.591,0.568,+0.63,+0.53,+1.20
2026-07-30 11:56:41,44,0.636,0.523,0.523,+0.59,+0.49,+1.16
2026-07-30 12:01:58,44,0.341,0.568,0.591,-0.32,+0.23,+0.81
2026-07-30 12:07:16,45,0.289,0.578,0.600,-0.38,+0.27,+0.93
2026-07-30 12:12:34,45,0.200,0.289,0.556,-1.47,-0.84,-0.05
2026-07-30 12:17:51,45,0.156,0.400,0.489,-1.43,-0.80,+0.01
2026-07-30 12:23:10,45,0.244,0.422,0.578,-1.23,-0.58,+0.23
2026-07-30 12:28:27,45,0.178,0.422,0.533,-1.35,-0.71,+0.10
2026-07-30 12:33:45,45,0.156,0.289,0.556,-1.44,-0.80,+0.01
2026-07-30 12:39:03,45,0.156,0.333,0.533,-1.61,-0.97,-0.16
2026-07-30 12:44:22,45,0.156,0.333,0.533,-1.62,-0.98,-0.18
2026-07-30 12:49:39,45,0.111,0.356,0.533,-1.58,-0.93,-0.13
2026-07-30 12:54:57,44,0.136,0.364,0.545,-1.56,-0.90,-0.10
2026-07-30 13:00:15,45,0.156,0.422,0.467,-1.23,-0.58,-0.50
2026-07-30 13:05:34,45,0.133,0.422,0.333,-1.05,-0.77,-0.81
2026-07-30 13:10:52,45,0.133,0.422,0.333,-1.13,-0.78,-0.84
2026-07-30 13:16:10,45,0.067,0.400,0.200,-1.31,-0.96,-1.01
2026-07-30 13:21:28,45,0.133,0.378,0.200,-1.33,-0.98,-1.04
2026-07-30 13:26:46,45,0.178,0.356,0.200,-1.31,-0.96,-1.02
2026-07-30 13:32:03,44,0.159,0.386,0.250,-1.36,-1.04,-1.11
2026-07-30 13:37:21,44,0.159,0.409,0.295,-1.34,-1.01,-1.09
2026-07-30 13:42:38,44,0.068,0.341,0.182,-1.66,-1.33,-1.41
2026-07-30 13:47:55,44,0.182,0.364,0.182,-1.49,-1.17,-1.24
2026-07-30 13:53:13,44,0.136,0.409,0.205,-1.50,-1.18,-1.24
2026-07-30 13:58:31,44,0.159,0.341,0.250,-1.73,-1.40,-1.49
2026-07-30 14:03:48,42,0.214,0.071,0.167,-0.84,-2.41,-1.73
2026-07-30 14:09:05,42,0.214,0.071,0.143,-0.70,-2.30,-1.60
2026-07-30 14:14:21,42,0.190,0.095,0.167,-0.64,-2.25,-1.55
2026-07-30 14:19:38,42,0.238,0.095,0.214,-0.57,-2.19,-1.49
2026-07-30 14:24:55,42,0.190,0.119,0.214,-0.57,-2.19,-1.50
2026-07-30 14:30:12,43,0.209,0.140,0.186,-0.47,-2.03,-1.36
2026-07-30 14:35:42,43,0.233,0.140,0.279,-0.37,-1.93,-1.27
2026-07-30 14:41:00,43,0.233,0.116,0.186,-0.50,-2.06,-1.40
2026-07-30 14:46:17,42,0.286,0.143,0.190,-0.28,-1.89,-1.22
2026-07-30 14:51:33,42,0.333,0.119,0.238,-0.21,-1.82,-1.15
2026-07-30 14:56:51,42,0.286,0.119,0.214,-0.18,-1.80,-1.13
2026-07-30 15:02:08,42,0.524,0.119,0.214,+0.53,-1.26,-0.97
2026-07-30 15:07:24,42,0.643,0.071,0.167,+0.68,-1.17,-0.95
2026-07-30 15:12:41,42,0.524,0.071,0.238,+0.75,-1.12,-0.92
2026-07-30 15:17:58,43,0.558,0.116,0.279,+0.80,-1.02,-0.82
2026-07-30 15:23:15,43,0.628,0.093,0.302,+0.88,-0.94,-0.72
2026-07-30 15:28:32,43,0.651,0.163,0.349,+0.98,-0.85,-0.64
2026-07-30 15:33:49,43,0.674,0.209,0.349,+1.02,-0.81,-0.60
2026-07-30 15:39:06,43,0.721,0.186,0.302,+1.09,-0.76,-0.55
2026-07-30 15:44:24,43,0.698,0.209,0.279,+0.94,-0.91,-0.69
2026-07-30 15:49:41,43,0.605,0.163,0.279,+0.77,-1.07,-0.86
2026-07-30 15:54:58,43,0.558,0.163,0.279,+0.79,-1.06,-0.84
2026-07-30 16:00:15,43,0.535,0.116,0.233,+0.49,-0.89,-0.87
2026-07-30 16:05:32,43,0.512,0.326,0.442,+0.32,-0.03,-0.77
2026-07-30 16:10:49,43,0.512,0.302,0.419,+0.19,-0.02,-0.87
2026-07-30 16:16:06,43,0.465,0.326,0.442,+0.19,-0.07,-0.82
2026-07-30 16:21:24,44,0.477,0.364,0.477,+0.60,+0.35,-0.43
2026-07-30 16:26:41,44,0.523,0.364,0.477,+0.71,+0.46,-0.32
2026-07-30 16:31:58,44,0.523,0.364,0.477,+0.67,+0.43,-0.34
2026-07-30 16:37:16,44,0.432,0.295,0.432,+0.29,+0.05,-0.73
2026-07-30 16:42:34,45,0.422,0.333,0.511,+0.15,+0.00,-0.64
2026-07-30 16:47:52,45,0.400,0.244,0.400,-0.49,-0.66,-1.28
2026-07-30 16:53:10,45,0.378,0.289,0.400,-0.62,-0.76,-1.38
2026-07-30 16:58:28,45,0.356,0.289,0.422,-0.85,-1.00,-1.62
2026-07-30 17:03:46,45,0.267,0.378,0.222,-1.43,-0.77,-2.80
2026-07-30 17:09:03,45,0.289,0.422,0.222,-1.41,-0.72,-2.79
2026-07-30 17:14:21,45,0.289,0.444,0.200,-1.25,-0.56,-2.63
2026-07-30 17:19:39,45,0.311,0.422,0.200,-1.27,-0.59,-2.66
2026-07-30 17:24:57,45,0.378,0.511,0.222,-1.29,-0.60,-2.67
2026-07-30 17:30:15,45,0.422,0.578,0.200,-1.19,-0.49,-2.57
2026-07-30 17:35:34,45,0.511,0.556,0.222,-1.17,-0.47,-2.55
2026-07-30 17:40:52,45,0.489,0.600,0.200,-1.19,-0.49,-2.57
2026-07-30 17:46:10,45,0.533,0.578,0.222,-1.10,-0.38,-2.45
2026-07-30 17:51:28,45,0.511,0.578,0.200,-1.12,-0.42,-2.49
2026-07-30 17:56:45,44,0.477,0.568,0.205,-1.04,-0.34,-2.47
2026-07-30 18:02:03,44,0.568,0.523,0.273,-0.02,-0.86,-1.98
2026-07-30 18:07:20,44,0.636,0.477,0.318,+0.27,-0.66,-1.86
2026-07-30 18:12:38,44,0.568,0.477,0.318,+0.13,-0.82,-1.97
2026-07-30 18:17:55,44,0.591,0.500,0.318,+0.16,-0.77,-1.90
2026-07-30 18:23:13,44,0.659,0.500,0.364,+0.31,-0.60,-1.77
2026-07-30 18:28:30,44,0.682,0.500,0.386,+0.18,-0.70,-1.85
2026-07-30 18:33:48,44,0.659,0.545,0.341,+0.15,-0.70,-1.85
2026-07-30 18:39:05,44,0.659,0.500,0.409,+0.14,-0.72,-1.87
2026-07-30 18:44:23,45,0.667,0.489,0.356,+0.06,-0.83,-1.95
2026-07-30 18:49:41,45,0.622,0.511,0.378,-0.07,-0.89,-2.01
2026-07-30 18:54:59,45,0.600,0.511,0.333,-0.22,-1.07,-2.19
2026-07-30 19:00:17,45,0.689,0.533,0.356,+0.01,-0.80,-1.58
2026-07-30 19:05:34,44,0.614,0.636,0.523,+0.15,-0.75,-0.70
2026-07-30 19:10:52,45,0.667,0.622,0.533,+0.20,-0.73,-0.69
2026-07-30 19:16:09,45,0.622,0.600,0.533,+0.22,-0.64,-0.57
2026-07-30 19:21:27,45,0.622,0.533,0.511,+0.33,-0.56,-0.49
2026-07-30 19:26:45,45,0.578,0.556,0.489,+0.39,-0.49,-0.49
2026-07-30 19:32:03,45,0.600,0.578,0.489,+0.30,-0.59,-0.59
2026-07-30 19:37:20,45,0.511,0.556,0.444,+0.19,-0.74,-0.72
2026-07-30 19:42:38,45,0.400,0.533,0.422,-0.20,-1.09,-1.07
2026-07-30 19:47:57,45,0.400,0.467,0.422,-0.32,-1.19,-1.18
2026-07-30 19:53:15,45,0.356,0.489,0.378,-0.38,-1.26,-1.24
2026-07-30 19:58:32,45,0.356,0.556,0.422,-0.50,-1.37,-1.35
2026-07-30 20:03:49,45,0.311,0.533,0.533,-0.48,-0.54,-0.85
2026-07-30 20:09:07,45,0.422,0.578,0.533,-0.35,-0.35,-0.71
2026-07-30 20:14:24,45,0.444,0.600,0.578,-0.42,-0.36,-0.67
2026-07-30 20:19:42,46,0.435,0.609,0.587,-0.50,-0.28,-0.55
2026-07-30 20:25:00,46,0.391,0.587,0.587,-0.70,-0.46,-0.73
2026-07-30 20:30:19,47,0.447,0.574,0.574,-0.60,-0.30,-0.55
2026-07-30 20:35:37,47,0.468,0.553,0.617,-0.52,-0.26,-0.51
2026-07-30 20:40:56,47,0.489,0.574,0.617,-0.44,-0.18,-0.46
2026-07-30 20:46:14,47,0.468,0.574,0.638,-0.40,-0.15,-0.45
2026-07-30 20:51:32,47,0.489,0.596,0.596,-0.26,-0.01,-0.31
2026-07-30 20:56:51,47,0.511,0.596,0.617,-0.22,+0.03,-0.28
2026-07-30 21:02:09,47,0.574,0.532,0.574,-0.12,-0.43,-0.84
2026-07-30 21:07:28,47,0.617,0.532,0.532,+0.20,-0.38,-0.89
2026-07-30 21:12:46,46,0.565,0.565,0.587,+0.32,-0.26,-0.68
2026-07-30 21:18:04,46,0.543,0.565,0.543,+0.24,-0.32,-0.73
2026-07-30 21:23:22,46,0.522,0.543,0.500,+0.16,-0.38,-0.81
2026-07-30 21:28:41,46,0.609,0.522,0.522,+0.11,-0.43,-0.85
2026-07-30 21:33:59,46,0.652,0.500,0.522,+0.20,-0.33,-0.73
2026-07-30 21:39:17,46,0.587,0.522,0.543,+0.14,-0.39,-0.79
2026-07-30 21:44:35,46,0.565,0.543,0.478,+0.19,-0.35,-0.77
2026-07-30 21:49:54,46,0.543,0.500,0.457,+0.10,-0.45,-0.85
2026-07-30 21:55:12,46,0.543,0.435,0.500,+0.08,-0.46,-0.88
2026-07-30 22:00:31,46,0.609,0.500,0.565,-0.15,-0.10,-1.01
2026-07-30 22:05:49,45,0.467,0.489,0.556,-0.02,-0.28,-0.91
2026-07-30 22:11:06,45,0.333,0.444,0.556,-0.26,-0.52,-1.13
2026-07-30 22:16:24,45,0.378,0.444,0.556,-0.42,-0.69,-1.24
2026-07-30 22:21:42,45,0.333,0.467,0.600,-0.72,-0.97,-1.43
2026-07-30 22:27:00,45,0.311,0.511,0.578,-0.84,-1.09,-1.54
2026-07-30 22:32:17,45,0.333,0.511,0.556,-0.82,-1.07,-1.54
2026-07-30 22:37:35,45,0.289,0.356,0.489,-0.77,-1.04,-1.51
2026-07-30 22:42:53,45,0.289,0.289,0.444,-0.80,-1.07,-1.55
2026-07-30 22:48:11,45,0.311,0.378,0.511,-0.65,-0.91,-1.38
2026-07-30 22:53:27,44,0.341,0.477,0.591,-0.59,-0.85,-1.32
2026-07-30 22:58:44,44,0.341,0.523,0.636,-0.50,-0.76,-1.24
2026-07-30 23:04:02,45,0.333,0.489,0.578,-0.53,-0.40,-0.46
2026-07-30 23:09:20,45,0.267,0.422,0.556,-0.69,-0.52,-0.59
2026-07-30 23:14:38,45,0.289,0.444,0.578,-0.78,-0.56,-0.68
2026-07-30 23:19:56,45,0.267,0.356,0.511,-1.07,-0.84,-0.94
2026-07-30 23:25:14,45,0.267,0.467,0.556,-0.97,-0.73,-0.84
2026-07-30 23:30:32,45,0.267,0.489,0.578,-0.90,-0.67,-0.75
2026-07-30 23:35:50,45,0.333,0.467,0.578,-0.88,-0.64,-0.73
2026-07-30 23:41:07,45,0.311,0.467,0.556,-0.90,-0.66,-0.76
2026-07-30 23:46:25,45,0.333,0.422,0.556,-0.86,-0.62,-0.72
2026-07-30 23:51:42,44,0.364,0.500,0.636,-0.78,-0.54,-0.64
2026-07-30 23:56:59,44,0.295,0.455,0.591,-1.07,-0.83,-0.94
2026-07-31 00:02:16,43,0.349,0.279,0.372,-0.75,-1.28,-1.45
2026-07-31 00:07:34,43,0.302,0.395,0.465,-0.80,-1.36,-1.45
2026-07-31 00:12:51,44,0.273,0.295,0.409,-0.36,-0.89,-0.94
2026-07-31 00:18:09,45,0.333,0.289,0.444,-0.25,-0.77,-0.87
2026-07-31 00:23:26,45,0.333,0.333,0.467,-0.29,-0.80,-0.90
2026-07-31 00:28:44,45,0.311,0.333,0.422,-0.41,-0.92,-1.01
2026-07-31 00:34:01,44,0.364,0.295,0.409,-0.30,-0.80,-0.85
2026-07-31 00:39:18,43,0.326,0.302,0.442,-0.40,-0.92,-0.98
2026-07-31 00:44:35,43,0.326,0.302,0.465,-0.31,-0.81,-0.89
2026-07-31 00:49:52,43,0.326,0.302,0.488,-0.21,-0.74,-0.82
2026-07-31 00:55:09,43,0.349,0.302,0.442,-0.38,-0.90,-0.97
2026-07-31 01:00:26,43,0.326,0.302,0.349,-0.28,-1.38,-1.09
2026-07-31 01:05:44,43,0.279,0.279,0.395,-0.33,-1.33,-1.32
2026-07-31 01:11:00,43,0.279,0.302,0.395,-0.42,-1.49,-1.38
2026-07-31 01:16:17,43,0.326,0.326,0.442,-0.58,-1.62,-1.56
2026-07-31 01:21:34,42,0.262,0.333,0.405,-0.65,-1.69,-1.64
2026-07-31 01:26:51,42,0.310,0.310,0.429,-0.47,-1.53,-1.47
2026-07-31 01:32:08,42,0.333,0.310,0.429,-0.36,-1.42,-1.36
2026-07-31 01:37:25,42,0.262,0.286,0.381,-0.18,-1.30,-1.24
2026-07-31 01:42:42,42,0.190,0.286,0.357,-0.36,-1.48,-1.42
2026-07-31 01:47:58,42,0.214,0.333,0.429,-0.34,-1.45,-1.39
2026-07-31 01:53:15,42,0.262,0.286,0.357,-0.22,-1.33,-1.25
2026-07-31 01:58:32,42,0.238,0.333,0.405,-0.32,-1.41,-1.32
2026-07-31 02:03:49,42,0.190,0.333,0.381,-0.55,-0.68,-1.14
2026-07-31 02:09:06,42,0.238,0.310,0.357,-0.55,-0.78,-1.13
2026-07-31 02:14:23,42,0.262,0.262,0.310,-0.43,-0.83,-0.97
2026-07-31 02:19:40,42,0.333,0.310,0.333,-0.11,-0.50,-0.64
2026-07-31 02:24:57,42,0.333,0.310,0.429,+0.17,-0.24,-0.38
2026-07-31 02:30:13,42,0.429,0.381,0.476,+0.41,+0.01,-0.15
2026-07-31 02:35:30,42,0.381,0.333,0.429,+0.47,+0.07,-0.08
2026-07-31 02:40:47,42,0.405,0.333,0.452,+0.45,+0.04,-0.11
2026-07-31 02:46:03,42,0.405,0.381,0.429,+0.41,+0.00,-0.15
2026-07-31 02:51:21,42,0.429,0.381,0.452,+0.50,+0.07,-0.09
2026-07-31 02:56:38,42,0.452,0.405,0.452,+0.36,-0.06,-0.22
2026-07-31 03:01:54,42,0.548,0.310,0.357,+0.64,+0.32,-0.78
2026-07-31 03:07:11,42,0.595,0.357,0.381,+0.88,+0.33,-0.59
2026-07-31 03:12:29,42,0.548,0.333,0.381,+0.87,+0.29,-0.65
2026-07-31 03:17:46,42,0.571,0.333,0.333,+0.91,+0.35,-0.58
2026-07-31 03:23:03,42,0.571,0.310,0.357,+0.75,+0.20,-0.72
2026-07-31 03:28:19,42,0.571,0.357,0.333,+0.81,+0.27,-0.66
2026-07-31 03:33:36,42,0.595,0.286,0.357,+0.86,+0.29,-0.64
2026-07-31 03:38:52,42,0.643,0.310,0.310,+0.89,+0.33,-0.65
2026-07-31 03:44:09,42,0.595,0.310,0.310,+0.85,+0.29,-0.67
2026-07-31 03:49:25,42,0.571,0.333,0.310,+0.81,+0.25,-0.72
2026-07-31 03:54:42,42,0.524,0.357,0.286,+0.79,+0.24,-0.72
2026-07-31 03:59:59,42,0.524,0.310,0.286,+0.94,+0.41,-0.56
2026-07-31 04:05:15,42,0.357,0.333,0.310,+0.13,-0.25,-0.93
2026-07-31 04:10:32,42,0.333,0.310,0.286,-0.24,-0.22,-1.17
2026-07-31 04:15:49,42,0.357,0.310,0.333,-0.10,-0.07,-1.06
2026-07-31 04:21:06,42,0.405,0.310,0.333,-0.04,-0.00,-0.98
2026-07-31 04:26:22,42,0.381,0.333,0.310,-0.30,-0.16,-1.12
2026-07-31 04:31:39,42,0.452,0.357,0.286,-0.33,-0.18,-1.12
2026-07-31 04:36:56,42,0.476,0.405,0.286,-0.29,-0.14,-1.08
2026-07-31 04:42:12,42,0.452,0.381,0.262,-0.39,-0.23,-1.16
2026-07-31 04:47:30,42,0.381,0.310,0.310,-0.42,-0.27,-1.19
2026-07-31 04:52:46,41,0.341,0.268,0.341,-0.27,-0.05,-1.00
2026-07-31 04:58:03,41,0.463,0.341,0.341,-0.15,+0.08,-0.88
2026-07-31 05:03:19,41,0.512,0.561,0.390,-0.31,+0.51,-0.16
2026-07-31 05:08:35,41,0.439,0.512,0.390,-0.30,+0.53,-0.15
2026-07-31 05:13:52,41,0.415,0.439,0.366,-0.42,+0.47,-0.25
2026-07-31 05:19:08,41,0.390,0.439,0.366,-0.52,+0.43,-0.33
2026-07-31 05:24:24,41,0.439,0.512,0.390,-0.44,+0.52,-0.26
2026-07-31 05:29:41,41,0.439,0.561,0.390,-0.42,+0.54,-0.23
2026-07-31 05:34:58,41,0.415,0.463,0.341,-0.59,+0.36,-0.39
2026-07-31 05:40:14,41,0.439,0.415,0.293,-0.47,+0.49,-0.24
2026-07-31 05:45:31,41,0.439,0.512,0.390,-0.47,+0.49,-0.26
2026-07-31 05:50:47,41,0.439,0.537,0.366,-0.43,+0.53,-0.23
2026-07-31 05:56:03,41,0.439,0.537,0.293,-0.41,+0.55,-0.21
2026-07-31 06:01:20,41,0.366,0.537,0.317,+0.01,+0.42,-0.06
2026-07-31 06:06:37,41,0.415,0.341,0.244,+0.01,-0.14,+0.22
2026-07-31 06:11:53,41,0.415,0.341,0.293,+0.01,-0.16,+0.18
2026-07-31 06:17:10,41,0.439,0.366,0.317,+0.15,-0.04,+0.31
2026-07-31 06:22:26,41,0.439,0.366,0.341,-0.15,-0.33,+0.01
2026-07-31 06:27:43,41,0.390,0.415,0.341,-0.08,-0.26,+0.06
2026-07-31 06:32:59,41,0.390,0.341,0.293,+0.05,-0.13,+0.20
2026-07-31 06:38:15,41,0.439,0.317,0.317,+0.11,-0.07,+0.26
2026-07-31 06:43:32,41,0.439,0.317,0.293,+0.09,-0.09,+0.24
2026-07-31 06:48:49,41,0.439,0.341,0.317,+0.04,-0.14,+0.17
2026-07-31 06:54:05,40,0.450,0.325,0.275,+0.07,-0.04,+0.04
2026-07-31 06:59:21,40,0.375,0.350,0.275,+0.22,+0.11,+0.19
2026-07-31 07:04:37,40,0.350,0.475,0.350,+0.39,-0.03,+0.40
2026-07-31 07:09:53,40,0.475,0.550,0.425,+0.57,+0.17,+0.63
2026-07-31 07:15:10,40,0.475,0.575,0.400,+0.44,+0.03,+0.49
2026-07-31 07:20:26,40,0.425,0.525,0.350,+0.43,+0.01,+0.47
2026-07-31 07:25:43,40,0.525,0.500,0.400,+0.52,+0.09,+0.54
2026-07-31 07:30:59,40,0.575,0.575,0.525,+0.52,+0.08,+0.51
2026-07-31 07:36:16,40,0.450,0.500,0.450,+0.30,-0.14,+0.31
2026-07-31 07:41:32,40,0.475,0.525,0.475,+0.40,-0.04,+0.40
2026-07-31 07:46:49,40,0.500,0.500,0.425,+0.35,-0.09,+0.35
2026-07-31 07:52:05,40,0.450,0.475,0.350,+0.25,-0.19,+0.25
2026-07-31 07:57:21,40,0.450,0.425,0.400,+0.29,-0.14,+0.30
2026-07-31 08:02:37,39,0.359,0.436,0.513,-0.01,+0.10,+0.72
2026-07-31 08:07:55,39,0.436,0.462,0.564,-0.00,+0.17,+0.74
2026-07-31 08:13:12,39,0.487,0.359,0.615,-0.01,+0.09,+0.75
2026-07-31 08:18:28,39,0.487,0.487,0.538,-0.09,+0.07,+0.70
2026-07-31 08:23:44,39,0.462,0.487,0.513,-0.09,+0.04,+0.68
2026-07-31 08:29:00,39,0.462,0.410,0.538,-0.15,+0.00,+0.64
2026-07-31 08:34:24,39,0.487,0.385,0.590,-0.08,+0.08,+0.72
2026-07-31 08:39:41,39,0.513,0.462,0.590,+0.17,+0.33,+0.98
2026-07-31 08:44:57,39,0.359,0.359,0.462,-0.15,+0.01,+0.65
2026-07-31 08:50:13,39,0.487,0.436,0.564,-0.14,+0.02,+0.66
2026-07-31 08:55:34,39,0.359,0.385,0.462,-0.32,-0.16,+0.48
2026-07-31 09:01:18,40,0.275,0.350,0.425,-0.36,-0.27,-0.24
2026-07-31 09:06:44,40,0.500,0.425,0.425,+0.11,+0.24,+0.08
2026-07-31 09:12:00,39,0.385,0.359,0.436,-0.06,+0.08,-0.05
2026-07-31 09:17:16,39,0.333,0.333,0.436,-0.13,+0.02,-0.12
2026-07-31 09:22:31,39,0.359,0.333,0.462,-0.14,+0.01,-0.14
2026-07-31 09:27:47,39,0.385,0.333,0.410,-0.33,-0.19,-0.33
2026-07-31 09:33:03,39,0.359,0.333,0.410,-0.17,-0.02,-0.16
2026-07-31 09:38:19,39,0.487,0.436,0.410,+0.34,+0.52,+0.34
2026-07-31 09:43:36,40,0.550,0.500,0.450,+0.82,+0.98,+0.77
2026-07-31 09:48:52,39,0.615,0.487,0.462,+0.84,+1.03,+0.84
2026-07-31 09:54:08,39,0.564,0.513,0.462,+0.75,+0.94,+0.75
2026-07-31 09:59:28,39,0.564,0.436,0.487,+0.86,+1.06,+0.86
2026-07-31 10:04:47,41,0.756,0.634,0.512,+1.20,+0.85,+0.69
2026-07-31 10:10:04,41,0.780,0.683,0.610,+1.68,+1.26,+1.11
2026-07-31 10:15:22,41,0.805,0.732,0.610,+1.74,+1.34,+1.16
2026-07-31 10:20:42,41,0.780,0.707,0.585,+1.31,+0.90,+0.74
2026-07-31 10:26:00,41,0.780,0.732,0.610,+1.59,+1.18,+1.03
2026-07-31 10:31:17,41,0.780,0.683,0.634,+1.76,+1.35,+1.19
2026-07-31 10:36:34,41,0.829,0.634,0.610,+1.48,+1.06,+0.91
2026-07-31 10:41:50,40,0.725,0.675,0.575,+1.50,+1.09,+0.95
2026-07-31 10:47:07,41,0.732,0.707,0.537,+1.09,+0.67,+0.53
2026-07-31 10:52:24,41,0.707,0.634,0.561,+0.93,+0.51,+0.36
2026-07-31 10:57:41,41,0.707,0.561,0.537,+1.01,+0.59,+0.42
2026-07-31 11:03:00,41,0.415,0.585,0.439,+0.14,+0.88,+1.06
2026-07-31 11:08:17,41,0.439,0.610,0.488,-0.02,+0.72,+0.89
2026-07-31 11:13:38,41,0.390,0.634,0.439,-0.05,+0.69,+0.87
2026-07-31 11:18:57,41,0.341,0.512,0.390,-0.14,+0.60,+0.77
2026-07-31 11:24:15,41,0.341,0.512,0.366,-0.29,+0.44,+0.62
2026-07-31 11:29:32,41,0.293,0.463,0.341,-0.47,+0.26,+0.44
2026-07-31 11:40:07,41,0.268,0.463,0.366,-0.59,+0.14,+0.33
2026-07-31 11:45:24,41,0.268,0.463,0.341,-0.63,+0.09,+0.28
2026-07-31 11:50:42,41,0.317,0.488,0.390,-0.50,+0.28,+0.50
2026-07-31 11:56:01,41,0.244,0.463,0.390,-0.59,+0.19,+0.40
2026-07-31 12:01:17,41,0.390,0.537,0.366,-0.19,+0.82,+0.62
2026-07-31 12:06:34,41,0.341,0.561,0.488,-0.43,+0.69,+0.62
2026-07-31 12:11:50,40,0.350,0.500,0.475,-0.26,+0.91,+0.75
2026-07-31 12:17:06,40,0.325,0.600,0.475,-0.22,+0.96,+0.80
2026-07-31 12:22:22,40,0.475,0.725,0.550,+0.18,+1.36,+1.20
2026-07-31 12:27:38,40,0.425,0.725,0.550,-0.19,+0.98,+0.80
2026-07-31 12:32:54,39,0.385,0.718,0.513,-0.42,+0.87,+0.60
2026-07-31 12:38:10,39,0.385,0.718,0.538,-0.39,+0.90,+0.63
2026-07-31 12:43:26,39,0.359,0.692,0.564,-0.58,+0.69,+0.40
2026-07-31 12:48:41,39,0.410,0.718,0.564,-0.43,+0.85,+0.57
2026-07-31 12:53:57,39,0.410,0.718,0.590,-0.38,+0.90,+0.62
2026-07-31 12:59:13,39,0.410,0.667,0.487,-0.73,+0.53,+0.27
2026-07-31 13:04:28,39,0.538,0.410,0.692,-0.36,-0.50,+0.31
2026-07-31 13:09:44,40,0.625,0.400,0.675,+0.24,-0.04,+0.90
2026-07-31 13:15:00,40,0.650,0.400,0.625,+0.26,-0.03,+0.91
2026-07-31 13:20:17,40,0.625,0.450,0.600,+0.32,+0.03,+0.96
2026-07-31 13:25:33,40,0.600,0.450,0.550,+0.29,-0.00,+0.93
2026-07-31 13:30:49,40,0.675,0.475,0.650,+0.45,+0.15,+1.10
2026-07-31 13:36:05,40,0.600,0.475,0.600,+0.43,+0.14,+1.10
2026-07-31 13:41:21,40,0.550,0.425,0.625,+0.47,+0.16,+1.11
2026-07-31 13:46:37,40,0.575,0.400,0.675,+0.42,+0.13,+1.08
2026-07-31 13:51:53,40,0.625,0.400,0.600,+0.43,+0.14,+1.11
2026-07-31 13:57:09,40,0.650,0.400,0.650,+0.35,+0.05,+1.02
2026-07-31 14:02:25,40,0.400,0.375,0.500,-0.12,-0.42,+0.40
2026-07-31 14:07:42,40,0.425,0.425,0.650,-0.01,-0.30,+0.74
2026-07-31 14:12:58,40,0.475,0.425,0.600,-0.04,-0.33,+0.71
2026-07-31 14:18:14,41,0.500,0.475,0.575,-0.07,-0.36,+0.67
2026-07-31 14:23:31,42,0.390,0.415,0.634,+0.19,-0.11,+0.90
2026-07-31 14:28:47,42,0.341,0.366,0.561,+0.34,+0.05,+1.02
2026-07-31 14:34:04,42,0.415,0.366,0.561,+0.21,-0.07,+0.94
2026-07-31 14:39:21,43,0.357,0.381,0.548,+0.20,-0.08,+0.89
2026-07-31 14:44:39,43,0.357,0.357,0.595,+0.21,-0.08,+0.88
2026-07-31 14:49:56,43,0.357,0.357,0.595,+0.18,-0.10,+0.86
2026-07-31 14:55:13,43,0.429,0.381,0.643,+0.47,+0.18,+1.14
2026-07-31 15:00:30,43,0.442,0.465,0.698,+0.36,+0.05,+1.36
2026-07-31 15:05:47,43,0.419,0.535,0.674,+0.38,+0.41,+1.43
2026-07-31 15:11:04,43,0.419,0.558,0.698,+0.23,+0.26,+1.29
2026-07-31 15:16:21,44,0.386,0.500,0.614,+0.21,+0.44,+1.48
2026-07-31 15:21:38,44,0.364,0.500,0.614,+0.25,+0.46,+1.52
2026-07-31 15:26:56,44,0.386,0.568,0.659,+0.33,+0.53,+1.60
2026-07-31 15:32:13,44,0.409,0.500,0.545,+0.23,+0.43,+1.50
2026-07-31 15:37:31,44,0.341,0.409,0.500,+0.18,+0.39,+1.44
2026-07-31 15:42:48,44,0.341,0.386,0.500,-0.00,+0.20,+1.26
2026-07-31 15:48:05,44,0.364,0.364,0.500,+0.15,+0.35,+1.40
2026-07-31 15:53:23,44,0.386,0.386,0.545,+0.25,+0.46,+1.51
2026-07-31 15:58:40,44,0.364,0.409,0.545,+0.24,+0.44,+1.49
2026-07-31 16:03:57,43,0.233,0.395,0.395,-0.36,+0.22,+0.22
2026-07-31 16:09:14,43,0.256,0.372,0.326,-0.20,+0.35,+0.22
2026-07-31 16:14:31,43,0.233,0.372,0.395,-0.39,+0.16,+0.01
2026-07-31 16:19:48,43,0.233,0.372,0.395,-0.39,+0.15,+0.02
2026-07-31 16:25:05,43,0.209,0.326,0.372,-0.52,+0.02,-0.12
2026-07-31 16:30:22,43,0.256,0.302,0.372,-0.55,+0.00,-0.14
2026-07-31 16:35:39,43,0.256,0.279,0.372,-0.90,-0.37,-0.51
2026-07-31 16:40:57,44,0.295,0.341,0.364,+0.41,+0.92,+0.79
2026-07-31 16:46:14,44,0.318,0.364,0.386,+0.52,+1.04,+0.90
2026-07-31 16:51:32,44,0.341,0.409,0.432,+0.55,+1.07,+0.93
2026-07-31 16:56:49,44,0.364,0.364,0.409,+0.46,+0.98,+0.83
2026-07-31 17:02:07,44,0.409,0.295,0.318,+0.36,+0.48,+0.49
2026-07-31 17:07:25,45,0.511,0.311,0.356,+0.03,+0.18,+0.19
2026-07-31 17:12:42,45,0.444,0.333,0.333,+0.37,+0.50,+0.52
2026-07-31 17:18:00,45,0.444,0.333,0.333,+0.36,+0.54,+0.59
2026-07-31 17:23:18,47,0.404,0.298,0.404,+0.35,+0.48,+0.67
2026-07-31 17:28:37,46,0.435,0.326,0.413,+0.33,+0.49,+0.78
2026-07-31 17:33:55,46,0.435,0.370,0.413,+0.28,+0.44,+0.73
2026-07-31 17:39:14,46,0.370,0.348,0.391,+0.23,+0.38,+0.67
2026-07-31 17:44:32,46,0.370,0.326,0.391,+0.08,+0.24,+0.53
2026-07-31 17:49:50,46,0.413,0.370,0.370,+0.24,+0.41,+0.70
2026-07-31 17:55:08,45,0.356,0.356,0.333,-0.06,+0.12,+0.42
2026-07-31 18:00:26,46,0.391,0.304,0.391,-0.67,-0.29,+0.64
2026-07-31 18:05:44,46,0.326,0.304,0.348,-0.48,-0.03,+0.60
2026-07-31 18:11:02,46,0.326,0.283,0.348,-0.74,-0.28,+0.34
2026-07-31 18:16:21,46,0.326,0.304,0.391,-0.42,+0.08,+0.72
2026-07-31 18:21:39,46,0.304,0.283,0.391,-0.52,-0.02,+0.62
2026-07-31 18:26:57,46,0.304,0.304,0.326,-0.82,-0.40,+0.23
2026-07-31 18:32:16,47,0.298,0.298,0.340,-0.62,-0.12,+0.47
2026-07-31 18:37:34,47,0.298,0.319,0.362,-0.51,+0.01,+0.60
2026-07-31 18:42:53,47,0.319,0.319,0.404,-0.48,+0.04,+0.63
2026-07-31 18:48:11,47,0.319,0.340,0.362,-0.82,-0.35,+0.23
2026-07-31 18:53:30,47,0.383,0.319,0.362,-0.87,-0.48,+0.12
2026-07-31 18:58:48,47,0.298,0.319,0.340,-0.86,-0.46,+0.14
2026-07-31 19:04:07,47,0.298,0.298,0.362,-0.51,-0.47,-0.06
2026-07-31 19:09:25,47,0.404,0.340,0.362,-0.23,-0.15,+0.24
2026-07-31 19:14:44,47,0.426,0.383,0.362,-0.13,-0.06,+0.34
2026-07-31 19:20:02,48,0.500,0.354,0.375,-0.05,+0.01,+0.39
2026-07-31 19:25:21,48,0.500,0.354,0.396,-0.20,-0.18,+0.20
2026-07-31 19:30:40,48,0.500,0.333,0.375,-0.28,-0.29,+0.08
2026-07-31 19:36:00,49,0.469,0.388,0.429,+0.12,+0.05,+0.46
2026-07-31 19:41:20,50,0.420,0.420,0.460,+0.20,+0.10,+0.53
2026-07-31 19:46:39,50,0.440,0.420,0.440,-0.14,-0.21,+0.21
2026-07-31 19:51:59,50,0.360,0.380,0.440,-0.72,-0.83,-0.41
2026-07-31 19:57:19,51,0.431,0.392,0.451,-0.17,-0.24,+0.17
2026-07-31 20:02:38,51,0.569,0.451,0.431,+0.25,-0.31,-0.02
2026-07-31 20:07:58,51,0.588,0.412,0.373,+0.06,-0.69,-0.23
2026-07-31 20:13:18,51,0.608,0.412,0.353,+0.13,-0.60,-0.14
2026-07-31 20:18:39,51,0.588,0.412,0.373,+0.29,-0.45,+0.00
2026-07-31 20:23:59,51,0.588,0.392,0.373,-0.01,-0.75,-0.30
2026-07-31 20:29:19,51,0.569,0.373,0.353,+0.01,-0.73,-0.28
2026-07-31 20:34:40,51,0.588,0.373,0.373,-0.19,-0.92,-0.48
2026-07-31 20:40:00,51,0.569,0.392,0.412,-0.43,-1.16,-0.74
2026-07-31 20:45:20,51,0.510,0.392,0.333,-0.69,-1.43,-1.01
2026-07-31 20:50:41,52,0.519,0.385,0.288,-0.76,-1.46,-0.92
2026-07-31 20:56:01,52,0.558,0.404,0.346,-0.76,-1.46,-0.93
2026-07-31 21:01:22,53,0.377,0.415,0.358,-0.66,-0.97,-0.84
2026-07-31 21:06:42,53,0.358,0.434,0.340,-0.60,-0.86,-0.80
2026-07-31 21:12:03,53,0.377,0.453,0.377,-0.86,-1.09,-1.10
2026-07-31 21:17:23,53,0.302,0.377,0.340,-0.99,-1.20,-1.21
2026-07-31 21:22:44,53,0.208,0.396,0.340,-0.90,-1.09,-1.10
2026-07-31 21:28:05,53,0.264,0.321,0.321,-1.05,-1.24,-1.25
2026-07-31 21:33:25,53,0.264,0.358,0.340,-1.08,-1.27,-1.26
2026-07-31 21:38:45,53,0.321,0.358,0.340,-0.81,-1.00,-1.00
2026-07-31 21:44:06,53,0.340,0.415,0.321,-0.77,-0.90,-0.91
2026-07-31 21:49:27,53,0.358,0.453,0.340,-0.75,-0.93,-0.92
2026-07-31 21:54:48,53,0.283,0.415,0.340,-0.81,-0.98,-0.98
2026-07-31 22:00:09,53,0.358,0.453,0.340,-0.07,-1.06,-0.97
2026-07-31 22:05:29,53,0.472,0.547,0.453,+0.05,-0.30,-0.76
2026-07-31 22:10:50,53,0.547,0.547,0.396,+0.06,-0.36,-0.86
2026-07-31 22:16:11,53,0.528,0.528,0.415,+0.12,-0.35,-0.77
2026-07-31 22:21:31,53,0.585,0.547,0.453,+0.11,-0.36,-0.77
2026-07-31 22:26:53,53,0.604,0.566,0.453,+0.22,-0.25,-0.66
2026-07-31 22:32:13,53,0.453,0.491,0.453,+0.06,-0.41,-0.82
2026-07-31 22:37:33,53,0.547,0.585,0.415,+0.19,-0.28,-0.69
2026-07-31 22:42:54,52,0.404,0.558,0.404,+0.20,-0.23,-0.63
2026-07-31 22:48:14,52,0.365,0.481,0.404,+0.17,-0.27,-0.67
2026-07-31 22:53:34,52,0.346,0.462,0.404,+0.11,-0.31,-0.71
2026-07-31 22:58:54,52,0.365,0.404,0.404,-0.08,-0.48,-0.88
2026-07-31 23:04:15,52,0.385,0.288,0.269,-0.23,-0.93,-1.31
2026-07-31 23:09:35,52,0.346,0.250,0.288,-0.60,-1.28,-1.69
2026-07-31 23:14:55,51,0.392,0.392,0.392,-0.07,-0.68,-0.86
2026-07-31 23:20:15,51,0.431,0.451,0.392,-0.10,-0.71,-0.89
2026-07-31 23:25:35,51,0.510,0.451,0.431,+0.08,-0.52,-0.70
2026-07-31 23:30:54,51,0.392,0.412,0.412,-0.12,-0.72,-0.91
2026-07-31 23:36:14,51,0.431,0.412,0.451,-0.14,-0.74,-0.92
2026-07-31 23:41:34,50,0.420,0.360,0.400,-0.05,-0.69,-0.85
2026-07-31 23:46:53,50,0.400,0.360,0.360,-0.14,-0.78,-0.94
2026-07-31 23:52:13,50,0.520,0.420,0.400,+0.21,-0.42,-0.59
2026-07-31 23:57:33,50,0.360,0.340,0.360,-0.06,-0.70,-0.86
2026-08-01 00:02:52,49,0.429,0.449,0.408,+0.52,+0.36,-0.34
2026-08-01 00:08:11,49,0.510,0.469,0.408,+0.10,-0.07,-0.70
2026-08-01 00:13:30,50,0.460,0.400,0.380,+0.40,+0.23,-0.71
2026-08-01 00:18:50,50,0.380,0.420,0.360,+0.47,+0.30,-0.65
2026-08-01 00:24:10,50,0.340,0.400,0.360,+0.26,+0.11,-0.80
2026-08-01 00:29:29,50,0.380,0.380,0.380,+0.52,+0.35,-0.55
2026-08-01 00:34:48,50,0.460,0.420,0.380,+0.45,+0.28,-0.62
2026-08-01 00:40:07,50,0.520,0.460,0.400,+0.49,+0.31,-0.59
2026-08-01 00:45:27,50,0.440,0.380,0.360,+0.16,-0.01,-0.89
2026-08-01 00:50:47,50,0.400,0.380,0.300,-0.44,-0.60,-1.48
2026-08-01 00:56:06,50,0.380,0.380,0.320,-0.10,-0.26,-1.14
2026-08-01 01:01:25,50,0.380,0.340,0.340,-0.11,-0.45,-0.79
2026-08-01 01:06:45,51,0.412,0.353,0.431,-0.02,-0.21,-0.47
2026-08-01 01:12:05,51,0.451,0.392,0.529,+0.14,-0.11,-0.32
2026-08-01 01:17:25,51,0.490,0.373,0.490,+0.16,-0.06,-0.27
2026-08-01 01:22:45,51,0.529,0.392,0.510,+0.32,+0.09,-0.12
2026-08-01 01:28:05,51,0.667,0.412,0.549,+0.35,+0.12,-0.11
2026-08-01 01:33:25,51,0.667,0.431,0.569,+0.37,+0.14,-0.10
2026-08-01 01:38:44,51,0.647,0.431,0.549,+0.42,+0.19,-0.04
2026-08-01 01:44:04,51,0.588,0.412,0.529,+0.42,+0.19,-0.04
2026-08-01 01:49:24,51,0.588,0.451,0.549,+0.37,+0.14,-0.09
2026-08-01 01:54:44,51,0.647,0.451,0.608,+0.46,+0.25,+0.00
2026-08-01 02:00:04,51,0.647,0.431,0.529,+0.32,+0.07,-0.13
2026-08-01 02:05:24,51,0.569,0.510,0.529,+0.35,+0.28,-0.22
2026-08-01 02:10:44,51,0.647,0.529,0.490,+0.34,+0.35,-0.46
2026-08-01 02:16:04,51,0.686,0.549,0.510,+0.57,+0.64,-0.31
2026-08-01 02:21:24,51,0.745,0.569,0.471,+0.67,+0.65,-0.37
2026-08-01 02:26:44,51,0.745,0.569,0.510,+0.55,+0.54,-0.48
2026-08-01 02:32:04,51,0.745,0.549,0.490,+0.64,+0.54,-0.34
2026-08-01 02:37:24,51,0.765,0.588,0.549,+0.76,+0.66,-0.22
2026-08-01 02:42:45,51,0.745,0.569,0.529,+0.62,+0.51,-0.37
2026-08-01 02:48:04,51,0.745,0.588,0.510,+0.68,+0.58,-0.30
2026-08-01 02:53:24,51,0.784,0.627,0.529,+0.72,+0.62,-0.26
2026-08-01 02:58:44,51,0.784,0.627,0.490,+0.75,+0.65,-0.24
2026-08-01 03:04:04,51,0.686,0.667,0.588,+0.33,+0.66,+0.38
2026-08-01 03:09:24,51,0.569,0.647,0.588,+0.31,+0.63,+0.43
2026-08-01 03:14:44,51,0.569,0.667,0.588,+0.24,+0.51,+0.39
2026-08-01 03:20:04,51,0.549,0.647,0.569,+0.25,+0.55,+0.50
2026-08-01 03:25:23,51,0.569,0.647,0.549,+0.26,+0.55,+0.51
2026-08-01 03:30:43,51,0.529,0.627,0.490,+0.26,+0.56,+0.51
2026-08-01 03:36:03,51,0.549,0.608,0.510,+0.28,+0.57,+0.53
2026-08-01 03:41:23,51,0.471,0.608,0.510,+0.18,+0.47,+0.43
2026-08-01 03:46:43,51,0.451,0.549,0.490,+0.13,+0.42,+0.37
2026-08-01 03:52:03,51,0.490,0.588,0.490,+0.22,+0.51,+0.45
2026-08-01 03:57:23,51,0.510,0.588,0.490,+0.09,+0.38,+0.34
2026-08-01 04:02:43,51,0.255,0.647,0.510,-0.35,+0.35,+0.03
2026-08-01 04:08:02,51,0.275,0.627,0.471,-0.15,+0.54,+0.39
2026-08-01 04:13:22,51,0.235,0.647,0.490,-0.21,+0.49,+0.15
2026-08-01 04:18:42,51,0.255,0.608,0.471,-0.29,+0.42,+0.06
2026-08-01 04:24:02,51,0.294,0.588,0.451,-0.39,+0.31,-0.06
2026-08-01 04:29:22,51,0.314,0.529,0.412,-0.49,+0.21,-0.15
2026-08-01 04:34:41,51,0.294,0.510,0.471,-0.49,+0.22,-0.16
2026-08-01 04:40:02,51,0.255,0.510,0.451,-0.60,+0.11,-0.28
2026-08-01 04:45:23,51,0.255,0.549,0.431,-0.62,+0.08,-0.30
2026-08-01 04:50:43,51,0.294,0.549,0.490,-0.57,+0.13,-0.25
2026-08-01 04:56:02,51,0.255,0.529,0.490,-0.62,+0.07,-0.31
2026-08-01 05:01:23,51,0.275,0.431,0.490,-0.45,-0.06,-0.23
2026-08-01 05:06:43,51,0.255,0.392,0.471,-0.51,-0.48,-0.20
2026-08-01 05:12:03,51,0.255,0.451,0.490,-0.49,-0.45,-0.12
2026-08-01 05:17:23,51,0.235,0.431,0.451,-0.48,-0.43,-0.08
2026-08-01 05:22:44,51,0.255,0.451,0.510,-0.50,-0.45,-0.09
2026-08-01 05:28:04,51,0.275,0.412,0.471,-0.37,-0.33,+0.01
2026-08-01 05:33:24,51,0.235,0.392,0.490,-0.35,-0.31,+0.06
2026-08-01 05:38:44,51,0.235,0.353,0.510,-0.37,-0.33,+0.04
2026-08-01 05:44:04,51,0.255,0.353,0.471,-0.52,-0.48,-0.11
2026-08-01 05:49:24,51,0.216,0.314,0.471,-0.61,-0.59,-0.23
2026-08-01 05:54:44,51,0.275,0.314,0.431,-0.56,-0.53,-0.15
2026-08-01 06:00:04,51,0.235,0.333,0.412,-0.65,-0.63,-0.26
2026-08-01 06:05:24,51,0.392,0.176,0.451,-0.23,-0.79,-0.29
2026-08-01 06:10:43,51,0.451,0.176,0.451,-0.12,-0.79,-0.25
2026-08-01 06:16:03,51,0.510,0.235,0.471,-0.09,-0.76,-0.23
2026-08-01 06:21:23,51,0.490,0.216,0.451,+0.06,-0.60,-0.05
2026-08-01 06:26:43,51,0.549,0.216,0.510,+0.08,-0.57,-0.03
2026-08-01 06:32:03,51,0.490,0.176,0.490,-0.01,-0.68,-0.13
2026-08-01 06:37:23,51,0.490,0.235,0.451,+0.05,-0.61,-0.07
2026-08-01 06:42:43,51,0.510,0.196,0.490,-0.04,-0.69,-0.16
2026-08-01 06:48:02,51,0.490,0.216,0.490,-0.16,-0.83,-0.27
2026-08-01 06:53:23,51,0.490,0.196,0.471,-0.27,-0.94,-0.41
2026-08-01 06:58:43,51,0.490,0.216,0.490,-0.27,-0.93,-0.40
2026-08-01 07:04:02,51,0.431,0.275,0.471,+0.25,-0.50,+0.09
2026-08-01 07:09:22,50,0.520,0.300,0.520,+0.38,-0.40,+0.17
2026-08-01 07:14:42,50,0.580,0.340,0.520,+0.45,-0.33,+0.24
2026-08-01 07:20:02,50,0.580,0.340,0.500,+0.55,-0.21,+0.34
2026-08-01 07:25:22,50,0.620,0.320,0.500,+0.57,-0.19,+0.36
2026-08-01 07:30:41,50,0.640,0.360,0.560,+0.61,-0.15,+0.39
2026-08-01 07:36:01,50,0.620,0.320,0.540,+0.61,-0.15,+0.40
2026-08-01 07:41:21,49,0.633,0.347,0.571,+0.69,-0.07,+0.48
2026-08-01 07:46:40,49,0.612,0.367,0.551,+0.71,-0.05,+0.50
2026-08-01 07:51:59,49,0.633,0.327,0.531,+0.75,-0.00,+0.55
2026-08-01 07:57:18,49,0.633,0.347,0.531,+0.69,-0.07,+0.48
2026-08-01 08:02:38,49,0.612,0.490,0.408,+0.56,+0.32,+0.26
2026-08-01 08:07:57,49,0.592,0.531,0.367,+0.56,+0.41,+0.16
2026-08-01 08:13:16,49,0.551,0.551,0.367,+0.46,+0.32,-0.00
2026-08-01 08:18:35,49,0.551,0.551,0.367,+0.50,+0.39,+0.04
2026-08-01 08:23:54,49,0.612,0.551,0.388,+0.62,+0.50,+0.15
2026-08-01 08:29:13,49,0.612,0.551,0.388,+0.73,+0.61,+0.28
2026-08-01 08:34:32,49,0.653,0.551,0.388,+0.95,+0.85,+0.45
2026-08-01 08:39:51,49,0.714,0.592,0.449,+0.81,+0.71,+0.30
2026-08-01 08:45:09,49,0.612,0.571,0.429,+0.78,+0.68,+0.25
2026-08-01 08:50:28,49,0.633,0.571,0.429,+0.63,+0.52,+0.08
2026-08-01 08:55:47,49,0.551,0.551,0.449,+0.68,+0.55,+0.13
2026-08-01 09:01:07,49,0.633,0.633,0.306,+0.47,+1.10,-0.04
2026-08-01 09:06:25,47,0.723,0.745,0.340,+0.61,+1.26,+0.31
2026-08-01 09:11:44,47,0.702,0.787,0.447,+0.60,+1.27,+0.25
2026-08-01 09:17:02,47,0.638,0.766,0.383,+0.55,+1.24,+0.27
2026-08-01 09:22:21,47,0.660,0.723,0.362,+0.43,+1.11,+0.15
2026-08-01 09:27:39,47,0.532,0.660,0.319,+0.31,+0.99,+0.02
2026-08-01 09:32:57,47,0.574,0.745,0.404,+0.35,+1.02,+0.05
2026-08-01 09:38:15,47,0.574,0.723,0.383,+0.51,+1.19,+0.23
2026-08-01 09:43:34,47,0.638,0.766,0.426,+0.64,+1.34,+0.38
2026-08-01 09:48:52,47,0.660,0.766,0.426,+0.64,+1.32,+0.35
2026-08-01 09:54:11,47,0.617,0.787,0.511,+0.48,+1.16,+0.20
2026-08-01 09:59:30,47,0.574,0.660,0.404,+0.13,+0.80,-0.16
2026-08-01 10:04:48,47,0.511,0.617,0.468,-0.09,+0.79,+0.12
2026-08-01 10:10:07,47,0.489,0.681,0.489,-0.07,+0.78,+0.16
2026-08-01 10:15:26,47,0.553,0.681,0.468,+0.01,+0.90,+0.29
2026-08-01 10:20:44,47,0.532,0.681,0.468,-0.04,+0.86,+0.24
2026-08-01 10:26:02,46,0.587,0.761,0.478,+0.22,+1.10,+0.46
2026-08-01 10:31:20,46,0.609,0.739,0.457,+0.24,+1.11,+0.48
2026-08-01 10:36:38,46,0.630,0.783,0.457,+0.29,+1.16,+0.53
2026-08-01 10:41:56,46,0.696,0.761,0.478,+0.21,+1.08,+0.43
2026-08-01 10:47:14,46,0.609,0.783,0.413,+0.06,+0.92,+0.27
2026-08-01 10:52:32,45,0.600,0.756,0.422,+0.07,+0.96,+0.28
2026-08-01 10:57:50,46,0.609,0.717,0.457,+0.09,+0.95,+0.31
2026-08-01 11:03:08,46,0.652,0.652,0.587,+0.41,+0.61,+0.83
2026-08-01 11:08:26,45,0.733,0.689,0.622,+0.61,+0.76,+1.06
2026-08-01 11:13:44,45,0.667,0.711,0.667,+0.56,+0.71,+1.00
2026-08-01 11:19:02,45,0.733,0.689,0.622,+0.73,+0.87,+1.18
2026-08-01 11:24:19,45,0.711,0.667,0.667,+0.60,+0.74,+1.05
2026-08-01 11:29:37,45,0.644,0.711,0.667,+0.68,+0.85,+1.17
2026-08-01 11:34:55,45,0.667,0.756,0.644,+0.71,+0.88,+1.19
2026-08-01 11:40:13,45,0.733,0.733,0.644,+0.83,+1.01,+1.32
2026-08-01 11:45:31,45,0.667,0.733,0.644,+0.65,+0.82,+1.13
2026-08-01 11:50:48,44,0.705,0.705,0.659,+0.72,+0.91,+1.18
2026-08-01 11:56:05,44,0.705,0.750,0.659,+0.61,+0.79,+1.07
2026-08-01 12:01:22,44,0.455,0.636,0.727,+0.08,+0.36,+1.16
2026-08-01 12:06:40,44,0.409,0.682,0.818,-0.07,+0.34,+1.31
2026-08-01 12:11:57,44,0.386,0.636,0.773,-0.25,+0.16,+1.12
2026-08-01 12:17:15,45,0.378,0.644,0.756,+0.17,+0.58,+1.48
2026-08-01 12:22:33,45,0.311,0.556,0.756,+0.15,+0.56,+1.45
2026-08-01 12:27:50,44,0.386,0.591,0.727,+0.23,+0.64,+1.54
2026-08-01 12:33:07,44,0.386,0.591,0.705,+0.08,+0.49,+1.39
2026-08-01 12:38:25,44,0.364,0.614,0.750,+0.05,+0.46,+1.36
2026-08-01 12:43:43,45,0.378,0.622,0.778,+0.24,+0.65,+1.55
2026-08-01 12:49:00,44,0.409,0.614,0.727,+0.15,+0.47,+1.32
2026-08-01 12:54:18,44,0.364,0.636,0.705,+0.18,+0.51,+1.36
2026-08-01 12:59:36,44,0.409,0.636,0.659,+0.18,+0.51,+1.35
2026-08-01 13:04:53,44,0.295,0.568,0.636,+0.11,+0.87,+1.28
2026-08-01 13:10:11,44,0.364,0.591,0.614,+0.26,+1.07,+1.41
2026-08-01 13:15:27,43,0.326,0.535,0.628,+0.12,+0.95,+1.39
2026-08-01 13:20:44,43,0.302,0.535,0.628,+0.08,+0.96,+1.38
2026-08-01 13:26:02,43,0.326,0.581,0.651,+0.19,+1.07,+1.47
2026-08-01 13:31:18,42,0.333,0.619,0.714,+0.28,+1.16,+1.59
2026-08-01 13:36:35,43,0.349,0.605,0.744,+0.30,+1.19,+1.64
2026-08-01 13:41:52,43,0.372,0.628,0.744,+0.28,+1.17,+1.62
2026-08-01 13:47:09,43,0.372,0.651,0.721,+0.23,+1.12,+1.58
2026-08-01 13:52:26,43,0.372,0.651,0.698,+0.10,+0.98,+1.43
2026-08-01 13:57:43,43,0.372,0.605,0.651,-0.23,+0.64,+1.10
2026-08-01 14:03:00,44,0.409,0.455,0.682,+0.08,+0.54,+0.96
2026-08-01 14:08:17,43,0.395,0.465,0.651,+0.11,+0.36,+1.07
2026-08-01 14:13:34,42,0.452,0.500,0.643,+0.12,+0.39,+1.07
2026-08-01 14:18:50,43,0.488,0.465,0.698,+0.02,+0.28,+1.02
2026-08-01 14:24:07,42,0.429,0.452,0.595,-0.07,+0.21,+0.93
2026-08-01 14:29:24,42,0.310,0.381,0.619,-0.19,+0.07,+0.80
2026-08-01 14:34:40,40,0.375,0.450,0.625,-0.26,+0.01,+0.69
2026-08-01 14:39:57,41,0.317,0.317,0.585,-0.37,-0.12,+0.54
2026-08-01 14:45:13,41,0.293,0.341,0.561,-0.39,-0.15,+0.50
2026-08-01 14:50:30,42,0.333,0.333,0.571,-0.29,-0.04,+0.66
2026-08-01 14:55:47,41,0.317,0.341,0.537,-0.30,-0.06,+0.57
2026-08-01 15:01:03,41,0.341,0.390,0.585,-0.03,+0.17,+0.64
2026-08-01 15:06:19,41,0.317,0.317,0.512,-0.09,-0.12,+0.45
2026-08-01 15:11:36,41,0.293,0.317,0.439,-0.42,-0.46,+0.13
2026-08-01 15:16:51,40,0.300,0.325,0.450,-0.35,-0.35,+0.23
2026-08-01 15:22:07,40,0.325,0.300,0.450,-0.23,-0.23,+0.39
2026-08-01 15:27:23,40,0.375,0.325,0.550,-0.37,-0.39,+0.22
2026-08-01 15:32:39,39,0.359,0.282,0.462,-0.27,-0.31,+0.28
2026-08-01 15:37:54,39,0.410,0.256,0.538,-0.05,-0.08,+0.49
2026-08-01 15:43:10,39,0.410,0.282,0.538,-0.06,-0.10,+0.46
2026-08-01 15:48:26,39,0.385,0.308,0.538,-0.07,-0.10,+0.45
2026-08-01 15:53:42,39,0.385,0.359,0.564,-0.17,-0.23,+0.33
2026-08-01 15:58:57,39,0.487,0.359,0.564,-0.07,-0.12,+0.44
2026-08-01 16:04:13,39,0.538,0.385,0.590,+0.06,-0.25,+0.77
2026-08-01 16:09:28,39,0.590,0.385,0.538,+0.25,-0.02,+0.82
2026-08-01 16:14:44,39,0.513,0.410,0.487,+0.14,-0.13,+0.66
2026-08-01 16:19:59,39,0.590,0.487,0.513,+0.12,-0.14,+0.65
2026-08-01 16:25:14,38,0.553,0.526,0.553,+0.10,-0.09,+0.76
2026-08-01 16:30:30,38,0.526,0.474,0.526,+0.10,-0.10,+0.77
2026-08-01 16:35:45,38,0.447,0.447,0.553,-0.06,-0.26,+0.61
2026-08-01 16:40:59,37,0.514,0.459,0.541,-0.00,-0.15,+0.69
2026-08-01 16:46:15,37,0.486,0.486,0.514,-0.06,-0.21,+0.63
2026-08-01 16:51:30,37,0.486,0.459,0.541,-0.17,-0.32,+0.52
2026-08-01 16:56:45,38,0.474,0.447,0.553,-0.16,-0.32,+0.56
2026-08-01 17:02:00,38,0.447,0.395,0.447,-0.11,-0.21,-0.08
2026-08-01 17:07:15,38,0.395,0.342,0.447,-0.18,-0.33,-0.06
2026-08-01 17:12:30,38,0.342,0.342,0.447,-0.16,-0.32,-0.06
2026-08-01 17:17:45,37,0.432,0.378,0.459,-0.13,-0.30,-0.06
2026-08-01 17:23:00,37,0.378,0.459,0.459,-0.11,-0.30,-0.07
2026-08-01 17:28:15,37,0.405,0.486,0.432,-0.21,-0.39,-0.17
2026-08-01 17:33:30,36,0.444,0.500,0.417,-0.09,-0.28,-0.07
2026-08-01 17:38:44,36,0.444,0.444,0.417,-0.01,-0.19,+0.02
2026-08-01 17:43:58,36,0.417,0.417,0.389,-0.21,-0.39,-0.18
2026-08-01 17:49:13,36,0.444,0.389,0.417,-0.14,-0.32,-0.12
2026-08-01 17:54:28,36,0.444,0.444,0.389,-0.14,-0.32,-0.11
2026-08-01 17:59:43,36,0.444,0.444,0.417,-0.05,-0.23,-0.02
2026-08-01 18:04:57,36,0.639,0.556,0.389,+0.20,+0.26,-0.11
2026-08-01 18:10:12,36,0.500,0.500,0.389,-0.03,-0.24,-0.33
2026-08-01 18:15:27,36,0.583,0.500,0.417,+0.27,+0.07,-0.03
2026-08-01 18:20:41,36,0.500,0.444,0.417,+0.24,+0.04,-0.07
2026-08-01 18:25:55,35,0.429,0.457,0.429,+0.41,+0.22,+0.17
2026-08-01 18:31:09,35,0.543,0.429,0.429,+0.61,+0.43,+0.36
2026-08-01 18:36:23,35,0.400,0.371,0.429,+0.47,+0.27,+0.20
2026-08-01 18:41:38,35,0.429,0.371,0.400,+0.12,-0.07,-0.12
2026-08-01 18:46:52,35,0.457,0.371,0.429,+0.16,-0.03,-0.08
2026-08-01 18:52:06,35,0.400,0.343,0.400,+0.52,+0.42,+0.34
2026-08-01 18:57:20,35,0.371,0.286,0.371,+0.43,+0.31,+0.24
2026-08-01 19:02:34,35,0.143,0.200,0.371,+0.14,+0.24,+0.09
2026-08-01 19:07:49,35,0.143,0.229,0.400,+0.10,+0.20,+0.04
2026-08-01 19:13:03,35,0.143,0.229,0.343,-0.03,+0.09,-0.13
2026-08-01 19:18:17,35,0.143,0.229,0.371,-0.19,-0.06,-0.30
2026-08-01 19:23:32,35,0.200,0.229,0.371,-0.50,-0.37,-0.61
2026-08-01 19:28:46,35,0.200,0.257,0.343,-0.53,-0.40,-0.65
2026-08-01 19:34:00,35,0.143,0.229,0.314,-0.92,-0.79,-1.05
2026-08-01 19:39:15,35,0.114,0.229,0.343,-0.87,-0.74,-0.98
2026-08-01 19:44:29,35,0.143,0.314,0.343,-1.08,-0.95,-1.23
2026-08-01 19:49:43,34,0.235,0.265,0.324,-1.09,-0.98,-1.28
2026-08-01 19:54:57,34,0.176,0.265,0.324,-1.45,-1.34,-1.64
2026-08-01 20:00:10,34,0.176,0.265,0.324,-1.69,-1.47,-1.80
2026-08-01 20:05:24,33,0.273,0.424,0.303,-1.71,-1.53,-1.75
2026-08-01 20:10:37,32,0.281,0.406,0.312,-1.79,-1.52,-1.85
2026-08-01 20:15:50,32,0.312,0.406,0.312,-1.52,-1.24,-1.57
2026-08-01 20:21:03,32,0.375,0.469,0.344,-1.50,-1.23,-1.56
2026-08-01 20:26:16,33,0.394,0.424,0.394,-1.05,-0.96,-1.02
2026-08-01 20:31:30,33,0.455,0.485,0.394,-0.95,-0.89,-0.90
2026-08-01 20:36:43,33,0.485,0.515,0.364,-0.87,-0.77,-0.82
2026-08-01 20:41:57,34,0.471,0.529,0.412,-0.86,-0.74,-0.77
2026-08-01 20:47:11,34,0.500,0.500,0.382,-0.69,-0.55,-0.58
2026-08-01 20:52:25,34,0.588,0.529,0.441,-0.66,-0.52,-0.56
2026-08-01 20:57:39,34,0.529,0.471,0.382,-0.51,-0.39,-0.42
2026-08-01 21:02:52,33,0.576,0.394,0.485,+0.96,-0.35,-0.20
2026-08-01 21:08:06,33,0.485,0.364,0.545,+0.62,-0.70,-0.58
2026-08-01 21:13:19,32,0.438,0.375,0.594,+0.62,-0.62,-0.26
2026-08-01 21:18:32,32,0.531,0.438,0.531,+0.83,-0.43,-0.07
2026-08-01 21:23:45,32,0.500,0.469,0.594,+0.78,-0.47,-0.11
2026-08-01 21:28:58,32,0.594,0.531,0.531,+0.68,-0.58,-0.22
2026-08-01 21:34:12,32,0.594,0.500,0.562,+0.96,-0.31,+0.05
2026-08-01 21:39:25,32,0.625,0.500,0.594,+0.85,-0.42,-0.07
2026-08-01 22:01:21,33,0.515,0.545,0.515,+0.04,-0.50,+0.07
2026-08-01 22:06:36,33,0.606,0.606,0.606,+0.05,-0.43,+0.03
2026-08-01 22:11:54,33,0.667,0.636,0.606,+0.13,-0.35,+0.12
2026-08-01 22:17:09,33,0.515,0.545,0.545,+0.06,-0.41,+0.02
2026-08-01 22:22:24,33,0.636,0.576,0.576,+0.30,-0.12,+0.31
2026-08-01 22:27:39,34,0.441,0.500,0.500,+0.15,-0.10,+0.23
2026-08-01 22:32:54,34,0.441,0.529,0.500,+0.20,-0.04,+0.29
2026-08-01 22:38:09,34,0.412,0.441,0.471,+0.21,-0.06,+0.25
2026-08-01 22:43:25,33,0.485,0.576,0.576,+0.44,+0.17,+0.52
2026-08-01 22:48:40,33,0.485,0.545,0.545,+0.27,-0.00,+0.34
2026-08-01 22:53:55,33,0.424,0.545,0.545,+0.17,-0.10,+0.24
2026-08-01 22:59:10,33,0.455,0.545,0.545,+0.14,-0.14,+0.21
2026-08-01 23:04:28,33,0.394,0.576,0.606,+0.15,+0.92,+0.04
2026-08-01 23:09:44,33,0.303,0.545,0.576,+0.23,+1.00,+0.13
2026-08-01 23:15:00,33,0.394,0.545,0.606,+0.24,+1.01,+0.14
2026-08-01 23:20:17,33,0.455,0.576,0.606,+0.42,+1.18,+0.32
2026-08-01 23:25:36,33,0.424,0.545,0.545,+0.34,+1.11,+0.25
2026-08-01 23:30:51,33,0.485,0.636,0.636,+0.40,+1.16,+0.30
2026-08-01 23:37:29,33,0.485,0.606,0.697,+0.42,+1.18,+0.31
2026-08-01 23:42:48,33,0.455,0.667,0.606,+0.32,+1.08,+0.22
2026-08-01 23:48:05,33,0.455,0.576,0.636,+0.31,+1.09,+0.23
2026-08-01 23:53:21,33,0.455,0.576,0.636,+0.15,+0.91,+0.05
2026-08-01 23:58:57,33,0.485,0.576,0.606,+0.00,+0.76,-0.11
2026-08-02 00:04:12,32,0.438,0.469,0.469,-0.17,-0.00,-0.23
2026-08-02 00:09:28,32,0.344,0.500,0.500,-0.22,-0.05,-0.35
2026-08-02 00:14:45,32,0.438,0.500,0.469,-0.27,-0.09,-0.39
2026-08-02 00:20:01,32,0.312,0.500,0.375,-0.65,-0.46,-0.76
2026-08-02 00:25:20,33,0.303,0.485,0.394,-0.70,-0.54,-0.78
2026-08-02 00:30:36,33,0.273,0.455,0.424,-0.65,-0.48,-0.71
2026-08-02 00:35:52,33,0.333,0.424,0.424,-0.60,-0.43,-0.67
2026-08-02 00:41:10,34,0.382,0.412,0.471,+0.10,+0.28,+0.03
2026-08-02 00:46:26,35,0.371,0.457,0.486,+0.21,+0.39,+0.20
2026-08-02 00:51:43,36,0.306,0.417,0.417,+0.08,+0.23,+0.07
2026-08-02 00:57:01,36,0.361,0.389,0.444,+0.34,+0.49,+0.33
2026-08-02 01:02:19,36,0.250,0.333,0.472,+0.57,+0.46,+0.36
2026-08-02 01:07:39,36,0.333,0.417,0.611,+0.59,+0.51,+0.35
2026-08-02 01:12:58,36,0.306,0.361,0.556,+0.40,+0.39,+0.25
2026-08-02 01:18:15,35,0.400,0.371,0.543,+0.66,+0.57,+0.36
2026-08-02 01:23:32,35,0.314,0.314,0.486,+0.49,+0.39,+0.20
2026-08-02 01:28:51,35,0.314,0.314,0.514,+0.12,+0.03,-0.19
2026-08-02 01:34:07,35,0.314,0.371,0.571,+0.08,-0.01,-0.24
2026-08-02 01:39:24,35,0.286,0.371,0.600,+0.36,+0.26,+0.01
2026-08-02 01:44:41,35,0.343,0.400,0.514,+0.27,+0.18,-0.08
2026-08-02 01:49:58,35,0.343,0.371,0.571,+0.32,+0.24,-0.01
2026-08-02 01:55:15,35,0.286,0.343,0.571,+0.08,-0.01,-0.24
2026-08-02 02:00:32,35,0.286,0.343,0.543,+0.42,+0.22,+0.13
2026-08-02 02:05:48,35,0.286,0.257,0.486,-0.42,-0.15,+0.78
2026-08-02 02:11:05,35,0.286,0.286,0.514,-0.43,-0.11,+0.69
2026-08-02 02:16:22,34,0.294,0.265,0.412,-0.68,-0.31,+0.38
2026-08-02 02:21:40,35,0.286,0.286,0.429,-0.55,-0.20,+0.59
2026-08-02 02:26:56,35,0.257,0.229,0.371,-0.72,-0.37,+0.43
2026-08-02 02:32:12,35,0.314,0.257,0.400,-0.70,-0.35,+0.44
2026-08-02 02:37:30,35,0.257,0.229,0.343,-0.81,-0.45,+0.20
2026-08-02 02:42:47,35,0.286,0.257,0.371,-0.81,-0.44,+0.21
2026-08-02 02:48:04,35,0.229,0.257,0.314,-1.00,-0.64,+0.01
2026-08-02 02:53:20,35,0.200,0.229,0.286,-1.10,-0.72,-0.07
2026-08-02 02:58:37,36,0.278,0.250,0.333,-0.70,-0.34,+0.29
2026-08-02 03:03:54,36,0.278,0.250,0.278,-0.29,-0.59,-0.18
2026-08-02 03:09:11,36,0.278,0.250,0.306,-0.25,-0.40,-0.45
2026-08-02 03:14:27,36,0.250,0.250,0.306,-0.09,-0.24,-0.28
2026-08-02 03:19:44,36,0.222,0.222,0.250,-0.20,-0.22,-0.37
2026-08-02 03:25:02,36,0.167,0.222,0.222,-0.24,-0.24,-0.39
2026-08-02 03:30:19,36,0.194,0.250,0.250,-0.11,-0.12,-0.27
2026-08-02 03:35:36,36,0.278,0.250,0.278,-0.16,-0.17,-0.32
2026-08-02 03:40:53,36,0.250,0.222,0.222,-0.07,-0.08,-0.23
2026-08-02 03:46:10,36,0.222,0.167,0.194,-0.43,-0.43,-0.59
2026-08-02 03:51:26,36,0.194,0.167,0.167,-0.44,-0.44,-0.59
2026-08-02 03:56:42,35,0.200,0.229,0.171,-0.27,-0.23,-0.39
2026-08-02 04:01:59,35,0.257,0.143,0.200,+0.01,-0.73,-0.29
2026-08-02 04:07:16,35,0.343,0.257,0.229,+0.17,-0.73,-0.15
2026-08-02 04:12:33,35,0.286,0.257,0.229,+0.15,-0.75,-0.10
2026-08-02 04:17:50,35,0.314,0.229,0.200,+0.13,-0.77,-0.11
2026-08-02 04:23:06,35,0.314,0.200,0.200,+0.02,-0.87,-0.24
2026-08-02 04:28:22,35,0.343,0.200,0.171,+0.14,-0.75,-0.11
2026-08-02 04:33:39,35,0.371,0.229,0.257,+0.15,-0.74,-0.11
2026-08-02 04:38:56,35,0.371,0.200,0.257,+0.08,-0.81,-0.18
2026-08-02 04:44:13,35,0.314,0.171,0.257,-0.04,-0.93,-0.30
2026-08-02 04:49:31,35,0.343,0.257,0.257,+0.01,-0.87,-0.24
2026-08-02 04:54:47,35,0.400,0.257,0.286,+0.16,-0.72,-0.12
2026-08-02 05:00:03,35,0.371,0.257,0.286,+0.12,-0.76,-0.17
2026-08-02 05:05:21,35,0.371,0.314,0.229,-0.10,-0.10,-0.26
2026-08-02 05:10:37,35,0.429,0.286,0.200,-0.08,-0.18,-0.34
2026-08-02 05:15:54,36,0.361,0.278,0.194,-0.06,+0.01,-0.18
2026-08-02 05:21:11,36,0.528,0.250,0.194,-0.23,-0.17,-0.36
2026-08-02 05:26:28,36,0.500,0.250,0.194,-0.17,-0.17,-0.39
2026-08-02 05:31:45,36,0.361,0.278,0.194,-0.16,-0.16,-0.39
2026-08-02 05:37:03,36,0.417,0.333,0.194,-0.17,-0.17,-0.42
2026-08-02 05:42:26,36,0.361,0.333,0.194,-0.19,-0.19,-0.43
2026-08-02 05:47:50,36,0.306,0.250,0.167,-0.26,-0.26,-0.49
2026-08-02 05:53:07,36,0.444,0.222,0.194,-0.23,-0.23,-0.47
2026-08-02 05:58:24,36,0.444,0.250,0.222,+0.10,+0.11,-0.14
2026-08-02 06:03:43,36,0.528,0.444,0.306,+0.40,+0.50,+0.36
2026-08-02 06:09:01,36,0.500,0.444,0.333,+0.51,+0.51,+0.43
2026-08-02 06:14:17,36,0.583,0.444,0.361,+0.58,+0.59,+0.48
2026-08-02 06:19:34,36,0.583,0.472,0.389,+0.58,+0.60,+0.49
2026-08-02 06:24:52,37,0.514,0.486,0.378,+0.54,+0.64,+0.56
2026-08-02 06:30:09,37,0.568,0.514,0.324,+0.62,+0.71,+0.60
2026-08-02 06:35:26,37,0.541,0.541,0.378,+0.99,+1.08,+0.99
2026-08-02 06:40:50,37,0.541,0.514,0.405,+0.97,+1.06,+0.95
2026-08-02 06:46:07,37,0.541,0.541,0.405,+1.07,+1.16,+1.05
2026-08-02 06:51:27,37,0.595,0.568,0.405,+0.99,+1.08,+0.96
2026-08-02 06:56:44,37,0.541,0.541,0.405,+1.04,+1.13,+1.03
2026-08-02 07:02:39,37,0.568,0.649,0.297,+0.72,+0.98,+0.35
2026-08-02 07:07:59,37,0.595,0.676,0.270,+0.76,+0.99,+0.40
2026-08-02 07:13:18,37,0.595,0.649,0.270,+0.70,+0.93,+0.34
2026-08-02 07:18:36,37,0.649,0.622,0.270,+0.73,+0.96,+0.36
2026-08-02 07:23:53,38,0.579,0.632,0.289,+0.58,+0.94,+0.48
2026-08-02 07:29:13,38,0.684,0.684,0.289,+0.60,+0.96,+0.49
2026-08-02 07:34:31,38,0.658,0.711,0.316,+0.60,+0.95,+0.49
2026-08-02 07:39:49,38,0.711,0.658,0.289,+0.63,+0.94,+0.54
2026-08-02 07:45:07,38,0.632,0.526,0.289,+0.46,+0.78,+0.38
2026-08-02 07:50:25,38,0.526,0.526,0.316,+0.14,+0.44,+0.03
2026-08-02 07:55:43,38,0.605,0.579,0.342,+0.34,+0.65,+0.24
2026-08-02 08:01:01,38,0.421,0.605,0.447,-0.31,+0.47,+0.58
2026-08-02 08:06:18,38,0.421,0.500,0.421,-0.32,+0.66,+0.68
2026-08-02 08:11:36,38,0.447,0.500,0.447,-0.45,+0.63,+0.66
2026-08-02 08:16:53,38,0.368,0.500,0.447,-0.37,+0.73,+0.76
2026-08-02 08:22:11,38,0.368,0.500,0.421,-0.39,+0.70,+0.74
2026-08-02 08:27:29,38,0.211,0.526,0.368,-0.43,+0.68,+0.72
2026-08-02 08:32:49,38,0.263,0.526,0.447,-0.60,+0.49,+0.53
2026-08-02 08:38:11,38,0.316,0.526,0.474,-0.59,+0.52,+0.56
2026-08-02 08:43:32,38,0.289,0.474,0.447,-0.60,+0.53,+0.57
2026-08-02 08:48:49,38,0.289,0.474,0.447,-0.62,+0.49,+0.53
2026-08-02 08:54:07,38,0.342,0.500,0.500,-0.65,+0.44,+0.49
2026-08-02 08:59:24,37,0.297,0.568,0.514,-0.66,+0.47,+0.52
2026-08-02 09:04:43,37,0.486,0.568,0.486,-0.05,+0.27,+0.80
2026-08-02 09:10:00,37,0.432,0.514,0.459,-0.24,+0.07,+0.61
2026-08-02 09:15:19,38,0.500,0.605,0.500,+0.12,+0.43,+0.89
2026-08-02 09:20:37,38,0.474,0.605,0.500,+0.19,+0.52,+0.99
2026-08-02 09:25:56,38,0.553,0.605,0.500,+0.13,+0.47,+0.93
2026-08-02 09:31:14,38,0.526,0.553,0.553,+0.27,+0.61,+1.09
2026-08-02 09:36:33,38,0.500,0.553,0.526,+0.48,+0.86,+1.36
2026-08-02 09:41:53,38,0.421,0.553,0.447,+0.39,+0.79,+1.30
2026-08-02 09:47:12,38,0.500,0.579,0.474,+0.53,+0.91,+1.44
2026-08-02 09:52:30,38,0.500,0.605,0.500,+0.63,+1.03,+1.54
2026-08-02 09:57:49,38,0.421,0.526,0.500,+0.66,+1.08,+1.61
2026-08-02 10:03:08,39,0.615,0.538,0.590,+1.29,+0.89,+2.01
2026-08-02 10:08:27,38,0.658,0.605,0.579,+1.49,+0.97,+2.14
2026-08-02 10:13:46,38,0.737,0.684,0.632,+1.69,+1.17,+2.46
2026-08-02 10:19:05,38,0.763,0.658,0.632,+2.15,+1.60,+2.79
2026-08-02 10:24:24,38,0.737,0.658,0.605,+2.21,+1.67,+2.88
2026-08-02 10:29:42,37,0.757,0.676,0.595,+2.17,+1.59,+2.77
2026-08-02 10:35:03,37,0.730,0.622,0.622,+2.05,+1.46,+2.66
2026-08-02 10:40:24,37,0.703,0.595,0.622,+1.89,+1.30,+2.49
2026-08-02 10:45:42,37,0.730,0.676,0.703,+2.06,+1.48,+2.66
2026-08-02 10:50:59,37,0.730,0.649,0.676,+1.99,+1.40,+2.55
2026-08-02 10:56:19,37,0.730,0.676,0.676,+1.92,+1.34,+2.49
2026-08-02 11:01:37,36,0.583,0.750,0.611,+0.14,+1.46,+2.51
2026-08-02 11:06:54,36,0.611,0.667,0.667,+0.34,+1.45,+2.65
2026-08-02 11:12:14,36,0.667,0.694,0.639,+0.75,+1.86,+3.09
2026-08-02 11:17:34,36,0.639,0.667,0.639,+0.39,+1.50,+2.71
2026-08-02 11:22:50,36,0.667,0.639,0.694,+0.52,+1.69,+2.97
2026-08-02 11:28:08,37,0.649,0.676,0.676,+0.56,+1.73,+2.98
2026-08-02 11:33:24,36,0.583,0.639,0.667,+0.39,+1.57,+2.83
2026-08-02 11:38:41,36,0.556,0.611,0.667,+0.20,+1.37,+2.61
2026-08-02 11:43:58,36,0.556,0.611,0.639,+0.13,+1.30,+2.55
2026-08-02 11:49:15,36,0.528,0.611,0.667,+0.15,+1.32,+2.57
2026-08-02 11:54:33,36,0.528,0.611,0.667,+0.29,+1.46,+2.70
2026-08-02 11:59:49,36,0.583,0.639,0.611,+0.24,+1.42,+2.67
2026-08-02 12:05:08,36,0.611,0.694,0.611,+0.10,+1.87,+2.15
2026-08-02 12:10:25,36,0.472,0.694,0.639,-0.23,+1.61,+1.93
2026-08-02 12:15:43,36,0.472,0.667,0.694,-0.22,+1.61,+1.91
2026-08-02 12:21:01,37,0.541,0.676,0.676,+0.16,+2.09,+2.45
2026-08-02 12:26:19,37,0.541,0.676,0.730,-0.13,+1.77,+2.12
2026-08-02 12:31:39,37,0.514,0.730,0.703,+0.06,+1.98,+2.32
2026-08-02 12:36:57,37,0.541,0.703,0.649,+0.16,+2.09,+2.46
2026-08-02 12:42:16,37,0.568,0.703,0.676,+0.24,+2.17,+2.54
2026-08-02 12:47:35,37,0.514,0.703,0.676,+0.04,+1.96,+2.32
2026-08-02 12:52:52,37,0.568,0.730,0.676,+0.14,+2.07,+2.43
2026-08-02 12:58:10,37,0.541,0.730,0.703,+0.49,+2.45,+2.82
2026-08-02 13:03:29,37,0.432,0.649,0.676,-0.00,+0.48,+1.65
2026-08-02 13:08:46,37,0.514,0.595,0.676,+0.05,+0.51,+1.80
2026-08-02 13:14:04,36,0.500,0.583,0.694,+0.35,+0.79,+2.11
2026-08-02 13:19:22,36,0.472,0.556,0.667,+0.18,+0.62,+1.91
2026-08-02 13:24:42,36,0.556,0.583,0.694,+0.40,+0.83,+2.15
2026-08-02 13:30:00,36,0.556,0.556,0.667,+0.35,+0.77,+2.07
2026-08-02 13:35:20,36,0.556,0.583,0.667,+0.55,+0.99,+2.30
2026-08-02 13:40:41,36,0.556,0.556,0.667,+0.46,+0.90,+2.20
2026-08-02 13:46:00,36,0.583,0.583,0.694,+0.59,+1.00,+2.32
2026-08-02 13:51:16,36,0.611,0.556,0.667,+0.55,+0.99,+2.31
2026-08-02 13:56:36,36,0.556,0.583,0.694,+0.53,+0.96,+2.29
2026-08-02 14:01:56,36,0.556,0.556,0.639,+0.57,+0.96,+2.37
2026-08-02 14:07:18,36,0.472,0.611,0.667,+0.53,+0.89,+2.49
2026-08-02 14:12:34,36,0.556,0.556,0.667,+0.30,+0.66,+2.27
2026-08-02 14:17:52,36,0.500,0.611,0.639,+0.26,+0.62,+2.23
2026-08-02 14:23:14,36,0.528,0.583,0.611,+0.45,+0.81,+2.44
2026-08-02 14:28:32,36,0.556,0.639,0.694,+0.46,+0.82,+2.45
2026-08-02 14:33:51,36,0.500,0.639,0.639,+0.33,+0.69,+2.30
2026-08-02 14:39:12,36,0.528,0.639,0.694,+0.47,+0.84,+2.45
2026-08-02 14:44:32,36,0.528,0.611,0.639,+0.30,+0.68,+2.30
2026-08-02 14:49:52,36,0.556,0.611,0.611,+0.27,+0.65,+2.26
2026-08-02 14:55:14,36,0.528,0.583,0.667,+0.24,+0.60,+2.22
2026-08-02 15:00:32,36,0.361,0.500,0.611,-0.22,+0.08,+2.22
2026-08-02 15:05:52,36,0.417,0.500,0.611,-0.27,+0.21,+2.53
2026-08-02 15:11:13,36,0.417,0.444,0.639,-0.14,+0.36,+2.68
2026-08-02 15:16:31,36,0.333,0.500,0.667,-0.28,+0.21,+2.54
2026-08-02 15:21:52,37,0.378,0.486,0.676,-0.35,+0.14,+2.46
2026-08-02 15:27:11,37,0.378,0.432,0.622,-0.53,-0.05,+2.24
2026-08-02 15:32:30,37,0.486,0.459,0.649,-0.52,-0.04,+2.26
2026-08-02 15:37:51,37,0.378,0.459,0.649,-0.50,-0.02,+2.28
2026-08-02 15:43:11,37,0.351,0.432,0.622,-0.40,+0.09,+2.39
2026-08-02 15:48:31,37,0.378,0.514,0.703,-0.56,-0.09,+2.21
2026-08-02 15:53:50,37,0.351,0.459,0.649,-0.47,+0.01,+2.33
2026-08-02 15:59:09,37,0.351,0.459,0.649,-0.28,+0.22,+2.56
2026-08-02 16:04:29,37,0.324,0.459,0.541,-0.22,+0.01,+0.54
2026-08-02 16:09:48,38,0.447,0.526,0.579,+0.03,+0.26,+0.76
2026-08-02 16:15:07,38,0.421,0.500,0.579,-0.08,+0.14,+0.64
2026-08-02 16:20:27,38,0.474,0.474,0.632,+0.10,+0.34,+0.85
2026-08-02 16:25:48,38,0.447,0.553,0.553,+0.02,+0.25,+0.78
2026-08-02 16:31:09,38,0.526,0.553,0.579,+0.32,+0.55,+1.06
2026-08-02 16:36:37,38,0.526,0.526,0.579,+0.37,+0.61,+1.13
2026-08-02 16:41:57,38,0.474,0.500,0.553,+0.27,+0.50,+1.02
2026-08-02 16:47:16,38,0.395,0.474,0.553,+0.17,+0.40,+0.94
2026-08-02 16:52:40,38,0.447,0.500,0.579,+0.07,+0.30,+0.83
2026-08-02 16:58:01,38,0.447,0.553,0.579,+0.15,+0.38,+0.92
2026-08-02 17:03:22,38,0.421,0.368,0.526,+0.30,+0.02,+0.82
2026-08-02 17:08:43,38,0.289,0.289,0.526,-0.08,-0.38,+0.47
2026-08-02 17:14:04,38,0.368,0.342,0.500,+0.16,-0.16,+0.69
2026-08-02 17:19:22,38,0.316,0.342,0.526,+0.18,-0.15,+0.70
2026-08-02 17:24:44,38,0.316,0.316,0.553,+0.30,-0.03,+0.82
2026-08-02 17:30:03,38,0.342,0.263,0.526,+0.21,-0.11,+0.73
2026-08-02 17:35:23,38,0.316,0.316,0.526,+0.35,+0.03,+0.89
2026-08-02 17:40:43,38,0.263,0.263,0.500,+0.09,-0.22,+0.64
2026-08-02 17:46:03,38,0.263,0.289,0.526,+0.16,-0.17,+0.69
2026-08-02 17:51:27,38,0.237,0.316,0.553,+0.19,-0.13,+0.73
2026-08-02 17:56:46,38,0.289,0.289,0.553,+0.12,-0.20,+0.65
2026-08-02 18:02:15,38,0.395,0.263,0.395,-0.14,+0.02,+0.35
2026-08-02 18:07:34,38,0.368,0.263,0.316,-0.29,-0.08,+0.23
2026-08-02 18:12:55,38,0.368,0.289,0.342,-0.21,+0.00,+0.31
2026-08-02 18:18:15,38,0.368,0.263,0.368,-0.25,-0.03,+0.29
2026-08-02 18:23:35,38,0.368,0.289,0.368,-0.25,-0.03,+0.28
2026-08-02 18:28:55,38,0.342,0.342,0.368,-0.40,-0.20,+0.11
2026-08-02 18:34:15,39,0.359,0.385,0.359,-0.29,+0.17,+0.48
2026-08-02 18:39:38,40,0.325,0.375,0.400,-0.29,+0.20,+0.58
2026-08-02 18:45:00,38,0.368,0.368,0.368,-0.36,-0.20,+0.25
2026-08-02 18:50:20,38,0.368,0.368,0.395,-0.44,-0.28,+0.19
2026-08-02 18:55:39,39,0.333,0.359,0.385,-0.64,-0.22,+0.23
2026-08-02 19:00:59,39,0.436,0.385,0.436,-0.68,-0.40,-0.16
2026-08-02 19:06:18,38,0.474,0.263,0.421,-0.98,-0.81,-0.73
2026-08-02 19:11:37,38,0.474,0.289,0.395,-0.88,-0.64,-0.62
2026-08-02 19:16:58,38,0.316,0.289,0.395,-1.15,-0.92,-0.90
2026-08-02 19:22:19,38,0.342,0.289,0.421,-1.18,-0.95,-0.92
2026-08-02 19:27:38,39,0.256,0.282,0.385,-0.56,-0.15,+0.02
2026-08-02 19:32:58,39,0.282,0.333,0.385,-0.70,-0.28,-0.12
2026-08-02 19:38:15,39,0.282,0.385,0.410,-0.57,-0.14,+0.02
2026-08-02 19:43:33,39,0.308,0.385,0.462,-0.45,-0.02,+0.14
2026-08-02 19:48:51,39,0.436,0.385,0.538,-0.51,-0.09,+0.07
2026-08-02 19:54:07,39,0.410,0.359,0.513,-0.52,-0.10,+0.06
2026-08-02 19:59:24,39,0.308,0.385,0.487,-0.50,-0.08,+0.08
2026-08-02 20:04:41,39,0.359,0.282,0.359,+0.02,-0.71,-0.41
2026-08-02 20:09:58,39,0.282,0.282,0.385,+0.01,-0.73,-0.37
2026-08-02 20:15:17,39,0.308,0.359,0.385,+0.04,-0.71,-0.35
2026-08-02 20:20:34,39,0.333,0.282,0.410,+0.00,-0.74,-0.38
2026-08-02 20:25:51,39,0.282,0.256,0.410,-0.10,-0.86,-0.50
2026-08-02 20:31:08,39,0.256,0.308,0.359,-0.27,-1.01,-0.66
2026-08-02 20:36:25,39,0.231,0.256,0.308,-0.50,-1.23,-0.90
2026-08-02 20:41:43,39,0.256,0.256,0.333,-0.60,-1.34,-1.02
2026-08-02 20:47:01,39,0.231,0.205,0.333,-0.53,-1.26,-0.94
2026-08-02 20:52:19,39,0.282,0.282,0.359,-0.43,-1.16,-0.82
2026-08-02 20:57:35,39,0.231,0.205,0.359,-0.41,-1.15,-0.81
2026-08-02 21:02:52,39,0.385,0.256,0.333,-0.41,-1.27,-0.82
2026-08-02 21:08:09,39,0.333,0.256,0.308,-0.42,-1.02,-0.90
2026-08-02 21:13:25,39,0.410,0.308,0.308,-0.41,-1.02,-0.91
2026-08-02 21:18:42,39,0.359,0.385,0.359,-0.36,-0.96,-0.85
2026-08-02 21:23:58,39,0.436,0.410,0.359,-0.16,-0.76,-0.65
2026-08-02 21:29:16,39,0.436,0.308,0.308,-0.02,-0.67,-0.56
2026-08-02 21:34:36,39,0.359,0.359,0.385,+0.34,-0.35,-0.24
2026-08-02 21:39:56,40,0.400,0.375,0.325,+0.22,-0.42,-0.34
2026-08-02 21:45:16,40,0.400,0.375,0.325,+0.22,-0.43,-0.35
2026-08-02 21:50:34,40,0.375,0.275,0.350,+0.16,-0.47,-0.38
2026-08-02 21:55:53,40,0.400,0.300,0.350,+0.13,-0.50,-0.41
2026-08-02 22:01:12,40,0.425,0.350,0.325,+0.16,+0.26,-0.37
2026-08-02 22:06:31,40,0.450,0.275,0.350,+0.39,+0.06,-0.12
2026-08-02 22:11:49,40,0.550,0.300,0.400,+0.45,+0.13,-0.03
2026-08-02 22:17:08,40,0.550,0.275,0.350,+0.31,-0.02,-0.15
2026-08-02 22:22:26,40,0.550,0.250,0.350,+0.29,-0.02,-0.15
2026-08-02 22:27:44,40,0.575,0.300,0.350,+0.33,+0.00,-0.11
2026-08-02 22:33:04,40,0.525,0.300,0.375,+0.39,+0.08,-0.08
2026-08-02 22:38:24,40,0.500,0.300,0.375,+0.31,-0.01,-0.15
2026-08-02 22:43:43,40,0.375,0.300,0.350,+0.29,-0.02,-0.17
2026-08-02 22:49:01,40,0.475,0.275,0.325,+0.12,-0.20,-0.33
2026-08-02 22:54:21,40,0.500,0.275,0.350,+0.14,-0.17,-0.31
2026-08-02 22:59:41,40,0.575,0.275,0.350,+0.30,-0.01,-0.16
2026-08-02 23:04:59,40,0.325,0.375,0.275,-0.22,+0.02,-0.85
2026-08-02 23:10:18,40,0.325,0.350,0.275,-0.37,-0.15,-0.97
2026-08-02 23:15:38,40,0.300,0.350,0.275,-0.36,-0.16,-0.99
2026-08-02 23:20:57,40,0.325,0.375,0.300,-0.44,-0.30,-1.11
2026-08-02 23:26:17,40,0.325,0.350,0.250,-0.38,-0.23,-1.05
2026-08-02 23:31:35,40,0.375,0.400,0.300,-0.22,-0.07,-0.90
2026-08-02 23:36:53,40,0.375,0.350,0.300,-0.11,+0.04,-0.81
2026-08-02 23:42:12,40,0.425,0.400,0.325,-0.10,+0.05,-0.79
2026-08-02 23:47:30,40,0.475,0.425,0.350,-0.10,+0.04,-0.79
2026-08-02 23:52:48,40,0.400,0.425,0.300,-0.24,-0.11,-0.93
2026-08-02 23:58:07,40,0.350,0.400,0.275,-0.19,-0.06,-0.88
2026-08-03 00:03:32,40,0.450,0.475,0.400,+0.28,+0.42,-0.36
2026-08-03 00:08:54,40,0.450,0.475,0.425,+0.30,+0.42,-0.34
2026-08-03 00:14:15,40,0.450,0.575,0.425,+0.41,+0.57,-0.22
2026-08-03 00:19:36,40,0.450,0.475,0.425,+0.52,+0.67,-0.12
2026-08-03 00:24:57,40,0.425,0.575,0.425,+0.42,+0.57,-0.21
2026-08-03 00:30:19,40,0.475,0.475,0.425,+0.00,+0.14,-0.61
2026-08-03 00:35:40,40,0.500,0.500,0.425,+0.02,+0.14,-0.62
2026-08-03 00:41:03,41,0.463,0.463,0.390,+0.23,+0.37,-0.34
2026-08-03 00:46:25,41,0.488,0.439,0.439,+0.12,+0.27,-0.44
2026-08-03 00:51:45,41,0.463,0.463,0.439,+0.08,+0.22,-0.47
2026-08-03 00:57:08,42,0.429,0.405,0.357,-0.03,+0.15,-0.65
2026-08-03 01:02:29,41,0.390,0.341,0.317,-0.17,-0.32,-0.36
2026-08-03 01:07:51,40,0.375,0.250,0.300,-0.12,-0.30,-0.21
2026-08-03 01:13:10,40,0.425,0.350,0.325,+0.09,-0.11,-0.01
2026-08-03 01:18:30,40,0.375,0.325,0.325,-0.06,-0.24,-0.15
2026-08-03 01:23:48,40,0.450,0.300,0.325,-0.03,-0.21,-0.11
2026-08-03 01:29:08,40,0.325,0.300,0.300,-0.07,-0.25,-0.14
2026-08-03 01:34:27,40,0.375,0.400,0.300,-0.04,-0.21,-0.11
2026-08-03 01:39:47,40,0.400,0.450,0.300,+0.02,-0.17,-0.06
2026-08-03 01:45:05,40,0.525,0.475,0.350,+0.19,+0.00,+0.11
2026-08-03 01:50:26,40,0.500,0.425,0.325,+0.26,+0.07,+0.17
2026-08-03 01:55:44,40,0.475,0.400,0.300,+0.20,+0.01,+0.11
2026-08-03 02:01:02,40,0.375,0.400,0.300,-0.52,-0.28,-0.43
2026-08-03 02:06:22,40,0.400,0.450,0.325,-0.06,-0.11,-0.19
2026-08-03 02:11:40,40,0.475,0.425,0.275,-0.04,-0.01,-0.10
2026-08-03 02:17:00,40,0.550,0.450,0.425,+0.20,+0.18,+0.18
2026-08-03 02:22:18,40,0.475,0.400,0.400,+0.14,+0.10,+0.15
2026-08-03 02:27:37,40,0.475,0.450,0.400,+0.11,+0.06,+0.11
2026-08-03 02:32:57,40,0.525,0.475,0.450,+0.23,+0.19,+0.24
2026-08-03 02:38:17,40,0.525,0.450,0.450,+0.29,+0.25,+0.32
2026-08-03 02:43:35,40,0.550,0.475,0.475,+0.19,+0.13,+0.21
2026-08-03 02:48:54,40,0.525,0.450,0.450,+0.22,+0.17,+0.24
2026-08-03 02:54:12,40,0.575,0.450,0.500,+0.14,+0.08,+0.16
2026-08-03 02:59:32,39,0.590,0.487,0.513,+0.37,+0.28,+0.57
2026-08-03 03:04:52,39,0.538,0.513,0.538,+0.00,-0.07,+0.60
2026-08-03 03:10:11,39,0.538,0.487,0.436,+0.03,+0.13,+0.64
2026-08-03 03:15:30,39,0.590,0.513,0.487,+0.16,+0.25,+0.77
2026-08-03 03:26:04,39,0.667,0.538,0.538,+0.34,+0.43,+0.92
2026-08-03 03:31:25,39,0.538,0.436,0.513,+0.24,+0.33,+0.81
2026-08-03 03:36:43,38,0.553,0.447,0.526,+0.19,+0.27,+0.75
2026-08-03 03:42:01,38,0.579,0.474,0.526,+0.21,+0.29,+0.77
2026-08-03 03:47:22,38,0.605,0.421,0.500,+0.23,+0.32,+0.80
2026-08-03 03:52:40,38,0.553,0.395,0.500,+0.22,+0.31,+0.79
2026-08-03 03:57:58,38,0.579,0.395,0.526,+0.14,+0.23,+0.70
2026-08-03 04:03:16,38,0.553,0.447,0.526,+0.03,+0.08,+0.28
2026-08-03 04:08:34,38,0.447,0.500,0.474,-0.10,+0.20,+0.18
2026-08-03 04:13:52,38,0.500,0.500,0.474,-0.06,+0.25,+0.22
2026-08-03 04:19:11,38,0.447,0.553,0.500,+0.10,+0.53,+0.40
2026-08-03 04:24:30,38,0.474,0.526,0.474,+0.51,+0.81,+0.73
2026-08-03 04:29:48,38,0.368,0.447,0.421,-0.20,+0.10,-0.01
2026-08-03 04:35:05,38,0.421,0.474,0.421,-0.23,+0.07,-0.03
2026-08-03 04:40:23,38,0.500,0.553,0.447,-0.05,+0.25,+0.13
2026-08-03 04:45:40,38,0.447,0.553,0.421,-0.02,+0.28,+0.16
2026-08-03 04:50:59,38,0.447,0.553,0.421,-0.05,+0.25,+0.11
2026-08-03 04:56:19,38,0.526,0.526,0.421,-0.02,+0.27,+0.15
2026-08-03 05:01:37,38,0.526,0.579,0.447,+0.01,+0.16,+0.17
2026-08-03 05:06:55,38,0.526,0.500,0.395,-0.09,-0.02,+0.06
2026-08-03 05:12:13,38,0.579,0.553,0.421,-0.13,+0.03,+0.10
2026-08-03 05:17:31,38,0.526,0.553,0.447,-0.15,+0.01,+0.08
2026-08-03 05:22:48,38,0.421,0.474,0.421,-0.20,-0.04,+0.04
2026-08-03 05:28:07,38,0.447,0.474,0.421,-0.27,-0.12,-0.04
2026-08-03 05:33:24,38,0.474,0.474,0.395,-0.24,-0.09,-0.02
2026-08-03 05:38:44,38,0.474,0.447,0.421,-0.08,+0.10,+0.12
2026-08-03 05:44:03,38,0.474,0.447,0.447,+0.20,+0.38,+0.36
2026-08-03 05:49:20,38,0.553,0.500,0.395,+0.12,+0.29,+0.26
2026-08-03 05:54:39,38,0.421,0.421,0.368,+0.18,+0.35,+0.28
2026-08-03 05:59:57,39,0.436,0.462,0.385,+0.22,+0.44,+0.37
2026-08-03 06:05:16,39,0.333,0.410,0.436,+0.37,+0.41,+0.50
2026-08-03 06:10:35,39,0.359,0.410,0.462,+0.72,+0.74,+0.84
2026-08-03 06:15:54,39,0.410,0.436,0.538,+0.60,+0.61,+0.73
2026-08-03 06:21:17,39,0.487,0.436,0.462,+0.51,+0.58,+0.70
2026-08-03 06:26:36,39,0.538,0.487,0.538,+0.61,+0.67,+0.78
2026-08-03 06:31:54,39,0.538,0.462,0.513,+0.57,+0.63,+0.71
2026-08-03 06:37:13,39,0.487,0.513,0.513,+0.85,+0.91,+0.98
2026-08-03 06:42:31,39,0.538,0.538,0.564,+1.02,+1.07,+1.13
2026-08-03 06:47:49,39,0.513,0.513,0.538,+1.18,+1.23,+1.29
2026-08-03 06:53:07,39,0.538,0.462,0.564,+1.12,+1.18,+1.23
2026-08-03 06:58:26,39,0.513,0.538,0.564,+1.12,+1.18,+1.23
2026-08-03 07:03:45,39,0.615,0.538,0.564,+0.64,+1.07,+1.53
2026-08-03 07:09:04,39,0.590,0.564,0.564,+0.30,+0.57,+1.05
2026-08-03 07:14:24,39,0.564,0.564,0.513,+0.02,+0.30,+0.75
2026-08-03 07:19:41,39,0.590,0.538,0.538,+0.07,+0.36,+0.84
2026-08-03 07:25:00,39,0.641,0.513,0.590,+0.13,+0.42,+0.90
2026-08-03 07:30:17,39,0.564,0.462,0.513,-0.17,+0.10,+0.58
2026-08-03 07:35:35,38,0.447,0.421,0.500,-0.21,+0.06,+0.55
2026-08-03 07:40:52,38,0.395,0.342,0.474,-0.42,-0.18,+0.31
2026-08-03 07:46:10,39,0.538,0.462,0.513,+0.00,+0.37,+1.08
2026-08-03 07:51:30,40,0.450,0.425,0.500,+0.01,+0.44,+1.09
2026-08-03 07:56:47,40,0.400,0.375,0.500,+0.07,+0.49,+1.15
2026-08-03 08:02:08,40,0.300,0.375,0.425,-0.73,+0.53,+0.77
2026-08-03 08:07:27,40,0.250,0.350,0.400,-0.75,+0.60,+0.83
2026-08-03 08:12:47,40,0.200,0.350,0.425,-0.98,+0.43,+0.65
2026-08-03 08:18:05,40,0.225,0.400,0.425,-0.86,+0.40,+0.65
2026-08-03 08:23:23,40,0.200,0.400,0.450,-0.83,+0.42,+0.68
2026-08-03 08:28:40,40,0.175,0.375,0.400,-0.95,+0.29,+0.57
2026-08-03 08:34:05,40,0.225,0.350,0.400,-1.02,+0.20,+0.47
2026-08-03 08:39:25,40,0.200,0.375,0.400,-1.10,+0.11,+0.38
2026-08-03 08:44:41,40,0.225,0.325,0.400,-1.38,-0.18,+0.08
2026-08-03 08:49:59,40,0.225,0.400,0.400,-1.52,-0.36,-0.09
2026-08-03 08:55:16,40,0.150,0.375,0.400,-1.48,-0.31,-0.04
2026-08-03 09:00:33,40,0.250,0.300,0.375,-1.05,-0.71,-0.18
2026-08-03 09:05:50,40,0.200,0.325,0.350,-0.67,-0.69,-0.13
2026-08-03 09:11:07,39,0.231,0.256,0.282,-0.83,-0.89,-0.30
2026-08-03 09:16:23,39,0.205,0.179,0.282,-1.01,-1.07,-0.49
2026-08-03 09:21:41,39,0.179,0.205,0.256,-1.12,-1.18,-0.58
2026-08-03 09:26:58,39,0.256,0.282,0.282,-1.03,-1.08,-0.48
2026-08-03 09:32:15,40,0.250,0.250,0.225,-1.21,-1.30,-0.78
2026-08-03 09:37:31,40,0.225,0.200,0.225,-1.31,-1.42,-0.89
2026-08-03 09:42:48,40,0.225,0.275,0.275,-1.39,-1.50,-0.98
2026-08-03 09:48:04,40,0.200,0.200,0.225,-1.54,-1.67,-1.16
2026-08-03 09:53:21,40,0.200,0.175,0.225,-1.81,-1.93,-1.42
2026-08-03 09:58:36,40,0.225,0.200,0.225,-1.63,-1.74,-1.22
2026-08-03 10:03:53,40,0.250,0.175,0.200,-0.70,-2.25,-1.09
2026-08-03 10:09:09,39,0.205,0.154,0.256,-0.70,-2.25,-1.14
2026-08-03 10:14:25,39,0.231,0.154,0.256,-0.93,-2.47,-1.31
2026-08-03 10:19:41,39,0.205,0.154,0.205,-1.02,-2.56,-1.43
2026-08-03 10:24:57,39,0.256,0.154,0.205,-0.75,-2.29,-1.15
2026-08-03 10:30:15,39,0.282,0.205,0.205,-0.61,-2.18,-0.99
2026-08-03 10:35:31,39,0.282,0.179,0.256,-0.58,-2.17,-0.98
2026-08-03 10:40:47,39,0.282,0.205,0.231,-0.44,-2.03,-0.79
2026-08-03 10:46:03,39,0.308,0.179,0.231,-0.57,-2.15,-0.91
2026-08-03 10:51:19,39,0.308,0.179,0.231,-0.87,-2.43,-1.21
2026-08-03 10:56:35,39,0.256,0.154,0.205,-0.99,-2.56,-1.32
2026-08-03 11:01:51,39,0.282,0.154,0.231,-0.58,-1.80,-1.54
2026-08-03 11:07:07,39,0.256,0.154,0.205,-0.34,-1.86,-1.44
2026-08-03 11:12:23,39,0.231,0.154,0.205,-0.38,-1.91,-1.48
2026-08-03 11:17:39,39,0.282,0.154,0.205,-0.36,-1.90,-1.48
2026-08-03 11:22:55,39,0.256,0.154,0.231,-0.23,-1.75,-1.31
2026-08-03 11:28:12,39,0.231,0.154,0.231,-0.29,-1.80,-1.38
2026-08-03 11:33:28,39,0.179,0.154,0.231,-0.57,-2.08,-1.65
2026-08-03 11:38:44,39,0.205,0.154,0.179,-0.56,-2.08,-1.65
2026-08-03 11:43:59,39,0.154,0.154,0.179,-0.66,-2.18,-1.76
2026-08-03 11:49:15,38,0.158,0.158,0.184,-0.68,-2.19,-1.77
2026-08-03 11:54:31,38,0.158,0.158,0.211,-0.79,-2.31,-1.90
2026-08-03 11:59:46,38,0.184,0.158,0.211,-0.83,-2.36,-1.92
2026-08-03 12:05:02,38,0.289,0.211,0.184,-0.45,-1.58,-2.45
2026-08-03 12:10:20,38,0.342,0.263,0.184,-0.27,-1.40,-2.24
2026-08-03 12:15:35,38,0.342,0.263,0.184,-0.33,-1.47,-2.32
2026-08-03 12:20:50,38,0.289,0.184,0.184,-0.34,-1.48,-2.34
2026-08-03 12:26:06,38,0.289,0.211,0.158,-0.43,-1.58,-2.44
2026-08-03 12:31:22,38,0.342,0.263,0.184,-0.34,-1.48,-2.35
2026-08-03 12:36:37,38,0.342,0.237,0.211,-0.23,-1.35,-2.22
2026-08-03 12:41:53,38,0.395,0.211,0.211,-0.39,-1.52,-2.40
2026-08-03 12:47:08,38,0.316,0.237,0.184,-0.55,-1.67,-2.55
2026-08-03 12:52:24,38,0.342,0.263,0.184,-0.70,-1.82,-2.69
2026-08-03 12:57:40,38,0.342,0.237,0.211,-0.51,-1.63,-2.49
2026-08-03 13:02:56,38,0.368,0.211,0.158,-0.39,-1.28,-3.47
2026-08-03 13:08:12,38,0.342,0.211,0.132,-0.50,-1.27,-3.60
2026-08-03 13:13:28,38,0.316,0.211,0.237,-0.42,-1.19,-3.54
2026-08-03 13:18:44,38,0.395,0.263,0.158,-0.44,-1.21,-3.57
2026-08-03 13:23:59,38,0.368,0.211,0.184,-0.44,-1.21,-3.57
2026-08-03 13:29:15,38,0.395,0.237,0.158,-0.53,-1.30,-3.64
2026-08-03 13:34:31,38,0.395,0.263,0.184,-0.39,-1.17,-3.52
2026-08-03 13:39:47,38,0.447,0.263,0.184,-0.41,-1.19,-3.55
2026-08-03 13:45:03,40,0.425,0.250,0.175,-0.65,-1.34,-3.54
2026-08-03 13:50:20,40,0.300,0.175,0.175,-1.10,-1.79,-3.98
2026-08-03 13:55:36,40,0.275,0.150,0.125,-1.29,-1.97,-4.16
2026-08-03 14:00:53,40,0.300,0.200,0.175,-0.93,-1.87,-3.44
2026-08-03 14:06:10,41,0.293,0.244,0.244,-0.58,-0.96,-2.53
2026-08-03 14:11:30,41,0.341,0.317,0.195,-0.66,-1.18,-2.78
2026-08-03 14:16:46,41,0.220,0.268,0.195,-0.90,-1.41,-2.99
2026-08-03 14:22:03,41,0.220,0.293,0.171,-0.96,-1.47,-3.06
2026-08-03 14:27:20,41,0.244,0.293,0.195,-0.96,-1.47,-3.05
2026-08-03 14:32:37,41,0.317,0.341,0.195,-0.85,-1.36,-2.94
2026-08-03 14:38:03,42,0.286,0.310,0.167,-0.54,-1.45,-3.02
2026-08-03 14:43:21,42,0.357,0.310,0.214,-0.38,-1.30,-2.90
2026-08-03 14:48:39,43,0.372,0.302,0.186,-0.61,-1.55,-3.15
2026-08-03 14:53:56,43,0.419,0.326,0.209,-0.15,-1.07,-2.67
2026-08-03 14:59:13,41,0.463,0.366,0.244,+0.08,-0.84,-2.47
2026-08-03 15:04:30,41,0.488,0.341,0.268,+0.33,-0.77,-2.08
2026-08-03 15:09:46,41,0.463,0.317,0.268,+0.48,-0.56,-1.85
2026-08-03 15:15:03,41,0.439,0.293,0.268,+0.48,-0.55,-1.85
2026-08-03 15:20:19,41,0.439,0.293,0.244,+0.31,-0.71,-2.01
2026-08-03 15:25:37,41,0.463,0.293,0.220,+0.37,-0.65,-1.95
2026-08-03 15:30:53,41,0.463,0.317,0.244,+0.49,-0.54,-1.83
2026-08-03 15:36:10,41,0.366,0.293,0.220,+0.38,-0.65,-1.95
2026-08-03 15:41:27,43,0.372,0.326,0.233,+0.57,-0.46,-1.82
2026-08-03 15:46:45,42,0.357,0.214,0.262,+0.51,-0.53,-1.89
2026-08-03 15:52:01,41,0.341,0.268,0.244,+0.75,-0.27,-1.60
2026-08-03 15:57:18,42,0.357,0.262,0.238,+0.52,-0.48,-1.81
2026-08-03 16:02:34,41,0.317,0.220,0.146,-0.51,-0.71,-1.35
2026-08-03 16:07:51,40,0.350,0.200,0.175,-0.43,-0.36,-1.32
2026-08-03 16:13:07,40,0.325,0.200,0.175,-0.31,-0.25,-1.21
2026-08-03 16:18:24,41,0.341,0.171,0.171,-0.49,-0.47,-1.51
2026-08-03 16:23:41,41,0.293,0.171,0.146,-0.56,-0.53,-1.57
2026-08-03 16:28:58,42,0.286,0.214,0.143,-0.32,-0.30,-1.36
2026-08-03 16:34:15,43,0.349,0.302,0.209,-0.04,-0.00,-1.00
2026-08-03 16:39:33,44,0.341,0.273,0.159,-0.20,-0.17,-1.18
2026-08-03 16:44:53,44,0.295,0.295,0.182,-0.22,-0.17,-1.19
2026-08-03 16:50:11,44,0.386,0.295,0.159,-0.12,-0.07,-1.08
2026-08-03 16:55:30,44,0.318,0.227,0.182,-0.13,-0.04,-1.05
2026-08-03 17:00:47,44,0.250,0.205,0.205,-0.62,-0.41,-1.45
2026-08-03 17:06:06,44,0.341,0.295,0.227,-0.80,-0.55,-1.86
2026-08-03 17:11:24,44,0.295,0.295,0.205,-1.06,-0.83,-2.07
2026-08-03 17:16:42,44,0.341,0.318,0.273,-1.12,-0.84,-2.10
2026-08-03 17:22:00,44,0.295,0.318,0.227,-1.22,-0.96,-2.22
2026-08-03 17:27:17,44,0.318,0.341,0.227,-0.96,-0.70,-1.98
2026-08-03 17:32:35,44,0.273,0.295,0.227,-1.12,-0.86,-2.14
2026-08-03 17:37:53,44,0.386,0.295,0.205,-0.99,-0.78,-2.05
2026-08-03 17:43:10,44,0.409,0.341,0.227,-1.05,-0.85,-2.13
2026-08-03 17:48:28,44,0.318,0.341,0.227,-1.17,-0.98,-2.25
2026-08-03 17:53:46,44,0.364,0.364,0.205,-1.02,-0.81,-2.11
2026-08-03 17:59:04,44,0.409,0.364,0.227,-1.00,-0.81,-2.10
2026-08-03 18:04:21,43,0.395,0.326,0.233,-0.51,-1.13,-1.65
2026-08-03 18:09:39,44,0.500,0.386,0.273,+0.03,-0.56,-1.13
2026-08-03 18:14:57,44,0.477,0.364,0.273,-0.17,-0.76,-1.32
2026-08-03 18:20:15,44,0.568,0.409,0.295,+0.04,-0.53,-1.13
2026-08-03 18:25:33,44,0.591,0.364,0.273,+0.03,-0.58,-1.18
2026-08-03 18:30:51,44,0.636,0.386,0.295,+0.13,-0.47,-1.06
2026-08-03 18:36:09,44,0.659,0.386,0.295,+0.15,-0.45,-1.03
2026-08-03 18:41:27,44,0.659,0.364,0.295,-0.12,-0.73,-1.32
2026-08-03 18:46:45,44,0.659,0.295,0.341,-0.16,-0.77,-1.34
2026-08-03 18:52:03,44,0.614,0.341,0.273,-0.12,-0.70,-1.30
2026-08-03 18:57:20,44,0.682,0.341,0.273,-0.05,-0.62,-1.21
2026-08-03 19:02:38,44,0.636,0.545,0.318,+0.26,-0.74,-1.24
2026-08-03 19:07:56,44,0.636,0.545,0.250,+0.06,-0.74,-0.95
2026-08-03 19:13:14,44,0.659,0.545,0.295,+0.17,-0.63,-0.85
2026-08-03 19:18:32,44,0.636,0.591,0.273,+0.23,-0.57,-0.80
2026-08-03 19:23:50,44,0.568,0.477,0.273,+0.18,-0.62,-0.84
2026-08-03 19:29:08,44,0.523,0.523,0.205,+0.17,-0.61,-0.84
2026-08-03 19:34:25,44,0.523,0.432,0.273,+0.22,-0.58,-0.80
2026-08-03 19:39:43,43,0.581,0.442,0.256,+0.32,-0.46,-0.74
2026-08-03 19:45:00,43,0.581,0.488,0.256,+0.34,-0.42,-0.71
2026-08-03 19:50:18,43,0.535,0.442,0.233,+0.27,-0.49,-0.78
2026-08-03 19:55:35,43,0.488,0.395,0.186,+0.26,-0.51,-0.79
2026-08-03 20:00:52,43,0.372,0.535,0.256,+0.30,-0.43,-0.63
2026-08-03 20:06:10,43,0.349,0.465,0.256,+0.10,-0.18,-0.39
2026-08-03 20:11:27,43,0.279,0.419,0.233,-0.06,-0.33,-0.54
2026-08-03 20:16:45,43,0.326,0.442,0.256,+0.11,-0.13,-0.30
2026-08-03 20:22:02,43,0.349,0.442,0.349,+0.19,-0.03,-0.22
2026-08-03 20:27:20,43,0.349,0.581,0.256,+0.10,-0.11,-0.30
2026-08-03 20:32:37,42,0.262,0.452,0.286,-0.09,-0.33,-0.50
2026-08-03 20:37:55,42,0.286,0.476,0.310,-0.10,-0.35,-0.52
2026-08-03 20:43:12,42,0.286,0.452,0.333,-0.04,-0.28,-0.47
2026-08-03 20:48:29,42,0.310,0.476,0.357,-0.07,-0.29,-0.48
2026-08-03 20:53:47,42,0.333,0.500,0.310,+0.10,-0.13,-0.32
2026-08-03 20:59:04,42,0.286,0.476,0.357,+0.13,-0.11,-0.29
2026-08-03 21:04:21,41,0.439,0.390,0.317,+0.07,+0.26,-0.69
2026-08-03 21:09:37,41,0.439,0.390,0.341,+0.12,+0.31,-0.65
2026-08-03 21:14:54,40,0.400,0.450,0.325,+0.03,+0.22,-0.72
2026-08-03 21:20:11,41,0.415,0.439,0.317,-0.17,+0.01,-0.94
2026-08-03 21:25:28,41,0.463,0.439,0.317,-0.19,-0.01,-0.96
2026-08-03 21:30:45,41,0.415,0.415,0.317,-0.20,-0.01,-0.97
2026-08-03 21:36:04,41,0.463,0.439,0.366,-0.04,+0.14,-0.82
2026-08-03 21:41:23,41,0.390,0.463,0.341,-0.10,+0.08,-0.89
2026-08-03 21:46:42,41,0.439,0.463,0.366,-0.03,+0.14,-0.82
2026-08-03 21:51:59,40,0.400,0.475,0.375,-0.08,+0.11,-0.85
2026-08-03 21:57:16,41,0.463,0.488,0.341,+0.09,+0.26,-0.72
2026-08-03 22:02:33,41,0.561,0.415,0.390,+0.07,+0.29,-0.57
2026-08-03 22:07:50,41,0.415,0.415,0.390,-0.18,-0.05,-0.67
2026-08-03 22:13:08,41,0.512,0.415,0.390,-0.06,+0.07,-0.58
2026-08-03 22:18:25,40,0.525,0.425,0.425,+0.24,+0.41,-0.22
2026-08-03 22:23:45,40,0.600,0.450,0.525,+0.37,+0.53,-0.10
2026-08-03 22:29:02,40,0.575,0.425,0.425,+0.21,+0.37,-0.27
2026-08-03 22:34:19,40,0.525,0.400,0.325,+0.06,+0.22,-0.42
2026-08-03 22:39:36,40,0.600,0.500,0.475,+0.39,+0.55,-0.10
2026-08-03 22:44:53,40,0.575,0.500,0.450,+0.35,+0.52,-0.11
2026-08-03 22:50:10,40,0.575,0.550,0.475,+0.34,+0.48,-0.13
2026-08-03 22:55:26,40,0.625,0.550,0.550,+0.71,+0.86,+0.20
2026-08-03 23:00:41,40,0.600,0.575,0.525,+0.88,+0.80,+0.48
2026-08-03 23:05:58,40,0.450,0.600,0.575,+0.65,+0.84,+0.61
2026-08-03 23:11:15,41,0.488,0.585,0.585,+0.74,+0.97,+0.80
2026-08-03 23:16:31,41,0.561,0.561,0.585,+0.81,+1.03,+0.86
2026-08-03 23:21:48,41,0.561,0.585,0.585,+0.83,+1.06,+0.91
2026-08-03 23:27:04,40,0.600,0.600,0.650,+1.12,+1.34,+1.13
2026-08-03 23:32:21,40,0.675,0.600,0.650,+1.45,+1.67,+1.46
2026-08-03 23:37:38,40,0.650,0.650,0.625,+1.42,+1.65,+1.44
2026-08-03 23:42:55,40,0.650,0.650,0.650,+1.44,+1.66,+1.46
2026-08-03 23:48:11,40,0.650,0.625,0.625,+1.34,+1.57,+1.37
2026-08-03 23:53:28,40,0.700,0.625,0.650,+1.56,+1.79,+1.59
2026-08-03 23:58:45,40,0.575,0.575,0.625,+1.51,+1.74,+1.54
2026-08-04 00:04:02,40,0.575,0.600,0.575,+0.60,+1.47,+1.86
2026-08-04 00:09:19,41,0.537,0.634,0.634,+0.69,+1.71,+2.05
2026-08-04 00:14:36,41,0.537,0.561,0.561,+0.55,+1.57,+1.92
2026-08-04 00:19:53,41,0.488,0.585,0.585,+0.62,+1.64,+1.99
2026-08-04 00:25:09,41,0.488,0.634,0.585,+0.49,+1.53,+1.88
2026-08-04 00:30:26,42,0.524,0.571,0.571,+0.98,+2.03,+2.34
2026-08-04 00:35:44,42,0.452,0.571,0.595,+0.91,+1.95,+2.27
2026-08-04 00:41:00,42,0.452,0.619,0.595,+0.86,+1.90,+2.19
2026-08-04 00:46:18,42,0.452,0.595,0.595,+0.74,+1.79,+2.08
2026-08-04 00:51:35,42,0.452,0.571,0.571,+0.72,+1.75,+2.01
2026-08-04 00:56:52,42,0.548,0.595,0.571,+0.76,+1.80,+2.07
2026-08-04 01:02:09,42,0.357,0.619,0.667,+0.02,+1.67,+1.83
2026-08-04 01:07:26,42,0.381,0.643,0.667,+0.09,+1.66,+1.85
2026-08-04 01:12:43,42,0.381,0.619,0.667,-0.03,+1.45,+1.69
2026-08-04 01:18:00,43,0.465,0.651,0.698,+0.10,+1.59,+1.89
2026-08-04 01:23:17,43,0.465,0.628,0.651,-0.00,+1.49,+1.80
2026-08-04 01:28:35,43,0.395,0.605,0.628,+0.02,+1.53,+1.84
2026-08-04 01:33:52,43,0.442,0.628,0.674,+0.23,+1.74,+2.05
2026-08-04 01:39:10,43,0.395,0.628,0.674,+0.11,+1.61,+1.92
2026-08-04 01:44:28,43,0.395,0.651,0.628,-0.03,+1.47,+1.78
2026-08-04 01:49:45,43,0.419,0.628,0.628,+0.07,+1.56,+1.87
2026-08-04 01:55:03,43,0.442,0.651,0.628,+0.07,+1.54,+1.85
2026-08-04 02:00:20,43,0.488,0.628,0.628,-0.34,+1.16,+1.57
2026-08-04 02:05:37,43,0.488,0.558,0.698,+0.08,+0.77,+2.02
2026-08-04 02:10:55,43,0.465,0.581,0.698,+0.15,+0.85,+2.05
2026-08-04 02:16:12,43,0.512,0.581,0.721,+0.13,+0.82,+2.03
2026-08-04 02:21:29,43,0.558,0.581,0.698,-0.03,+0.67,+1.86
2026-08-04 02:26:46,43,0.488,0.558,0.651,-0.10,+0.60,+1.78
2026-08-04 02:32:04,43,0.395,0.512,0.674,-0.15,+0.57,+1.76
2026-08-04 02:37:21,43,0.442,0.535,0.674,-0.08,+0.62,+1.82
2026-08-04 02:42:39,43,0.488,0.512,0.651,+0.09,+0.79,+1.99
2026-08-04 02:47:56,43,0.512,0.535,0.651,+0.21,+0.90,+2.11
2026-08-04 02:53:14,43,0.488,0.512,0.698,+0.28,+0.97,+2.17
2026-08-04 02:58:31,43,0.488,0.581,0.674,+0.37,+1.05,+2.12
2026-08-04 03:03:49,43,0.512,0.535,0.698,+0.25,+1.01,+2.33
2026-08-04 03:09:07,44,0.568,0.591,0.750,+0.47,+1.15,+2.38
2026-08-04 03:14:24,44,0.659,0.591,0.705,+0.86,+0.93,+2.59
2026-08-04 03:19:42,44,0.636,0.545,0.705,+0.84,+0.92,+2.58
2026-08-04 03:25:00,44,0.614,0.500,0.705,+0.73,+0.79,+2.46
2026-08-04 03:30:17,44,0.568,0.477,0.705,+0.63,+0.69,+2.35
2026-08-04 03:35:35,44,0.614,0.477,0.727,+0.61,+0.68,+2.35
2026-08-04 03:40:53,44,0.682,0.500,0.727,+0.62,+0.69,+2.35
2026-08-04 03:46:11,44,0.568,0.523,0.750,+0.54,+0.61,+2.27
2026-08-04 03:51:29,44,0.614,0.477,0.750,+0.48,+0.55,+2.20
2026-08-04 03:56:47,44,0.545,0.432,0.750,+0.38,+0.44,+2.09
2026-08-04 04:02:05,44,0.500,0.591,0.682,+0.13,+0.49,+2.09
2026-08-04 04:07:22,44,0.455,0.477,0.659,+0.10,+0.29,+2.06
2026-08-04 04:12:40,44,0.455,0.523,0.636,-0.02,+0.20,+1.97
2026-08-04 04:17:58,44,0.432,0.500,0.636,-0.07,+0.16,+1.93
2026-08-04 04:23:16,44,0.432,0.477,0.636,-0.14,+0.09,+1.85
2026-08-04 04:28:34,44,0.432,0.523,0.659,-0.11,+0.16,+1.86
2026-08-04 04:33:51,44,0.432,0.500,0.659,+0.01,+0.29,+1.99
2026-08-04 04:39:09,44,0.432,0.500,0.636,+0.08,+0.36,+2.08
2026-08-04 04:44:27,44,0.455,0.523,0.636,+0.08,+0.36,+2.08
2026-08-04 04:49:45,44,0.455,0.500,0.636,+0.00,+0.32,+1.93
2026-08-04 04:55:02,44,0.455,0.455,0.614,-0.01,+0.30,+1.91
2026-08-04 05:00:20,44,0.432,0.500,0.568,-0.10,+0.05,+1.31
2026-08-04 05:05:38,44,0.318,0.477,0.500,-0.05,+0.30,+0.92
2026-08-04 05:10:56,44,0.409,0.545,0.523,+0.11,+0.48,+1.11
2026-08-04 05:16:14,44,0.386,0.500,0.523,-0.02,+0.36,+1.05
2026-08-04 05:21:31,44,0.432,0.432,0.523,-0.07,+0.30,+1.01
2026-08-04 05:26:49,44,0.409,0.523,0.545,-0.01,+0.36,+1.05
2026-08-04 05:32:06,44,0.409,0.523,0.500,-0.11,+0.26,+0.97
2026-08-04 05:37:25,44,0.477,0.591,0.500,+0.14,+0.51,+1.23
2026-08-04 05:42:42,44,0.477,0.591,0.523,+0.09,+0.47,+1.20
2026-08-04 05:48:00,44,0.432,0.568,0.500,+0.23,+0.61,+1.35
2026-08-04 05:53:18,44,0.250,0.500,0.545,+0.07,+0.45,+1.16
2026-08-04 05:58:36,44,0.318,0.523,0.545,+0.29,+0.67,+1.38
2026-08-04 06:03:54,44,0.455,0.477,0.523,+0.40,+0.41,+1.32
2026-08-04 06:09:11,44,0.568,0.409,0.523,+0.44,+0.47,+0.96
2026-08-04 06:14:29,44,0.545,0.455,0.432,+0.22,+0.24,+0.70
2026-08-04 06:19:47,44,0.545,0.432,0.432,+0.25,+0.23,+0.74
2026-08-04 06:25:05,44,0.523,0.386,0.432,+0.26,+0.24,+0.77
2026-08-04 06:30:22,44,0.591,0.386,0.432,+0.19,+0.17,+0.68
2026-08-04 06:35:40,43,0.628,0.442,0.465,+0.46,+0.47,+1.09
2026-08-04 06:41:02,43,0.605,0.419,0.512,+0.57,+0.57,+1.19
2026-08-04 06:46:20,43,0.605,0.465,0.512,+0.52,+0.53,+1.14
2026-08-04 06:51:38,43,0.605,0.465,0.535,+0.53,+0.52,+1.12
2026-08-04 06:56:55,43,0.581,0.465,0.488,+0.61,+0.61,+1.22
2026-08-04 07:02:12,42,0.429,0.476,0.429,+0.20,+0.57,+0.55
2026-08-04 07:07:29,42,0.405,0.405,0.405,+0.03,+0.43,+0.63
2026-08-04 07:12:45,42,0.429,0.429,0.452,+0.24,+0.65,+0.89
2026-08-04 07:18:03,43,0.419,0.442,0.465,+0.24,+0.64,+0.89
2026-08-04 07:23:21,43,0.419,0.465,0.488,+0.32,+0.76,+1.04
2026-08-04 07:28:38,43,0.419,0.442,0.465,+0.20,+0.66,+0.93
2026-08-04 07:33:56,43,0.419,0.419,0.442,+0.19,+0.64,+0.90
2026-08-04 07:39:13,42,0.429,0.452,0.452,+0.08,+0.54,+0.83
2026-08-04 07:44:29,41,0.390,0.415,0.415,+0.04,+0.50,+0.79
2026-08-04 07:49:46,41,0.390,0.415,0.439,+0.01,+0.47,+0.75
2026-08-04 07:55:03,41,0.317,0.439,0.463,+0.05,+0.50,+0.77
2026-08-04 08:00:19,41,0.439,0.366,0.463,-0.04,+0.26,+0.51
2026-08-04 08:05:36,41,0.415,0.390,0.537,-0.31,+0.19,+0.65
2026-08-04 08:10:53,41,0.390,0.439,0.463,-0.32,+0.28,+0.67
2026-08-04 08:16:10,41,0.317,0.463,0.439,-0.43,+0.20,+0.50
2026-08-04 08:21:26,41,0.293,0.439,0.463,-0.39,+0.24,+0.57
2026-08-04 08:26:43,41,0.341,0.463,0.463,-0.42,+0.21,+0.53
2026-08-04 08:31:59,41,0.317,0.390,0.439,-0.45,+0.18,+0.50
2026-08-04 08:37:16,42,0.333,0.357,0.429,-0.25,+0.38,+0.70
2026-08-04 08:42:32,42,0.310,0.333,0.405,-0.24,+0.40,+0.84
2026-08-04 08:47:49,42,0.286,0.405,0.405,-0.45,+0.19,+0.52
2026-08-04 08:53:06,42,0.286,0.405,0.381,-0.12,+0.53,+0.85
2026-08-04 08:58:23,42,0.310,0.357,0.357,-0.52,+0.11,+0.44
2026-08-04 09:03:41,43,0.395,0.349,0.372,-0.12,-0.14,+0.29
2026-08-04 09:08:58,42,0.476,0.405,0.452,+0.01,-0.01,+0.44
2026-08-04 09:14:15,42,0.429,0.405,0.429,-0.01,-0.02,+0.42
2026-08-04 09:19:32,42,0.452,0.405,0.476,-0.10,-0.11,+0.33
2026-08-04 09:24:50,43,0.395,0.349,0.419,-0.14,-0.16,+0.27
2026-08-04 09:30:07,42,0.333,0.381,0.405,-0.27,-0.30,+0.15
2026-08-04 09:35:25,43,0.326,0.349,0.419,-0.31,-0.28,+0.19
2026-08-04 09:40:43,43,0.372,0.302,0.419,-0.30,-0.28,+0.20
2026-08-04 09:46:00,43,0.256,0.326,0.372,-0.45,-0.44,+0.05
2026-08-04 09:51:17,43,0.279,0.326,0.395,-0.37,-0.36,+0.14
2026-08-04 09:56:35,43,0.186,0.326,0.349,-0.38,-0.36,+0.15
2026-08-04 10:01:52,43,0.372,0.256,0.349,-0.07,-0.56,+0.05
2026-08-04 10:07:10,43,0.372,0.302,0.349,+0.08,-0.45,+0.20
2026-08-04 10:12:28,43,0.372,0.302,0.349,+0.30,-0.22,+0.44
2026-08-04 10:17:45,42,0.333,0.333,0.333,+0.27,-0.28,+0.41
2026-08-04 10:23:02,43,0.349,0.326,0.349,+0.39,-0.16,+0.49
2026-08-04 10:28:20,44,0.364,0.250,0.295,+0.36,-0.17,+0.45
2026-08-04 10:33:37,43,0.349,0.326,0.372,+0.67,+0.11,+0.79
2026-08-04 10:38:54,42,0.333,0.357,0.357,+0.54,-0.01,+0.71
2026-08-04 10:44:11,42,0.452,0.381,0.452,+0.71,+0.12,+0.88
2026-08-04 10:49:28,42,0.405,0.357,0.429,+0.52,-0.04,+0.68
2026-08-04 10:54:45,42,0.524,0.476,0.405,+0.62,+0.06,+0.79
2026-08-04 11:00:03,42,0.476,0.429,0.429,+0.47,-0.08,+0.64
2026-08-04 11:05:20,42,0.619,0.452,0.405,+0.51,+0.03,+0.57
2026-08-04 11:10:37,42,0.595,0.476,0.381,+0.56,+0.05,+0.57
2026-08-04 11:15:54,41,0.512,0.439,0.366,+0.58,+0.08,+0.61
2026-08-04 11:21:11,41,0.561,0.390,0.366,+0.74,+0.23,+0.78
2026-08-04 11:26:28,41,0.561,0.415,0.390,+1.31,+0.76,+1.38
2026-08-04 11:31:45,41,0.610,0.463,0.390,+1.30,+0.79,+1.36
2026-08-04 11:37:02,41,0.585,0.537,0.390,+1.22,+0.66,+1.28
2026-08-04 11:42:19,41,0.561,0.561,0.390,+0.91,+0.38,+0.96
2026-08-04 11:47:36,41,0.512,0.512,0.390,+1.00,+0.46,+1.05
2026-08-04 11:52:53,41,0.561,0.512,0.415,+0.89,+0.36,+0.95
2026-08-04 11:58:10,41,0.561,0.463,0.390,+0.87,+0.33,+0.93
2026-08-04 12:03:26,41,0.341,0.537,0.341,+0.26,+0.69,+0.33
2026-08-04 12:08:43,41,0.317,0.537,0.390,-0.02,+0.44,+0.18
2026-08-04 12:14:00,42,0.238,0.405,0.310,-0.43,-0.02,-0.26
2026-08-04 12:19:18,42,0.214,0.381,0.310,-0.47,-0.04,-0.29
2026-08-04 12:24:34,41,0.244,0.317,0.268,-0.65,-0.28,-0.53
2026-08-04 12:29:51,41,0.293,0.415,0.268,-0.50,-0.13,-0.38
2026-08-04 12:35:08,41,0.293,0.415,0.317,-0.37,-0.01,-0.25
2026-08-04 12:40:25,41,0.293,0.463,0.366,-0.09,+0.27,+0.04
2026-08-04 12:45:42,41,0.317,0.463,0.366,+0.04,+0.39,+0.18
2026-08-04 12:50:58,41,0.366,0.512,0.366,-0.27,+0.11,-0.14
2026-08-04 12:56:15,41,0.293,0.390,0.317,-0.62,-0.24,-0.50
2026-08-04 13:01:33,41,0.341,0.488,0.366,-0.80,-0.01,-0.69
2026-08-04 13:06:49,41,0.390,0.561,0.317,-0.82,-0.04,-0.72
2026-08-04 13:12:06,40,0.425,0.550,0.375,-0.69,+0.09,-0.60
2026-08-04 13:17:21,40,0.450,0.575,0.375,-0.62,+0.19,-0.55
2026-08-04 13:22:38,41,0.561,0.585,0.366,-0.57,+0.21,-0.51
2026-08-04 13:27:54,40,0.575,0.650,0.400,-0.41,+0.39,-0.34
2026-08-04 13:33:11,40,0.425,0.650,0.425,-0.23,+0.55,-0.17
2026-08-04 13:38:27,39,0.410,0.667,0.436,-0.24,+0.55,-0.17
2026-08-04 13:43:47,39,0.436,0.538,0.385,-0.47,+0.29,-0.43
2026-08-04 13:49:16,39,0.410,0.538,0.462,-0.66,+0.12,-0.61
2026-08-04 13:54:32,39,0.385,0.538,0.436,-0.76,+0.02,-0.70
2026-08-04 13:59:48,39,0.487,0.641,0.462,-0.52,+0.25,-0.47
2026-08-04 14:05:04,39,0.385,0.385,0.462,+0.02,-0.57,-0.54
2026-08-04 14:10:20,39,0.436,0.410,0.462,-0.05,-0.73,-0.73
2026-08-04 14:15:36,39,0.487,0.308,0.410,-0.01,-0.69,-0.68
2026-08-04 14:20:52,39,0.487,0.333,0.410,-0.09,-0.78,-0.76
2026-08-04 14:26:08,38,0.500,0.342,0.395,+0.07,-0.65,-0.62
2026-08-04 14:31:24,38,0.474,0.263,0.395,-0.25,-0.96,-0.93
2026-08-04 14:36:41,38,0.368,0.211,0.368,-0.21,-0.93,-0.90
2026-08-04 14:41:58,38,0.421,0.316,0.395,-0.14,-0.86,-0.83
2026-08-04 14:47:14,38,0.421,0.289,0.342,-0.14,-0.86,-0.83
2026-08-04 14:52:30,38,0.421,0.263,0.395,-0.20,-0.93,-0.90
2026-08-04 14:57:48,38,0.447,0.289,0.447,-0.21,-0.95,-0.92
2026-08-04 15:03:04,38,0.316,0.316,0.421,-0.46,-1.09,-0.40
2026-08-04 15:08:20,38,0.342,0.395,0.447,-0.35,-0.91,-0.26
2026-08-04 15:13:37,38,0.289,0.316,0.447,-0.51,-1.06,-0.42
2026-08-04 15:18:55,38,0.289,0.368,0.474,-0.54,-1.09,-0.46
2026-08-04 15:24:12,38,0.316,0.342,0.500,-0.49,-1.05,-0.41
2026-08-04 15:29:27,37,0.324,0.324,0.432,-0.35,-0.90,-0.32
2026-08-04 15:34:44,37,0.324,0.378,0.405,-0.46,-1.03,-0.43
2026-08-04 15:40:00,37,0.405,0.351,0.351,-0.31,-0.88,-0.29
2026-08-04 15:45:28,37,0.351,0.324,0.297,-0.43,-0.98,-0.40
2026-08-04 15:50:45,37,0.270,0.459,0.351,-0.32,-0.86,-0.29
2026-08-04 15:56:02,37,0.216,0.351,0.297,-0.56,-1.08,-0.53
2026-08-04 16:01:18,37,0.378,0.351,0.459,+0.21,+0.01,-0.04
2026-08-04 16:06:34,37,0.432,0.351,0.486,+0.18,+0.17,+0.09
2026-08-04 16:11:50,37,0.324,0.351,0.514,+0.11,+0.12,-0.07
2026-08-04 16:17:08,37,0.324,0.324,0.459,+0.10,+0.13,-0.07
2026-08-04 16:22:25,37,0.351,0.297,0.486,+0.06,+0.08,-0.11
2026-08-04 16:27:41,37,0.351,0.324,0.514,+0.32,+0.34,+0.14
2026-08-04 16:32:57,37,0.459,0.378,0.486,+0.52,+0.53,+0.32
2026-08-04 16:38:14,37,0.432,0.351,0.514,+0.61,+0.64,+0.42
2026-08-04 16:43:32,37,0.351,0.378,0.541,+0.54,+0.56,+0.34
2026-08-04 16:48:48,37,0.405,0.459,0.568,+0.61,+0.62,+0.41
2026-08-04 16:54:03,37,0.432,0.459,0.541,+0.57,+0.57,+0.36
2026-08-04 16:59:18,37,0.405,0.405,0.541,+0.50,+0.50,+0.29
2026-08-04 17:04:33,37,0.541,0.324,0.324,+0.38,+0.06,-0.29
2026-08-04 17:09:48,37,0.486,0.297,0.351,+0.49,+0.13,-0.21
2026-08-04 17:15:03,37,0.486,0.297,0.270,+0.48,+0.10,-0.25
2026-08-04 17:20:18,36,0.444,0.278,0.250,+0.43,+0.04,-0.34
2026-08-04 17:25:35,36,0.417,0.222,0.250,+0.52,+0.13,-0.28
2026-08-04 17:30:50,36,0.444,0.222,0.250,+0.59,+0.20,-0.19
2026-08-04 17:36:06,36,0.444,0.278,0.250,+0.42,+0.03,-0.36
2026-08-04 17:41:22,36,0.417,0.278,0.250,+0.39,-0.00,-0.40
2026-08-04 17:46:38,36,0.444,0.306,0.278,+0.51,+0.12,-0.28
2026-08-04 17:51:53,36,0.472,0.333,0.194,+0.39,-0.01,-0.40
2026-08-04 17:57:11,36,0.444,0.306,0.222,+0.37,-0.02,-0.40
2026-08-04 18:02:26,36,0.472,0.333,0.278,+0.14,+0.39,-0.59
2026-08-04 18:07:42,36,0.278,0.333,0.278,-0.07,+0.39,-0.69
2026-08-04 18:12:58,36,0.389,0.389,0.361,-0.00,+0.53,-0.59
2026-08-04 18:18:16,36,0.361,0.389,0.361,+0.36,+0.89,-0.22
2026-08-04 18:23:31,36,0.361,0.389,0.306,+0.32,+0.86,-0.24
2026-08-04 18:28:47,36,0.444,0.389,0.333,+0.42,+0.95,-0.17
2026-08-04 18:34:02,36,0.500,0.417,0.333,+0.53,+1.06,-0.07
2026-08-04 18:39:18,36,0.417,0.444,0.306,+0.09,+0.63,-0.46
2026-08-04 18:44:34,37,0.378,0.405,0.297,+1.48,+1.99,+0.99
2026-08-04 18:49:50,37,0.351,0.405,0.297,+1.37,+1.87,+0.85
2026-08-04 18:55:06,37,0.351,0.432,0.324,+1.12,+1.63,+0.62
2026-08-04 19:00:23,37,0.459,0.405,0.324,+1.36,+1.72,+0.97
2026-08-04 19:05:39,37,0.297,0.432,0.378,+0.99,+1.41,+1.50
2026-08-04 19:10:57,37,0.378,0.432,0.378,+1.12,+1.50,+1.59
2026-08-04 19:16:13,37,0.324,0.459,0.351,+0.96,+1.38,+1.46
2026-08-04 19:21:37,37,0.351,0.432,0.405,+1.05,+1.46,+1.57
2026-08-04 19:26:54,37,0.378,0.486,0.405,+1.15,+1.56,+1.69
2026-08-04 19:32:25,37,0.351,0.486,0.378,+1.19,+1.63,+1.72
2026-08-04 19:37:44,37,0.324,0.514,0.378,+1.13,+1.53,+1.66
2026-08-04 19:43:05,37,0.405,0.459,0.324,+1.10,+1.52,+1.65
2026-08-04 19:48:25,38,0.500,0.605,0.447,+1.26,+1.68,+1.81
2026-08-04 19:53:42,38,0.500,0.605,0.447,+1.51,+1.93,+2.07
2026-08-04 19:59:04,38,0.526,0.658,0.421,+1.57,+1.99,+2.13
2026-08-04 20:04:21,38,0.553,0.447,0.368,+0.25,+1.64,+1.72
2026-08-04 20:09:39,38,0.500,0.447,0.395,+0.39,+1.79,+1.84
2026-08-04 20:14:58,37,0.568,0.459,0.405,+0.46,+1.84,+1.96
2026-08-04 20:20:16,37,0.514,0.405,0.378,+0.21,+1.45,+1.53
2026-08-04 20:25:34,37,0.486,0.405,0.378,+0.14,+1.39,+1.47
2026-08-04 20:30:52,37,0.459,0.405,0.351,+0.07,+1.33,+1.41
2026-08-04 20:36:11,37,0.459,0.432,0.297,+0.03,+1.28,+1.36
2026-08-04 20:48:42,37,0.577,0.333,0.267,+0.90,+0.53,-0.34
2026-08-04 20:54:00,38,0.526,0.474,0.368,+0.29,+1.49,+1.58
2026-08-04 20:59:18,38,0.526,0.500,0.395,+0.38,+1.59,+1.68
2026-08-04 21:04:36,38,0.421,0.500,0.526,-0.23,+1.16,+1.74
2026-08-04 21:09:53,38,0.447,0.500,0.500,-0.14,+1.24,+1.82
2026-08-04 21:15:10,38,0.447,0.474,0.553,-0.40,+0.99,+1.59
2026-08-04 21:20:26,38,0.395,0.474,0.474,-0.36,+1.00,+1.60
2026-08-04 21:25:42,38,0.447,0.474,0.500,-0.03,+1.38,+1.98
2026-08-04 21:31:03,38,0.447,0.526,0.500,-0.01,+1.39,+2.00
2026-08-04 21:36:18,38,0.474,0.526,0.553,+0.14,+1.57,+2.18
2026-08-04 21:41:43,38,0.526,0.553,0.553,+0.29,+1.71,+2.33
2026-08-04 21:46:59,38,0.474,0.500,0.579,+0.30,+1.75,+2.36
2026-08-04 21:52:17,38,0.526,0.500,0.553,+0.59,+2.14,+2.77
2026-08-04 21:57:32,38,0.447,0.500,0.553,+0.71,+2.31,+2.93
2026-08-04 22:02:48,38,0.553,0.526,0.632,+0.79,+1.13,+2.87
2026-08-04 22:08:05,37,0.405,0.459,0.622,+1.10,+1.41,+3.27
2026-08-04 22:13:39,37,0.405,0.486,0.595,+0.87,+1.16,+2.99
2026-08-04 22:18:56,38,0.432,0.459,0.595,+1.01,+1.31,+3.16
2026-08-04 22:24:12,38,0.405,0.486,0.595,+1.11,+1.42,+3.29
2026-08-04 22:29:33,39,0.421,0.500,0.526,+1.04,+1.32,+3.14
2026-08-04 22:34:49,39,0.447,0.526,0.526,+1.08,+1.37,+3.18
2026-08-04 22:40:06,39,0.421,0.526,0.579,+1.09,+1.37,+3.19
2026-08-04 22:45:24,39,0.368,0.421,0.553,+0.91,+1.19,+3.00
2026-08-04 22:50:40,39,0.342,0.474,0.553,+1.01,+1.30,+3.11
2026-08-04 22:55:55,38,0.297,0.459,0.514,+1.05,+1.41,+3.24
2026-08-04 23:01:11,38,0.263,0.421,0.316,-0.19,+0.79,+2.50
2026-08-04 23:06:26,38,0.237,0.342,0.316,-0.31,+0.48,+2.32
2026-08-04 23:11:42,39,0.211,0.263,0.289,-0.67,+0.17,+1.90
2026-08-04 23:16:58,40,0.205,0.256,0.333,-0.35,+0.48,+2.30
2026-08-04 23:22:14,40,0.256,0.308,0.333,-0.32,+0.52,+2.43
2026-08-04 23:27:30,40,0.282,0.359,0.385,-0.23,+0.62,+2.57
2026-08-04 23:32:46,40,0.231,0.333,0.385,-0.52,+0.32,+2.24
2026-08-04 23:38:01,40,0.256,0.359,0.385,-0.41,+0.43,+2.33
2026-08-04 23:43:18,40,0.308,0.436,0.462,-0.00,+0.85,+2.80
2026-08-04 23:48:35,40,0.231,0.410,0.462,+0.02,+0.87,+2.86
2026-08-04 23:53:51,41,0.300,0.425,0.450,+0.04,+0.86,+2.72
2026-08-04 23:59:07,41,0.325,0.450,0.450,+0.18,+1.01,+2.90
2026-08-05 00:04:24,40,0.425,0.350,0.400,-0.21,+0.61,+2.37
2026-08-05 00:09:40,41,0.415,0.268,0.390,-0.33,+0.43,+2.12
2026-08-05 00:14:56,41,0.512,0.341,0.439,+0.51,+1.21,+2.98
2026-08-05 00:20:12,41,0.439,0.341,0.366,+0.24,+0.95,+2.72
2026-08-05 00:25:29,41,0.390,0.341,0.366,+0.31,+1.02,+2.79
2026-08-05 00:30:45,41,0.317,0.341,0.341,+0.20,+0.90,+2.68
2026-08-05 00:36:02,41,0.366,0.317,0.341,+0.24,+0.95,+2.76
2026-08-05 00:41:18,41,0.341,0.341,0.390,+0.39,+1.09,+2.90
2026-08-05 00:46:35,41,0.537,0.390,0.415,+0.76,+1.44,+3.24
2026-08-05 00:51:51,41,0.537,0.390,0.488,+0.89,+1.58,+3.43
2026-08-05 00:57:06,41,0.463,0.366,0.415,+0.68,+1.40,+3.22
2026-08-05 01:02:23,41,0.366,0.390,0.488,+0.52,+0.69,+1.80
2026-08-05 01:07:39,41,0.341,0.366,0.463,+0.47,+0.67,+1.71
2026-08-05 01:12:55,41,0.341,0.366,0.463,+0.34,+0.53,+1.57
2026-08-05 01:18:11,41,0.317,0.390,0.439,+0.25,+0.42,+1.41
2026-08-05 01:23:28,40,0.375,0.400,0.425,+0.46,+0.60,+1.64
2026-08-05 01:28:43,40,0.450,0.400,0.475,+0.42,+0.56,+1.59
2026-08-05 01:33:59,40,0.400,0.375,0.500,+0.53,+0.67,+1.70
2026-08-05 01:39:16,40,0.350,0.350,0.475,+0.61,+0.75,+1.79
2026-08-05 01:44:32,40,0.400,0.325,0.475,+0.72,+0.85,+1.88
2026-08-05 01:49:47,40,0.425,0.400,0.475,+0.59,+0.73,+1.77
2026-08-05 01:55:03,40,0.375,0.375,0.475,+0.53,+0.66,+1.70
2026-08-05 02:00:19,40,0.425,0.350,0.475,-0.03,+0.59,+1.46
2026-08-05 02:05:35,40,0.475,0.500,0.475,+0.15,+0.93,+1.66
2026-08-05 02:10:50,40,0.475,0.550,0.500,-0.04,+0.61,+1.36
2026-08-05 02:16:06,40,0.400,0.450,0.450,-0.14,+0.47,+1.27
2026-08-05 02:21:23,40,0.400,0.500,0.450,-0.08,+0.55,+1.36
2026-08-05 02:26:38,40,0.350,0.475,0.425,-0.10,+0.54,+1.34
2026-08-05 02:31:55,40,0.375,0.550,0.425,-0.14,+0.49,+1.27
2026-08-05 02:37:12,40,0.450,0.550,0.450,-0.20,+0.42,+1.20
2026-08-05 02:42:30,40,0.400,0.525,0.425,-0.26,+0.37,+1.15
2026-08-05 02:47:45,40,0.425,0.500,0.425,-0.30,+0.32,+1.09
2026-08-05 02:53:01,40,0.325,0.400,0.400,-0.28,+0.33,+1.16
2026-08-05 02:58:17,40,0.350,0.375,0.375,-0.38,+0.26,+1.05
2026-08-05 03:03:34,40,0.350,0.325,0.325,-0.44,+0.13,+0.95
2026-08-05 03:08:50,40,0.350,0.325,0.325,-0.38,+0.12,+0.94
2026-08-05 03:14:06,40,0.400,0.375,0.325,-0.41,+0.15,+0.90
2026-08-05 03:19:21,40,0.425,0.525,0.375,-0.37,+0.21,+0.95
2026-08-05 03:24:37,39,0.410,0.487,0.385,-0.46,+0.16,+0.96
2026-08-05 03:29:52,39,0.487,0.462,0.436,-0.31,+0.30,+1.12
2026-08-05 03:35:07,39,0.462,0.462,0.436,-0.39,+0.22,+1.01
2026-08-05 03:40:23,39,0.462,0.436,0.462,-0.33,+0.27,+1.07
2026-08-05 03:45:39,39,0.436,0.385,0.410,-0.34,+0.26,+1.05
2026-08-05 03:50:54,39,0.487,0.410,0.385,-0.30,+0.30,+1.11
2026-08-05 03:56:10,39,0.487,0.462,0.436,-0.32,+0.29,+1.12
2026-08-05 04:01:26,39,0.538,0.385,0.410,+0.11,-0.39,+0.49
2026-08-05 04:06:41,39,0.538,0.513,0.462,+0.39,+0.04,+0.78
2026-08-05 04:11:56,39,0.513,0.487,0.513,+0.60,+0.24,+0.98
2026-08-05 04:17:12,39,0.538,0.513,0.513,+0.69,+0.34,+1.07
2026-08-05 04:22:27,39,0.590,0.487,0.436,+0.69,+0.34,+1.07
2026-08-05 04:27:44,39,0.590,0.487,0.436,+0.58,+0.23,+0.95
2026-08-05 04:33:01,39,0.590,0.487,0.410,+0.58,+0.23,+0.95
2026-08-05 04:38:16,39,0.538,0.513,0.513,+0.63,+0.28,+1.00
2026-08-05 04:43:32,39,0.590,0.513,0.487,+0.57,+0.22,+0.92
2026-08-05 04:48:49,39,0.590,0.538,0.513,+0.66,+0.33,+1.04
2026-08-05 04:54:04,39,0.615,0.564,0.462,+0.66,+0.33,+1.03
2026-08-05 04:59:20,39,0.564,0.538,0.513,+0.68,+0.35,+1.05
2026-08-05 05:04:36,39,0.487,0.590,0.590,+0.34,+0.05,+0.99
2026-08-05 05:09:51,39,0.462,0.615,0.590,+0.30,+0.14,+0.95
2026-08-05 05:15:08,39,0.487,0.590,0.564,+0.27,+0.08,+0.94
2026-08-05 05:20:24,40,0.350,0.525,0.500,+0.29,+0.14,+0.83
2026-08-05 05:25:41,40,0.375,0.525,0.450,+0.26,+0.07,+0.77
2026-08-05 05:30:58,40,0.475,0.525,0.500,+0.35,+0.17,+0.87
2026-08-05 05:36:14,39,0.385,0.538,0.564,+0.33,+0.11,+0.86
2026-08-05 05:41:30,40,0.550,0.550,0.550,+0.48,+0.30,+1.05
2026-08-05 05:46:45,40,0.625,0.550,0.550,+0.53,+0.35,+1.10
2026-08-05 05:52:01,40,0.575,0.550,0.550,+0.33,+0.15,+0.90
2026-08-05 05:57:19,40,0.575,0.600,0.575,+0.46,+0.27,+1.01
2026-08-05 06:02:36,40,0.400,0.550,0.525,-0.02,+0.48,+0.88
2026-08-05 06:07:53,39,0.462,0.615,0.487,+0.26,+0.57,+0.92
2026-08-05 06:13:10,40,0.450,0.550,0.400,+0.01,+0.40,+0.69
2026-08-05 06:18:27,40,0.475,0.575,0.375,-0.00,+0.37,+0.65
2026-08-05 06:23:48,40,0.375,0.500,0.350,-0.19,+0.19,+0.45
2026-08-05 06:29:06,40,0.325,0.500,0.400,-0.12,+0.26,+0.54
2026-08-05 06:34:25,40,0.325,0.475,0.425,-0.04,+0.34,+0.61
2026-08-05 06:39:47,40,0.350,0.575,0.450,+0.13,+0.50,+0.77
2026-08-05 06:45:08,40,0.350,0.575,0.475,+0.08,+0.46,+0.73
2026-08-05 06:50:27,40,0.325,0.575,0.500,+0.15,+0.53,+0.80
2026-08-05 06:55:46,40,0.325,0.550,0.400,+0.00,+0.38,+0.67
2026-08-05 07:01:08,40,0.400,0.350,0.375,+0.06,+0.43,+0.20
2026-08-05 07:06:27,40,0.350,0.325,0.425,-0.13,+0.36,+0.23
2026-08-05 07:11:46,40,0.375,0.300,0.425,-0.12,+0.39,+0.32
2026-08-05 07:17:34,40,0.400,0.350,0.425,-0.07,+0.44,+0.36
2026-08-05 07:22:52,40,0.400,0.325,0.450,-0.03,+0.48,+0.37
2026-08-05 07:28:10,41,0.341,0.317,0.463,-0.13,+0.35,+0.30
2026-08-05 07:33:30,41,0.415,0.341,0.439,-0.12,+0.38,+0.34
2026-08-05 07:38:51,41,0.415,0.390,0.439,-0.05,+0.44,+0.41
2026-08-05 07:44:42,41,0.390,0.317,0.439,-0.01,+0.47,+0.44
2026-08-05 07:50:13,41,0.390,0.366,0.463,+0.11,+0.55,+0.45
2026-08-05 07:55:35,41,0.415,0.341,0.415,+0.14,+0.60,+0.51
2026-08-05 08:00:51,41,0.488,0.415,0.463,+0.14,+0.30,+0.19
2026-08-05 08:06:08,41,0.561,0.415,0.512,+0.19,+0.20,+0.33
2026-08-05 08:11:24,41,0.610,0.488,0.610,+0.21,+0.21,+0.35
2026-08-05 08:16:40,41,0.585,0.488,0.585,+0.33,+0.33,+0.46
2026-08-05 08:21:55,40,0.650,0.550,0.600,+0.37,+0.37,+0.50
2026-08-05 08:27:12,40,0.550,0.475,0.500,+0.18,+0.19,+0.32
2026-08-07 00:57:06,45,0.578,0.467,0.444,+1.09,+3.44,+4.56
2026-08-07 01:02:22,45,0.356,0.578,0.511,+0.62,+2.60,+5.31
2026-08-07 01:07:37,45,0.378,0.578,0.600,+0.99,+2.97,+5.62
2026-08-07 01:12:53,45,0.422,0.600,0.578,+1.24,+3.27,+5.96
2026-08-07 01:18:09,45,0.378,0.533,0.511,+0.87,+2.89,+5.58
2026-08-07 01:23:24,45,0.444,0.533,0.600,+1.38,+3.44,+6.16
2026-08-07 01:28:38,45,0.467,0.511,0.511,+1.22,+3.28,+5.98
2026-08-07 01:33:53,45,0.400,0.622,0.533,+0.92,+2.91,+5.61
2026-08-07 01:39:09,45,0.422,0.578,0.556,+1.17,+3.15,+5.96
2026-08-07 01:44:24,45,0.511,0.600,0.622,+0.98,+2.92,+5.69
2026-08-07 01:49:40,45,0.489,0.622,0.600,+0.95,+2.87,+5.64
2026-08-07 01:54:56,45,0.489,0.600,0.644,+1.07,+3.00,+5.78
2026-08-07 02:00:14,45,0.511,0.667,0.622,+0.87,+1.85,+4.68
2026-08-07 02:05:30,46,0.543,0.565,0.674,-0.01,+0.86,+4.06
2026-08-07 02:10:46,45,0.556,0.511,0.644,+0.03,+0.97,+4.21
2026-08-07 02:16:02,46,0.522,0.522,0.609,-0.04,+0.91,+4.14
2026-08-07 02:21:20,46,0.565,0.543,0.630,-0.19,+0.79,+4.02
2026-08-07 02:26:38,46,0.565,0.522,0.674,-0.18,+0.81,+4.02
2026-08-07 02:31:13,46,0.457,0.522,0.674,-0.22,+0.81,+4.03
2026-08-07 02:36:30,46,0.478,0.522,0.652,-0.09,+0.95,+4.15
2026-08-07 07:30:06,44,0.477,0.409,0.386,+0.12,+0.36,+0.42
2026-08-07 07:35:22,44,0.455,0.409,0.386,+0.17,+0.41,+0.46
2026-08-07 07:40:37,44,0.455,0.455,0.386,+0.23,+0.47,+0.51
2026-08-07 07:45:53,44,0.432,0.455,0.364,+0.28,+0.52,+0.56
2026-08-07 07:51:08,44,0.455,0.455,0.364,+0.26,+0.50,+0.54
2026-08-07 07:56:25,44,0.432,0.455,0.386,+0.23,+0.47,+0.50
2026-08-07 08:02:53,44,0.409,0.432,0.364,+0.05,+0.51,+0.35
2026-08-07 08:08:09,44,0.341,0.386,0.364,+0.08,+0.56,+0.44
2026-08-07 08:13:24,44,0.364,0.409,0.364,+0.21,+0.70,+0.55
2026-08-07 08:18:40,44,0.318,0.432,0.341,+0.10,+0.58,+0.43
2026-08-07 08:23:56,44,0.318,0.386,0.364,-0.10,+0.38,+0.23
2026-08-07 08:29:12,44,0.318,0.386,0.295,-0.26,+0.22,+0.08
2026-08-07 08:34:35,44,0.318,0.341,0.295,-0.21,+0.27,+0.13
2026-08-07 08:39:51,44,0.295,0.341,0.295,-0.33,+0.15,+0.01
2026-08-07 08:45:07,44,0.341,0.341,0.318,-0.37,+0.11,-0.05
2026-08-07 08:50:23,44,0.318,0.386,0.295,-0.27,+0.21,+0.06
2026-08-07 08:55:39,44,0.318,0.432,0.295,-0.23,+0.26,+0.12
2026-08-07 09:00:55,44,0.318,0.409,0.318,-0.22,+0.07,+0.51
2026-08-07 09:06:16,44,0.386,0.432,0.386,+0.01,+0.23,+0.83
2026-08-07 09:11:31,44,0.432,0.432,0.364,-0.09,+0.14,+0.74
2026-08-07 09:16:47,44,0.455,0.432,0.409,-0.08,+0.19,+0.77
2026-08-07 09:22:03,44,0.341,0.341,0.341,-0.30,-0.07,+0.55
2026-08-07 09:27:19,44,0.409,0.432,0.364,-0.32,-0.07,+0.53
2026-08-07 09:32:35,44,0.364,0.386,0.409,-0.37,-0.14,+0.47
2026-08-07 09:37:18,44,0.409,0.432,0.364,-0.30,-0.07,+0.53
2026-08-07 09:42:34,44,0.409,0.364,0.318,-0.40,-0.18,+0.42
2026-08-07 09:47:50,44,0.409,0.386,0.386,-0.14,+0.08,+0.71
2026-08-07 09:53:06,44,0.341,0.364,0.295,-0.40,-0.19,+0.42
2026-08-07 09:58:22,44,0.386,0.386,0.295,-0.69,-0.44,+0.17
2026-08-07 10:03:37,44,0.455,0.318,0.386,-0.33,-0.57,-0.08
2026-08-07 10:08:26,44,0.477,0.295,0.386,-0.25,-0.49,+0.01
2026-08-07 10:13:42,44,0.455,0.273,0.318,-0.54,-0.76,-0.26
2026-08-07 10:18:58,44,0.432,0.273,0.341,-0.45,-0.63,-0.16
2026-08-07 10:24:14,44,0.432,0.205,0.318,-0.62,-0.84,-0.32
2026-08-07 10:29:30,44,0.432,0.205,0.364,-0.60,-0.82,-0.30
2026-08-07 10:34:46,44,0.477,0.227,0.364,-0.45,-0.68,-0.17
2026-08-07 10:39:06,44,0.386,0.227,0.341,-0.48,-0.74,-0.23
2026-08-07 10:44:22,44,0.295,0.205,0.318,-0.60,-0.84,-0.32
2026-08-07 10:49:37,43,0.419,0.233,0.326,-0.66,-0.88,-0.36
2026-08-07 10:54:52,43,0.372,0.186,0.279,-0.84,-1.09,-0.54
2026-08-07 11:00:08,43,0.233,0.302,0.256,-0.94,-0.50,-0.20
2026-08-07 11:05:23,42,0.333,0.381,0.333,-0.25,-0.93,-0.40
2026-08-07 11:10:06,42,0.214,0.333,0.310,-0.17,-0.82,-0.32
2026-08-07 11:15:21,42,0.310,0.286,0.262,-0.40,-1.08,-0.58
2026-08-07 11:20:36,42,0.476,0.405,0.310,-0.28,-0.97,-0.47
2026-08-07 11:25:52,42,0.214,0.214,0.238,-0.71,-1.39,-0.87
2026-08-07 11:31:07,42,0.190,0.167,0.214,-0.98,-1.69,-1.18
2026-08-07 11:36:22,42,0.262,0.190,0.286,-1.00,-1.68,-1.16
2026-08-07 11:40:46,44,0.227,0.182,0.250,-0.68,-1.27,-0.77
2026-08-07 11:46:02,44,0.364,0.205,0.295,-0.47,-1.09,-0.60
2026-08-07 11:51:17,44,0.250,0.227,0.295,-0.90,-1.52,-1.03
2026-08-07 11:56:34,44,0.227,0.273,0.318,-1.85,-2.43,-1.92
2026-08-07 12:01:49,44,0.205,0.182,0.250,-1.90,-2.44,-2.35
2026-08-07 12:07:05,44,0.182,0.250,0.205,-1.81,-2.29,-2.19
2026-08-07 12:11:25,44,0.295,0.250,0.227,-1.77,-2.27,-2.17
2026-08-07 12:16:41,44,0.205,0.205,0.205,-1.82,-2.31,-2.21
2026-08-07 12:21:56,44,0.273,0.227,0.250,-1.80,-2.30,-2.19
2026-08-07 12:27:12,44,0.227,0.227,0.205,-1.84,-2.35,-2.26
2026-08-07 12:32:28,44,0.250,0.250,0.250,-1.72,-2.21,-2.12
2026-08-07 12:37:44,44,0.205,0.273,0.273,-1.69,-2.17,-2.07
2026-08-07 12:42:28,45,0.222,0.244,0.244,-1.65,-2.13,-2.01
2026-08-07 12:47:44,45,0.178,0.222,0.222,-1.55,-2.02,-1.91
2026-08-07 12:53:00,45,0.200,0.222,0.222,-1.41,-1.87,-1.74
2026-08-07 12:58:16,44,0.182,0.205,0.205,-1.42,-1.88,-1.79
2026-08-07 13:03:32,44,0.364,0.205,0.182,+0.15,-1.43,-2.10
2026-08-07 13:08:47,44,0.364,0.182,0.182,+0.08,-1.57,-2.26
2026-08-07 13:13:07,44,0.295,0.182,0.182,-0.06,-1.72,-2.39
2026-08-07 13:18:23,44,0.273,0.182,0.182,+0.03,-1.64,-2.34
2026-08-07 13:23:38,44,0.295,0.182,0.205,-0.11,-1.75,-2.44
2026-08-07 13:28:55,44,0.250,0.205,0.205,-0.47,-2.10,-2.78
2026-08-07 13:34:10,44,0.250,0.205,0.182,-0.46,-2.09,-2.76
2026-08-07 13:39:26,45,0.267,0.200,0.200,-0.36,-1.92,-2.53
2026-08-07 13:43:47,45,0.333,0.200,0.200,-0.34,-1.89,-2.53
2026-08-07 13:49:03,45,0.356,0.178,0.222,-0.25,-1.82,-2.42
2026-08-07 13:54:19,45,0.333,0.200,0.222,-0.20,-1.78,-2.36
2026-08-07 13:59:36,45,0.356,0.222,0.244,+0.00,-1.57,-2.15
2026-08-07 14:04:52,45,0.489,0.200,0.267,-0.20,-1.60,-2.02
2026-08-07 14:10:08,44,0.455,0.250,0.227,+0.07,-1.43,-1.94
2026-08-07 14:14:50,44,0.409,0.250,0.227,-0.04,-1.53,-2.03
2026-08-07 14:20:06,44,0.386,0.250,0.227,-0.05,-1.54,-2.03
2026-08-07 14:25:22,44,0.432,0.250,0.250,-0.02,-1.51,-1.97
2026-08-07 14:30:38,44,0.364,0.250,0.250,-0.20,-1.60,-2.12
2026-08-07 14:35:53,44,0.318,0.205,0.205,-0.57,-1.97,-2.49
2026-08-07 14:41:09,45,0.333,0.200,0.200,-0.69,-2.09,-2.58
2026-08-07 14:45:30,45,0.400,0.222,0.222,-0.86,-2.27,-2.75
2026-08-07 14:50:46,45,0.356,0.244,0.222,-1.12,-2.54,-3.07
2026-08-07 14:56:02,45,0.356,0.244,0.200,-1.25,-2.67,-3.20
2026-08-07 15:01:18,45,0.444,0.222,0.200,-0.74,-1.20,-2.97
2026-08-07 15:06:35,46,0.435,0.283,0.174,-0.11,-0.13,-2.27
2026-08-07 15:11:51,46,0.478,0.348,0.239,-0.05,-0.09,-2.24
2026-08-07 15:16:11,46,0.543,0.348,0.217,+0.16,+0.11,-2.05
2026-08-07 15:21:27,46,0.522,0.413,0.239,+0.40,+0.35,-1.83
2026-08-07 15:26:43,46,0.522,0.413,0.239,+0.03,-0.00,-2.16
2026-08-07 15:32:00,47,0.489,0.340,0.213,-0.28,-0.28,-2.34
2026-08-07 15:37:17,47,0.511,0.362,0.213,+0.05,-0.00,-2.08
2026-08-07 15:42:34,47,0.532,0.404,0.234,+0.13,+0.08,-1.99
2026-08-07 15:46:44,47,0.511,0.404,0.255,+0.18,+0.13,-1.94
2026-08-07 15:52:01,47,0.511,0.362,0.277,+0.10,+0.07,-2.00
2026-08-07 15:57:17,47,0.489,0.404,0.255,+0.17,+0.14,-1.94
2026-08-07 16:02:34,47,0.383,0.383,0.213,+0.16,-0.64,-1.95
2026-08-07 16:07:51,47,0.383,0.383,0.213,+0.06,-0.71,-2.18
2026-08-07 16:13:07,46,0.457,0.370,0.239,+0.22,-0.64,-1.99
2026-08-07 16:17:23,47,0.532,0.426,0.255,+0.07,-0.75,-2.11
2026-08-07 16:22:40,47,0.574,0.426,0.255,+0.14,-0.65,-2.03
2026-08-07 16:27:57,48,0.500,0.396,0.271,-0.20,-0.99,-2.24
2026-08-07 16:33:15,48,0.500,0.396,0.229,-0.41,-1.21,-2.46
2026-08-07 16:38:33,49,0.469,0.388,0.245,+0.59,-0.19,-1.39
2026-08-07 16:43:50,49,0.367,0.388,0.245,+0.99,+0.17,-1.03
2026-08-07 16:48:03,49,0.449,0.408,0.265,+0.96,+0.16,-1.02
2026-08-07 16:53:21,49,0.510,0.388,0.245,+1.18,+0.40,-0.77
2026-08-07 16:58:38,48,0.542,0.438,0.250,+1.27,+0.44,-0.80
2026-08-07 17:03:55,48,0.500,0.521,0.292,+0.56,+0.49,-1.52
2026-08-07 17:09:12,48,0.542,0.500,0.312,+0.93,+0.87,-0.88
2026-08-07 17:14:30,50,0.600,0.520,0.360,+0.97,+1.14,-0.47
2026-08-07 17:18:35,50,0.640,0.540,0.360,+1.06,+1.23,-0.39
2026-08-07 17:23:53,50,0.580,0.540,0.340,+1.24,+1.42,-0.19
2026-08-07 17:29:11,50,0.580,0.620,0.340,+1.36,+1.53,-0.08
2026-08-07 17:34:29,50,0.600,0.560,0.300,+1.17,+1.34,-0.25
2026-08-07 17:39:46,50,0.620,0.540,0.320,+1.14,+1.32,-0.27
2026-08-07 17:45:04,49,0.653,0.633,0.408,+1.01,+1.18,-0.42
2026-08-07 17:49:14,49,0.571,0.592,0.449,+0.80,+0.96,-0.60
2026-08-07 17:54:32,49,0.571,0.592,0.449,+0.45,+0.61,-0.94
2026-08-07 17:59:49,49,0.592,0.531,0.327,-0.09,+0.07,-1.45
2026-08-07 18:05:07,49,0.490,0.449,0.367,-1.32,-0.44,-0.41
2026-08-07 18:10:24,49,0.531,0.449,0.388,-1.71,-0.84,-0.77
2026-08-07 18:15:42,49,0.551,0.469,0.388,-1.73,-0.86,-0.79
2026-08-07 18:19:53,49,0.531,0.469,0.367,-1.65,-0.77,-0.69
2026-08-07 18:25:10,48,0.438,0.458,0.396,-1.72,-0.85,-0.77
2026-08-07 18:30:27,48,0.438,0.396,0.375,-1.81,-0.95,-0.88
2026-08-07 18:35:45,48,0.500,0.458,0.396,-1.66,-0.79,-0.72
2026-08-07 18:41:02,48,0.500,0.521,0.438,-1.61,-0.77,-0.66
2026-08-07 18:46:19,48,0.521,0.500,0.438,-1.68,-0.81,-0.72
2026-08-07 18:50:24,48,0.521,0.479,0.438,-1.54,-0.66,-0.57
2026-08-07 18:55:41,48,0.479,0.458,0.458,-1.52,-0.65,-0.56
2026-08-07 19:00:58,48,0.458,0.479,0.458,-0.84,-1.03,-0.87
2026-08-07 19:06:16,48,0.521,0.646,0.500,-0.42,-0.46,-0.53
2026-08-07 19:11:33,48,0.542,0.604,0.500,-0.25,-0.31,-0.40
2026-08-07 19:16:50,47,0.574,0.617,0.489,-0.25,-0.34,-0.42
2026-08-07 19:21:04,47,0.574,0.596,0.489,-0.09,-0.16,-0.26
2026-08-07 19:26:20,47,0.532,0.617,0.468,-0.12,-0.22,-0.30
2026-08-07 19:31:38,48,0.542,0.646,0.458,-0.14,-0.21,-0.28
2026-08-07 19:36:55,48,0.583,0.646,0.458,+0.07,-0.06,-0.13
2026-08-07 19:42:12,48,0.542,0.646,0.458,-0.02,-0.11,-0.17
2026-08-07 19:47:29,48,0.542,0.604,0.458,-0.06,-0.16,-0.22
2026-08-07 19:51:44,48,0.583,0.625,0.479,+0.05,-0.06,-0.12
2026-08-07 19:57:01,48,0.562,0.604,0.479,-0.11,-0.20,-0.25
2026-08-07 20:02:17,47,0.532,0.574,0.511,+0.65,-0.98,-0.04
2026-08-07 20:07:34,47,0.574,0.617,0.532,+0.57,-1.11,-0.09
2026-08-07 20:12:51,48,0.521,0.604,0.542,+0.60,-1.06,-0.14
2026-08-07 20:18:08,48,0.458,0.604,0.542,+0.68,-1.01,-0.02
2026-08-07 20:22:27,48,0.562,0.604,0.542,+0.77,-0.92,+0.03
2026-08-07 20:27:45,48,0.583,0.667,0.542,+0.90,-0.82,+0.11
2026-08-07 20:33:02,48,0.562,0.646,0.542,+1.05,-0.75,+0.17
2026-08-07 20:38:19,48,0.542,0.646,0.542,+0.89,-0.93,+0.01
2026-08-07 20:43:36,48,0.583,0.646,0.542,+1.05,-0.80,+0.13
2026-08-07 20:48:53,48,0.604,0.583,0.542,+1.08,-0.86,+0.11
2026-08-07 20:53:07,48,0.542,0.583,0.521,+0.96,-0.99,-0.04
2026-08-07 20:58:24,48,0.583,0.583,0.542,+0.86,-1.01,-0.06
2026-08-07 21:03:41,48,0.542,0.542,0.521,+0.17,-0.04,-0.16
2026-08-07 21:08:59,49,0.551,0.531,0.490,+0.07,-0.13,-0.14
2026-08-07 21:14:16,49,0.592,0.469,0.469,-0.02,-0.23,-0.24
2026-08-07 21:19:34,49,0.531,0.510,0.510,-0.19,-0.40,-0.44
2026-08-07 21:23:46,49,0.592,0.531,0.531,+0.00,-0.22,-0.26
2026-08-07 21:29:05,49,0.612,0.510,0.510,-0.09,-0.29,-0.34
2026-08-07 21:34:23,49,0.551,0.490,0.469,-0.23,-0.45,-0.50
2026-08-07 21:39:41,49,0.510,0.469,0.490,-0.21,-0.42,-0.46
2026-08-07 21:44:58,49,0.469,0.429,0.449,-0.19,-0.39,-0.41
2026-08-07 21:50:15,49,0.449,0.449,0.510,+0.07,-0.13,-0.14
2026-08-07 21:54:19,48,0.396,0.396,0.479,+0.12,-0.10,-0.14
2026-08-07 21:59:37,48,0.479,0.438,0.500,-0.03,-0.25,-0.30
2026-08-07 22:04:54,48,0.375,0.562,0.500,-0.04,+0.56,-0.32
2026-08-07 22:10:11,48,0.312,0.562,0.500,+0.01,+0.60,-0.24
2026-08-07 22:15:30,48,0.312,0.521,0.500,-0.06,+0.62,-0.41
2026-08-07 22:20:49,49,0.347,0.551,0.531,-0.11,+0.46,-0.51
2026-08-07 22:24:57,49,0.367,0.490,0.551,-0.10,+0.51,-0.58
2026-08-07 22:30:16,50,0.380,0.520,0.520,+0.35,+0.94,-0.11
2026-08-07 22:35:39,50,0.400,0.600,0.560,+0.50,+1.09,+0.04
2026-08-07 22:40:58,50,0.420,0.580,0.540,+0.45,+1.04,-0.03
2026-08-07 22:46:15,49,0.429,0.510,0.592,+0.31,+0.84,-0.08
2026-08-07 22:51:33,49,0.408,0.551,0.531,+0.46,+1.01,+0.05
2026-08-07 22:56:51,49,0.408,0.531,0.551,+0.28,+0.81,-0.09
2026-08-07 23:19:25,47,0.362,0.404,0.468,-0.43,-0.11,-1.21
2026-08-07 23:24:45,47,0.404,0.511,0.532,-0.27,+0.03,-1.02
2026-08-07 23:30:02,47,0.468,0.553,0.553,-0.20,+0.12,-0.98
2026-08-07 23:35:18,47,0.447,0.596,0.574,-0.01,+0.30,-0.79
2026-08-07 23:40:35,47,0.362,0.532,0.553,-0.38,-0.09,-1.16
2026-08-07 23:45:53,47,0.383,0.489,0.511,-0.46,-0.18,-1.26
2026-08-07 23:51:07,47,0.340,0.489,0.511,-0.38,-0.10,-1.16
2026-08-07 23:56:24,47,0.319,0.362,0.468,-0.60,-0.32,-1.37
2026-08-08 00:01:41,47,0.319,0.340,0.404,-0.31,-0.14,-0.39
2026-08-08 00:06:58,47,0.298,0.298,0.383,-0.60,-0.41,-0.61
2026-08-08 00:12:15,47,0.277,0.340,0.468,-0.37,-0.19,-0.39
2026-08-08 00:17:33,47,0.298,0.340,0.468,-0.24,-0.21,-0.42
2026-08-08 00:21:56,47,0.298,0.362,0.468,-0.32,-0.14,-0.35
2026-08-08 00:27:13,47,0.277,0.362,0.447,-0.51,-0.33,-0.54
2026-08-08 00:32:31,48,0.354,0.354,0.438,-0.07,+0.06,-0.05
2026-08-08 00:37:48,48,0.354,0.354,0.438,-0.07,+0.07,-0.05
2026-08-08 00:43:05,48,0.354,0.396,0.458,+0.01,+0.16,+0.05
2026-08-08 00:48:22,48,0.375,0.333,0.458,+0.10,+0.23,+0.14
2026-08-08 00:53:16,48,0.396,0.333,0.438,+0.07,+0.22,+0.11
2026-08-08 00:58:34,48,0.354,0.396,0.438,+0.20,+0.33,+0.22
2026-08-08 01:03:51,48,0.542,0.417,0.417,+0.62,+0.18,+0.85
2026-08-08 01:09:08,48,0.521,0.438,0.438,+0.55,+0.22,+1.07
2026-08-08 01:14:26,48,0.562,0.417,0.479,+0.54,+0.14,+1.05
2026-08-08 01:19:45,49,0.531,0.408,0.469,+0.51,+0.09,+0.95
2026-08-08 01:24:02,49,0.531,0.408,0.429,+0.62,+0.22,+1.09
2026-08-08 01:29:19,49,0.469,0.367,0.429,+0.77,+0.38,+1.24
2026-08-08 01:34:37,49,0.531,0.367,0.408,+0.98,+0.58,+1.44
2026-08-08 01:39:54,49,0.531,0.367,0.408,+0.83,+0.43,+1.29
2026-08-08 01:45:12,49,0.490,0.367,0.388,+0.54,+0.15,+0.98
2026-08-08 01:50:29,49,0.408,0.327,0.408,+0.25,-0.14,+0.69
2026-08-08 01:54:44,49,0.429,0.306,0.429,+0.15,-0.25,+0.58
2026-08-08 02:00:02,49,0.408,0.306,0.347,+0.03,-0.28,+0.58
2026-08-08 02:05:19,49,0.204,0.327,0.347,-0.26,+0.19,+0.30
2026-08-08 02:10:37,49,0.245,0.367,0.388,+0.01,+0.45,+0.51
2026-08-08 02:15:55,48,0.271,0.292,0.354,-0.14,+0.26,+0.28
2026-08-08 02:21:12,48,0.271,0.375,0.333,+0.13,+0.53,+0.55
2026-08-08 02:25:19,48,0.312,0.333,0.354,+0.06,+0.47,+0.49
2026-08-08 02:30:37,48,0.312,0.354,0.375,+0.12,+0.52,+0.54
2026-08-08 02:35:54,48,0.312,0.333,0.354,+0.06,+0.46,+0.48
2026-08-08 02:41:11,48,0.354,0.333,0.354,+0.18,+0.57,+0.59
2026-08-08 02:46:28,48,0.312,0.333,0.375,+0.04,+0.46,+0.49
2026-08-08 02:51:45,48,0.312,0.312,0.354,+0.15,+0.58,+0.60
2026-08-08 02:56:03,48,0.354,0.312,0.354,+0.10,+0.53,+0.55
2026-08-08 03:01:21,48,0.521,0.458,0.354,+0.38,+0.68,+0.64
2026-08-08 03:06:38,48,0.521,0.479,0.354,+0.44,+0.65,+0.59
2026-08-08 03:11:55,48,0.583,0.500,0.333,+0.61,+0.73,+0.58
2026-08-08 03:17:12,47,0.468,0.468,0.319,+0.38,+0.57,+0.34
2026-08-08 03:22:28,47,0.489,0.468,0.340,+0.33,+0.53,+0.30
2026-08-08 03:26:45,48,0.417,0.438,0.333,+0.38,+0.57,+0.29
2026-08-08 03:32:02,48,0.458,0.438,0.333,+0.43,+0.61,+0.34
2026-08-08 03:37:19,48,0.500,0.417,0.312,+0.57,+0.76,+0.49
2026-08-08 03:42:36,48,0.375,0.396,0.312,+0.35,+0.55,+0.28
2026-08-08 03:47:54,48,0.438,0.333,0.312,+0.43,+0.62,+0.36
2026-08-08 03:53:11,48,0.396,0.375,0.292,+0.41,+0.60,+0.34
2026-08-08 03:57:49,48,0.438,0.354,0.333,+0.55,+0.73,+0.48
2026-08-08 04:03:06,48,0.604,0.396,0.312,+0.09,+0.56,+0.39
2026-08-08 04:08:23,48,0.604,0.312,0.271,+0.27,+0.21,+0.53
2026-08-08 04:13:41,48,0.625,0.396,0.271,+0.32,+0.26,+0.57
2026-08-08 04:18:58,48,0.667,0.396,0.333,+0.38,+0.31,+0.58
2026-08-08 04:24:15,48,0.625,0.458,0.417,+0.34,+0.35,+0.49
2026-08-08 04:28:32,48,0.646,0.438,0.417,+0.27,+0.28,+0.41
2026-08-08 04:33:49,48,0.667,0.438,0.396,+0.14,+0.15,+0.28
2026-08-08 04:39:07,48,0.667,0.458,0.417,+0.17,+0.19,+0.32
2026-08-08 04:44:23,47,0.596,0.447,0.404,+0.02,+0.05,+0.22
2026-08-08 04:49:41,48,0.625,0.438,0.375,+0.22,+0.27,+0.62
2026-08-08 04:54:58,48,0.604,0.438,0.375,+0.13,+0.17,+0.52
2026-08-08 04:59:11,48,0.646,0.417,0.417,+0.07,+0.11,+0.46
2026-08-08 05:04:28,48,0.542,0.542,0.417,-0.24,+0.54,+0.46
2026-08-08 05:09:45,48,0.583,0.562,0.375,-0.33,+0.52,+0.37
2026-08-08 05:15:03,48,0.562,0.521,0.354,-0.49,+0.33,+0.36
2026-08-08 05:20:20,48,0.521,0.521,0.354,-0.57,+0.25,+0.27
2026-08-08 05:25:37,48,0.562,0.583,0.354,-0.36,+0.46,+0.49
2026-08-08 05:29:43,48,0.542,0.542,0.333,-0.46,+0.40,+0.41
2026-08-08 05:35:01,48,0.583,0.479,0.354,-0.47,+0.37,+0.38
2026-08-08 05:40:18,48,0.500,0.542,0.375,-0.77,+0.11,+0.12
2026-08-08 05:45:35,48,0.521,0.479,0.333,-0.79,+0.09,+0.12
2026-08-08 05:50:53,48,0.479,0.500,0.333,-0.83,+0.05,+0.08
2026-08-08 05:56:10,48,0.458,0.562,0.333,-0.62,+0.26,+0.29
2026-08-08 06:00:22,48,0.438,0.500,0.375,-0.54,-0.12,+0.31
2026-08-08 06:05:39,48,0.417,0.604,0.417,-0.31,-0.20,+0.65
2026-08-08 06:10:57,48,0.458,0.625,0.458,-0.26,-0.16,+0.61
2026-08-08 06:16:14,48,0.417,0.542,0.417,-0.24,-0.12,+0.70
2026-08-08 06:21:31,48,0.438,0.458,0.375,-0.45,-0.33,+0.49
2026-08-08 06:28:15,48,0.396,0.458,0.375,-0.65,-0.52,+0.29
2026-08-08 06:33:32,48,0.354,0.500,0.438,-0.85,-0.71,+0.09
2026-08-08 06:38:49,48,0.271,0.521,0.396,-0.85,-0.72,+0.09
2026-08-08 06:44:05,48,0.375,0.521,0.438,-0.60,-0.47,+0.39
2026-08-08 06:49:23,48,0.271,0.542,0.396,-0.56,-0.43,+0.42
2026-08-08 06:54:40,48,0.333,0.479,0.396,-0.69,-0.55,+0.30
2026-08-08 07:00:01,47,0.255,0.426,0.426,-0.66,-0.56,+0.39
2026-08-08 07:05:17,47,0.340,0.383,0.319,-0.13,-0.89,-0.48
2026-08-08 07:10:34,47,0.383,0.468,0.362,-0.04,-0.74,-0.28
2026-08-08 07:15:51,47,0.383,0.532,0.362,-0.03,-0.72,-0.26
2026-08-08 07:21:07,47,0.383,0.532,0.340,-0.06,-0.75,-0.29
2026-08-08 07:26:24,47,0.404,0.553,0.319,-0.11,-0.80,-0.34
2026-08-08 07:31:15,47,0.362,0.511,0.298,-0.31,-1.01,-0.54
2026-08-08 07:36:32,47,0.298,0.447,0.319,-0.25,-0.95,-0.48
2026-08-08 07:41:49,47,0.319,0.468,0.340,-0.11,-0.81,-0.33
2026-08-08 07:47:05,47,0.298,0.404,0.319,-0.11,-0.81,-0.32
2026-08-08 07:52:22,47,0.234,0.383,0.277,-0.05,-0.75,-0.26
2026-08-08 07:57:39,47,0.319,0.383,0.255,-0.18,-0.88,-0.39
2026-08-08 08:02:22,47,0.383,0.255,0.404,+0.10,-0.60,+0.03
2026-08-08 08:07:38,47,0.489,0.298,0.426,+0.29,-0.45,+0.20
2026-08-08 08:12:55,47,0.426,0.298,0.489,+0.20,-0.44,+0.21
2026-08-08 08:18:12,47,0.468,0.298,0.511,+0.15,-0.49,+0.16
2026-08-08 08:23:28,47,0.383,0.234,0.426,+0.19,-0.45,+0.20
2026-08-08 08:28:45,47,0.426,0.255,0.468,+0.10,-0.55,+0.09
2026-08-08 08:33:06,46,0.391,0.239,0.435,+0.11,-0.53,+0.16
2026-08-08 08:38:22,46,0.391,0.261,0.478,+0.26,-0.38,+0.31
2026-08-08 08:43:39,46,0.413,0.217,0.457,+0.04,-0.59,+0.10
2026-08-08 08:48:55,46,0.370,0.239,0.435,-0.05,-0.69,-0.01
2026-08-08 08:54:11,46,0.370,0.217,0.435,+0.03,-0.62,+0.07
2026-08-08 08:59:28,46,0.370,0.239,0.435,+0.07,-0.58,+0.10
2026-08-08 09:03:50,45,0.489,0.400,0.489,+0.05,-0.02,-0.38
2026-08-08 09:09:06,45,0.600,0.400,0.444,+0.32,+0.23,-0.10
2026-08-08 09:14:23,45,0.578,0.400,0.444,+0.41,+0.31,-0.01
2026-08-08 09:19:39,45,0.689,0.422,0.533,+0.42,+0.33,-0.01
2026-08-08 09:24:54,45,0.600,0.400,0.489,+0.35,+0.25,-0.08
2026-08-08 09:30:10,45,0.644,0.400,0.533,+0.51,+0.40,+0.08
2026-08-08 09:34:28,45,0.578,0.356,0.533,+0.23,+0.10,-0.22
2026-08-08 09:39:44,45,0.511,0.356,0.533,+0.23,+0.11,-0.21
2026-08-08 09:45:02,45,0.444,0.356,0.467,+0.09,-0.01,-0.33
2026-08-08 09:50:18,45,0.533,0.378,0.533,+0.22,+0.11,-0.21
2026-08-08 09:55:34,46,0.500,0.348,0.543,+0.06,-0.05,-0.36
2026-08-08 10:00:50,46,0.587,0.457,0.565,+0.07,+0.26,-0.49
2026-08-08 10:05:14,46,0.543,0.500,0.522,+0.10,+0.30,-0.56
2026-08-08 10:10:30,46,0.500,0.457,0.478,-0.39,-0.17,-1.03
2026-08-08 10:15:47,46,0.457,0.457,0.543,-0.19,+0.03,-0.83
2026-08-08 10:21:03,46,0.435,0.478,0.500,-0.40,-0.19,-1.04
2026-08-08 10:26:20,46,0.457,0.522,0.543,-0.29,-0.08,-0.93
2026-08-08 10:31:36,46,0.413,0.500,0.522,-0.34,-0.13,-0.98
2026-08-08 10:35:59,46,0.435,0.522,0.522,-0.21,+0.02,-0.84
2026-08-08 10:41:15,46,0.457,0.500,0.522,-0.17,+0.05,-0.81
2026-08-08 10:46:32,46,0.478,0.522,0.565,-0.04,+0.19,-0.68
2026-08-08 10:51:48,46,0.457,0.500,0.587,-0.02,+0.20,-0.66
2026-08-08 10:57:05,46,0.478,0.522,0.609,+0.11,+0.34,-0.53
2026-08-08 11:02:21,46,0.435,0.587,0.478,+0.44,+0.41,+0.07
2026-08-08 11:06:36,46,0.478,0.609,0.522,+0.49,+0.57,+0.02
2026-08-08 11:11:52,46,0.457,0.630,0.543,+0.56,+0.64,+0.09
2026-08-08 11:17:09,46,0.522,0.674,0.543,+0.68,+0.77,+0.21
2026-08-08 11:22:25,46,0.543,0.652,0.587,+0.51,+0.60,+0.05
2026-08-08 11:27:41,46,0.522,0.630,0.522,+0.38,+0.48,-0.07
2026-08-08 11:32:57,46,0.522,0.652,0.500,+0.60,+0.68,+0.13
2026-08-08 11:37:20,46,0.565,0.630,0.543,+0.81,+0.89,+0.35
2026-08-08 11:42:36,46,0.522,0.652,0.500,+0.84,+0.92,+0.37
2026-08-08 11:47:53,46,0.500,0.652,0.522,+0.60,+0.65,+0.13
2026-08-08 11:53:09,46,0.500,0.565,0.522,+0.40,+0.47,-0.07
2026-08-08 11:58:25,46,0.435,0.587,0.522,+0.06,+0.15,-0.41
2026-08-08 12:03:42,46,0.326,0.478,0.522,-0.29,-0.15,-0.20
2026-08-08 12:08:06,46,0.413,0.500,0.543,-0.12,+0.01,+0.02
2026-08-08 12:13:22,46,0.370,0.457,0.587,-0.22,-0.15,-0.11
2026-08-08 12:18:39,46,0.370,0.413,0.522,-0.16,-0.09,-0.02
2026-08-08 12:23:55,46,0.413,0.457,0.543,-0.15,-0.07,-0.03
2026-08-08 12:29:12,46,0.500,0.500,0.522,+0.00,+0.08,+0.12
2026-08-08 12:34:28,46,0.500,0.522,0.609,+0.13,+0.21,+0.25
2026-08-08 12:38:41,46,0.522,0.543,0.587,+0.27,+0.35,+0.39
2026-08-08 12:43:58,46,0.522,0.565,0.587,+0.47,+0.54,+0.59
2026-08-08 12:49:15,46,0.500,0.522,0.609,+0.42,+0.49,+0.55
2026-08-08 12:54:31,46,0.478,0.522,0.565,+0.37,+0.45,+0.50
2026-08-08 12:59:47,46,0.500,0.478,0.587,+0.17,+0.23,+0.31
2026-08-08 13:05:04,46,0.565,0.565,0.522,+0.14,+0.07,+0.32
2026-08-08 13:09:26,46,0.565,0.565,0.522,+0.31,+0.24,+0.42
2026-08-08 13:14:43,46,0.609,0.565,0.522,+0.49,+0.42,+0.60
2026-08-08 13:19:59,47,0.574,0.553,0.532,+0.40,+0.35,+0.54
2026-08-08 13:25:16,47,0.638,0.574,0.511,+0.44,+0.38,+0.57
2026-08-08 13:30:32,47,0.660,0.596,0.511,+0.57,+0.53,+0.71
2026-08-08 13:35:49,47,0.660,0.596,0.489,+0.59,+0.55,+0.73
2026-08-08 13:40:11,47,0.702,0.596,0.489,+0.65,+0.61,+0.79
2026-08-08 13:45:28,47,0.681,0.574,0.468,+0.76,+0.72,+0.90
2026-08-08 13:50:45,47,0.617,0.574,0.489,+0.69,+0.65,+0.84
2026-08-08 13:56:02,47,0.660,0.596,0.511,+0.78,+0.73,+0.92
2026-08-08 14:01:19,47,0.404,0.532,0.574,+0.36,+0.53,+0.63
2026-08-08 14:06:36,47,0.468,0.532,0.574,+0.37,+0.49,+0.78
2026-08-08 14:10:48,47,0.404,0.532,0.596,+0.28,+0.44,+0.68
2026-08-08 14:16:04,46,0.457,0.565,0.630,+0.31,+0.47,+0.71
2026-08-08 14:21:20,46,0.413,0.543,0.609,+0.08,+0.23,+0.49
2026-08-08 14:26:37,46,0.413,0.565,0.609,+0.00,+0.17,+0.42
2026-08-08 14:31:53,46,0.457,0.565,0.587,-0.04,+0.12,+0.39
2026-08-08 14:37:10,47,0.404,0.511,0.553,-0.47,-0.32,-0.13
2026-08-08 14:41:34,47,0.404,0.511,0.574,-0.40,-0.25,-0.05
2026-08-08 14:46:50,47,0.383,0.532,0.574,-0.49,-0.34,-0.14
2026-08-08 14:52:07,47,0.362,0.532,0.574,-0.74,-0.58,-0.37
2026-08-08 14:57:24,47,0.362,0.574,0.596,-0.46,-0.30,-0.09
2026-08-08 15:02:41,47,0.340,0.511,0.511,-1.02,-0.39,-0.43
2026-08-08 15:07:57,47,0.340,0.489,0.532,-1.00,-0.21,-0.36
2026-08-08 15:12:18,47,0.298,0.532,0.532,-0.93,-0.13,-0.29
2026-08-08 15:17:35,47,0.298,0.532,0.532,-0.82,-0.18,-0.26
2026-08-08 15:22:52,47,0.319,0.553,0.532,-0.64,+0.01,-0.07
2026-08-08 15:28:08,47,0.383,0.511,0.532,-0.53,+0.12,+0.04
2026-08-08 15:33:25,47,0.362,0.511,0.489,-0.67,-0.02,-0.10
2026-08-08 15:38:41,46,0.413,0.565,0.478,-0.64,+0.05,-0.13
2026-08-08 15:42:55,46,0.391,0.543,0.457,-0.66,+0.03,-0.15
2026-08-08 15:48:11,46,0.370,0.500,0.457,-0.79,-0.09,-0.27
2026-08-08 15:53:28,46,0.326,0.478,0.457,-0.84,-0.14,-0.31
2026-08-08 15:58:44,46,0.391,0.543,0.478,-0.80,-0.10,-0.29
2026-08-08 16:04:00,46,0.500,0.413,0.435,+0.49,-0.18,+0.07
2026-08-08 16:09:16,46,0.391,0.348,0.413,+0.20,-0.52,-0.13
2026-08-08 16:13:09,46,0.457,0.348,0.478,+0.35,-0.40,+0.03
2026-08-08 16:18:26,46,0.413,0.326,0.413,+0.05,-0.68,-0.26
2026-08-08 16:23:42,46,0.435,0.370,0.478,+0.26,-0.49,-0.06
2026-08-08 16:28:58,46,0.435,0.391,0.478,+0.25,-0.51,-0.08
2026-08-08 16:34:14,45,0.422,0.378,0.489,+0.35,-0.47,-0.03
2026-08-08 16:39:31,46,0.391,0.348,0.413,+0.22,-0.54,-0.12
2026-08-08 16:43:25,46,0.391,0.370,0.435,+0.16,-0.61,-0.18
2026-08-08 16:48:41,46,0.457,0.413,0.413,+0.16,-0.60,-0.17
2026-08-08 16:53:57,45,0.467,0.400,0.444,+0.17,-0.63,-0.21
2026-08-08 16:59:13,46,0.391,0.370,0.457,+0.02,-0.74,-0.31
2026-08-08 17:04:29,46,0.435,0.435,0.435,+0.03,-0.85,-0.31
2026-08-08 17:09:46,46,0.435,0.413,0.348,+0.05,-0.83,-0.32
2026-08-08 17:14:02,45,0.444,0.444,0.400,+0.17,-0.71,-0.21
2026-08-08 17:19:17,45,0.467,0.489,0.467,+0.37,-0.50,+0.01
2026-08-08 17:24:33,46,0.500,0.478,0.457,+0.34,-0.53,+0.11
2026-08-08 17:29:50,47,0.489,0.447,0.468,+0.31,-0.57,+0.07
2026-08-08 17:35:07,47,0.468,0.468,0.489,+0.38,-0.51,+0.11
2026-08-08 17:40:23,47,0.447,0.468,0.468,+0.45,-0.45,+0.19
2026-08-08 17:44:17,47,0.511,0.489,0.489,+0.56,-0.33,+0.32
2026-08-08 17:49:34,47,0.362,0.447,0.511,+0.44,-0.46,+0.19
2026-08-08 17:54:50,46,0.522,0.457,0.500,+0.51,-0.41,+0.26
2026-08-08 18:00:06,46,0.413,0.457,0.478,+0.09,+0.06,-0.01
2026-08-08 18:05:22,46,0.522,0.565,0.500,+0.36,+0.40,-0.14
2026-08-08 18:10:39,46,0.522,0.587,0.522,+0.66,+0.73,+0.19
2026-08-08 18:14:31,46,0.565,0.587,0.565,+0.80,+0.87,+0.40
2026-08-08 18:19:47,46,0.674,0.587,0.587,+0.95,+1.01,+0.57
2026-08-08 18:25:03,46,0.696,0.630,0.565,+1.00,+1.09,+0.77
2026-08-08 18:30:20,46,0.652,0.565,0.587,+0.87,+0.96,+0.65
2026-08-08 18:35:36,46,0.543,0.543,0.543,+0.50,+0.59,+0.27
2026-08-08 18:40:52,46,0.565,0.565,0.543,+0.56,+0.66,+0.33
2026-08-08 18:44:48,46,0.565,0.565,0.565,+0.62,+0.72,+0.40
2026-08-08 18:50:04,46,0.457,0.500,0.543,+0.58,+0.67,+0.36
2026-08-08 18:55:21,46,0.587,0.543,0.543,+0.64,+0.74,+0.41
2026-08-08 19:00:37,46,0.500,0.522,0.413,+0.46,+0.30,+0.14
2026-08-08 19:05:53,46,0.565,0.543,0.478,+0.42,+0.57,+0.12
2026-08-08 19:11:09,46,0.522,0.522,0.413,+0.42,+0.63,+0.12
2026-08-08 19:15:02,46,0.522,0.543,0.413,+0.41,+0.67,+0.14
2026-08-08 19:20:19,46,0.391,0.522,0.435,+0.35,+0.63,+0.09
2026-08-08 19:25:35,46,0.370,0.500,0.391,+0.12,+0.38,-0.16
2026-08-08 19:30:51,45,0.444,0.489,0.422,-0.06,+0.12,-0.46
2026-08-08 19:36:07,45,0.378,0.467,0.378,-0.05,+0.14,-0.43
2026-08-08 19:41:23,45,0.444,0.511,0.467,-0.09,+0.10,-0.46
2026-08-08 19:45:17,45,0.511,0.556,0.489,-0.14,+0.04,-0.52
2026-08-08 19:50:33,44,0.364,0.545,0.432,-0.23,-0.01,-0.54
2026-08-08 19:55:48,44,0.432,0.591,0.455,-0.15,+0.18,-0.35
2026-08-08 20:01:04,44,0.364,0.523,0.500,-0.55,+0.10,-0.76
2026-08-08 20:06:20,44,0.409,0.500,0.500,-0.79,-0.04,-1.20
2026-08-08 20:11:36,44,0.409,0.477,0.477,-0.66,+0.04,-1.12
2026-08-08 20:15:54,44,0.409,0.432,0.455,-0.71,-0.03,-1.19
2026-08-08 20:21:09,44,0.432,0.568,0.455,-0.95,-0.29,-1.46
2026-08-08 20:26:25,44,0.477,0.545,0.432,-0.88,-0.21,-1.38
2026-08-08 20:31:41,44,0.432,0.591,0.477,-0.78,-0.11,-1.27
2026-08-08 20:36:56,44,0.432,0.568,0.432,-0.74,-0.07,-1.24
2026-08-08 20:42:11,44,0.409,0.545,0.455,-0.84,-0.18,-1.36
2026-08-08 20:46:09,44,0.477,0.591,0.455,-0.82,-0.16,-1.34
2026-08-08 20:51:24,44,0.523,0.545,0.455,-0.72,-0.06,-1.23
2026-08-08 20:56:40,44,0.432,0.523,0.409,-0.93,-0.27,-1.44
2026-08-08 21:01:56,45,0.400,0.511,0.533,-0.52,-0.55,-0.40
2026-08-08 21:06:59,45,0.511,0.467,0.556,+0.02,-0.22,+0.03
2026-08-08 21:12:15,44,0.477,0.500,0.568,-0.14,-0.38,-0.15
2026-08-08 21:17:31,44,0.500,0.500,0.545,-0.23,-0.47,-0.22
2026-08-08 21:22:47,44,0.500,0.455,0.545,-0.26,-0.50,-0.27
2026-08-08 21:28:03,44,0.500,0.455,0.545,-0.14,-0.38,-0.14
2026-08-08 21:33:18,44,0.500,0.409,0.500,-0.17,-0.42,-0.18
2026-08-08 21:38:43,44,0.500,0.432,0.523,-0.02,-0.31,-0.03
2026-08-08 21:43:59,44,0.500,0.455,0.523,-0.29,-0.57,-0.34
2026-08-08 21:49:15,44,0.500,0.477,0.523,-0.14,-0.42,-0.17
2026-08-08 21:54:31,44,0.477,0.386,0.545,-0.34,-0.63,-0.37
2026-08-08 21:59:46,43,0.465,0.442,0.488,-0.48,-0.74,-0.43
2026-08-08 22:05:02,43,0.442,0.442,0.465,+0.07,-0.89,-0.55
2026-08-08 22:09:58,42,0.548,0.548,0.524,+0.08,-0.84,-0.61
2026-08-08 22:15:13,42,0.476,0.595,0.500,+0.03,-0.88,-0.68
2026-08-08 22:20:29,42,0.452,0.571,0.500,-0.19,-1.07,-0.87
2026-08-08 22:25:44,42,0.500,0.476,0.548,-0.17,-1.05,-0.85
2026-08-08 22:30:59,42,0.500,0.476,0.548,-0.06,-0.94,-0.74
2026-08-08 22:36:15,42,0.548,0.595,0.524,-0.02,-0.88,-0.66
2026-08-08 22:41:05,42,0.524,0.500,0.500,+0.14,-0.76,-0.52
2026-08-08 22:46:23,42,0.571,0.571,0.595,+0.35,-0.55,-0.31
2026-08-08 22:51:38,42,0.524,0.524,0.500,+0.20,-0.69,-0.46
2026-08-08 22:57:01,42,0.524,0.476,0.476,-0.09,-0.95,-0.73
2026-08-08 23:02:20,42,0.619,0.548,0.595,+0.06,-0.50,-0.50
2026-08-08 23:07:35,42,0.595,0.571,0.619,-0.18,-0.60,-0.42
2026-08-08 23:53:44,42,0.571,0.571,0.548,-0.01,-0.37,-0.24
2026-08-08 23:58:59,41,0.585,0.610,0.610,+0.04,-0.30,-0.17
2026-08-09 00:04:14,41,0.561,0.585,0.512,+0.31,+0.37,-0.31
2026-08-09 00:09:29,42,0.595,0.595,0.524,+0.18,+0.20,-0.46
2026-08-09 00:14:44,42,0.548,0.595,0.500,+0.03,+0.03,-0.62
2026-08-09 00:19:58,42,0.595,0.571,0.500,-0.15,-0.14,-0.79
2026-08-09 00:25:13,42,0.595,0.667,0.548,+0.88,+0.86,+0.30
2026-08-09 00:25:53,42,0.595,0.667,0.571,+0.84,+0.83,+0.28
2026-08-09 00:31:09,42,0.619,0.667,0.571,+0.86,+0.85,+0.31
2026-08-09 00:36:24,42,0.619,0.643,0.571,+0.99,+1.00,+0.47
2026-08-09 00:41:39,43,0.674,0.651,0.558,+0.96,+0.98,+0.40
2026-08-09 00:46:54,42,0.690,0.667,0.548,+0.88,+0.89,+0.34
2026-08-09 00:52:09,42,0.619,0.619,0.548,+0.87,+0.88,+0.36
2026-08-09 00:57:14,42,0.690,0.690,0.548,+0.96,+0.96,+0.41
2026-08-09 01:02:29,42,0.476,0.595,0.595,+0.69,+0.84,+0.20
2026-08-09 01:07:44,42,0.476,0.595,0.548,+0.59,+0.77,+0.10
2026-08-09 01:12:59,42,0.405,0.619,0.595,+0.44,+0.63,-0.01
2026-08-09 01:18:14,42,0.381,0.643,0.619,+0.24,+0.42,-0.21
2026-08-09 01:23:28,41,0.439,0.659,0.585,+0.71,+0.89,+0.28
2026-08-09 01:28:15,41,0.415,0.659,0.585,+0.65,+0.83,+0.22
2026-08-09 01:33:30,41,0.439,0.659,0.610,+0.79,+0.98,+0.38
2026-08-09 01:38:44,41,0.415,0.659,0.659,+0.89,+1.08,+0.49
2026-08-09 01:43:59,41,0.366,0.634,0.585,+0.83,+1.03,+0.43
2026-08-09 01:49:14,41,0.415,0.659,0.610,+0.75,+0.95,+0.34
2026-08-09 01:54:29,41,0.415,0.659,0.585,+0.57,+0.75,+0.13
2026-08-09 01:59:35,41,0.415,0.610,0.561,+0.43,+0.62,+0.01
2026-08-09 02:04:50,41,0.366,0.585,0.610,-0.35,+0.67,+0.21
2026-08-09 02:10:05,41,0.390,0.585,0.634,-0.22,+0.75,+0.35
2026-08-09 02:15:20,42,0.381,0.595,0.619,-0.43,+0.54,+0.30
2026-08-09 02:20:35,42,0.429,0.595,0.595,-0.31,+0.67,+0.44
2026-08-09 02:25:50,42,0.452,0.571,0.595,-0.48,+0.47,+0.21
2026-08-09 02:30:55,42,0.452,0.524,0.619,-0.36,+0.60,+0.35
2026-08-09 02:36:10,42,0.476,0.524,0.643,-0.41,+0.57,+0.28
2026-08-09 02:41:25,42,0.429,0.595,0.643,-0.46,+0.52,+0.21
2026-08-09 02:46:40,42,0.429,0.571,0.643,-0.44,+0.55,+0.25
2026-08-09 02:51:55,42,0.476,0.571,0.619,-0.37,+0.63,+0.32
2026-08-09 02:57:10,42,0.381,0.595,0.619,-0.29,+0.70,+0.38
2026-08-09 03:01:56,42,0.310,0.500,0.643,-0.43,+0.30,+0.73
2026-08-09 03:07:11,42,0.357,0.381,0.667,-0.13,+0.26,+0.73
2026-08-09 03:12:26,42,0.381,0.357,0.643,+0.01,+0.39,+0.82
2026-08-09 03:17:41,42,0.310,0.333,0.643,-0.06,+0.32,+0.80
2026-08-09 03:22:56,41,0.366,0.390,0.610,-0.01,+0.39,+0.88
2026-08-09 03:28:10,41,0.317,0.317,0.610,+0.03,+0.43,+0.93
2026-08-09 03:33:17,40,0.350,0.375,0.650,+0.02,+0.40,+0.95
2026-08-09 03:38:31,40,0.375,0.375,0.625,+0.15,+0.51,+1.05
2026-08-09 03:43:45,39,0.359,0.359,0.615,+0.06,+0.44,+0.97
2026-08-09 03:48:59,39,0.333,0.333,0.564,-0.09,+0.29,+0.82
2026-08-09 03:54:13,39,0.359,0.333,0.590,+0.06,+0.46,+1.00
2026-08-09 03:59:26,39,0.410,0.333,0.590,+0.16,+0.56,+1.10
2026-08-09 04:03:57,39,0.385,0.282,0.615,+0.14,-0.51,+0.77
2026-08-09 04:09:11,39,0.436,0.359,0.641,+0.30,-0.31,+0.84
2026-08-09 04:14:25,39,0.385,0.385,0.641,+0.29,-0.11,+0.89
2026-08-09 04:19:39,39,0.410,0.333,0.641,+0.30,-0.08,+0.94
2026-08-09 04:24:53,39,0.410,0.359,0.615,+0.26,-0.15,+0.89
2026-08-09 04:30:07,39,0.462,0.385,0.615,+0.45,+0.01,+1.09
2026-08-09 04:34:58,38,0.474,0.421,0.632,+0.65,+0.23,+1.31
2026-08-09 04:40:12,38,0.500,0.368,0.658,+0.68,+0.28,+1.36
2026-08-09 04:45:25,38,0.474,0.342,0.658,+0.65,+0.24,+1.33
2026-08-09 04:50:38,37,0.514,0.351,0.676,+0.67,+0.24,+1.31
2026-08-09 04:55:52,37,0.486,0.351,0.703,+0.84,+0.42,+1.51
2026-08-09 05:01:05,37,0.541,0.378,0.541,+0.64,+0.02,+1.56
2026-08-09 05:05:37,37,0.486,0.405,0.541,+0.41,+0.62,+1.49
2026-08-09 05:10:51,37,0.541,0.378,0.622,+0.40,+0.53,+1.36
2026-08-09 05:16:04,37,0.541,0.378,0.568,+0.31,+0.44,+1.29
2026-08-09 05:21:17,37,0.514,0.378,0.541,+0.19,+0.32,+1.18
2026-08-09 05:26:30,37,0.486,0.405,0.568,+0.24,+0.36,+1.21
2026-08-09 05:31:44,37,0.486,0.432,0.568,+0.38,+0.50,+1.33
2026-08-09 05:36:16,37,0.514,0.378,0.568,+0.30,+0.43,+1.26
2026-08-09 05:41:29,37,0.595,0.459,0.568,+0.44,+0.56,+1.38
2026-08-09 05:46:42,37,0.514,0.459,0.514,+0.38,+0.51,+1.36
2026-08-09 05:51:55,37,0.514,0.432,0.541,+0.35,+0.47,+1.35
2026-08-09 05:57:08,37,0.541,0.459,0.514,+0.33,+0.46,+1.34
2026-08-09 06:02:22,37,0.514,0.486,0.486,-0.10,+0.69,+0.92
2026-08-09 06:07:17,37,0.351,0.459,0.351,-0.12,+0.65,+0.94
2026-08-09 06:12:31,37,0.324,0.459,0.351,-0.34,+0.45,+0.63
2026-08-09 06:17:44,37,0.324,0.432,0.351,-0.28,+0.52,+0.71
2026-08-09 06:22:57,37,0.324,0.486,0.324,-0.17,+0.64,+0.81
2026-08-09 06:28:11,37,0.324,0.405,0.324,-0.14,+0.62,+0.80
2026-08-09 06:33:24,37,0.324,0.405,0.297,-0.27,+0.48,+0.71
2026-08-09 06:37:57,37,0.378,0.432,0.297,-0.13,+0.62,+0.84
2026-08-09 06:43:10,37,0.351,0.378,0.324,-0.27,+0.48,+0.55
2026-08-09 06:48:23,37,0.378,0.324,0.297,-0.36,+0.39,+0.69
2026-08-09 06:53:36,37,0.351,0.351,0.297,-0.27,+0.49,+0.76
2026-08-09 06:58:50,37,0.162,0.270,0.297,-0.36,+0.39,+0.64
2026-08-09 07:04:03,37,0.324,0.405,0.270,-0.10,+0.15,-0.02
2026-08-09 07:08:36,37,0.270,0.351,0.270,-0.00,+0.19,+0.02
2026-08-09 07:13:49,37,0.324,0.405,0.297,+0.02,+0.21,+0.02
2026-08-09 07:19:03,37,0.324,0.378,0.297,+0.02,+0.20,+0.01
2026-08-09 07:24:16,37,0.378,0.378,0.297,-0.04,+0.15,-0.04
2026-08-09 07:29:29,37,0.297,0.378,0.297,-0.10,+0.08,-0.10
2026-08-09 07:34:43,37,0.324,0.405,0.270,+0.06,+0.25,+0.03
2026-08-09 07:39:38,37,0.324,0.378,0.324,+0.11,+0.29,+0.08
2026-08-09 07:44:51,36,0.278,0.389,0.333,+0.11,+0.28,+0.09
2026-08-09 07:50:04,36,0.306,0.361,0.333,+0.19,+0.36,+0.19
2026-08-09 07:55:17,36,0.306,0.361,0.306,+0.07,+0.24,+0.09
2026-08-09 08:00:30,36,0.278,0.333,0.306,-0.30,-0.23,-0.19
2026-08-09 08:05:43,37,0.405,0.270,0.324,+0.24,-0.01,+0.45
2026-08-09 08:10:18,37,0.351,0.270,0.324,+0.04,-0.20,+0.38
2026-08-09 08:15:31,37,0.405,0.297,0.324,+0.15,-0.09,+0.49
2026-08-09 08:20:44,37,0.405,0.243,0.324,+0.13,-0.12,+0.47
2026-08-09 08:25:57,37,0.378,0.243,0.324,+0.18,-0.06,+0.52
2026-08-09 08:31:11,37,0.378,0.270,0.297,+0.12,-0.12,+0.47
2026-08-09 08:36:24,37,0.324,0.297,0.297,+0.11,-0.13,+0.46
2026-08-09 08:40:57,37,0.351,0.297,0.324,+0.10,-0.14,+0.44
2026-08-09 08:46:10,37,0.405,0.270,0.378,+0.18,-0.06,+0.53
2026-08-09 08:51:23,37,0.324,0.270,0.351,+0.13,-0.10,+0.49
2026-08-09 08:56:36,37,0.297,0.270,0.351,+0.21,-0.02,+0.57
2026-08-09 09:01:50,37,0.541,0.297,0.351,+0.08,+0.02,+0.82
2026-08-09 09:07:03,37,0.568,0.378,0.351,+0.31,+0.42,+0.80
2026-08-09 09:11:59,37,0.514,0.378,0.351,+0.41,+0.53,+0.92
2026-08-09 09:17:12,37,0.541,0.405,0.378,+0.53,+0.65,+1.03
2026-08-09 09:22:25,37,0.568,0.432,0.405,+0.27,+0.39,+0.75
2026-08-09 09:27:38,37,0.459,0.405,0.378,+0.09,+0.21,+0.58
2026-08-09 09:32:51,37,0.432,0.378,0.324,+0.22,+0.34,+0.70
2026-08-09 09:38:04,37,0.486,0.405,0.378,+0.23,+0.35,+0.73
2026-08-09 09:42:38,37,0.514,0.378,0.351,+0.04,+0.16,+0.52
2026-08-09 09:47:52,37,0.486,0.351,0.378,+0.21,+0.34,+0.70
2026-08-09 09:53:05,37,0.432,0.378,0.378,+0.25,+0.38,+0.75
2026-08-09 09:58:18,37,0.432,0.378,0.432,+0.18,+0.30,+0.66
2026-08-09 10:03:32,37,0.405,0.405,0.459,+0.15,+0.37,+0.54
2026-08-09 10:08:45,37,0.378,0.378,0.432,-0.10,+0.14,+0.28
2026-08-09 10:13:17,37,0.432,0.378,0.432,-0.01,+0.24,+0.38
2026-08-09 10:18:31,37,0.405,0.405,0.432,-0.16,+0.07,+0.21
2026-08-09 10:23:45,38,0.316,0.368,0.368,+0.47,+0.81,+1.10
2026-08-09 10:28:59,38,0.289,0.368,0.342,+0.34,+0.67,+0.97
2026-08-09 10:34:13,38,0.237,0.368,0.342,+0.25,+0.58,+0.88
2026-08-09 10:39:27,38,0.184,0.316,0.316,-0.18,+0.16,+0.44
2026-08-09 10:44:20,38,0.184,0.289,0.289,-0.21,+0.12,+0.44
2026-08-09 10:49:34,37,0.189,0.243,0.297,-0.43,-0.08,+0.24
2026-08-09 10:54:47,37,0.216,0.243,0.297,-0.33,+0.01,+0.36
2026-08-09 11:00:00,37,0.216,0.243,0.270,-0.29,+0.05,+0.38
2026-08-09 11:05:13,37,0.216,0.243,0.243,-0.31,+0.09,+0.09
2026-08-09 11:10:26,38,0.211,0.342,0.237,-0.38,+0.11,+0.09
2026-08-09 11:14:59,38,0.184,0.316,0.237,-0.42,+0.06,+0.05
2026-08-09 11:20:13,38,0.184,0.263,0.237,-0.49,-0.05,-0.07
2026-08-09 11:25:26,38,0.158,0.211,0.237,-0.54,-0.06,-0.09
2026-08-09 11:30:40,39,0.128,0.282,0.231,-0.49,-0.03,+0.03
2026-08-09 11:35:54,39,0.154,0.231,0.256,-0.50,-0.04,+0.02
2026-08-09 11:41:08,39,0.256,0.256,0.256,-0.32,+0.15,+0.21
2026-08-09 11:45:39,39,0.179,0.231,0.256,-0.07,+0.41,+0.48
2026-08-09 11:50:53,39,0.179,0.179,0.256,-0.28,+0.21,+0.27
2026-08-09 11:56:07,39,0.179,0.179,0.282,-0.32,+0.16,+0.22
2026-08-09 12:01:21,39,0.385,0.179,0.205,-0.63,-0.53,-0.06
2026-08-09 12:06:35,39,0.410,0.205,0.205,-0.38,-0.54,-0.02
2026-08-09 12:11:49,39,0.333,0.231,0.231,-0.31,-0.39,+0.10
2026-08-09 12:16:22,39,0.385,0.231,0.231,-0.05,-0.18,+0.31
2026-08-09 12:21:36,39,0.333,0.231,0.256,-0.41,-0.58,-0.10
2026-08-09 12:26:50,39,0.385,0.205,0.231,-0.50,-0.69,-0.23
2026-08-09 12:32:04,39,0.436,0.205,0.231,-0.59,-0.80,-0.34
2026-08-09 12:37:18,39,0.564,0.308,0.256,-0.25,-0.46,+0.01
2026-08-09 12:42:32,39,0.564,0.308,0.308,-0.28,-0.53,-0.08
2026-08-09 12:47:01,39,0.513,0.308,0.333,-0.12,-0.35,+0.10
2026-08-09 12:52:15,39,0.538,0.308,0.282,-0.09,-0.33,+0.13
2026-08-09 12:57:29,39,0.538,0.256,0.256,-0.27,-0.50,-0.04
2026-08-09 13:02:44,39,0.538,0.205,0.231,-0.17,-0.95,-0.44
2026-08-09 13:07:57,39,0.538,0.256,0.231,-0.02,-0.79,-0.25
2026-08-09 13:13:11,39,0.615,0.282,0.282,+0.09,-0.71,-0.15
2026-08-09 13:17:41,39,0.692,0.308,0.308,+0.02,-0.83,-0.25
2026-08-09 13:22:54,39,0.667,0.282,0.256,+0.05,-0.71,-0.15
2026-08-09 13:28:09,39,0.692,0.308,0.333,-0.02,-0.82,-0.27
2026-08-09 13:33:23,39,0.667,0.308,0.308,+0.12,-0.67,-0.11
2026-08-09 13:38:36,39,0.692,0.308,0.308,+0.17,-0.60,-0.03
2026-08-09 13:43:50,39,0.667,0.308,0.308,+0.20,-0.57,+0.01
2026-08-09 13:48:43,39,0.692,0.359,0.333,+0.27,-0.50,+0.07
2026-08-09 13:53:57,39,0.667,0.308,0.308,-0.10,-0.94,-0.39
2026-08-09 13:59:11,39,0.641,0.308,0.282,-0.47,-1.31,-0.77
2026-08-09 14:04:25,39,0.385,0.590,0.436,-0.22,-0.54,-0.60
2026-08-09 14:09:38,39,0.436,0.590,0.487,+0.13,-0.22,-0.27
2026-08-09 14:14:53,40,0.475,0.600,0.450,+0.35,+0.14,+0.15
2026-08-09 14:19:23,40,0.475,0.625,0.425,+0.31,+0.11,+0.12
2026-08-09 14:24:37,40,0.425,0.525,0.400,+0.31,+0.09,+0.11
2026-08-09 14:29:52,40,0.450,0.525,0.400,+0.39,+0.19,+0.20
2026-08-09 14:35:06,40,0.425,0.525,0.400,+0.12,-0.09,-0.08
2026-08-09 14:40:20,40,0.450,0.475,0.375,+0.35,+0.13,+0.16
2026-08-09 14:45:34,40,0.525,0.450,0.400,+0.66,+0.44,+0.46
2026-08-09 14:50:02,40,0.525,0.425,0.400,+0.67,+0.46,+0.50
2026-08-09 14:55:16,39,0.487,0.487,0.410,+0.97,+0.73,+0.80
2026-08-09 15:00:31,40,0.375,0.600,0.400,+0.44,+0.80,+0.19
2026-08-09 15:05:45,38,0.421,0.553,0.395,+0.60,+0.52,+0.14
2026-08-09 15:10:58,38,0.421,0.526,0.342,+0.75,+0.65,+0.33
2026-08-09 15:16:12,38,0.395,0.526,0.316,+0.74,+0.64,+0.30
2026-08-09 15:20:26,38,0.447,0.553,0.395,+0.60,+0.54,+0.17
2026-08-09 15:25:39,38,0.500,0.553,0.421,+0.60,+0.58,+0.17
2026-08-09 15:30:53,38,0.526,0.526,0.395,+0.86,+0.82,+0.44
2026-08-09 15:36:07,38,0.579,0.579,0.395,+0.89,+0.92,+0.56
2026-08-09 15:41:20,38,0.632,0.605,0.395,+0.92,+0.96,+0.57
2026-08-09 15:46:33,38,0.632,0.579,0.368,+1.01,+1.10,+0.75
2026-08-09 15:51:05,39,0.564,0.487,0.410,+0.89,+1.01,+0.59
2026-08-09 15:56:20,39,0.590,0.564,0.410,+0.91,+1.06,+0.59
2026-08-09 16:01:34,39,0.487,0.462,0.359,-0.04,+0.81,+0.12
2026-08-09 16:06:48,38,0.500,0.500,0.368,-0.06,+0.94,+0.37
2026-08-09 16:12:02,39,0.385,0.410,0.333,-0.25,+0.61,-0.07
2026-08-09 16:17:16,39,0.385,0.436,0.333,-1.07,-0.23,-0.89
2026-08-09 16:21:45,39,0.359,0.410,0.333,-1.16,-0.33,-1.01
2026-08-09 16:27:00,39,0.410,0.436,0.308,-1.18,-0.35,-1.03
2026-08-09 16:32:14,39,0.462,0.462,0.333,-0.86,-0.02,-0.71
2026-08-09 16:37:28,39,0.462,0.410,0.308,-0.86,-0.03,-0.72
2026-08-09 16:42:42,39,0.436,0.487,0.359,-0.58,+0.26,-0.45
2026-08-09 16:47:56,39,0.436,0.436,0.282,-0.17,+0.70,+0.05
2026-08-09 16:52:07,39,0.436,0.410,0.308,-0.57,+0.16,-0.54
2026-08-09 16:57:20,39,0.410,0.462,0.282,-0.72,+0.13,-0.57
2026-08-09 17:02:34,38,0.342,0.526,0.447,-0.74,-0.09,-0.38
2026-08-09 17:07:48,38,0.421,0.553,0.500,-0.85,-0.22,-0.49
2026-08-09 17:13:01,38,0.342,0.579,0.474,-0.78,-0.15,-0.41
2026-08-09 17:18:15,38,0.342,0.526,0.447,-0.68,-0.03,-0.29
2026-08-09 17:22:46,38,0.368,0.500,0.526,-0.53,+0.11,-0.15
2026-08-09 17:28:00,38,0.342,0.500,0.500,-0.36,+0.28,+0.02
2026-08-09 17:33:13,36,0.389,0.472,0.444,-0.67,+0.07,-0.16
2026-08-09 17:38:26,36,0.361,0.472,0.528,-0.66,+0.08,-0.16
2026-08-09 17:43:38,36,0.250,0.389,0.333,-1.06,-0.42,-0.79
2026-08-09 17:48:51,37,0.216,0.405,0.270,-1.47,-0.77,-1.02
2026-08-09 17:53:25,37,0.243,0.378,0.405,-1.40,-0.65,-0.86
2026-08-09 17:58:38,37,0.189,0.378,0.378,-1.60,-0.87,-1.06
2026-08-09 18:03:52,37,0.243,0.297,0.351,-0.75,-1.49,-0.60
2026-08-09 18:09:05,37,0.378,0.297,0.378,-0.62,-1.35,-0.43
2026-08-09 18:14:18,38,0.395,0.316,0.395,-0.32,-0.63,+0.35
2026-08-09 18:19:32,38,0.421,0.316,0.395,-0.12,-0.34,+0.67
2026-08-09 18:23:47,38,0.289,0.289,0.316,-0.20,-0.42,+0.59
2026-08-09 18:29:01,39,0.333,0.256,0.308,-0.54,-0.71,+0.24
2026-08-09 18:34:15,39,0.333,0.308,0.359,-0.39,-0.58,+0.37
2026-08-09 18:39:29,39,0.308,0.333,0.333,-0.13,-0.30,+0.68
2026-08-09 18:44:43,39,0.333,0.333,0.333,-0.20,-0.41,+0.56
2026-08-09 18:49:57,39,0.359,0.333,0.359,-0.24,-0.44,+0.52
2026-08-09 18:54:27,39,0.410,0.359,0.385,-0.03,-0.20,+0.78
2026-08-09 18:59:40,39,0.385,0.385,0.436,-0.07,-0.28,+0.69
2026-08-09 19:04:54,39,0.462,0.333,0.359,+0.86,-0.50,+0.71
2026-08-09 19:10:08,39,0.436,0.308,0.359,+0.48,-0.85,+0.32
2026-08-09 19:15:22,39,0.462,0.308,0.359,+0.56,-0.76,+0.47
2026-08-09 19:20:37,39,0.513,0.359,0.359,+0.44,-0.86,+0.29
2026-08-09 19:25:08,39,0.513,0.333,0.359,+0.64,-0.67,+0.47
2026-08-09 19:30:22,39,0.538,0.333,0.359,+0.96,-0.36,+0.87
2026-08-09 19:35:36,39,0.538,0.359,0.359,+0.86,-0.45,+0.74
2026-08-09 19:40:50,39,0.538,0.333,0.333,+0.98,-0.30,+0.88
2026-08-09 19:46:05,39,0.564,0.308,0.333,+1.20,-0.10,+1.16
2026-08-09 19:51:19,38,0.579,0.316,0.368,+1.29,-0.17,+1.08
2026-08-09 19:55:35,38,0.553,0.316,0.368,+1.58,+0.09,+1.37
2026-08-09 20:00:49,38,0.526,0.395,0.395,+0.57,+0.22,+0.79
2026-08-09 20:06:03,38,0.368,0.342,0.447,+0.61,+0.58,+1.01
2026-08-09 20:11:17,38,0.368,0.421,0.447,+0.68,+0.67,+1.11
2026-08-09 20:16:31,38,0.368,0.421,0.474,+0.68,+0.68,+1.11
2026-08-09 20:21:45,38,0.342,0.421,0.447,+0.50,+0.50,+0.93
2026-08-09 20:26:19,38,0.395,0.395,0.447,+0.66,+0.68,+1.13
2026-08-09 20:31:33,38,0.342,0.421,0.368,+0.62,+0.66,+1.11
2026-08-09 20:36:47,38,0.395,0.474,0.368,+0.48,+0.51,+0.95
2026-08-09 20:42:00,38,0.421,0.474,0.395,+0.51,+0.53,+0.94
2026-08-09 20:47:14,38,0.421,0.395,0.395,+0.55,+0.55,+0.94
2026-08-09 20:52:28,38,0.447,0.421,0.368,+0.63,+0.62,+1.03
2026-08-09 20:57:03,38,0.368,0.421,0.368,+0.52,+0.54,+0.92
2026-08-09 21:02:17,38,0.263,0.447,0.395,-0.08,+1.26,+0.00
2026-08-09 21:07:31,38,0.237,0.526,0.368,-0.31,+1.02,-0.11
2026-08-09 21:12:44,38,0.316,0.526,0.368,-0.12,+1.24,+0.11
2026-08-09 21:17:58,38,0.342,0.526,0.342,-0.20,+1.13,-0.00
2026-08-09 21:23:12,38,0.342,0.526,0.342,-0.15,+1.19,+0.06
2026-08-09 21:27:33,39,0.359,0.513,0.410,-0.25,+0.96,+0.16
2026-08-09 21:32:48,39,0.308,0.462,0.436,-0.26,+0.95,+0.16
2026-08-09 21:38:02,39,0.282,0.436,0.410,-0.27,+0.96,+0.20
2026-08-09 21:43:16,39,0.308,0.538,0.436,-0.05,+1.20,+0.43
2026-08-09 21:48:30,39,0.282,0.487,0.410,-0.23,+0.99,+0.20
2026-08-09 21:53:44,39,0.231,0.436,0.333,-0.74,+0.44,-0.37
2026-08-09 21:58:18,39,0.256,0.487,0.385,-0.47,+0.73,-0.08
2026-08-09 22:03:33,39,0.333,0.410,0.256,-0.38,+0.24,-0.36
2026-08-09 22:08:47,39,0.487,0.462,0.308,-0.12,+0.45,-0.02
2026-08-09 22:14:01,38,0.447,0.474,0.342,-0.48,+0.13,-0.51
2026-08-09 22:19:14,38,0.500,0.553,0.395,-0.54,+0.06,-0.61
2026-08-09 22:24:28,38,0.526,0.553,0.395,-0.65,-0.06,-0.74
2026-08-09 22:29:15,38,0.553,0.553,0.421,-0.60,-0.00,-0.69
2026-08-09 22:34:29,38,0.474,0.553,0.395,-0.62,-0.04,-0.79
2026-08-09 22:39:43,38,0.500,0.474,0.421,-0.55,+0.03,-0.72
2026-08-09 22:44:57,38,0.421,0.395,0.421,-0.80,-0.22,-0.99
2026-08-09 22:50:11,39,0.410,0.410,0.410,-0.83,-0.30,-1.00
2026-08-09 22:55:25,38,0.447,0.447,0.421,-0.77,-0.20,-0.80
2026-08-09 23:00:12,38,0.395,0.421,0.421,-0.54,-0.57,-0.64
2026-08-09 23:05:25,37,0.568,0.378,0.459,-0.28,-0.78,-0.43
2026-08-09 23:10:39,38,0.605,0.500,0.526,-0.05,-0.52,-0.05
2026-08-09 23:15:53,38,0.526,0.474,0.526,-0.12,-0.59,-0.10
2026-08-09 23:21:07,38,0.579,0.500,0.553,+0.13,-0.38,+0.16
2026-08-09 23:26:20,38,0.500,0.342,0.500,-0.31,-0.79,-0.24
2026-08-09 23:30:58,39,0.487,0.462,0.513,-0.45,-0.84,-0.16
2026-08-09 23:36:12,39,0.410,0.359,0.487,-0.53,-0.92,-0.22
2026-08-09 23:41:27,39,0.385,0.359,0.487,-0.48,-0.87,-0.19
2026-08-09 23:46:41,39,0.462,0.385,0.513,-0.48,-0.89,-0.21
2026-08-09 23:51:55,39,0.487,0.436,0.538,-0.35,-0.76,-0.10
2026-08-09 23:57:09,39,0.513,0.487,0.538,-0.29,-0.69,-0.01
2026-08-10 00:01:42,39,0.410,0.436,0.462,-1.15,-1.61,-0.35
2026-08-10 00:06:56,38,0.474,0.474,0.474,-1.11,-1.61,-0.18
2026-08-10 00:12:09,38,0.500,0.553,0.553,-1.05,-1.54,-0.11
2026-08-10 00:17:23,38,0.526,0.500,0.447,-1.38,-1.87,-0.46
2026-08-10 00:22:37,39,0.513,0.538,0.487,-0.70,-1.20,+0.25
2026-08-10 00:27:51,39,0.564,0.513,0.538,-0.45,-0.95,+0.51
2026-08-10 00:32:26,39,0.538,0.513,0.513,-0.87,-1.36,+0.06
2026-08-10 00:37:41,40,0.400,0.500,0.450,-1.01,-1.49,-0.11
2026-08-10 00:42:55,40,0.450,0.475,0.450,-1.20,-1.67,-0.31
2026-08-10 00:48:09,39,0.333,0.462,0.462,-1.71,-2.18,-0.81
2026-08-10 00:53:24,39,0.359,0.359,0.487,-1.75,-2.24,-0.87
2026-08-10 00:58:38,39,0.385,0.410,0.513,-1.53,-2.02,-0.63
2026-08-10 01:03:12,38,0.447,0.421,0.500,-1.26,-1.55,-1.35
2026-08-10 01:08:26,39,0.410,0.410,0.513,-1.13,-1.38,-1.20
2026-08-10 01:13:40,39,0.359,0.436,0.487,-0.94,-1.12,-0.96
2026-08-10 01:18:54,39,0.359,0.462,0.436,-0.67,-0.86,-0.70
2026-08-10 01:24:09,40,0.425,0.500,0.500,-0.51,-0.69,-0.55
2026-08-10 01:29:24,40,0.350,0.450,0.525,-0.23,-0.40,-0.27
2026-08-10 01:33:42,40,0.425,0.500,0.525,+0.00,-0.17,-0.03
2026-08-10 01:38:57,39,0.436,0.487,0.513,+0.21,+0.06,+0.22
2026-08-10 01:44:11,39,0.462,0.513,0.513,+0.57,+0.40,+0.55
2026-08-10 01:49:26,39,0.436,0.538,0.513,+0.41,+0.26,+0.42
2026-08-10 01:54:40,39,0.462,0.590,0.564,+0.28,+0.13,+0.29
2026-08-10 01:59:54,39,0.462,0.564,0.590,+0.15,-0.01,+0.17
2026-08-10 02:04:27,39,0.410,0.436,0.513,+1.13,+0.28,-0.09
2026-08-10 02:09:41,39,0.436,0.462,0.538,+1.21,+0.39,-0.05
2026-08-10 02:14:55,39,0.385,0.487,0.513,+1.15,+0.37,-0.07
2026-08-10 02:20:10,39,0.359,0.462,0.487,+1.18,+0.44,-0.02
2026-08-10 02:25:24,39,0.385,0.487,0.513,+1.06,+0.41,-0.05
2026-08-10 02:30:38,39,0.385,0.487,0.564,+0.92,+0.23,-0.23
2026-08-10 02:35:13,39,0.385,0.487,0.564,+0.67,+0.01,-0.45
2026-08-10 02:40:27,39,0.385,0.538,0.538,+0.84,+0.15,-0.32
2026-08-10 02:45:41,39,0.385,0.564,0.564,+1.04,+0.41,-0.07
2026-08-10 02:50:56,39,0.385,0.513,0.538,+0.83,+0.18,-0.29
2026-08-10 02:56:09,39,0.385,0.487,0.513,+0.90,+0.18,-0.28
2026-08-10 03:01:24,39,0.333,0.487,0.436,-0.20,+0.29,-0.54
2026-08-10 03:06:31,39,0.385,0.436,0.436,-0.10,+0.40,-0.43
2026-08-10 03:11:46,39,0.436,0.410,0.462,-0.08,+0.41,-0.43
2026-08-10 03:17:00,39,0.385,0.436,0.487,-0.07,+0.43,-0.37
2026-08-10 03:22:14,39,0.359,0.410,0.487,-0.28,+0.24,-0.54
2026-08-10 03:27:28,39,0.385,0.410,0.513,+0.12,+0.64,-0.15
2026-08-10 03:32:42,39,0.410,0.410,0.513,+0.17,+0.69,-0.10
2026-08-10 03:37:15,39,0.359,0.410,0.513,+0.18,+0.72,-0.09
2026-08-10 03:42:29,39,0.385,0.333,0.487,+0.21,+0.73,-0.09
2026-08-10 03:47:43,39,0.385,0.308,0.513,+0.03,+0.58,-0.23
2026-08-10 03:52:57,39,0.359,0.385,0.513,-0.05,+0.51,-0.30
2026-08-10 03:58:12,39,0.359,0.385,0.436,-0.22,+0.33,-0.48
2026-08-10 04:03:25,39,0.359,0.308,0.513,+0.05,+0.56,+0.15
2026-08-10 04:08:01,39,0.410,0.282,0.538,+0.54,+1.02,+0.71
2026-08-10 04:13:15,39,0.385,0.333,0.538,+0.66,+1.25,+0.83
2026-08-10 04:18:29,39,0.410,0.385,0.564,+0.56,+1.42,+0.76
2026-08-10 04:23:43,39,0.410,0.359,0.590,+0.24,+1.11,+0.49
2026-08-10 04:28:57,39,0.436,0.359,0.564,+0.05,+0.96,+0.38
2026-08-10 04:34:11,39,0.359,0.385,0.538,-0.13,+0.75,+0.13
2026-08-10 04:39:08,39,0.385,0.359,0.538,-0.26,+0.61,-0.04
2026-08-10 04:44:22,39,0.410,0.359,0.538,-0.40,+0.50,-0.12
2026-08-10 04:49:37,39,0.410,0.359,0.564,-0.56,+0.42,-0.12
2026-08-10 04:54:51,39,0.385,0.359,0.564,-0.45,+0.51,-0.05
2026-08-10 05:00:04,39,0.359,0.333,0.538,-0.42,+0.56,-0.01
2026-08-10 05:05:19,39,0.564,0.410,0.436,-0.47,-0.44,+0.00
2026-08-10 05:09:54,40,0.525,0.375,0.425,-0.37,-0.22,+0.27
2026-08-10 05:15:08,40,0.425,0.375,0.400,+0.02,+0.10,+0.61
2026-08-10 05:20:23,40,0.425,0.325,0.425,-0.31,-0.19,+0.38
2026-08-10 05:25:38,40,0.425,0.325,0.425,-0.25,-0.16,+0.37
2026-08-10 05:30:52,40,0.550,0.400,0.450,+0.03,+0.13,+0.71
2026-08-10 05:36:07,40,0.525,0.425,0.475,+0.25,+0.40,+1.09
2026-08-10 05:40:39,40,0.500,0.425,0.500,+0.14,+0.30,+0.99
2026-08-10 05:45:54,40,0.475,0.375,0.500,+0.17,+0.34,+1.02
2026-08-10 05:51:08,40,0.500,0.425,0.475,+0.07,+0.25,+0.97
2026-08-10 05:56:23,40,0.450,0.425,0.475,+0.06,+0.24,+0.93
2026-08-10 06:01:37,40,0.475,0.375,0.450,+0.23,-0.11,+0.96
2026-08-10 06:06:51,40,0.375,0.400,0.400,-0.13,-0.18,+0.75
2026-08-10 06:11:06,40,0.425,0.425,0.350,-0.18,-0.20,+0.72
2026-08-10 06:16:21,40,0.425,0.475,0.425,-0.33,-0.37,+0.45
2026-08-10 06:21:35,40,0.375,0.450,0.450,-0.59,-0.60,+0.27
2026-08-10 06:26:50,41,0.390,0.463,0.439,-0.60,-0.61,+0.26
2026-08-10 06:32:05,41,0.415,0.463,0.488,-0.56,-0.58,+0.23
2026-08-10 06:37:19,41,0.488,0.415,0.463,-0.56,-0.58,+0.19
2026-08-10 06:41:52,41,0.463,0.415,0.488,-0.51,-0.56,+0.13
2026-08-10 06:47:07,41,0.512,0.463,0.488,+0.03,-0.06,+0.57
2026-08-10 06:52:23,41,0.463,0.537,0.463,-0.15,-0.19,+0.59
2026-08-10 06:57:37,41,0.585,0.512,0.463,-0.09,-0.14,+0.57
2026-08-10 07:02:52,41,0.488,0.561,0.415,-0.12,-0.28,+0.89
2026-08-10 07:08:07,41,0.488,0.512,0.390,+0.12,-0.01,+1.13
2026-08-10 07:12:38,41,0.537,0.561,0.390,-0.10,-0.22,+0.87
2026-08-10 07:17:52,41,0.659,0.585,0.537,+0.09,-0.00,+1.07
2026-08-10 07:23:07,41,0.610,0.585,0.439,+0.02,-0.03,+1.09
2026-08-10 07:28:22,41,0.537,0.512,0.341,-0.12,-0.18,+0.93
2026-08-10 07:33:37,41,0.390,0.415,0.317,-0.33,-0.38,+0.75
2026-08-10 07:38:52,41,0.268,0.366,0.317,-0.52,-0.59,+0.50
2026-08-10 07:43:07,42,0.310,0.333,0.286,-0.43,-0.48,+0.61
2026-08-10 07:48:22,42,0.333,0.357,0.286,-0.22,-0.27,+0.82
2026-08-10 07:53:37,42,0.286,0.310,0.286,-0.47,-0.51,+0.59
2026-08-10 07:58:52,42,0.286,0.310,0.286,-0.30,-0.36,+0.73
2026-08-10 08:04:07,42,0.238,0.286,0.238,-0.43,-0.52,-0.41
2026-08-10 08:09:22,42,0.214,0.286,0.214,-0.76,-0.77,-0.77
2026-08-10 08:13:51,42,0.214,0.286,0.238,-0.56,-0.58,-0.60
2026-08-10 08:19:07,42,0.238,0.262,0.238,-0.78,-0.81,-0.79
2026-08-10 08:24:22,43,0.233,0.209,0.233,-0.81,-0.82,-0.86
2026-08-10 08:29:38,43,0.209,0.209,0.209,-0.92,-0.93,-0.97
2026-08-10 08:34:53,43,0.186,0.186,0.186,-1.05,-1.06,-1.11
2026-08-10 08:40:09,43,0.186,0.233,0.163,-0.77,-0.77,-0.81
2026-08-10 08:44:14,43,0.186,0.209,0.233,-0.88,-0.88,-0.90
2026-08-10 08:49:29,43,0.186,0.233,0.209,-1.02,-1.03,-1.03
2026-08-10 08:54:45,43,0.140,0.186,0.233,-0.98,-0.99,-1.00
2026-08-10 09:00:00,43,0.163,0.186,0.209,-0.95,-0.95,-0.99
2026-08-10 09:05:16,43,0.186,0.186,0.279,-0.86,-1.33,-1.22
2026-08-10 09:10:31,43,0.372,0.279,0.302,-0.37,-0.90,-0.76
2026-08-10 09:15:20,43,0.581,0.372,0.395,+0.09,-0.45,-0.31
2026-08-10 09:20:36,43,0.605,0.395,0.349,-0.27,-0.85,-0.66
2026-08-10 09:25:51,44,0.477,0.318,0.341,-0.55,-1.11,-0.95
2026-08-10 09:31:07,44,0.386,0.273,0.364,-0.60,-1.16,-1.01
2026-08-10 09:36:23,44,0.295,0.227,0.273,-0.82,-1.38,-1.21
2026-08-10 09:41:38,44,0.318,0.136,0.182,-1.11,-1.72,-1.57
2026-08-10 09:46:06,44,0.227,0.136,0.227,-1.26,-1.88,-1.72
2026-08-10 09:51:22,45,0.333,0.200,0.244,-0.63,-1.22,-0.88
2026-08-10 09:56:38,45,0.444,0.289,0.289,-0.33,-0.92,-0.58
2026-08-10 10:01:54,45,0.667,0.267,0.422,+0.07,-0.83,-0.74
2026-08-10 10:07:10,45,0.667,0.222,0.378,+0.06,-0.87,-0.76
2026-08-10 10:12:26,45,0.556,0.200,0.400,-0.10,-1.03,-0.92
2026-08-10 10:16:50,45,0.622,0.244,0.467,-0.17,-1.10,-1.00
2026-08-10 10:22:06,45,0.556,0.244,0.378,-0.38,-1.31,-1.22
2026-08-10 10:27:22,45,0.556,0.244,0.400,-0.35,-1.29,-1.20
2026-08-10 10:32:39,46,0.587,0.217,0.370,-0.37,-1.26,-1.09
2026-08-10 10:37:55,45,0.600,0.244,0.356,-0.46,-1.40,-1.30
2026-08-10 10:43:12,46,0.587,0.283,0.370,-0.19,-1.10,-0.95
2026-08-10 10:47:57,45,0.644,0.333,0.422,+0.15,-0.75,-0.60
2026-08-10 10:53:13,45,0.689,0.467,0.600,+0.41,-0.49,-0.34
2026-08-10 10:58:29,45,0.733,0.467,0.622,+0.35,-0.54,-0.40
2026-08-10 11:03:46,45,0.578,0.600,0.400,-0.14,-0.44,-0.61
2026-08-10 11:09:02,45,0.600,0.622,0.356,-0.06,-0.37,-0.54
2026-08-10 11:14:18,45,0.533,0.556,0.311,-0.58,-0.88,-1.04
2026-08-10 11:18:42,45,0.444,0.511,0.289,-0.83,-1.08,-1.25
2026-08-10 11:23:58,45,0.444,0.400,0.289,-1.15,-1.46,-1.63
2026-08-10 11:29:14,45,0.400,0.378,0.267,-1.44,-1.77,-1.94
2026-08-10 11:34:31,46,0.391,0.457,0.261,-1.61,-1.84,-1.98
2026-08-10 11:39:47,46,0.478,0.391,0.283,-1.81,-2.08,-2.22
2026-08-10 11:45:03,46,0.565,0.522,0.304,-1.30,-1.57,-1.71
2026-08-10 11:49:37,46,0.565,0.543,0.326,-1.41,-1.68,-1.82
2026-08-10 11:54:54,46,0.565,0.543,0.326,-1.45,-1.62,-1.82
2026-08-10 12:00:11,46,0.543,0.587,0.326,-1.22,-1.16,-1.85
2026-08-10 12:05:27,45,0.311,0.644,0.378,-1.62,-1.14,-2.26
2026-08-10 12:10:43,45,0.267,0.622,0.400,-1.30,-0.90,-2.00
2026-08-10 12:15:59,45,0.244,0.556,0.311,-2.11,-1.54,-2.65
2026-08-10 12:20:14,45,0.311,0.622,0.333,-1.79,-1.26,-2.38
2026-08-10 12:25:30,45,0.289,0.622,0.378,-1.72,-1.19,-2.31
2026-08-10 12:30:46,45,0.244,0.622,0.400,-1.51,-1.00,-2.13
2026-08-10 12:36:02,46,0.283,0.630,0.391,-1.08,-0.52,-1.67
2026-08-10 12:41:19,46,0.304,0.630,0.391,-1.33,-0.70,-1.85
2026-08-10 12:46:35,45,0.289,0.667,0.378,-1.28,-0.66,-1.80
2026-08-10 12:51:04,44,0.227,0.591,0.341,-1.37,-0.86,-2.06
2026-08-10 12:56:20,44,0.205,0.591,0.341,-1.40,-0.87,-2.07
2026-08-10 13:01:36,44,0.295,0.523,0.273,-0.57,-1.30,-1.89
2026-08-10 13:06:51,43,0.372,0.465,0.302,-0.31,-1.39,-1.80
2026-08-10 13:12:07,43,0.465,0.488,0.279,-0.10,-1.24,-1.64
2026-08-10 13:17:23,43,0.395,0.465,0.302,-0.19,-1.31,-1.70
2026-08-10 13:21:58,43,0.488,0.488,0.326,+0.02,-1.07,-1.45
2026-08-10 13:27:13,43,0.419,0.419,0.326,-0.32,-1.38,-1.75
2026-08-10 13:32:29,43,0.372,0.465,0.302,-0.27,-1.33,-1.72
2026-08-10 13:37:44,43,0.349,0.395,0.279,-0.79,-1.88,-2.26
2026-08-10 13:43:00,43,0.302,0.419,0.279,-0.84,-1.92,-2.31
2026-08-10 13:48:16,43,0.302,0.395,0.279,-0.91,-1.98,-2.35
2026-08-10 13:52:24,43,0.302,0.419,0.279,-1.06,-2.11,-2.48
2026-08-10 13:57:40,43,0.326,0.372,0.279,-1.17,-2.24,-2.64
2026-08-10 14:02:56,43,0.326,0.233,0.372,-1.32,-2.70,-2.79
2026-08-10 14:08:11,43,0.442,0.209,0.419,-1.57,-2.99,-2.97
2026-08-10 14:13:27,43,0.326,0.186,0.372,-1.20,-2.67,-2.69
2026-08-10 14:18:43,43,0.442,0.209,0.372,-1.31,-2.73,-2.71
2026-08-10 14:23:15,43,0.442,0.209,0.395,-1.45,-2.89,-2.87
2026-08-10 14:28:31,43,0.488,0.279,0.442,-1.16,-2.60,-2.56
2026-08-10 14:33:46,43,0.465,0.256,0.395,-1.87,-3.27,-3.19
2026-08-10 14:39:02,43,0.419,0.256,0.465,-1.70,-3.12,-3.08
2026-08-10 14:44:19,44,0.432,0.295,0.432,-1.88,-3.20,-3.09
2026-08-10 14:49:35,44,0.523,0.318,0.477,-1.79,-3.01,-2.81
2026-08-10 14:54:01,44,0.523,0.273,0.500,-2.37,-3.49,-3.18
2026-08-10 14:59:16,44,0.455,0.318,0.500,-2.41,-3.53,-3.22
2026-08-10 15:04:33,45,0.511,0.467,0.578,+0.14,-0.68,-0.14
2026-08-10 15:09:49,45,0.511,0.511,0.600,+0.19,-0.65,-0.05
2026-08-10 15:15:05,45,0.422,0.489,0.600,-0.03,-0.87,-0.27
2026-08-10 15:20:21,45,0.489,0.556,0.600,-0.16,-1.00,-0.42
2026-08-10 15:24:32,45,0.511,0.533,0.622,-0.07,-0.92,-0.35
2026-08-10 15:29:49,46,0.522,0.522,0.609,+0.01,-0.93,-0.10
2026-08-10 15:35:05,46,0.500,0.522,0.587,+0.25,-0.70,+0.12
2026-08-10 15:40:22,46,0.522,0.500,0.609,+0.16,-0.79,+0.03
2026-08-10 15:45:39,46,0.522,0.478,0.587,+0.24,-0.71,+0.12
2026-08-10 15:50:56,46,0.500,0.543,0.609,+0.27,-0.69,+0.13
2026-08-10 15:55:18,46,0.522,0.500,0.609,+0.23,-0.72,+0.10
2026-08-10 16:00:34,45,0.467,0.578,0.578,+0.02,-0.94,-0.91
2026-08-10 16:05:51,45,0.556,0.600,0.578,+0.13,-0.65,-0.87
2026-08-10 16:11:07,45,0.533,0.578,0.600,+0.17,-0.65,-0.79
2026-08-10 16:16:23,45,0.467,0.578,0.600,+0.02,-0.81,-0.95
2026-08-10 16:21:40,45,0.511,0.556,0.600,-0.05,-0.87,-1.03
2026-08-10 16:26:04,45,0.511,0.556,0.600,+0.05,-0.78,-0.95
2026-08-10 16:31:21,45,0.533,0.533,0.533,-0.09,-0.93,-1.08
2026-08-10 16:36:37,45,0.511,0.489,0.622,-0.27,-1.10,-1.28
2026-08-10 16:41:53,45,0.533,0.533,0.578,-0.18,-1.01,-1.19
2026-08-10 16:47:09,45,0.444,0.511,0.578,-0.35,-1.19,-1.36
2026-08-10 16:52:25,45,0.489,0.511,0.578,-0.32,-1.15,-1.31
2026-08-10 16:56:43,45,0.533,0.511,0.533,-0.26,-1.07,-1.23
2026-08-10 17:01:59,45,0.467,0.489,0.400,-0.22,-0.06,-1.52
2026-08-10 17:07:16,45,0.467,0.511,0.356,-0.37,-0.25,-1.73
2026-08-10 17:12:32,45,0.467,0.533,0.356,-0.28,-0.21,-1.65
2026-08-10 17:17:48,45,0.444,0.533,0.356,-0.36,-0.29,-1.73
2026-08-10 17:23:04,45,0.422,0.489,0.378,-0.24,-0.18,-1.61
2026-08-10 17:27:32,45,0.444,0.467,0.400,-0.22,-0.17,-1.59
2026-08-10 17:32:49,45,0.400,0.444,0.378,-0.17,-0.12,-1.54
2026-08-10 17:38:05,45,0.356,0.444,0.333,-0.41,-0.35,-1.76
2026-08-10 17:43:21,45,0.356,0.400,0.311,-0.43,-0.38,-1.80
2026-08-10 17:48:37,45,0.333,0.444,0.356,-0.38,-0.33,-1.76
2026-08-10 17:53:53,45,0.311,0.467,0.356,-0.22,-0.18,-1.62
2026-08-10 17:58:16,45,0.356,0.467,0.356,-0.08,-0.05,-1.50
2026-08-10 18:03:32,45,0.356,0.467,0.467,-0.07,-0.25,-1.13
2026-08-10 18:08:49,45,0.444,0.511,0.467,-0.04,-0.22,-1.05
2026-08-10 18:14:05,46,0.478,0.500,0.478,+0.26,+0.19,-0.74
2026-08-10 18:19:22,46,0.413,0.522,0.435,+0.55,+0.47,-0.46
2026-08-10 18:24:38,46,0.435,0.522,0.413,+0.37,+0.34,-0.61
2026-08-10 18:28:55,47,0.383,0.532,0.426,+0.36,+0.27,-0.59
2026-08-10 18:34:12,47,0.298,0.362,0.383,+0.14,+0.08,-0.79
2026-08-10 18:39:28,47,0.340,0.383,0.404,+0.08,+0.00,-0.86
2026-08-10 18:44:45,47,0.340,0.362,0.383,+0.31,+0.24,-0.64
2026-08-10 18:50:03,48,0.354,0.333,0.375,+0.47,+0.42,-0.47
2026-08-10 18:55:20,48,0.312,0.333,0.438,+0.42,+0.36,-0.52
2026-08-10 18:59:45,48,0.292,0.396,0.375,+0.26,+0.20,-0.68
2026-08-10 19:05:03,48,0.292,0.354,0.521,-0.47,-0.15,-0.75
2026-08-10 19:10:20,48,0.312,0.375,0.521,-0.15,+0.13,-0.61
2026-08-10 19:15:37,48,0.354,0.417,0.521,-0.21,+0.05,-0.68
2026-08-10 19:20:55,49,0.408,0.408,0.571,-0.44,-0.21,-0.93
2026-08-10 19:26:12,49,0.408,0.469,0.551,-0.18,+0.04,-0.68
2026-08-10 19:30:35,49,0.449,0.449,0.571,-0.17,+0.05,-0.69
2026-08-10 19:35:54,49,0.449,0.469,0.571,+0.01,+0.26,-0.48
2026-08-10 19:41:11,49,0.449,0.449,0.612,+0.11,+0.35,-0.39
2026-08-10 19:46:29,49,0.469,0.490,0.592,+0.26,+0.52,-0.22
2026-08-10 19:51:46,49,0.551,0.531,0.592,+0.38,+0.63,-0.10
2026-08-10 19:57:04,49,0.490,0.510,0.571,+0.26,+0.52,-0.20
2026-08-10 20:01:09,49,0.551,0.469,0.469,+0.22,+0.41,-0.17
2026-08-10 20:06:27,49,0.571,0.408,0.490,+0.17,+0.34,+0.19
2026-08-10 20:11:45,49,0.571,0.408,0.490,+0.45,+0.67,+0.65
2026-08-10 20:17:03,49,0.633,0.469,0.571,+0.48,+0.66,+0.64
2026-08-10 20:22:21,49,0.633,0.449,0.551,+0.39,+0.56,+0.53
2026-08-10 20:27:38,48,0.667,0.438,0.500,+0.57,+0.82,+0.77
2026-08-10 20:31:53,49,0.673,0.429,0.571,+0.51,+0.68,+0.64
2026-08-10 20:37:11,49,0.694,0.429,0.490,+0.42,+0.61,+0.57
2026-08-10 20:42:30,49,0.694,0.490,0.531,+0.51,+0.71,+0.67
2026-08-10 20:47:47,49,0.694,0.449,0.490,+0.50,+0.71,+0.67
2026-08-10 20:53:05,49,0.633,0.429,0.490,+0.53,+0.72,+0.69
2026-08-10 20:58:23,49,0.612,0.449,0.469,+0.47,+0.65,+0.61
2026-08-10 21:02:42,49,0.653,0.510,0.571,+0.36,+0.15,+0.67
2026-08-10 21:08:00,49,0.571,0.510,0.551,+0.47,+0.42,+0.85
2026-08-10 21:13:17,49,0.571,0.592,0.592,+0.34,+0.40,+0.66
2026-08-10 21:18:35,49,0.551,0.551,0.592,+0.14,+0.20,+0.47
2026-08-10 21:23:54,49,0.429,0.571,0.531,+0.04,+0.18,+0.44
2026-08-10 21:29:11,49,0.449,0.551,0.510,+0.04,+0.17,+0.43
2026-08-10 21:33:11,49,0.408,0.510,0.510,+0.08,+0.23,+0.49
2026-08-10 21:38:29,49,0.367,0.510,0.490,+0.00,+0.16,+0.43
2026-08-10 21:43:47,49,0.367,0.510,0.531,+0.13,+0.29,+0.55
2026-08-10 21:49:04,49,0.347,0.490,0.490,+0.11,+0.27,+0.52
2026-08-10 21:54:22,49,0.347,0.449,0.449,+0.06,+0.22,+0.47
2026-08-10 21:59:40,49,0.388,0.469,0.449,+0.04,+0.21,+0.45
2026-08-10 22:03:55,49,0.347,0.551,0.429,-0.16,+0.28,+0.29
2026-08-10 22:09:13,49,0.327,0.633,0.429,-0.05,+0.49,+0.39
2026-08-10 22:14:30,49,0.286,0.612,0.449,-0.23,+0.29,+0.22
2026-08-10 22:19:48,49,0.327,0.571,0.449,-0.38,+0.06,+0.09
2026-08-10 22:25:06,49,0.245,0.469,0.429,-0.59,-0.18,-0.15
2026-08-10 22:30:24,49,0.224,0.469,0.388,-0.82,-0.40,-0.37
2026-08-10 22:34:43,49,0.286,0.449,0.367,-0.79,-0.40,-0.34
2026-08-10 22:40:01,49,0.306,0.490,0.388,-0.80,-0.43,-0.37
2026-08-10 22:45:18,49,0.286,0.449,0.408,-1.00,-0.59,-0.57
2026-08-10 22:50:36,49,0.245,0.388,0.408,-1.08,-0.68,-0.66
2026-08-10 22:55:53,49,0.306,0.388,0.408,-0.92,-0.50,-0.47
2026-08-10 23:01:10,49,0.429,0.388,0.449,-0.75,-0.59,-0.17
2026-08-10 23:05:05,49,0.490,0.347,0.429,-0.70,-0.65,-0.19
2026-08-10 23:10:23,49,0.490,0.367,0.449,-0.72,-0.71,-0.28
2026-08-10 23:15:40,49,0.490,0.286,0.429,-0.74,-0.73,-0.31
2026-08-10 23:20:58,49,0.490,0.306,0.429,-0.72,-0.71,-0.27
2026-08-10 23:26:15,49,0.408,0.327,0.408,-0.75,-0.72,-0.27
2026-08-10 23:31:32,50,0.520,0.460,0.440,-0.11,-0.14,+0.34
2026-08-10 23:35:44,49,0.490,0.408,0.449,-0.26,-0.26,+0.19
2026-08-10 23:41:02,49,0.510,0.449,0.469,-0.07,-0.07,+0.38
2026-08-10 23:46:19,49,0.510,0.469,0.429,-0.10,-0.11,+0.35
2026-08-10 23:51:37,49,0.449,0.449,0.469,-0.35,-0.35,+0.11
2026-08-10 23:56:54,48,0.396,0.417,0.438,-0.48,-0.48,+0.04
2026-08-11 00:02:11,48,0.292,0.312,0.375,-0.17,-0.67,-0.43
2026-08-11 00:06:39,48,0.312,0.292,0.417,-0.47,-1.02,-0.75
2026-08-11 00:11:56,48,0.292,0.250,0.354,-0.57,-1.12,-0.84
2026-08-11 00:17:13,49,0.306,0.306,0.367,+0.17,-0.36,-0.11
2026-08-11 00:22:31,49,0.306,0.306,0.367,-0.13,-0.64,-0.39
2026-08-11 00:27:48,49,0.327,0.286,0.388,-0.02,-0.53,-0.27
2026-08-11 00:33:05,49,0.347,0.347,0.388,+0.21,-0.31,-0.06
2026-08-11 00:37:01,49,0.327,0.306,0.388,-0.04,-0.55,-0.27
2026-08-11 00:42:18,48,0.312,0.312,0.375,+0.06,-0.46,-0.22
2026-08-11 00:47:35,48,0.271,0.333,0.375,+0.02,-0.51,-0.26
2026-08-11 00:52:52,48,0.292,0.292,0.354,+0.03,-0.51,-0.27
2026-08-11 00:58:09,48,0.271,0.312,0.396,-0.26,-0.80,-0.55
2026-08-11 01:03:26,48,0.396,0.333,0.417,+0.11,-0.53,-0.26
2026-08-11 01:07:45,48,0.458,0.354,0.438,-0.08,-0.71,-0.37
2026-08-11 01:13:02,48,0.396,0.333,0.417,+0.10,-0.54,-0.20
2026-08-11 01:18:19,48,0.312,0.271,0.417,-0.13,-0.78,-0.44
2026-08-11 01:23:36,48,0.396,0.354,0.438,-0.01,-0.66,-0.30
2026-08-11 01:28:53,48,0.375,0.333,0.417,+0.08,-0.56,-0.25
2026-08-11 01:34:10,48,0.292,0.333,0.396,+0.03,-0.61,-0.30
2026-08-11 01:38:30,47,0.319,0.298,0.404,-0.09,-0.74,-0.45
2026-08-11 01:43:47,47,0.383,0.383,0.426,+0.04,-0.61,-0.32
2026-08-11 01:49:03,47,0.298,0.340,0.404,-0.27,-0.92,-0.62
2026-08-11 01:54:20,47,0.255,0.319,0.362,-0.13,-0.77,-0.48
2026-08-11 01:59:37,47,0.298,0.319,0.362,-0.15,-0.79,-0.49
2026-08-11 02:04:54,47,0.277,0.277,0.340,-0.35,-0.40,-0.86
2026-08-11 02:08:51,47,0.319,0.298,0.362,-0.10,-0.31,-0.78
2026-08-11 02:14:08,47,0.404,0.298,0.383,-0.06,-0.25,-0.74
2026-08-11 02:19:25,47,0.340,0.298,0.319,-0.05,-0.27,-0.76
2026-08-11 02:24:42,47,0.426,0.319,0.362,-0.11,-0.34,-0.84
2026-08-11 02:29:58,47,0.404,0.340,0.340,-0.25,-0.54,-1.04
2026-08-11 02:35:15,47,0.468,0.362,0.383,-0.16,-0.46,-0.96
2026-08-11 02:39:32,49,0.490,0.388,0.408,+0.25,-0.08,-0.59
2026-08-11 02:44:50,49,0.449,0.347,0.367,+0.37,+0.03,-0.49
2026-08-11 02:50:07,49,0.408,0.327,0.367,+0.26,-0.09,-0.60
2026-08-11 02:55:25,49,0.408,0.327,0.367,+0.10,-0.24,-0.75
2026-08-11 03:00:43,49,0.469,0.347,0.388,+0.22,-0.23,-0.58
2026-08-11 03:06:00,48,0.500,0.354,0.354,+0.18,-0.22,-0.75
2026-08-11 03:10:22,48,0.542,0.375,0.375,+0.19,-0.21,-0.78
2026-08-11 03:15:40,47,0.532,0.383,0.340,+0.23,-0.17,-0.85
2026-08-11 03:20:56,47,0.553,0.362,0.319,+0.17,-0.22,-0.94
2026-08-11 03:26:13,47,0.532,0.362,0.340,+0.33,+0.02,-0.73
2026-08-11 03:31:29,47,0.489,0.362,0.383,+0.22,-0.11,-0.85
2026-08-11 03:36:46,47,0.468,0.340,0.383,+0.08,-0.25,-0.99
2026-08-11 03:41:13,48,0.396,0.312,0.417,-0.03,-0.31,-0.98
2026-08-11 03:46:30,48,0.417,0.333,0.375,+0.05,-0.23,-0.92
2026-08-11 03:51:47,48,0.438,0.312,0.354,+0.09,-0.16,-0.85
2026-08-11 03:57:05,48,0.479,0.333,0.333,+0.04,-0.20,-0.88
2026-08-11 04:02:22,48,0.354,0.417,0.375,-0.36,+0.00,-0.99
2026-08-11 04:07:39,48,0.354,0.438,0.333,-0.28,-0.20,-1.09
2026-08-11 04:11:52,47,0.319,0.468,0.362,-0.21,-0.18,-1.00
2026-08-11 04:17:09,48,0.375,0.417,0.396,-0.29,-0.33,-1.06
2026-08-11 04:22:26,48,0.396,0.458,0.417,-0.21,-0.23,-0.94
2026-08-11 04:27:43,48,0.479,0.458,0.375,-0.18,-0.20,-0.91
2026-08-11 04:33:00,48,0.479,0.521,0.396,-0.27,-0.30,-1.02
2026-08-11 04:38:17,48,0.417,0.458,0.396,-0.37,-0.39,-1.11
2026-08-11 04:42:55,48,0.479,0.521,0.417,-0.04,-0.07,-0.78
2026-08-11 04:48:12,48,0.479,0.500,0.417,-0.11,-0.14,-0.84
2026-08-11 04:53:29,48,0.479,0.458,0.417,-0.20,-0.24,-0.94
2026-08-11 04:58:46,48,0.479,0.417,0.354,-0.21,-0.24,-0.94
2026-08-11 05:04:03,48,0.500,0.500,0.375,-0.11,-0.32,-0.63
2026-08-11 05:09:20,48,0.562,0.562,0.312,-0.10,-0.26,-0.65
2026-08-11 05:13:35,48,0.562,0.562,0.354,-0.04,-0.20,-0.59
2026-08-11 05:18:53,48,0.521,0.604,0.333,+0.06,-0.10,-0.48
2026-08-11 05:24:10,48,0.604,0.583,0.333,-0.01,-0.13,-0.52
2026-08-11 05:29:27,48,0.583,0.562,0.375,-0.01,-0.12,-0.49
2026-08-11 05:34:44,48,0.542,0.521,0.354,+0.10,-0.00,-0.35
2026-08-11 05:40:01,48,0.479,0.521,0.375,+0.21,+0.10,-0.24
2026-08-11 05:44:15,48,0.542,0.583,0.396,+0.30,+0.17,-0.12
2026-08-11 05:49:32,48,0.542,0.583,0.396,+0.28,+0.14,-0.15
2026-08-11 05:54:49,48,0.542,0.625,0.375,+0.23,+0.10,-0.20
2026-08-11 06:00:06,48,0.542,0.583,0.354,+0.18,+0.05,-0.25
2026-08-11 06:05:23,48,0.604,0.500,0.375,+0.46,+0.19,+0.14
2026-08-11 06:10:41,48,0.542,0.479,0.312,+0.39,+0.17,+0.07
2026-08-11 06:14:37,48,0.354,0.458,0.292,+0.38,+0.17,+0.06
2026-08-11 06:19:54,48,0.396,0.417,0.292,+0.28,+0.09,-0.00
2026-08-11 06:25:10,48,0.396,0.375,0.271,+0.07,-0.13,-0.23
2026-08-11 06:30:28,47,0.426,0.404,0.298,+0.15,+0.01,-0.08
2026-08-11 06:35:44,47,0.447,0.447,0.298,+0.18,+0.04,-0.06
2026-08-11 06:41:01,47,0.404,0.426,0.340,+0.09,-0.06,-0.16
2026-08-11 06:45:16,47,0.362,0.383,0.298,-0.07,-0.21,-0.32
2026-08-11 06:50:32,47,0.319,0.340,0.255,-0.05,-0.19,-0.30
2026-08-11 06:55:49,47,0.319,0.340,0.255,+0.06,-0.05,-0.15
2026-08-11 07:01:05,47,0.298,0.362,0.340,-0.11,-0.17,-0.49
2026-08-11 07:06:22,48,0.271,0.396,0.333,-0.24,-0.01,-0.29
2026-08-11 07:11:40,48,0.292,0.438,0.438,+0.05,+0.27,-0.01
2026-08-11 07:15:55,48,0.312,0.438,0.417,+0.14,+0.33,+0.05
2026-08-11 07:21:12,48,0.250,0.438,0.417,+0.17,+0.39,+0.18
2026-08-11 07:26:29,48,0.271,0.458,0.396,+0.02,+0.23,+0.01
2026-08-11 07:31:46,48,0.292,0.417,0.417,-0.20,-0.01,-0.23
2026-08-11 07:37:03,48,0.271,0.417,0.354,-0.24,-0.02,-0.24
2026-08-11 07:42:21,48,0.292,0.417,0.375,-0.29,-0.09,-0.31
2026-08-11 07:46:17,49,0.245,0.408,0.306,+0.42,+0.65,+0.44
2026-08-11 07:51:35,49,0.286,0.429,0.347,+0.53,+0.76,+0.55
2026-08-11 07:56:52,49,0.265,0.429,0.388,+0.39,+0.62,+0.41
2026-08-11 08:02:10,49,0.449,0.367,0.449,-0.00,+0.49,+0.31
2026-08-11 08:07:27,49,0.429,0.388,0.449,-0.09,+0.44,+0.30
2026-08-11 08:12:45,49,0.469,0.388,0.490,-0.04,+0.48,+0.34
2026-08-11 08:16:57,49,0.429,0.367,0.469,-0.08,+0.47,+0.34
2026-08-11 08:22:14,49,0.408,0.347,0.469,-0.12,+0.42,+0.29
2026-08-11 08:27:31,49,0.408,0.388,0.469,-0.14,+0.41,+0.28
2026-08-11 08:32:49,49,0.347,0.347,0.408,-0.27,+0.28,+0.16
2026-08-11 08:38:07,50,0.340,0.360,0.420,-0.15,+0.47,+0.36
2026-08-11 08:43:24,49,0.347,0.367,0.429,-0.19,+0.44,+0.30
2026-08-11 08:47:36,49,0.388,0.388,0.531,-0.15,+0.47,+0.32
2026-08-11 08:52:53,48,0.375,0.396,0.500,-0.08,+0.56,+0.45
2026-08-11 08:58:10,49,0.327,0.388,0.531,-0.38,+0.69,+0.58
2026-08-11 09:03:28,49,0.388,0.347,0.408,-0.06,+0.29,+0.98
2026-08-11 09:08:45,49,0.327,0.347,0.408,-0.08,+0.30,+0.61
2026-08-11 09:14:03,49,0.408,0.367,0.429,+0.03,+0.40,+0.70
2026-08-11 09:17:58,49,0.449,0.347,0.429,+0.00,+0.37,+0.69
2026-08-11 09:23:15,49,0.429,0.408,0.449,+0.36,+0.76,+1.10
2026-08-11 09:28:32,49,0.490,0.449,0.490,+0.48,+0.89,+1.22
2026-08-11 09:33:50,49,0.429,0.388,0.388,+0.31,+0.71,+1.02
2026-08-11 09:39:07,49,0.429,0.388,0.388,+0.18,+0.56,+0.85
2026-08-11 09:44:25,49,0.388,0.367,0.367,-0.10,+0.26,+0.56
2026-08-11 09:48:38,49,0.429,0.388,0.367,-0.01,+0.35,+0.65
2026-08-11 09:53:55,49,0.449,0.408,0.367,+0.20,+0.57,+0.90
2026-08-11 09:59:13,49,0.449,0.408,0.388,+0.12,+0.49,+0.81
2026-08-11 10:04:30,48,0.396,0.354,0.417,-0.00,-0.39,+0.73
2026-08-11 10:09:47,49,0.449,0.327,0.408,+0.02,-0.41,+0.67
2026-08-11 10:15:05,49,0.449,0.367,0.449,+0.15,-0.26,+0.82
2026-08-11 10:19:17,48,0.396,0.396,0.438,+0.19,-0.19,+0.88
2026-08-11 10:24:33,47,0.404,0.340,0.426,+0.26,-0.20,+0.91
2026-08-11 10:29:50,47,0.447,0.340,0.404,+0.27,-0.22,+0.93
2026-08-11 10:35:06,47,0.383,0.340,0.426,+0.24,-0.24,+0.94
2026-08-11 10:40:24,48,0.292,0.333,0.417,+0.21,-0.26,+0.95
2026-08-11 10:45:41,48,0.375,0.292,0.458,+0.06,-0.40,+0.77
2026-08-11 10:49:38,48,0.333,0.292,0.458,+0.09,-0.38,+0.77
2026-08-11 10:54:55,49,0.449,0.306,0.490,+0.30,-0.16,+0.95
2026-08-11 11:00:13,49,0.388,0.265,0.490,+0.08,-0.15,+1.05
2026-08-11 11:05:30,49,0.429,0.388,0.347,-0.12,+0.06,+0.91
2026-08-11 11:10:48,49,0.469,0.388,0.306,-0.22,-0.05,+0.80
2026-08-11 11:16:05,49,0.449,0.388,0.265,-0.36,-0.19,+0.67
2026-08-11 11:20:18,49,0.510,0.449,0.286,-0.29,-0.14,+0.68
2026-08-11 11:25:35,49,0.490,0.347,0.286,-0.35,-0.24,+0.62
2026-08-11 11:30:52,49,0.408,0.347,0.265,-0.69,-0.54,+0.28
2026-08-11 11:36:10,50,0.460,0.300,0.280,-0.05,+0.11,+0.92
2026-08-11 11:41:28,50,0.400,0.360,0.280,+0.03,+0.19,+1.00
2026-08-11 11:46:47,50,0.440,0.360,0.320,+0.07,+0.23,+1.04
2026-08-11 11:51:03,50,0.380,0.360,0.320,+0.03,+0.20,+1.01
2026-08-11 11:56:20,50,0.460,0.340,0.300,-0.03,+0.14,+0.96
2026-08-11 12:01:38,50,0.380,0.380,0.280,-0.33,+0.45,+0.78
2026-08-11 12:06:56,50,0.260,0.360,0.300,-0.45,+0.42,+0.61
2026-08-11 12:12:14,50,0.360,0.360,0.320,-0.33,+0.55,+0.75
2026-08-11 12:17:32,51,0.333,0.392,0.353,-0.34,+0.53,+0.80
2026-08-11 12:21:34,51,0.353,0.431,0.333,-0.31,+0.55,+0.81
2026-08-11 12:26:52,51,0.373,0.451,0.373,-0.46,+0.39,+0.64
2026-08-11 12:32:10,51,0.353,0.412,0.333,-0.50,+0.32,+0.60
2026-08-11 12:37:28,51,0.373,0.490,0.392,-0.34,+0.49,+0.75
2026-08-11 12:42:44,51,0.412,0.490,0.392,-0.24,+0.57,+0.84
2026-08-11 12:48:02,51,0.373,0.431,0.373,+0.03,+0.89,+1.14
2026-08-11 12:52:12,50,0.380,0.440,0.380,-0.02,+0.85,+1.10
2026-08-11 12:57:30,50,0.420,0.460,0.380,-0.16,+0.72,+0.98
2026-08-11 13:02:48,50,0.480,0.540,0.360,+0.34,+0.70,+0.34
2026-08-11 13:08:06,50,0.500,0.540,0.360,+0.43,+0.56,+0.49
2026-08-11 13:13:23,50,0.440,0.500,0.340,+0.50,+0.64,+0.54
2026-08-11 13:18:41,50,0.460,0.520,0.340,+0.42,+0.57,+0.48
2026-08-11 13:22:51,50,0.520,0.560,0.380,+0.49,+0.64,+0.55
2026-08-11 13:28:10,50,0.480,0.500,0.360,+0.30,+0.44,+0.35
2026-08-11 13:33:27,50,0.480,0.540,0.360,+0.34,+0.48,+0.39
2026-08-11 13:38:45,50,0.500,0.540,0.340,+0.66,+0.81,+0.70
2026-08-11 13:44:02,50,0.380,0.460,0.360,+0.17,+0.28,+0.19
2026-08-11 13:49:21,51,0.333,0.431,0.333,+0.67,+0.82,+0.72
2026-08-11 13:53:19,51,0.353,0.412,0.333,+0.57,+0.71,+0.61
2026-08-11 13:58:38,51,0.353,0.392,0.314,+0.58,+0.69,+0.59
2026-08-11 14:03:56,51,0.314,0.314,0.294,+0.17,+0.18,+0.84
2026-08-11 14:09:14,51,0.333,0.373,0.314,+0.17,+0.20,+0.83
2026-08-11 14:14:32,51,0.333,0.392,0.314,+0.29,+0.32,+0.99
2026-08-11 14:19:50,51,0.255,0.353,0.353,+0.17,+0.18,+0.82
2026-08-11 14:24:04,51,0.255,0.373,0.333,+0.25,+0.29,+0.93
2026-08-11 14:29:22,51,0.275,0.373,0.314,+0.40,+0.40,+1.05
2026-08-11 14:34:40,52,0.288,0.385,0.308,+0.50,+0.49,+1.15
2026-08-11 14:39:59,52,0.327,0.385,0.365,+0.59,+0.58,+1.22
2026-08-11 14:45:18,52,0.346,0.423,0.385,+0.60,+0.59,+1.23
2026-08-11 14:50:36,53,0.302,0.396,0.321,+0.41,+0.43,+1.02
2026-08-11 14:54:44,53,0.302,0.358,0.321,+0.18,+0.20,+0.79
2026-08-11 15:00:02,53,0.302,0.377,0.321,+0.28,+0.29,+0.89
2026-08-11 15:05:21,53,0.283,0.340,0.396,-0.11,+0.27,+0.64
2026-08-11 15:10:40,53,0.358,0.340,0.358,-0.10,+0.33,+0.68
2026-08-11 15:15:59,53,0.283,0.358,0.358,-0.46,-0.04,+0.28
2026-08-11 15:21:18,53,0.283,0.340,0.358,-0.56,-0.21,+0.14
2026-08-11 15:25:15,53,0.321,0.396,0.377,-0.49,-0.10,+0.23
2026-08-11 15:30:34,52,0.308,0.346,0.365,-0.73,-0.33,+0.06
2026-08-11 15:35:52,52,0.346,0.385,0.385,-0.68,-0.26,+0.13
2026-08-11 15:41:11,52,0.346,0.385,0.385,-0.54,-0.12,+0.29
2026-08-11 15:46:29,53,0.377,0.358,0.377,-0.17,+0.27,+0.69
2026-08-11 15:51:48,53,0.377,0.396,0.396,-0.56,-0.15,+0.28
2026-08-11 15:55:55,53,0.415,0.358,0.358,-0.51,-0.08,+0.36
2026-08-11 16:01:14,53,0.434,0.358,0.340,-0.67,-0.45,+0.24
2026-08-11 16:06:33,53,0.302,0.283,0.358,-0.96,-0.53,-0.06
2026-08-11 16:11:52,53,0.302,0.245,0.321,-1.00,-0.54,-0.07
2026-08-11 16:17:11,53,0.226,0.226,0.283,-1.19,-0.72,-0.25
2026-08-11 16:22:29,53,0.208,0.245,0.283,-1.36,-0.89,-0.42
2026-08-11 16:26:34,53,0.189,0.245,0.302,-1.46,-0.98,-0.53
2026-08-11 16:31:52,53,0.226,0.245,0.302,-1.56,-1.10,-0.65
2026-08-11 16:37:11,54,0.315,0.278,0.315,-1.43,-0.98,-0.51
2026-08-11 16:42:30,53,0.340,0.245,0.321,-1.28,-0.79,-0.32
2026-08-11 16:47:49,54,0.315,0.259,0.333,-1.44,-0.98,-0.51
2026-08-11 16:53:08,53,0.358,0.283,0.358,-1.28,-0.82,-0.35
2026-08-11 16:56:56,53,0.377,0.264,0.340,-1.44,-0.97,-0.50
2026-08-11 17:02:15,54,0.352,0.315,0.370,-0.54,-1.26,-1.01
2026-08-11 17:07:34,53,0.358,0.358,0.340,-0.66,-1.33,-1.20
2026-08-11 17:12:52,52,0.308,0.269,0.308,-0.49,-1.15,-0.91
2026-08-11 17:18:10,52,0.269,0.308,0.308,-0.38,-1.03,-0.80
2026-08-11 17:23:29,54,0.302,0.321,0.340,-0.23,-0.88,-0.60
2026-08-11 17:27:36,54,0.377,0.358,0.321,-0.28,-0.92,-0.70
2026-08-11 17:32:55,54,0.415,0.321,0.321,-0.39,-1.04,-0.83
2026-08-11 17:38:14,54,0.396,0.340,0.340,-0.38,-1.02,-0.81
2026-08-11 17:43:34,54,0.415,0.321,0.377,-0.29,-0.95,-0.73
2026-08-11 17:48:53,54,0.396,0.358,0.377,-0.21,-0.86,-0.64
2026-08-11 17:54:12,53,0.423,0.308,0.385,-0.39,-1.05,-0.82
2026-08-11 17:58:16,54,0.491,0.358,0.434,-0.32,-0.97,-0.77
2026-08-11 18:03:35,54,0.481,0.407,0.352,-0.19,-1.51,-0.82
2026-08-11 18:08:54,54,0.426,0.463,0.370,-0.18,-1.50,-0.83
2026-08-11 18:14:14,54,0.444,0.481,0.370,-0.21,-1.55,-0.90
2026-08-11 18:19:33,54,0.407,0.389,0.370,-0.28,-1.61,-0.98
2026-08-11 18:24:51,53,0.472,0.377,0.377,-0.17,-1.52,-0.87
2026-08-11 18:29:18,53,0.453,0.377,0.340,-0.17,-1.52,-0.87
2026-08-11 18:34:37,54,0.426,0.389,0.352,-0.02,-1.38,-0.76
2026-08-11 18:39:57,54,0.463,0.407,0.352,+0.03,-1.32,-0.68
2026-08-11 18:45:16,54,0.444,0.370,0.352,+0.00,-1.36,-0.70
2026-08-11 18:50:35,53,0.491,0.453,0.415,+0.19,-1.15,-0.42
2026-08-11 18:55:53,53,0.528,0.453,0.396,+0.26,-1.08,-0.31
2026-08-11 18:59:57,53,0.528,0.472,0.396,+0.33,-1.01,-0.26
2026-08-11 19:05:15,53,0.566,0.415,0.415,+0.33,-0.44,-0.76
2026-08-11 19:10:34,53,0.547,0.434,0.415,+0.41,-0.28,-0.72
2026-08-11 19:15:53,53,0.472,0.434,0.396,+0.34,-0.35,-0.77
2026-08-11 19:21:12,53,0.434,0.434,0.415,+0.43,-0.21,-0.65
2026-08-11 19:26:30,53,0.472,0.396,0.415,+0.41,-0.22,-0.67
2026-08-11 19:30:36,53,0.491,0.396,0.415,+0.31,-0.33,-0.75
2026-08-11 19:35:55,53,0.528,0.434,0.434,+0.42,-0.21,-0.64
2026-08-11 19:41:14,53,0.528,0.396,0.415,+0.36,-0.26,-0.69
2026-08-11 19:46:33,53,0.509,0.453,0.396,+0.44,-0.19,-0.59
2026-08-11 19:51:52,53,0.528,0.453,0.434,+0.47,-0.15,-0.57
2026-08-11 19:57:11,53,0.566,0.472,0.415,+0.62,-0.00,-0.42
2026-08-11 20:00:58,53,0.415,0.528,0.377,-0.04,+0.45,-0.90
2026-08-11 20:06:17,53,0.491,0.566,0.434,+0.10,+0.42,-0.71
2026-08-11 20:11:35,53,0.491,0.528,0.472,+0.12,+0.41,-0.66
2026-08-11 20:16:54,53,0.491,0.528,0.453,+0.15,+0.43,-0.64
2026-08-11 20:22:13,52,0.423,0.519,0.462,+0.31,+0.58,-0.49
2026-08-11 20:27:32,52,0.462,0.519,0.442,+0.00,+0.28,-0.79
2026-08-11 20:31:38,52,0.462,0.519,0.442,+0.05,+0.32,-0.76
2026-08-11 20:36:57,52,0.442,0.481,0.442,+0.01,+0.29,-0.80
2026-08-11 20:42:15,52,0.442,0.519,0.462,+0.11,+0.38,-0.72
2026-08-11 20:47:34,52,0.462,0.538,0.481,+0.18,+0.43,-0.67
2026-08-11 20:52:52,51,0.431,0.549,0.451,+0.07,+0.30,-0.78
2026-08-11 20:58:10,51,0.471,0.549,0.471,+0.01,+0.26,-0.83
2026-08-11 21:02:16,51,0.451,0.588,0.431,-0.20,+0.27,-1.33
2026-08-11 21:07:34,51,0.471,0.569,0.451,-0.08,+0.46,-1.09
2026-08-11 21:12:52,51,0.451,0.569,0.451,-0.27,+0.26,-1.31
2026-08-11 21:18:11,51,0.392,0.588,0.451,-0.20,+0.36,-1.25
2026-08-11 21:23:29,51,0.431,0.549,0.431,-0.26,+0.27,-1.30
2026-08-11 21:28:47,51,0.373,0.431,0.353,-0.56,-0.04,-1.59
2026-08-11 21:32:38,50,0.360,0.420,0.380,-0.58,-0.10,-1.71
2026-08-11 21:37:56,50,0.360,0.420,0.400,-0.54,-0.05,-1.66
2026-08-11 21:43:13,50,0.380,0.420,0.440,-0.51,-0.02,-1.62
2026-08-11 21:48:31,50,0.400,0.400,0.380,-0.44,+0.05,-1.56
2026-08-11 21:53:49,50,0.360,0.400,0.400,-0.48,+0.01,-1.58
2026-08-11 21:59:06,50,0.380,0.380,0.400,-0.41,+0.07,-1.53
2026-08-11 22:03:17,50,0.360,0.320,0.420,-0.28,-0.42,-0.55
2026-08-11 22:08:35,49,0.306,0.327,0.388,-0.28,-0.46,-0.62
2026-08-11 22:13:53,49,0.367,0.367,0.367,-0.23,-0.41,-0.56
2026-08-11 22:19:10,49,0.286,0.327,0.347,-0.24,-0.42,-0.58
2026-08-11 22:24:27,48,0.292,0.333,0.333,-0.27,-0.45,-0.59
2026-08-11 22:29:45,48,0.333,0.312,0.375,-0.40,-0.58,-0.72
2026-08-11 22:34:13,48,0.312,0.354,0.396,-0.31,-0.50,-0.64
2026-08-11 22:39:31,48,0.354,0.375,0.417,-0.27,-0.46,-0.59
2026-08-11 22:44:48,48,0.333,0.312,0.396,-0.36,-0.54,-0.68
2026-08-11 22:50:05,48,0.375,0.354,0.438,-0.38,-0.56,-0.70
2026-08-11 22:55:22,48,0.333,0.333,0.396,-0.33,-0.52,-0.66
2026-08-11 23:00:40,48,0.396,0.375,0.438,-0.38,-0.65,-0.42
2026-08-11 23:04:43,48,0.417,0.271,0.458,-0.17,-0.73,-0.43
2026-08-11 23:10:00,48,0.500,0.271,0.458,-0.05,-0.61,-0.30
2026-08-11 23:15:17,48,0.479,0.292,0.458,+0.00,-0.56,-0.24
2026-08-11 23:20:35,48,0.479,0.271,0.438,-0.02,-0.59,-0.25
2026-08-11 23:25:52,48,0.354,0.292,0.375,-0.07,-0.63,-0.30
2026-08-11 23:31:08,47,0.362,0.277,0.362,-0.06,-0.59,-0.26
2026-08-11 23:35:22,47,0.362,0.340,0.362,-0.04,-0.57,-0.27
2026-08-11 23:40:38,46,0.326,0.326,0.370,-0.16,-0.70,-0.38
2026-08-11 23:45:54,46,0.370,0.304,0.370,-0.26,-0.81,-0.49
2026-08-11 23:51:11,46,0.304,0.283,0.326,-0.42,-0.96,-0.63
2026-08-11 23:56:28,46,0.239,0.217,0.304,-0.79,-1.35,-1.03
2026-08-12 00:01:44,46,0.261,0.261,0.261,-0.26,-0.69,-0.50
2026-08-12 00:06:17,46,0.283,0.196,0.283,-0.41,-0.92,-0.65
2026-08-12 00:11:33,45,0.244,0.178,0.311,-0.47,-1.05,-0.84
2026-08-12 00:16:49,45,0.333,0.244,0.267,-0.61,-1.19,-0.98
2026-08-12 00:22:04,45,0.311,0.200,0.267,-0.59,-1.17,-0.96
2026-08-12 00:27:20,45,0.378,0.244,0.267,-0.58,-1.16,-0.96
2026-08-12 00:32:37,46,0.261,0.196,0.261,-0.44,-0.96,-0.75
2026-08-12 00:36:38,46,0.261,0.174,0.217,-0.52,-1.05,-0.83
2026-08-12 00:41:56,46,0.261,0.152,0.217,-1.12,-1.65,-1.43
2026-08-12 00:47:13,47,0.255,0.170,0.213,-1.05,-1.55,-1.30
2026-08-12 00:52:30,48,0.271,0.208,0.271,-0.58,-1.06,-0.80
2026-08-12 00:57:47,48,0.312,0.229,0.271,-0.69,-1.16,-0.91
2026-08-12 01:03:04,48,0.417,0.250,0.229,+0.04,-0.88,-1.41
2026-08-12 01:07:20,48,0.438,0.292,0.229,+0.29,-0.62,-1.15
2026-08-12 01:12:38,48,0.500,0.333,0.250,+0.23,-0.67,-1.25
2026-08-12 01:17:55,48,0.479,0.354,0.229,+0.08,-0.83,-1.41
2026-08-12 01:23:12,48,0.500,0.375,0.250,+0.17,-0.73,-1.32
2026-08-12 01:28:29,48,0.479,0.333,0.292,+0.27,-0.64,-1.23
2026-08-12 01:33:46,48,0.458,0.292,0.271,+0.13,-0.78,-1.37
2026-08-12 01:38:00,48,0.438,0.292,0.229,-0.00,-0.91,-1.49
2026-08-12 01:43:17,48,0.500,0.271,0.250,+0.20,-0.71,-1.28
2026-08-12 01:48:34,48,0.500,0.292,0.271,+0.39,-0.53,-1.10
2026-08-12 01:53:52,48,0.479,0.292,0.271,+0.31,-0.61,-1.17
2026-08-12 01:59:09,48,0.500,0.354,0.271,+0.02,-0.90,-1.47
2026-08-12 02:04:26,48,0.479,0.333,0.250,-0.25,-0.73,-1.54
2026-08-12 02:08:27,48,0.438,0.333,0.250,-0.23,-0.70,-1.52
2026-08-12 02:13:44,48,0.438,0.333,0.250,-0.43,-0.96,-1.73
2026-08-12 02:19:00,48,0.396,0.312,0.250,-0.45,-0.97,-1.73
2026-08-12 02:24:18,48,0.438,0.333,0.250,-0.51,-1.07,-1.89
2026-08-12 02:29:35,48,0.438,0.354,0.250,-0.34,-0.92,-1.73
2026-08-12 02:34:52,48,0.438,0.354,0.250,-0.30,-0.91,-1.67
2026-08-12 02:39:06,48,0.458,0.333,0.229,-0.21,-0.83,-1.58
2026-08-12 02:44:23,48,0.458,0.333,0.229,-0.18,-0.79,-1.54
2026-08-12 02:49:40,48,0.438,0.312,0.208,-0.29,-0.90,-1.65
2026-08-12 02:54:57,48,0.479,0.292,0.208,-0.07,-0.67,-1.42
2026-08-12 03:00:14,48,0.479,0.312,0.208,+0.01,-0.55,-1.22
2026-08-12 03:05:32,48,0.458,0.438,0.208,-0.06,-0.08,-1.31
2026-08-12 03:09:46,48,0.438,0.438,0.208,-0.02,-0.03,-1.27
2026-08-12 03:15:03,48,0.458,0.479,0.208,-0.11,-0.07,-1.30
2026-08-12 03:20:20,48,0.458,0.479,0.208,-0.26,-0.11,-1.31
2026-08-12 03:25:38,48,0.438,0.458,0.188,-0.44,-0.31,-1.51
2026-08-12 03:30:55,48,0.396,0.438,0.188,-0.39,-0.26,-1.46
2026-08-12 03:36:12,48,0.438,0.458,0.188,-0.35,-0.23,-1.43
2026-08-12 03:40:08,48,0.458,0.479,0.188,-0.60,-0.48,-1.68
2026-08-12 03:45:26,48,0.396,0.458,0.188,-0.63,-0.49,-1.68
2026-08-12 03:50:43,48,0.396,0.438,0.188,-0.62,-0.46,-1.66
2026-08-12 03:56:00,48,0.417,0.438,0.188,-0.60,-0.45,-1.63
2026-08-12 04:01:17,47,0.340,0.447,0.191,-0.90,-0.83,-1.69
2026-08-12 04:06:33,47,0.340,0.468,0.255,-0.71,-0.71,-1.45
2026-08-12 04:10:47,47,0.277,0.426,0.234,-0.81,-0.75,-1.50
2026-08-12 04:16:03,47,0.340,0.383,0.234,-0.71,-0.69,-1.38
2026-08-12 04:21:20,47,0.340,0.362,0.277,-0.46,-0.46,-1.12
2026-08-12 04:26:37,47,0.447,0.383,0.255,-0.45,-0.43,-1.15
2026-08-12 04:31:53,47,0.447,0.383,0.277,-0.46,-0.44,-1.15
2026-08-12 04:37:10,47,0.426,0.426,0.277,-0.63,-0.61,-1.30
2026-08-12 04:41:26,47,0.362,0.468,0.255,-0.53,-0.52,-1.20
2026-08-12 04:46:43,47,0.447,0.468,0.298,-0.34,-0.32,-1.02
2026-08-12 04:52:00,47,0.511,0.447,0.277,-0.29,-0.30,-0.99
2026-08-12 04:57:17,47,0.532,0.468,0.298,-0.13,-0.13,-0.82
2026-08-12 05:02:34,47,0.596,0.596,0.319,+0.45,+0.02,-0.59
2026-08-12 05:07:51,47,0.596,0.617,0.383,+0.69,+0.18,-0.41
2026-08-12 05:11:48,47,0.596,0.596,0.383,+0.81,+0.31,-0.24
2026-08-12 05:17:05,47,0.596,0.596,0.362,+0.77,+0.28,-0.28
2026-08-12 05:22:21,47,0.638,0.638,0.383,+0.73,+0.19,-0.42
2026-08-12 05:27:38,47,0.617,0.660,0.362,+0.56,+0.02,-0.59
2026-08-12 05:32:55,47,0.617,0.638,0.383,+0.55,+0.01,-0.59
2026-08-12 05:38:11,47,0.638,0.596,0.362,+0.44,-0.11,-0.68
2026-08-12 05:42:33,47,0.617,0.574,0.362,+0.64,+0.09,-0.49
2026-08-12 05:47:49,47,0.596,0.553,0.383,+0.50,-0.05,-0.62
2026-08-12 05:53:06,47,0.574,0.553,0.362,+0.52,-0.04,-0.63
2026-08-12 05:58:22,47,0.553,0.553,0.383,+0.38,-0.17,-0.77
2026-08-12 06:03:39,47,0.404,0.532,0.532,-0.18,-0.11,-0.16
2026-08-12 06:08:57,47,0.426,0.596,0.532,-0.06,-0.16,+0.03
2026-08-12 06:13:21,47,0.468,0.617,0.532,-0.20,-0.24,-0.04
2026-08-12 06:18:37,47,0.447,0.596,0.489,-0.26,-0.36,-0.14
2026-08-12 06:23:54,47,0.426,0.574,0.489,-0.30,-0.41,-0.19
2026-08-12 06:29:11,47,0.404,0.681,0.511,-0.27,-0.39,-0.17
2026-08-12 06:34:28,48,0.500,0.604,0.542,-0.17,-0.09,+0.19
2026-08-12 06:39:45,48,0.479,0.625,0.542,-0.31,-0.22,+0.04
2026-08-12 06:44:15,47,0.447,0.574,0.553,-0.28,-0.21,+0.13
2026-08-12 06:49:31,47,0.468,0.596,0.532,-0.26,-0.18,+0.17
2026-08-12 06:54:48,47,0.426,0.596,0.511,-0.41,-0.31,+0.05
2026-08-12 07:00:05,47,0.468,0.617,0.532,-0.32,-0.20,+0.15
2026-08-12 07:05:24,47,0.532,0.574,0.596,-0.18,+0.33,-0.16
2026-08-12 07:09:02,47,0.511,0.574,0.553,-0.26,+0.26,-0.23
2026-08-12 07:14:19,47,0.489,0.574,0.574,-0.19,+0.33,-0.16
2026-08-12 07:19:35,47,0.489,0.532,0.553,-0.31,+0.23,-0.19
2026-08-12 07:24:52,47,0.404,0.511,0.553,-0.36,+0.19,-0.23
2026-08-12 07:30:10,48,0.458,0.562,0.542,-0.30,+0.28,-0.19
2026-08-12 07:35:27,47,0.383,0.532,0.532,-0.53,+0.02,-0.40
2026-08-12 07:41:04,47,0.340,0.574,0.532,-0.48,+0.07,-0.35
2026-08-12 07:46:21,47,0.362,0.532,0.553,-0.35,+0.21,-0.21
2026-08-12 07:51:38,47,0.362,0.532,0.511,-0.43,+0.12,-0.30
2026-08-12 07:56:55,47,0.426,0.553,0.511,-0.46,+0.09,-0.33
2026-08-12 08:02:12,47,0.234,0.319,0.489,-0.34,-0.64,-0.38
2026-08-12 08:07:28,47,0.213,0.340,0.511,-0.40,-0.66,-0.39
2026-08-12 08:12:29,47,0.170,0.277,0.447,-0.83,-1.11,-0.82
2026-08-12 08:17:46,47,0.213,0.340,0.489,-0.62,-0.91,-0.60
2026-08-12 08:23:03,48,0.208,0.312,0.458,-0.94,-0.96,-0.43
2026-08-12 08:28:20,47,0.255,0.340,0.489,-0.92,-0.97,-0.44
2026-08-12 08:33:36,47,0.213,0.362,0.468,-1.05,-1.10,-0.58
2026-08-12 08:38:53,47,0.234,0.362,0.447,-1.14,-1.20,-0.68
2026-08-12 08:44:11,47,0.277,0.362,0.447,-1.05,-1.11,-0.60
2026-08-12 08:49:28,47,0.277,0.362,0.468,-0.98,-1.05,-0.54
2026-08-12 08:54:45,47,0.383,0.383,0.511,-0.86,-0.93,-0.42
2026-08-12 09:00:02,48,0.354,0.354,0.458,-0.89,-0.95,-0.47
2026-08-12 09:05:19,48,0.417,0.375,0.562,-0.34,-0.83,-0.53
2026-08-12 09:10:36,48,0.417,0.417,0.562,-0.21,-0.69,-0.43
2026-08-12 09:15:31,47,0.404,0.426,0.574,-0.14,-0.60,-0.22
2026-08-12 09:20:48,46,0.413,0.391,0.587,-0.17,-0.69,-0.31
2026-08-12 09:26:04,45,0.422,0.422,0.600,-0.12,-0.65,-0.25
2026-08-12 09:31:20,45,0.533,0.444,0.622,-0.07,-0.59,-0.21
2026-08-12 09:36:36,44,0.432,0.432,0.614,+0.02,-0.48,-0.02
2026-08-12 09:41:52,44,0.523,0.432,0.614,+0.16,-0.34,+0.11
2026-08-12 09:46:50,44,0.477,0.455,0.568,+0.13,-0.36,+0.07
2026-08-12 09:52:06,45,0.378,0.444,0.578,+0.00,-0.45,-0.04
2026-08-12 09:57:22,45,0.444,0.422,0.578,+0.11,-0.34,+0.11
2026-08-12 10:02:38,46,0.391,0.326,0.522,+0.36,-0.59,+0.07
2026-08-12 10:07:55,46,0.478,0.348,0.543,+0.43,-0.52,+0.20
2026-08-12 10:13:11,46,0.543,0.370,0.565,+0.48,-0.46,+0.22
2026-08-12 10:17:53,46,0.500,0.348,0.609,+0.44,-0.51,+0.18
2026-08-12 10:23:10,46,0.500,0.370,0.587,+0.39,-0.56,+0.10
2026-08-12 10:28:26,46,0.522,0.413,0.522,+0.33,-0.63,+0.04
2026-08-12 10:33:42,46,0.478,0.326,0.522,+0.30,-0.66,+0.01
2026-08-12 10:38:59,46,0.391,0.326,0.543,+0.27,-0.67,-0.03
2026-08-12 10:44:15,45,0.489,0.400,0.556,+0.51,-0.48,+0.22
2026-08-12 10:49:12,45,0.578,0.422,0.533,+0.42,-0.58,+0.13
2026-08-12 10:54:28,45,0.600,0.400,0.600,+0.51,-0.49,+0.22
2026-08-12 10:59:45,45,0.556,0.400,0.578,+0.54,-0.46,+0.26
2026-08-12 11:05:01,45,0.578,0.511,0.511,-0.10,-0.26,-0.78
2026-08-12 11:10:17,45,0.578,0.533,0.489,-0.09,-0.26,-0.78
2026-08-12 11:15:32,45,0.511,0.489,0.467,-0.01,-0.18,-0.70
2026-08-12 11:19:52,45,0.489,0.556,0.489,-0.08,-0.25,-0.77
2026-08-12 11:25:08,45,0.489,0.511,0.444,+0.15,-0.03,-0.55
2026-08-12 11:30:26,45,0.533,0.489,0.444,+0.23,+0.05,-0.47
2026-08-12 11:33:44,45,0.578,0.489,0.489,+0.50,+0.31,-0.21
2026-08-12 11:39:00,45,0.556,0.533,0.533,+0.36,+0.16,-0.36
2026-08-12 11:44:16,45,0.533,0.533,0.489,+0.15,-0.05,-0.57
2026-08-12 11:49:32,45,0.533,0.467,0.489,+0.24,+0.04,-0.48
2026-08-12 11:54:48,45,0.556,0.489,0.489,+0.23,+0.03,-0.48
2026-08-12 12:00:04,45,0.533,0.511,0.533,+0.40,+0.19,-0.32
2026-08-12 12:05:35,45,0.511,0.578,0.600,+0.32,+0.83,-0.20
2026-08-12 12:10:51,45,0.467,0.600,0.578,+0.18,+0.73,-0.33
2026-08-12 12:16:06,45,0.378,0.533,0.511,-0.01,+0.54,-0.52
2026-08-12 12:21:22,45,0.422,0.556,0.533,+0.03,+0.60,-0.47
2026-08-12 12:26:38,45,0.400,0.578,0.467,-0.15,+0.40,-0.65
2026-08-12 12:31:55,45,0.444,0.533,0.489,-0.10,+0.45,-0.61
2026-08-12 12:37:30,44,0.432,0.455,0.477,-0.18,+0.38,-0.73
2026-08-12 12:42:46,44,0.477,0.523,0.500,-0.23,+0.34,-0.79
2026-08-12 12:48:02,44,0.409,0.523,0.455,-0.55,+0.01,-1.08
2026-08-12 12:53:17,44,0.341,0.477,0.386,-0.60,-0.02,-1.12
2026-08-12 12:58:33,44,0.364,0.477,0.386,-0.95,-0.40,-1.49
2026-08-12 13:03:49,44,0.295,0.386,0.318,-1.31,-1.03,-1.60
2026-08-12 13:08:22,44,0.341,0.477,0.364,-1.15,-0.87,-1.45
2026-08-12 13:13:38,44,0.250,0.432,0.341,-1.31,-0.99,-1.60
2026-08-12 13:18:54,44,0.295,0.364,0.364,-1.53,-1.22,-1.83
2026-08-12 13:24:10,43,0.326,0.395,0.372,-1.59,-1.27,-1.87
2026-08-12 13:29:25,44,0.295,0.341,0.364,-1.55,-1.22,-1.81
2026-08-12 13:34:41,43,0.233,0.326,0.302,-1.60,-1.25,-1.95
2026-08-12 13:39:31,43,0.209,0.349,0.302,-2.03,-1.70,-2.39
2026-08-12 13:44:47,43,0.209,0.302,0.302,-1.96,-1.63,-2.32
2026-08-12 13:50:03,44,0.273,0.341,0.250,-1.76,-1.47,-1.97
2026-08-12 13:55:18,44,0.295,0.409,0.295,-1.65,-1.34,-1.85
2026-08-12 14:00:34,44,0.386,0.341,0.273,-0.94,-1.37,-1.77
2026-08-12 14:05:49,43,0.326,0.302,0.256,-0.74,-1.60,-1.51
2026-08-12 14:10:42,43,0.419,0.209,0.302,-0.55,-1.50,-1.43
2026-08-12 14:15:57,43,0.372,0.256,0.302,-0.68,-1.61,-1.55
2026-08-12 14:21:12,43,0.349,0.279,0.302,-0.34,-1.30,-1.22
2026-08-12 14:26:28,43,0.442,0.326,0.349,-0.45,-1.40,-1.33
2026-08-12 14:31:43,43,0.372,0.302,0.349,-0.45,-1.40,-1.33
2026-08-12 14:36:58,42,0.405,0.310,0.333,-0.40,-1.36,-1.30
2026-08-12 14:41:33,41,0.439,0.366,0.366,-0.44,-1.41,-1.34
2026-08-12 14:46:48,42,0.429,0.333,0.357,-0.33,-1.24,-1.25
2026-08-12 14:52:03,42,0.381,0.333,0.381,-0.32,-1.23,-1.24
2026-08-12 14:57:18,42,0.452,0.357,0.381,-0.18,-1.09,-1.09
2026-08-12 15:02:34,43,0.535,0.279,0.419,+0.04,-1.34,-0.41
2026-08-12 15:07:50,43,0.535,0.256,0.395,+0.28,-1.30,-0.29
2026-08-12 15:12:43,43,0.488,0.233,0.395,-0.07,-1.62,-0.67
2026-08-12 15:17:59,44,0.500,0.273,0.432,-0.03,-1.28,-0.34
2026-08-12 15:23:15,44,0.455,0.205,0.409,-0.11,-1.33,-0.46
2026-08-12 15:28:31,44,0.386,0.205,0.432,-0.33,-1.55,-0.64
2026-08-12 15:33:46,44,0.432,0.227,0.409,-0.14,-1.37,-0.47
2026-08-12 15:39:03,44,0.432,0.273,0.432,+0.06,-1.17,-0.27
2026-08-12 15:43:54,44,0.500,0.273,0.432,+0.24,-0.99,-0.07
2026-08-12 15:49:09,45,0.467,0.289,0.444,+0.30,-0.92,-0.06
2026-08-12 15:54:25,45,0.467,0.311,0.489,+0.35,-0.86,+0.04
2026-08-12 15:59:42,45,0.400,0.356,0.467,+0.24,-0.97,-0.06
2026-08-12 16:04:59,45,0.378,0.378,0.422,-0.08,-0.11,-0.58
2026-08-12 16:10:15,45,0.356,0.333,0.444,-0.01,-0.05,-0.53
2026-08-12 16:14:45,45,0.333,0.356,0.400,+0.02,-0.03,-0.49
2026-08-12 16:20:02,45,0.333,0.356,0.422,+0.03,+0.06,-0.51
2026-08-12 16:25:18,46,0.348,0.391,0.435,+0.12,+0.15,-0.38
2026-08-12 16:30:35,46,0.326,0.326,0.348,+0.13,+0.18,-0.35
2026-08-12 16:35:51,46,0.304,0.348,0.370,+0.15,+0.19,-0.33
2026-08-12 16:41:36,46,0.326,0.304,0.370,+0.31,+0.42,-0.09
2026-08-12 16:46:08,46,0.304,0.283,0.348,+0.09,+0.19,-0.30
2026-08-12 16:51:25,46,0.283,0.326,0.348,+0.32,+0.46,-0.03
2026-08-12 16:56:42,46,0.304,0.326,0.413,-0.04,+0.08,-0.40
2026-08-12 17:01:58,46,0.413,0.413,0.326,+0.38,+0.49,-0.38
2026-08-12 17:07:15,46,0.478,0.435,0.348,+0.51,+0.51,-0.33
2026-08-12 17:12:31,46,0.348,0.391,0.326,+0.08,+0.07,-0.78
2026-08-12 17:17:14,46,0.304,0.413,0.326,-0.16,-0.17,-1.03
2026-08-12 17:22:30,46,0.283,0.370,0.326,-0.26,-0.27,-1.13
2026-08-12 17:27:47,46,0.304,0.435,0.326,-0.29,-0.30,-1.16
2026-08-12 18:56:00,46,0.652,0.500,0.413,+0.62,+0.73,+0.02
2026-08-12 19:01:16,46,0.717,0.522,0.457,+0.37,+0.87,+0.84
2026-08-12 19:06:33,46,0.717,0.587,0.543,+0.56,+0.82,+0.78
2026-08-12 19:11:49,46,0.696,0.543,0.435,+0.57,+0.91,+0.92
2026-08-12 19:17:06,46,0.739,0.609,0.457,+0.78,+1.01,+0.98
2026-08-12 19:22:23,46,0.652,0.543,0.435,+0.83,+1.07,+1.05
2026-08-12 19:27:54,46,0.674,0.543,0.435,+0.82,+1.07,+1.06
2026-08-12 19:33:11,46,0.630,0.522,0.370,+0.72,+0.97,+0.96
2026-08-12 19:38:28,46,0.652,0.543,0.370,+0.72,+0.97,+0.96
2026-08-12 19:43:44,46,0.652,0.478,0.413,+0.68,+0.92,+0.93
2026-08-12 19:49:01,47,0.681,0.532,0.447,+0.66,+0.90,+0.91
2026-08-12 19:54:19,47,0.617,0.511,0.383,+0.67,+0.93,+0.94
2026-08-12 19:59:47,47,0.660,0.553,0.468,+0.76,+1.01,+1.02
2026-08-12 20:05:05,48,0.271,0.583,0.438,-0.29,-0.00,+0.40
2026-08-12 20:10:22,48,0.229,0.521,0.417,-0.58,-0.25,+0.16
2026-08-12 20:15:40,48,0.292,0.500,0.396,-0.55,-0.23,+0.18
2026-08-12 20:20:57,49,0.347,0.510,0.429,-0.34,-0.04,+0.33
2026-08-12 20:26:15,49,0.367,0.571,0.449,-0.36,-0.04,+0.32
2026-08-12 20:30:44,49,0.286,0.469,0.408,-0.60,-0.28,+0.06
2026-08-12 20:36:02,49,0.286,0.531,0.408,-0.62,-0.28,+0.07
2026-08-12 20:41:20,49,0.327,0.531,0.388,-0.56,-0.24,+0.11
2026-08-12 20:46:38,49,0.367,0.510,0.429,-0.51,-0.20,+0.14
2026-08-12 20:51:56,49,0.449,0.510,0.408,-0.69,-0.36,-0.08
2026-08-12 20:57:13,49,0.388,0.551,0.469,-0.28,+0.04,+0.36
2026-08-12 21:01:59,49,0.429,0.510,0.429,-0.17,+0.33,+0.13
2026-08-12 21:07:17,49,0.408,0.592,0.408,+0.00,+0.57,+0.30
2026-08-12 21:12:35,49,0.469,0.571,0.469,-0.09,+0.45,+0.21
2026-08-12 21:17:52,49,0.469,0.510,0.469,+0.01,+0.54,+0.29
2026-08-12 21:23:10,49,0.469,0.612,0.510,+0.14,+0.67,+0.39
2026-08-12 21:28:27,49,0.449,0.551,0.469,-0.09,+0.45,+0.21
2026-08-12 21:33:14,49,0.531,0.612,0.510,+0.04,+0.57,+0.35
2026-08-12 21:38:31,49,0.531,0.592,0.490,+0.13,+0.67,+0.43
2026-08-12 21:43:49,49,0.429,0.633,0.490,+0.15,+0.68,+0.43
2026-08-12 21:49:07,49,0.367,0.551,0.449,+0.19,+0.72,+0.46
2026-08-12 21:54:25,49,0.408,0.531,0.469,+0.19,+0.72,+0.44
2026-08-12 21:59:44,49,0.408,0.592,0.449,+0.23,+0.76,+0.49
2026-08-12 22:04:09,49,0.408,0.449,0.469,+0.45,+0.24,+0.78
2026-08-12 22:09:27,49,0.469,0.469,0.469,+0.32,+0.08,+0.65
2026-08-12 22:14:44,49,0.469,0.429,0.510,+0.61,+0.32,+0.93
2026-08-12 22:20:02,49,0.408,0.429,0.490,+0.39,+0.10,+0.70
2026-08-12 22:25:20,49,0.469,0.469,0.490,+0.48,+0.19,+0.79
2026-08-12 22:30:37,49,0.469,0.408,0.510,+0.46,+0.17,+0.78
2026-08-12 22:35:24,49,0.408,0.429,0.490,+0.44,+0.15,+0.75
2026-08-12 22:40:41,49,0.449,0.429,0.551,+0.58,+0.28,+0.88
2026-08-12 22:45:59,49,0.449,0.408,0.531,+0.36,+0.06,+0.66
2026-08-12 22:51:17,49,0.449,0.408,0.510,+0.43,+0.14,+0.73
2026-08-12 22:56:35,49,0.429,0.408,0.490,+0.41,+0.11,+0.73
2026-08-12 23:01:52,49,0.429,0.388,0.490,-0.10,+0.25,+0.37
2026-08-12 23:05:58,49,0.327,0.306,0.469,-0.23,-0.01,+0.23
2026-08-12 23:11:16,50,0.260,0.320,0.460,-0.28,-0.07,+0.17
2026-08-12 23:16:34,50,0.300,0.360,0.460,-0.48,-0.29,-0.06
2026-08-12 23:21:52,50,0.260,0.280,0.400,-0.51,-0.31,-0.07
2026-08-12 23:27:10,50,0.300,0.280,0.320,-0.50,-0.32,-0.08
2026-08-12 23:32:29,50,0.340,0.280,0.360,-0.60,-0.43,-0.19
2026-08-12 23:36:54,48,0.312,0.333,0.354,-0.66,-0.48,-0.20
2026-08-12 23:42:11,47,0.319,0.277,0.362,-0.83,-0.68,-0.40
2026-08-12 23:47:28,46,0.326,0.326,0.370,-0.67,-0.53,-0.25
2026-08-12 23:52:44,45,0.333,0.333,0.356,-0.70,-0.58,-0.29
2026-08-12 23:58:00,45,0.311,0.378,0.356,-0.69,-0.56,-0.25
2026-08-13 00:03:17,46,0.304,0.326,0.348,-1.20,-0.89,-0.55
2026-08-13 00:07:33,47,0.404,0.362,0.383,-0.91,-0.63,-0.28
2026-08-13 00:12:50,47,0.383,0.362,0.404,-0.88,-0.60,-0.25
2026-08-13 00:18:07,47,0.404,0.447,0.404,-0.32,+0.03,+0.12
2026-08-13 00:23:24,48,0.333,0.375,0.333,-0.55,-0.28,-0.14
2026-08-13 00:28:41,47,0.277,0.298,0.362,-0.85,-0.51,-0.41
2026-08-13 00:33:58,47,0.298,0.298,0.383,-1.05,-0.71,-0.62
2026-08-13 00:38:08,47,0.340,0.319,0.426,-0.74,-0.40,-0.31
2026-08-13 00:43:25,48,0.396,0.312,0.438,-0.71,-0.37,-0.24
2026-08-13 00:48:42,48,0.375,0.354,0.396,-0.59,-0.09,-0.17
2026-08-13 00:53:59,47,0.362,0.340,0.447,-0.69,-0.19,-0.31
2026-08-13 00:59:16,47,0.362,0.319,0.426,-0.70,-0.19,-0.32
2026-08-13 01:04:33,47,0.532,0.298,0.362,+0.03,-0.69,-0.92
2026-08-13 01:09:03,47,0.489,0.319,0.340,-0.13,-0.81,-1.11
2026-08-13 01:14:20,48,0.562,0.354,0.354,-0.06,-0.71,-1.01
2026-08-13 01:19:38,48,0.500,0.354,0.375,-0.02,-0.67,-0.96
2026-08-13 01:24:55,48,0.521,0.312,0.333,-0.05,-0.70,-0.99
2026-08-13 01:30:12,48,0.479,0.333,0.333,-0.04,-0.68,-0.97
2026-08-13 01:35:30,48,0.521,0.375,0.375,-0.02,-0.67,-0.96
2026-08-13 01:39:38,48,0.500,0.354,0.354,+0.00,-0.64,-0.94
2026-08-13 01:44:55,48,0.521,0.375,0.396,+0.02,-0.63,-0.93
2026-08-13 01:50:12,47,0.511,0.362,0.362,-0.00,-0.67,-0.97
2026-08-13 01:55:29,47,0.511,0.340,0.362,-0.04,-0.70,-1.01
2026-08-13 02:00:46,47,0.383,0.319,0.340,-1.10,-0.93,-1.49
2026-08-13 02:06:03,47,0.468,0.340,0.383,-0.14,-0.90,-1.09
2026-08-13 02:10:18,47,0.404,0.319,0.383,-0.20,-0.95,-1.14
2026-08-13 02:15:35,47,0.553,0.383,0.404,-0.14,-0.89,-1.07
2026-08-13 02:20:52,47,0.468,0.340,0.426,-0.27,-1.04,-1.23
2026-08-13 02:26:09,48,0.438,0.354,0.396,+0.69,-0.02,-0.26
2026-08-13 02:31:26,47,0.426,0.340,0.383,+0.62,-0.14,-0.29
2026-08-13 02:36:43,47,0.447,0.340,0.383,+0.78,+0.02,-0.14
2026-08-13 02:41:17,47,0.426,0.362,0.426,+0.80,+0.04,-0.11
2026-08-13 02:46:34,47,0.447,0.383,0.383,+0.83,+0.06,-0.09
2026-08-13 02:51:50,46,0.457,0.435,0.370,+0.67,-0.10,-0.28
2026-08-13 02:57:07,46,0.435,0.370,0.370,+0.61,-0.16,-0.32
2026-08-13 03:02:23,46,0.522,0.457,0.370,+0.60,+0.17,+0.07
2026-08-13 03:07:39,46,0.500,0.543,0.370,+0.69,+0.65,+0.30
2026-08-13 03:11:51,46,0.522,0.522,0.413,+0.67,+0.57,+0.46
2026-08-13 03:17:08,46,0.457,0.500,0.391,+0.49,+0.40,+0.24
2026-08-13 03:22:24,46,0.500,0.457,0.413,+0.47,+0.37,+0.23
2026-08-13 03:27:41,46,0.413,0.478,0.370,+0.22,+0.15,-0.01
2026-08-13 03:32:58,46,0.391,0.478,0.370,+0.43,+0.36,+0.20
2026-08-13 03:38:14,46,0.348,0.500,0.370,+0.37,+0.32,+0.16
2026-08-13 03:42:25,46,0.500,0.543,0.413,+0.40,+0.35,+0.19
2026-08-13 03:47:42,46,0.565,0.543,0.413,+0.48,+0.41,+0.26
2026-08-13 03:52:58,46,0.435,0.500,0.370,+0.27,+0.21,+0.05
2026-08-13 03:58:15,46,0.500,0.500,0.391,+0.32,+0.25,+0.10
2026-08-13 04:03:31,46,0.457,0.413,0.391,-0.15,+0.26,-0.05
2026-08-13 04:08:48,46,0.326,0.435,0.348,-0.25,+0.26,-0.08
2026-08-13 04:13:27,47,0.340,0.404,0.319,-0.45,+0.05,-0.65
2026-08-13 04:18:44,47,0.319,0.404,0.340,-0.44,+0.16,-0.53
2026-08-13 04:24:00,47,0.255,0.383,0.319,-0.67,+0.08,-0.70
2026-08-13 04:29:18,47,0.298,0.362,0.319,-0.67,+0.03,-0.75
2026-08-13 04:34:35,47,0.277,0.383,0.319,-0.58,+0.10,-0.67
2026-08-13 04:39:52,47,0.277,0.319,0.298,-0.84,-0.21,-1.00
2026-08-13 04:44:01,47,0.255,0.340,0.319,-0.73,-0.07,-0.85
2026-08-13 04:49:18,47,0.255,0.340,0.298,-0.81,-0.15,-0.94
2026-08-13 04:54:34,47,0.234,0.383,0.319,-0.78,-0.13,-0.93
2026-08-13 04:59:52,47,0.277,0.404,0.319,-0.69,-0.02,-0.82
2026-08-13 05:05:09,47,0.319,0.383,0.277,-0.40,-0.20,-0.83
2026-08-13 05:10:25,47,0.298,0.362,0.319,-0.51,-0.30,-0.97
2026-08-13 05:14:36,47,0.277,0.340,0.277,-0.62,-0.43,-1.11
2026-08-13 05:19:53,47,0.298,0.362,0.277,-0.54,-0.34,-1.00
2026-08-13 05:25:09,47,0.298,0.426,0.298,-0.62,-0.37,-1.08
2026-08-13 05:30:26,47,0.277,0.404,0.340,-0.49,-0.24,-0.96
2026-08-13 05:35:43,47,0.404,0.468,0.362,-0.17,+0.09,-0.66
2026-08-13 05:41:00,47,0.468,0.447,0.383,-0.35,-0.08,-0.81
2026-08-13 05:45:33,47,0.532,0.468,0.383,-0.22,+0.05,-0.68
2026-08-13 05:50:50,47,0.447,0.447,0.340,-0.18,+0.07,-0.67
2026-08-13 05:56:07,47,0.404,0.489,0.319,-0.28,-0.04,-0.79
2026-08-13 06:01:24,47,0.489,0.383,0.362,-0.08,-0.50,-0.76
2026-08-13 06:06:41,47,0.468,0.319,0.383,-0.02,-0.63,-0.26
2026-08-13 06:11:58,47,0.468,0.298,0.383,-0.25,-0.89,-0.46
2026-08-13 06:16:08,47,0.447,0.319,0.404,-0.03,-0.67,-0.25
2026-08-13 06:21:25,47,0.532,0.383,0.404,+0.05,-0.59,-0.17
2026-08-13 06:26:42,47,0.426,0.298,0.298,-0.41,-1.04,-0.59
2026-08-13 06:31:59,47,0.340,0.234,0.277,-0.59,-1.22,-0.79
2026-08-13 06:37:16,47,0.383,0.277,0.277,-0.54,-1.16,-0.73
2026-08-13 06:42:33,47,0.426,0.277,0.319,-0.37,-1.00,-0.59
2026-08-13 06:46:45,47,0.426,0.277,0.340,-0.30,-0.94,-0.48
2026-08-13 06:52:02,47,0.404,0.277,0.319,-0.19,-0.83,-0.37
2026-08-13 06:57:19,47,0.383,0.255,0.319,-0.33,-0.96,-0.51
2026-08-13 07:02:37,47,0.255,0.234,0.340,-0.62,-0.91,-0.56
2026-08-13 07:07:54,47,0.277,0.213,0.362,-0.40,-0.59,-0.27
2026-08-13 07:13:11,47,0.298,0.234,0.404,-0.38,-0.57,-0.25
2026-08-13 07:17:51,47,0.255,0.234,0.404,-0.41,-0.60,-0.28
2026-08-13 07:23:09,47,0.340,0.255,0.426,-0.29,-0.49,-0.16
2026-08-13 07:28:25,47,0.319,0.277,0.426,-0.09,-0.29,+0.03
2026-08-13 07:33:42,47,0.234,0.383,0.447,-0.13,-0.32,+0.00
2026-08-13 07:38:59,47,0.340,0.319,0.426,-0.10,-0.29,+0.02
2026-08-13 07:44:16,47,0.255,0.234,0.426,-0.24,-0.43,-0.13
2026-08-13 07:48:31,47,0.298,0.234,0.468,-0.15,-0.34,-0.04
2026-08-13 07:53:48,47,0.277,0.298,0.468,-0.15,-0.34,-0.03
2026-08-13 07:59:05,47,0.298,0.277,0.468,-0.14,-0.33,-0.01
2026-08-13 08:04:23,47,0.702,0.489,0.447,+0.89,+0.32,+0.16
2026-08-13 08:09:40,47,0.638,0.404,0.426,+0.61,-0.00,-0.15
2026-08-13 08:14:57,47,0.660,0.426,0.362,+0.70,+0.02,-0.09
2026-08-13 08:19:06,47,0.681,0.468,0.362,+0.70,+0.01,-0.09
2026-08-13 08:24:23,48,0.667,0.458,0.375,+0.62,-0.10,-0.26
2026-08-13 08:29:41,48,0.729,0.458,0.354,+0.64,-0.08,-0.24
2026-08-13 08:34:59,48,0.708,0.458,0.354,+0.66,-0.06,-0.21
2026-08-13 08:40:16,48,0.646,0.458,0.375,+0.67,-0.04,-0.20
2026-08-13 08:45:34,48,0.688,0.458,0.354,+0.71,-0.01,-0.16
2026-08-13 08:50:03,48,0.688,0.479,0.396,+0.78,+0.06,-0.10
2026-08-13 08:55:21,48,0.729,0.521,0.438,+0.72,+0.00,-0.16
2026-08-13 09:00:38,48,0.396,0.396,0.375,-0.13,-0.19,-0.74
2026-08-13 09:05:56,48,0.438,0.375,0.312,-0.15,-0.24,-0.67
2026-08-13 09:11:13,48,0.562,0.479,0.354,+0.12,+0.08,-0.36
2026-08-13 09:16:31,48,0.542,0.417,0.354,+0.09,+0.04,-0.39
2026-08-13 09:20:42,48,0.562,0.458,0.354,+0.52,+0.48,+0.06
2026-08-13 09:26:00,48,0.542,0.396,0.375,+0.52,+0.49,+0.07
2026-08-13 09:31:17,48,0.458,0.333,0.333,+0.41,+0.39,-0.03
2026-08-13 09:36:35,48,0.438,0.354,0.333,+0.60,+0.58,+0.16
2026-08-13 09:41:51,47,0.404,0.340,0.340,+0.51,+0.44,+0.02
2026-08-13 09:47:08,47,0.447,0.340,0.340,+0.54,+0.47,+0.04
2026-08-13 09:51:17,47,0.468,0.362,0.319,+0.46,+0.39,-0.04
2026-08-13 09:56:34,47,0.489,0.362,0.340,+0.53,+0.47,+0.04
2026-08-13 10:01:51,47,0.447,0.553,0.383,+0.70,+1.15,+0.16
2026-08-13 10:07:08,47,0.426,0.532,0.362,+0.53,+1.23,+0.10
2026-08-13 10:12:25,47,0.404,0.532,0.298,+0.45,+1.17,+0.01
2026-08-13 10:17:43,47,0.404,0.596,0.340,+0.97,+1.72,+0.63
2026-08-13 10:22:13,47,0.340,0.553,0.340,+0.83,+1.53,+0.44
2026-08-13 10:27:30,47,0.404,0.532,0.298,+0.58,+1.32,+0.23
2026-08-13 10:32:47,47,0.447,0.574,0.340,+0.68,+1.42,+0.34
2026-08-13 10:38:04,47,0.404,0.596,0.340,+0.64,+1.38,+0.30
2026-08-13 10:43:20,47,0.362,0.574,0.362,+0.65,+1.39,+0.31
2026-08-13 10:48:37,47,0.362,0.532,0.340,+0.49,+1.23,+0.15
2026-08-13 10:52:47,47,0.362,0.511,0.319,+0.57,+1.31,+0.23
2026-08-13 10:58:04,47,0.362,0.532,0.340,+0.58,+1.32,+0.25
2026-08-13 11:03:21,47,0.362,0.426,0.362,+0.09,+0.60,+0.71
2026-08-13 11:08:38,47,0.447,0.426,0.383,+0.22,+0.56,+0.71
2026-08-13 11:13:55,47,0.426,0.404,0.362,-0.08,+0.27,+0.40
2026-08-13 11:19:12,47,0.447,0.404,0.426,+0.16,+0.52,+0.66
2026-08-13 11:23:21,47,0.489,0.426,0.404,+0.25,+0.60,+0.74
2026-08-13 11:28:38,47,0.532,0.426,0.404,+0.17,+0.54,+0.67
2026-08-13 11:33:55,47,0.426,0.426,0.362,+0.10,+0.47,+0.61
2026-08-13 11:39:12,47,0.447,0.426,0.383,+0.14,+0.53,+0.68
2026-08-13 11:44:29,47,0.489,0.447,0.340,+0.13,+0.52,+0.66
2026-08-13 11:49:45,47,0.511,0.426,0.362,-0.09,+0.29,+0.43
2026-08-13 11:54:18,47,0.489,0.468,0.383,+0.00,+0.40,+0.53
2026-08-13 11:59:35,47,0.489,0.553,0.362,+0.07,+0.47,+0.60
2026-08-13 12:04:52,47,0.596,0.489,0.340,-0.01,+0.61,+0.45
2026-08-13 12:10:10,48,0.562,0.479,0.417,-0.09,+0.63,+0.46
2026-08-13 12:15:27,48,0.562,0.500,0.375,-0.11,+0.51,+0.29
2026-08-13 12:20:44,48,0.583,0.542,0.417,-0.25,+0.36,+0.15
2026-08-13 12:24:52,48,0.521,0.562,0.417,-0.26,+0.36,+0.15
2026-08-13 12:30:10,48,0.562,0.562,0.458,-0.23,+0.38,+0.18
2026-08-13 12:35:27,48,0.583,0.542,0.417,-0.32,+0.30,+0.09
2026-08-13 12:40:45,48,0.562,0.562,0.458,-0.24,+0.37,+0.16
2026-08-13 12:46:02,48,0.521,0.542,0.458,-0.42,+0.20,-0.01
2026-08-13 12:51:19,48,0.562,0.521,0.479,-0.31,+0.30,+0.09
2026-08-13 12:55:26,48,0.604,0.521,0.438,-0.34,+0.28,+0.07
2026-08-13 13:00:44,49,0.551,0.592,0.469,-0.26,-0.07,+0.36
2026-08-13 13:06:02,49,0.510,0.592,0.571,-0.19,-0.11,+0.98
2026-08-13 13:11:20,49,0.510,0.551,0.633,-0.14,+0.00,+1.19
2026-08-13 13:16:37,49,0.490,0.551,0.673,-0.21,-0.03,+1.22
2026-08-13 13:21:55,49,0.490,0.612,0.653,-0.21,-0.04,+1.21
2026-08-13 13:26:23,49,0.490,0.571,0.694,-0.38,-0.21,+1.04
2026-08-13 13:31:41,49,0.469,0.551,0.673,-0.51,-0.33,+0.91
2026-08-13 13:36:59,49,0.429,0.612,0.592,-0.87,-0.72,+0.50
2026-08-13 13:42:17,49,0.449,0.592,0.653,-0.91,-0.74,+0.48
2026-08-13 13:47:34,48,0.479,0.562,0.688,-0.91,-0.76,+0.58
2026-08-13 13:52:51,48,0.375,0.521,0.667,-1.10,-0.94,+0.39
2026-08-13 13:56:56,48,0.396,0.562,0.708,-1.14,-0.98,+0.34
2026-08-13 14:02:14,48,0.375,0.479,0.583,-0.80,-0.85,-0.09
2026-08-13 14:07:31,48,0.417,0.542,0.562,-0.75,-0.78,-0.17
2026-08-13 14:12:48,48,0.396,0.542,0.562,-0.65,-0.68,-0.07
2026-08-13 14:18:05,48,0.521,0.542,0.583,-0.56,-0.61,+0.00
2026-08-13 14:23:23,48,0.438,0.562,0.583,-0.80,-0.85,-0.25
2026-08-13 14:27:31,48,0.479,0.542,0.583,-0.86,-0.92,-0.31
2026-08-13 14:32:49,48,0.500,0.583,0.562,-0.74,-0.80,-0.18
2026-08-13 14:38:06,48,0.375,0.562,0.542,-0.86,-0.93,-0.33
2026-08-13 14:43:23,48,0.521,0.583,0.583,-0.81,-0.87,-0.27
2026-08-13 14:48:40,48,0.542,0.542,0.583,-0.80,-0.86,-0.25
2026-08-13 14:53:58,48,0.458,0.542,0.583,-0.76,-0.82,-0.20
2026-08-13 14:58:32,48,0.438,0.521,0.625,-0.92,-0.97,-0.37
2026-08-13 15:03:50,48,0.438,0.500,0.646,-0.18,-1.01,-0.16
2026-08-13 15:09:07,48,0.521,0.458,0.521,-0.25,-1.01,-0.22
2026-08-13 15:14:25,48,0.667,0.542,0.583,+0.08,-0.69,+0.11
2026-08-13 15:19:42,48,0.521,0.479,0.542,-0.11,-0.93,-0.09
2026-08-13 15:25:00,48,0.542,0.479,0.542,-0.15,-1.04,-0.17
2026-08-13 15:29:17,48,0.625,0.500,0.583,+0.04,-0.85,+0.02
2026-08-13 15:34:35,47,0.596,0.511,0.489,+0.01,-0.93,-0.10
2026-08-13 15:39:52,47,0.553,0.511,0.489,+0.21,-0.74,+0.08
2026-08-13 15:45:09,47,0.574,0.511,0.553,+0.28,-0.67,+0.19
2026-08-13 15:50:26,47,0.574,0.532,0.553,+0.36,-0.58,+0.24
2026-08-13 15:55:43,47,0.574,0.489,0.596,+0.50,-0.43,+0.39
2026-08-13 15:59:50,46,0.609,0.500,0.587,+0.64,-0.33,+0.55
2026-08-13 16:05:06,46,0.674,0.522,0.630,+1.09,-0.24,-0.02
2026-08-13 16:10:22,45,0.644,0.533,0.622,+0.95,-0.35,-0.42
2026-08-13 16:15:39,47,0.638,0.617,0.596,+1.21,-0.05,-0.09
2026-08-13 16:20:56,47,0.596,0.511,0.553,+1.17,-0.08,-0.12
2026-08-13 16:26:13,47,0.596,0.574,0.596,+1.58,+0.33,+0.27
2026-08-13 16:30:45,46,0.587,0.522,0.587,+1.77,+0.47,+0.40
2026-08-13 16:36:02,46,0.587,0.478,0.543,+1.90,+0.60,+0.53
2026-08-13 16:41:19,46,0.522,0.457,0.543,+1.57,+0.28,+0.21
2026-08-13 16:46:35,46,0.522,0.522,0.587,+1.74,+0.40,+0.44
2026-08-13 16:51:51,46,0.500,0.478,0.587,+1.87,+0.55,+0.55
2026-08-13 16:57:09,46,0.413,0.478,0.609,+1.91,+0.60,+0.59
2026-08-13 17:01:19,46,0.283,0.587,0.652,+0.80,+1.16,+0.47
2026-08-13 17:06:36,46,0.261,0.522,0.587,+0.46,+1.16,+0.42
2026-08-13 17:11:52,45,0.267,0.511,0.578,+0.45,+1.07,+0.34
2026-08-13 17:17:08,45,0.200,0.467,0.578,+0.34,+0.90,+0.16
2026-08-13 17:22:24,44,0.273,0.477,0.591,+0.29,+0.87,+0.07
2026-08-13 17:27:40,44,0.295,0.477,0.568,+0.35,+0.93,+0.13
2026-08-13 17:31:53,44,0.273,0.523,0.568,+0.41,+0.98,+0.18
2026-08-13 17:37:10,44,0.318,0.500,0.591,+0.31,+0.88,+0.08
2026-08-13 17:42:26,44,0.318,0.500,0.591,+0.59,+1.18,+0.38
2026-08-13 17:47:42,44,0.386,0.500,0.591,+0.55,+1.12,+0.32
2026-08-13 17:52:59,44,0.364,0.477,0.591,+0.26,+0.83,+0.02
2026-08-13 17:58:14,44,0.341,0.477,0.545,+0.08,+0.61,-0.19
2026-08-13 18:02:50,45,0.444,0.489,0.511,-0.35,+1.75,+0.31
2026-08-13 18:08:07,45,0.356,0.489,0.444,-0.42,+1.63,+0.11
2026-08-13 18:13:23,45,0.378,0.444,0.422,-0.40,+1.60,+0.07
2026-08-13 18:18:39,45,0.333,0.444,0.422,-0.47,+1.45,-0.06
2026-08-13 18:23:55,45,0.333,0.422,0.422,-0.71,+1.20,-0.31
2026-08-13 18:29:12,45,0.311,0.400,0.400,-0.87,+1.05,-0.46
2026-08-13 18:33:24,45,0.289,0.422,0.400,-0.94,+0.99,-0.52
2026-08-13 18:38:41,45,0.311,0.378,0.378,-0.91,+1.03,-0.49
2026-08-13 18:43:58,45,0.244,0.333,0.378,-1.30,+0.59,-0.91
2026-08-13 18:49:15,45,0.222,0.333,0.378,-1.12,+0.78,-0.73
2026-08-13 18:54:32,46,0.261,0.457,0.391,-1.16,+0.67,-0.77
2026-08-13 18:59:49,46,0.304,0.478,0.413,-1.13,+0.65,-0.79
2026-08-13 19:04:21,46,0.239,0.239,0.391,-0.99,-0.35,-0.40
2026-08-13 19:09:37,46,0.239,0.304,0.413,-0.97,-0.40,-0.47
2026-08-13 19:14:54,46,0.283,0.304,0.413,-0.73,-0.24,-0.26
2026-08-13 19:20:10,46,0.283,0.370,0.413,-0.80,-0.31,-0.33
2026-08-13 19:25:27,46,0.283,0.348,0.391,-0.96,-0.52,-0.58
2026-08-13 19:30:44,46,0.217,0.304,0.348,-1.02,-0.55,-0.58
2026-08-13 19:35:08,45,0.156,0.267,0.333,-1.06,-0.58,-0.58
2026-08-13 19:40:24,45,0.200,0.289,0.333,-1.02,-0.53,-0.55
2026-08-13 19:45:40,44,0.205,0.318,0.318,-1.15,-0.67,-0.70
2026-08-13 19:50:56,44,0.227,0.273,0.295,-1.24,-0.77,-0.81
2026-08-13 19:56:12,44,0.273,0.205,0.341,-1.23,-0.77,-0.79
2026-08-13 20:01:28,45,0.311,0.178,0.400,-0.98,-1.33,-0.16
2026-08-13 20:05:46,45,0.267,0.178,0.356,-0.41,-1.87,-0.08
2026-08-13 20:11:03,45,0.311,0.200,0.356,-0.24,-1.73,+0.09
2026-08-13 20:16:19,44,0.364,0.227,0.386,+0.02,-1.53,+0.36
2026-08-13 20:21:35,45,0.267,0.222,0.333,-0.27,-1.76,+0.05
2026-08-13 20:26:51,44,0.295,0.205,0.386,-0.25,-1.79,+0.06
2026-08-13 20:32:07,43,0.302,0.256,0.372,-0.38,-1.93,-0.06
2026-08-13 20:36:53,43,0.326,0.279,0.372,-0.18,-1.73,+0.11
2026-08-13 20:42:09,44,0.364,0.295,0.341,-0.01,-1.52,+0.30
2026-08-13 20:47:25,44,0.318,0.273,0.273,-0.18,-1.69,+0.13
2026-08-13 20:52:41,43,0.302,0.256,0.279,-0.13,-1.68,+0.17
2026-08-13 20:57:57,44,0.341,0.273,0.318,-0.05,-1.58,+0.27
2026-08-13 21:03:13,44,0.500,0.318,0.432,+0.31,-1.01,+0.91
2026-08-13 21:07:27,44,0.568,0.318,0.477,+0.37,-1.02,+0.97
2026-08-13 21:12:43,44,0.591,0.273,0.386,+0.46,-0.92,+1.08
2026-08-13 21:17:59,44,0.591,0.273,0.477,+0.51,-0.87,+1.14
2026-08-13 21:23:15,43,0.535,0.256,0.442,+0.41,-0.97,+1.04
2026-08-13 21:28:31,43,0.488,0.256,0.395,+0.26,-1.13,+0.92
2026-08-13 21:33:46,44,0.545,0.273,0.432,+0.12,-1.14,+0.73
2026-08-13 21:38:02,44,0.591,0.273,0.432,+0.39,-0.88,+1.04
2026-08-13 21:43:20,44,0.500,0.295,0.432,+0.31,-0.96,+0.93
2026-08-13 21:48:37,44,0.545,0.318,0.409,+0.27,-1.00,+0.89
2026-08-13 21:53:53,44,0.591,0.250,0.364,+0.12,-1.15,+0.76
2026-08-13 21:59:10,44,0.591,0.227,0.364,+0.19,-1.10,+0.83
2026-08-13 22:04:25,44,0.591,0.364,0.409,-0.12,-0.23,-0.66
2026-08-13 22:08:58,44,0.545,0.364,0.364,+0.03,-0.01,-0.47
2026-08-13 22:14:15,44,0.614,0.341,0.364,-0.08,-0.07,-0.55
2026-08-13 22:19:31,44,0.500,0.386,0.409,-0.10,-0.06,-0.57
2026-08-13 22:24:46,43,0.535,0.302,0.372,-0.15,-0.12,-0.60
2026-08-13 22:30:02,44,0.523,0.409,0.432,-0.06,-0.06,-0.52
2026-08-13 22:35:18,44,0.500,0.386,0.341,-0.11,-0.10,-0.57
2026-08-13 22:39:32,44,0.545,0.409,0.386,-0.10,-0.10,-0.57
2026-08-13 22:44:48,44,0.636,0.386,0.409,+0.08,+0.09,-0.38
2026-08-13 22:50:04,44,0.636,0.409,0.455,+0.10,+0.10,-0.38
2026-08-13 22:55:20,44,0.591,0.386,0.386,+0.02,+0.02,-0.46
2026-08-13 23:00:36,44,0.523,0.477,0.386,+0.28,-0.22,-0.74
2026-08-13 23:05:52,45,0.444,0.578,0.333,-0.10,-0.04,-1.48
2026-08-13 23:10:06,45,0.489,0.622,0.333,+0.10,+0.16,-1.47
2026-08-13 23:15:22,44,0.545,0.659,0.341,+0.29,+0.45,-1.23
2026-08-13 23:20:38,43,0.488,0.581,0.326,+0.03,+0.20,-1.49
2026-08-13 23:25:54,44,0.523,0.568,0.364,-0.00,+0.17,-1.49
2026-08-13 23:31:11,45,0.533,0.578,0.378,+0.02,+0.33,-1.27
2026-08-13 23:36:27,45,0.578,0.622,0.400,+0.04,+0.36,-1.24
2026-08-13 23:41:02,45,0.578,0.667,0.378,+0.08,+0.40,-1.21
2026-08-13 23:46:18,44,0.523,0.591,0.432,-0.01,+0.31,-1.31
2026-08-13 23:51:34,43,0.558,0.512,0.395,+0.05,+0.36,-1.26
2026-08-13 23:56:49,43,0.535,0.581,0.372,-0.00,+0.31,-1.32
2026-08-14 00:02:05,43,0.419,0.535,0.419,-0.48,-0.45,-1.20
2026-08-14 00:07:20,43,0.442,0.512,0.349,-0.25,-0.26,-0.99
2026-08-14 00:11:41,41,0.463,0.561,0.317,+0.05,+0.13,-0.74
2026-08-14 00:16:56,42,0.381,0.500,0.262,-0.39,-0.37,-1.26
2026-08-14 00:22:12,43,0.419,0.512,0.326,-0.69,-0.58,-1.03
2026-08-14 00:27:27,43,0.302,0.488,0.256,-0.84,-0.70,-1.15
2026-08-14 00:32:43,43,0.256,0.465,0.279,-0.35,-0.21,-0.65
2026-08-14 00:37:59,44,0.250,0.432,0.318,-0.32,-0.19,-0.59
2026-08-14 00:42:15,44,0.250,0.409,0.318,-0.45,-0.33,-0.76
2026-08-14 00:47:31,44,0.295,0.432,0.341,-0.00,+0.11,-0.34
2026-08-14 00:52:47,44,0.295,0.409,0.318,-0.29,-0.16,-0.62
2026-08-14 00:58:03,44,0.227,0.386,0.295,-0.46,-0.34,-0.77
2026-08-14 01:03:19,43,0.256,0.302,0.279,+0.15,+0.02,+0.26
2026-08-14 01:08:34,42,0.190,0.310,0.286,+0.23,+0.06,+0.39
2026-08-14 01:13:17,42,0.190,0.310,0.286,+0.39,+0.14,+0.56
2026-08-14 01:18:32,42,0.238,0.286,0.286,+0.05,-0.20,+0.27
2026-08-14 01:23:47,42,0.214,0.286,0.286,+0.14,-0.11,+0.35
2026-08-14 01:29:02,41,0.244,0.317,0.293,+0.30,+0.04,+0.48
2026-08-14 01:34:17,41,0.268,0.390,0.293,-0.02,-0.27,+0.15
2026-08-14 01:39:32,41,0.244,0.244,0.317,-0.23,-0.49,-0.06
2026-08-14 01:44:09,41,0.268,0.268,0.293,-0.33,-0.58,-0.16
2026-08-14 01:49:24,41,0.268,0.341,0.317,-0.17,-0.36,-0.01
2026-08-14 01:54:39,41,0.220,0.268,0.268,-0.35,-0.54,-0.18
2026-08-14 01:59:54,41,0.244,0.268,0.268,-0.46,-0.65,-0.30
2026-08-14 02:05:10,42,0.429,0.238,0.333,-0.13,-0.34,+0.07
2026-08-14 02:10:25,43,0.465,0.302,0.349,+0.12,-0.12,+0.16
2026-08-14 02:14:46,42,0.500,0.333,0.429,+0.26,-0.22,+0.32
2026-08-14 02:20:01,42,0.500,0.310,0.381,+0.12,-0.39,+0.20
2026-08-14 02:25:16,42,0.476,0.333,0.429,-0.02,-0.56,+0.03
2026-08-14 02:30:32,44,0.455,0.318,0.432,-0.03,-0.51,+0.04
2026-08-14 02:35:48,45,0.467,0.311,0.400,-0.13,-0.63,-0.10
2026-08-14 02:41:04,45,0.444,0.311,0.422,+0.07,-0.42,+0.12
2026-08-14 02:45:45,45,0.511,0.333,0.467,+0.10,-0.38,+0.16
2026-08-14 02:51:02,45,0.511,0.333,0.422,+0.20,-0.28,+0.26
2026-08-14 02:56:18,45,0.467,0.356,0.444,+0.26,-0.23,+0.31
2026-08-14 03:01:34,45,0.511,0.289,0.356,+0.20,-0.06,-0.44
2026-08-14 03:06:51,45,0.600,0.311,0.467,+0.24,-0.05,-0.26
2026-08-14 03:12:07,44,0.614,0.273,0.455,+0.24,-0.00,-0.21
2026-08-14 03:16:19,43,0.651,0.302,0.465,+0.38,+0.11,-0.21
2026-08-14 03:21:35,43,0.651,0.302,0.442,+0.42,+0.05,-0.30
2026-08-14 03:26:51,44,0.636,0.273,0.455,+0.47,+0.05,-0.29
2026-08-14 03:32:07,44,0.591,0.295,0.409,+0.52,+0.11,-0.23
2026-08-14 03:37:23,44,0.500,0.250,0.386,+0.30,-0.09,-0.37
2026-08-14 03:42:39,45,0.511,0.222,0.422,+0.13,-0.25,-0.51
2026-08-14 03:46:55,45,0.556,0.222,0.422,+0.14,-0.24,-0.49
2026-08-14 03:52:11,45,0.511,0.222,0.422,+0.10,-0.27,-0.53
2026-08-14 03:57:27,44,0.523,0.250,0.432,+0.22,-0.12,-0.39
2026-08-14 04:02:42,44,0.409,0.364,0.409,-0.20,-0.34,-0.21
2026-08-14 04:07:58,44,0.386,0.455,0.364,-0.03,+0.07,-0.06
2026-08-14 04:13:14,44,0.500,0.477,0.409,-0.00,+0.13,-0.07
2026-08-14 04:17:51,44,0.409,0.432,0.364,-0.06,+0.08,-0.10
2026-08-14 04:23:07,43,0.349,0.419,0.372,-0.24,+0.00,-0.30
2026-08-14 04:28:23,43,0.349,0.488,0.326,-0.06,+0.19,-0.12
2026-08-14 04:33:38,44,0.386,0.523,0.364,-0.33,+0.25,-0.04
2026-08-14 04:38:54,44,0.364,0.523,0.341,-0.43,+0.27,-0.12
2026-08-14 04:44:10,44,0.432,0.500,0.364,-0.35,+0.35,-0.04
2026-08-14 04:48:25,45,0.400,0.556,0.444,-0.32,+0.46,+0.11
2026-08-14 04:53:42,44,0.432,0.545,0.455,-0.06,+0.64,+0.26
2026-08-14 04:58:58,45,0.422,0.533,0.400,-0.00,+0.69,+0.28
2026-08-14 05:04:14,46,0.500,0.500,0.348,+0.23,+0.71,+0.38
2026-08-14 05:09:30,44,0.477,0.523,0.364,+0.25,+0.74,+0.20
2026-08-14 05:14:46,44,0.500,0.568,0.318,+0.24,+0.76,+0.18
2026-08-14 05:19:00,45,0.511,0.533,0.333,+0.13,+0.68,+0.15
2026-08-14 05:24:16,45,0.444,0.556,0.311,+0.05,+0.60,+0.08
2026-08-14 05:29:32,44,0.523,0.568,0.318,+0.29,+0.83,+0.23
2026-08-14 05:34:49,45,0.511,0.600,0.311,+0.22,+0.78,+0.26
2026-08-14 05:40:05,45,0.511,0.622,0.356,+0.23,+0.79,+0.24
2026-08-14 05:45:20,44,0.455,0.591,0.386,+0.23,+0.77,+0.30
2026-08-14 05:49:58,44,0.455,0.568,0.341,+0.34,+0.89,+0.41
2026-08-14 05:55:14,44,0.455,0.568,0.341,+0.42,+0.97,+0.49
2026-08-14 06:00:30,44,0.386,0.523,0.386,-0.03,+0.70,+0.52
2026-08-14 06:05:47,44,0.455,0.409,0.341,+0.21,+0.21,+0.75
2026-08-14 06:11:02,44,0.477,0.432,0.341,+0.41,+0.44,+1.05
2026-08-14 06:16:18,43,0.372,0.465,0.419,+0.38,+0.42,+1.03
2026-08-14 06:20:32,44,0.364,0.409,0.386,+0.51,+0.56,+1.14
2026-08-14 06:25:48,44,0.432,0.409,0.364,+0.58,+0.63,+1.24
2026-08-14 06:31:04,44,0.409,0.341,0.341,+0.43,+0.49,+1.09
2026-08-14 06:36:20,44,0.432,0.364,0.386,+0.23,+0.28,+0.84
2026-08-14 06:41:36,44,0.432,0.364,0.341,+0.15,+0.19,+0.77
2026-08-14 06:46:51,44,0.455,0.364,0.318,+0.29,+0.35,+0.94
2026-08-14 06:51:06,44,0.409,0.341,0.295,+0.19,+0.25,+0.83
2026-08-14 06:56:22,44,0.477,0.386,0.318,+0.38,+0.45,+1.05
2026-08-14 07:01:38,43,0.419,0.512,0.535,+0.19,+0.57,+0.82
2026-08-14 07:06:53,42,0.524,0.595,0.619,+0.39,+0.92,+1.46
2026-08-14 07:12:09,42,0.595,0.643,0.595,+0.51,+1.05,+1.60
2026-08-14 07:17:24,43,0.558,0.605,0.581,+0.55,+1.17,+1.64
2026-08-14 07:21:44,43,0.558,0.581,0.581,+0.67,+1.29,+1.77
2026-08-14 07:27:00,43,0.605,0.605,0.581,+0.65,+1.28,+1.76
2026-08-14 07:32:15,42,0.548,0.595,0.619,+0.67,+1.36,+1.75
2026-08-14 07:37:30,42,0.524,0.524,0.571,+0.60,+1.29,+1.69
2026-08-14 07:42:46,42,0.548,0.548,0.595,+0.44,+1.13,+1.53
2026-08-14 07:48:01,42,0.524,0.524,0.595,+0.33,+1.01,+1.41
2026-08-14 07:52:17,41,0.512,0.561,0.585,+0.32,+1.02,+1.49
2026-08-14 07:57:31,41,0.537,0.585,0.610,+0.40,+1.11,+1.57
2026-08-14 08:02:46,41,0.415,0.537,0.610,-0.14,+0.31,+1.49
2026-08-14 08:08:01,42,0.405,0.476,0.643,+0.03,+0.66,+1.70
2026-08-14 08:13:17,42,0.476,0.476,0.667,+0.04,+0.67,+1.69
2026-08-14 08:18:32,42,0.381,0.476,0.643,+0.08,+0.63,+1.70
2026-08-14 08:22:50,42,0.452,0.476,0.667,+0.12,+0.68,+1.75
2026-08-14 08:28:05,42,0.476,0.500,0.690,-0.02,+0.54,+1.61
2026-08-14 08:33:21,43,0.512,0.535,0.674,+0.02,+0.58,+1.56
2026-08-14 08:38:36,42,0.452,0.500,0.667,+0.01,+0.57,+1.65
2026-08-14 08:43:51,42,0.405,0.476,0.667,-0.09,+0.44,+1.50
2026-08-14 08:49:06,42,0.476,0.500,0.667,-0.17,+0.37,+1.41
2026-08-14 08:53:48,42,0.429,0.500,0.714,-0.08,+0.46,+1.51
2026-08-14 08:59:03,42,0.548,0.452,0.714,+0.21,+0.79,+1.87
2026-08-14 09:04:18,41,0.463,0.488,0.561,+0.24,+0.48,+0.72
2026-08-14 09:09:33,41,0.512,0.488,0.585,+0.50,+0.77,+1.04
2026-08-14 09:14:48,41,0.415,0.439,0.561,+0.01,+0.33,+0.68
2026-08-14 09:20:03,41,0.415,0.463,0.537,-0.08,+0.22,+0.52
2026-08-14 09:24:21,42,0.405,0.476,0.476,-0.11,+0.20,+0.53
2026-08-14 09:29:36,42,0.357,0.429,0.500,-0.03,+0.28,+0.61
2026-08-14 09:34:52,43,0.349,0.442,0.535,-0.13,+0.16,+0.43
2026-08-14 09:40:08,43,0.372,0.442,0.465,-0.11,+0.20,+0.49
2026-08-14 09:45:23,43,0.442,0.419,0.465,-0.03,+0.28,+0.59
2026-08-14 09:50:39,43,0.395,0.465,0.442,-0.02,+0.29,+0.63
2026-08-14 09:54:53,42,0.452,0.500,0.429,-0.11,+0.23,+0.59
2026-08-14 10:00:09,42,0.429,0.452,0.476,-0.01,+0.39,+0.94
2026-08-14 10:05:24,42,0.452,0.429,0.476,-0.13,-0.03,+0.94
2026-08-14 10:10:40,42,0.405,0.405,0.476,+0.02,+0.06,+1.10
2026-08-14 10:15:55,42,0.357,0.429,0.429,-0.16,-0.12,+0.92
2026-08-14 10:21:10,42,0.310,0.381,0.429,-0.26,-0.23,+0.80
2026-08-14 10:25:55,42,0.357,0.357,0.476,-0.13,-0.11,+0.94
2026-08-14 10:31:10,42,0.357,0.429,0.429,+0.02,+0.05,+1.12
2026-08-14 10:36:25,42,0.357,0.405,0.476,+0.00,+0.03,+1.08
2026-08-14 10:41:40,42,0.357,0.381,0.429,+0.02,+0.06,+1.10
2026-08-14 10:46:55,42,0.333,0.429,0.429,-0.12,-0.11,+0.91
2026-08-14 10:52:10,43,0.442,0.442,0.465,+0.16,+0.14,+1.11
2026-08-14 10:56:33,42,0.381,0.381,0.452,+0.13,+0.15,+1.20
2026-08-14 11:01:48,42,0.405,0.429,0.429,+0.34,+0.42,+0.82
2026-08-14 11:07:03,42,0.476,0.429,0.429,+0.45,+0.41,+0.92
2026-08-14 11:12:18,42,0.524,0.429,0.452,+0.37,+0.31,+0.84
2026-08-14 11:17:34,42,0.500,0.476,0.452,+0.56,+0.51,+0.96
2026-08-14 11:22:49,42,0.524,0.476,0.476,+0.67,+0.63,+1.07
2026-08-14 11:27:07,42,0.476,0.476,0.429,+0.77,+0.70,+1.15
2026-08-14 19:18:30,41,0.293,0.317,0.244,-0.20,-0.27,-0.13
2026-08-14 19:22:08,41,0.293,0.293,0.244,-0.10,-0.17,-0.01
2026-08-14 19:27:23,41,0.293,0.317,0.244,-0.11,-0.17,-0.01
2026-08-14 19:32:38,41,0.244,0.317,0.244,+0.12,+0.09,+0.28
2026-08-14 19:37:53,41,0.220,0.317,0.244,+0.02,-0.03,+0.16
2026-08-14 19:43:08,41,0.268,0.268,0.244,+0.09,+0.03,+0.25
2026-08-14 19:48:22,41,0.244,0.293,0.268,+0.16,+0.12,+0.32
2026-08-14 19:53:37,41,0.268,0.293,0.220,+0.26,+0.22,+0.42
2026-08-14 19:54:06,41,0.268,0.268,0.220,+0.17,+0.13,+0.32
2026-08-14 19:59:20,41,0.317,0.244,0.268,+0.37,+0.34,+0.55
2026-08-14 20:04:36,42,0.524,0.286,0.238,+0.93,+0.48,+0.54
2026-08-14 20:09:50,41,0.512,0.341,0.293,+1.10,+0.45,+0.61
2026-08-14 20:15:05,41,0.463,0.268,0.244,+0.74,+0.06,+0.18
2026-08-14 20:20:20,41,0.512,0.293,0.244,+1.08,+0.42,+0.56
2026-08-14 20:25:35,41,0.488,0.317,0.268,+1.26,+0.62,+0.77
2026-08-14 20:25:59,41,0.488,0.293,0.268,+1.28,+0.63,+0.79
2026-08-14 20:31:14,41,0.439,0.293,0.220,+1.15,+0.57,+0.75
2026-08-14 20:36:29,41,0.463,0.268,0.220,+1.00,+0.38,+0.57
2026-08-14 20:41:44,41,0.488,0.317,0.268,+1.41,+0.80,+1.00
2026-08-14 20:47:00,42,0.548,0.333,0.286,+1.29,+0.73,+0.89
2026-08-14 20:52:15,42,0.548,0.357,0.310,+1.41,+0.83,+1.00
2026-08-14 20:56:58,42,0.452,0.381,0.333,+1.11,+0.52,+0.67
2026-08-14 21:02:13,42,0.452,0.286,0.262,+0.27,+0.58,+1.05
2026-08-14 21:07:28,43,0.512,0.326,0.279,+0.33,+0.87,+1.09
2026-08-14 21:12:44,43,0.372,0.326,0.233,+0.14,+0.70,+0.92
2026-08-14 21:18:00,43,0.465,0.326,0.279,+0.19,+0.75,+0.97
2026-08-14 21:23:15,43,0.372,0.326,0.279,+0.04,+0.57,+0.76
2026-08-14 21:28:11,43,0.465,0.349,0.302,+0.19,+0.71,+0.92
2026-08-14 21:33:27,43,0.465,0.302,0.326,-0.03,+0.44,+0.62
2026-08-14 21:38:42,43,0.419,0.326,0.302,+0.19,+0.65,+0.82
2026-08-14 21:43:58,43,0.442,0.326,0.326,+0.37,+0.86,+1.03
2026-08-14 21:49:14,43,0.419,0.302,0.279,+0.26,+0.80,+1.00
2026-08-14 21:54:30,43,0.442,0.326,0.302,+0.35,+0.92,+1.14
2026-08-14 21:59:24,43,0.442,0.326,0.302,+0.63,+1.24,+1.48
2026-08-14 22:04:39,43,0.442,0.395,0.279,+0.40,+1.72,+1.44
2026-08-14 22:09:55,43,0.488,0.465,0.302,+0.63,+2.11,+1.72
2026-08-14 22:15:11,43,0.488,0.512,0.349,+0.68,+2.15,+1.75
2026-08-14 22:20:27,43,0.465,0.465,0.302,+0.63,+2.11,+1.73
2026-08-14 22:25:43,43,0.512,0.488,0.326,+0.82,+2.33,+1.97
2026-08-14 22:30:26,43,0.488,0.535,0.326,+0.69,+2.18,+1.79
2026-08-14 22:35:42,43,0.442,0.465,0.302,+0.42,+1.89,+1.49
2026-08-14 22:40:58,43,0.512,0.442,0.326,+0.51,+1.98,+1.56
2026-08-14 22:46:13,43,0.512,0.465,0.326,+0.57,+2.04,+1.63
2026-08-14 22:51:30,43,0.535,0.465,0.349,+0.60,+2.05,+1.61
2026-08-14 22:56:46,43,0.488,0.488,0.326,+0.53,+1.94,+1.45
2026-08-14 23:01:39,43,0.488,0.442,0.349,+0.18,+0.87,+1.54
2026-08-14 23:06:54,43,0.535,0.465,0.372,+0.25,+0.89,+1.49
2026-08-14 23:12:10,43,0.512,0.488,0.395,+0.43,+1.11,+1.73
2026-08-14 23:17:26,43,0.558,0.442,0.395,+0.36,+1.04,+1.68
2026-08-14 23:22:42,43,0.535,0.488,0.395,+0.62,+1.31,+1.97
2026-08-14 23:27:57,43,0.512,0.535,0.395,+0.76,+1.46,+2.12
2026-08-14 23:32:14,43,0.558,0.488,0.372,+0.81,+1.51,+2.20
2026-08-14 23:37:29,42,0.595,0.500,0.381,+0.77,+1.47,+2.40
2026-08-14 23:42:45,42,0.619,0.524,0.405,+0.62,+1.31,+2.21
2026-08-14 23:48:00,42,0.548,0.500,0.357,+0.44,+1.14,+2.04
2026-08-14 23:53:15,42,0.500,0.500,0.357,+0.28,+1.00,+1.93
2026-08-14 23:58:30,42,0.452,0.452,0.381,+0.29,+1.01,+1.95
2026-08-15 00:03:20,42,0.357,0.429,0.333,+0.11,+0.74,+2.18
2026-08-15 00:08:36,42,0.333,0.310,0.310,-0.25,+0.34,+1.76
2026-08-15 00:13:51,43,0.326,0.349,0.326,+0.46,+0.96,+2.51
2026-08-15 00:19:07,43,0.372,0.372,0.326,+0.59,+1.11,+2.68
2026-08-15 00:24:22,42,0.381,0.429,0.310,+1.10,+1.60,+3.21
2026-08-15 00:29:37,41,0.415,0.415,0.366,+1.40,+1.86,+3.56
2026-08-15 00:33:55,42,0.476,0.500,0.381,+1.43,+1.78,+3.47
2026-08-15 00:39:10,42,0.571,0.667,0.452,+1.95,+2.29,+4.02
2026-08-15 00:44:26,42,0.548,0.619,0.429,+1.85,+2.21,+3.97
2026-08-15 00:49:42,42,0.548,0.643,0.452,+1.59,+1.94,+3.70
2026-08-15 00:54:57,42,0.571,0.619,0.452,+1.65,+2.01,+3.79
2026-08-15 01:00:12,42,0.548,0.619,0.500,+1.81,+1.79,+4.16
2026-08-15 01:04:34,42,0.548,0.571,0.595,+1.54,+1.79,+3.87
2026-08-15 01:09:49,42,0.500,0.548,0.595,+1.22,+1.50,+3.74
2026-08-15 01:15:05,42,0.524,0.524,0.595,+1.09,+1.36,+3.62
2026-08-15 01:20:20,42,0.524,0.500,0.571,+0.82,+1.08,+3.40
2026-08-15 01:25:35,42,0.595,0.548,0.571,+0.63,+0.92,+3.20
2026-08-15 01:30:50,41,0.512,0.512,0.585,+0.45,+0.74,+3.05
2026-08-15 01:35:35,41,0.512,0.512,0.561,+0.62,+0.92,+3.23
2026-08-15 01:40:51,41,0.561,0.537,0.610,+0.69,+0.99,+3.29
2026-08-15 01:46:06,41,0.585,0.561,0.610,+0.77,+1.06,+3.34
2026-08-15 01:51:20,41,0.561,0.585,0.585,+0.62,+0.91,+3.20
2026-08-15 01:56:35,41,0.561,0.561,0.537,+0.71,+1.01,+3.32
2026-08-15 02:01:50,41,0.415,0.512,0.610,-0.64,+1.09,+2.12
2026-08-15 02:06:14,41,0.390,0.488,0.561,-0.63,+1.00,+2.05
2026-08-15 02:11:29,41,0.390,0.537,0.610,-0.32,+1.27,+2.17
2026-08-15 02:16:44,41,0.366,0.512,0.585,-0.32,+1.25,+2.16
2026-08-15 02:21:59,41,0.390,0.488,0.561,-0.05,+1.55,+2.45
2026-08-15 02:27:14,41,0.439,0.488,0.610,+0.02,+1.60,+2.52
2026-08-15 02:32:28,40,0.350,0.550,0.600,+0.11,+1.74,+2.70
2026-08-15 02:36:52,40,0.350,0.500,0.625,-0.30,+1.43,+2.34
2026-08-15 02:42:07,40,0.325,0.475,0.625,-0.38,+1.31,+2.24
2026-08-15 02:47:21,39,0.359,0.487,0.564,-0.40,+1.31,+2.24
2026-08-15 02:52:35,39,0.282,0.436,0.564,-0.21,+1.49,+2.44
2026-08-15 02:57:50,39,0.231,0.436,0.538,-0.48,+1.25,+2.19
2026-08-15 03:03:04,39,0.308,0.462,0.462,-0.14,+0.74,+1.47
2026-08-15 03:07:54,39,0.333,0.410,0.513,-0.17,+0.62,+1.50
2026-08-15 03:13:09,39,0.256,0.410,0.436,-0.52,+0.29,+1.12
2026-08-15 03:18:24,39,0.256,0.410,0.436,-0.62,+0.14,+0.98
2026-08-15 03:23:38,39,0.256,0.410,0.462,-0.56,+0.21,+1.04
2026-08-15 03:28:52,39,0.282,0.462,0.462,-0.61,+0.19,+0.91
2026-08-15 03:34:06,39,0.308,0.410,0.487,-0.61,+0.19,+0.91
2026-08-15 03:38:35,39,0.282,0.436,0.487,-0.40,+0.40,+1.13
2026-08-15 03:43:49,39,0.359,0.462,0.513,-0.02,+0.74,+1.48
2026-08-15 03:49:03,39,0.308,0.513,0.487,-0.28,+0.50,+1.23
2026-08-15 03:54:19,39,0.308,0.436,0.487,-0.46,+0.32,+1.03
2026-08-15 03:59:33,39,0.308,0.385,0.436,-0.44,+0.40,+1.11
2026-08-15 04:04:47,39,0.333,0.205,0.462,-0.34,-0.88,+0.79
2026-08-15 04:09:09,39,0.308,0.179,0.436,-0.54,-1.12,+0.51
2026-08-15 04:14:23,39,0.282,0.179,0.462,-0.51,-1.09,+0.52
2026-08-15 04:19:38,39,0.282,0.231,0.462,-0.45,-0.99,+0.61
2026-08-15 04:24:51,38,0.263,0.237,0.421,-0.44,-0.96,+0.69
2026-08-15 04:30:05,38,0.211,0.237,0.421,-0.37,-0.87,+0.75
2026-08-15 04:35:19,38,0.211,0.263,0.421,-0.33,-0.82,+0.82
2026-08-15 04:40:06,38,0.316,0.263,0.474,-0.14,-0.62,+1.02
2026-08-15 04:45:20,38,0.316,0.289,0.474,-0.03,-0.54,+1.14
2026-08-15 04:50:33,38,0.342,0.316,0.447,-0.00,-0.49,+1.17
2026-08-15 04:55:48,38,0.342,0.316,0.474,+0.09,-0.41,+1.28
2026-08-15 05:01:01,38,0.500,0.289,0.421,+0.16,-0.60,+0.73
2026-08-15 05:06:15,38,0.553,0.316,0.447,+0.63,+0.05,+1.36
2026-08-15 05:10:41,40,0.600,0.350,0.425,+0.59,+0.12,+1.23
2026-08-15 05:15:55,40,0.550,0.325,0.425,+0.47,-0.01,+1.09
2026-08-15 05:21:10,40,0.600,0.350,0.400,+0.56,+0.08,+1.21
2026-08-15 05:26:24,40,0.625,0.325,0.425,+0.67,+0.20,+1.34
2026-08-15 05:31:39,40,0.575,0.375,0.400,+0.67,+0.20,+1.34
2026-08-15 05:36:54,40,0.500,0.325,0.400,+0.48,+0.01,+1.13
2026-08-15 05:41:15,40,0.475,0.375,0.400,+0.61,+0.13,+1.24
2026-08-15 05:46:30,40,0.500,0.300,0.425,+0.61,+0.13,+1.24
2026-08-15 05:51:44,40,0.550,0.250,0.400,+0.56,+0.07,+1.17
2026-08-15 05:56:59,40,0.525,0.300,0.400,+0.60,+0.10,+1.22
2026-08-15 06:02:13,40,0.400,0.350,0.450,+0.05,-0.04,+0.79
2026-08-15 06:07:27,40,0.450,0.350,0.450,+0.22,+0.13,+1.01
2026-08-15 06:12:12,40,0.500,0.450,0.450,+0.29,+0.16,+1.13
2026-08-15 06:17:27,40,0.425,0.425,0.450,+0.01,-0.11,+0.82
2026-08-15 06:22:41,40,0.400,0.425,0.475,-0.23,-0.35,+0.55
2026-08-15 06:27:56,39,0.385,0.333,0.436,-0.07,-0.18,+0.75
2026-08-15 06:33:10,39,0.487,0.410,0.462,-0.22,-0.33,+0.54
2026-08-15 06:38:24,39,0.487,0.385,0.436,-0.13,-0.24,+0.65
2026-08-15 06:42:46,39,0.590,0.385,0.462,-0.01,-0.11,+0.78
2026-08-15 06:48:01,39,0.538,0.487,0.436,-0.07,-0.18,+0.70
2026-08-15 06:53:15,39,0.538,0.487,0.487,+0.01,-0.12,+0.76
2026-08-15 06:58:30,40,0.550,0.475,0.450,-0.19,-0.28,+0.51
2026-08-15 07:03:44,40,0.575,0.525,0.275,-0.28,+0.30,-0.68
2026-08-15 07:08:59,40,0.525,0.550,0.300,-0.31,+0.33,-0.67
2026-08-15 07:13:21,40,0.600,0.575,0.325,-0.28,+0.39,-0.60
2026-08-15 07:18:36,41,0.512,0.585,0.341,-0.24,+0.49,-0.28
2026-08-15 07:23:51,41,0.463,0.585,0.366,+0.14,+0.89,+0.12
2026-08-15 07:29:06,41,0.390,0.561,0.341,-0.07,+0.68,-0.08
2026-08-15 07:34:21,41,0.488,0.561,0.366,-0.10,+0.65,-0.11
2026-08-15 07:39:36,41,0.512,0.537,0.390,-0.29,+0.46,-0.30
2026-08-15 07:44:28,41,0.463,0.488,0.415,-0.41,+0.33,-0.44
2026-08-15 07:49:43,41,0.537,0.561,0.415,-0.19,+0.55,-0.22
2026-08-15 07:54:58,41,0.537,0.512,0.390,-0.29,+0.45,-0.31
2026-08-15 08:00:13,41,0.585,0.488,0.415,-0.15,-0.16,-0.56
2026-08-15 08:05:28,40,0.500,0.475,0.425,+0.26,-0.17,+0.04
2026-08-15 08:10:43,40,0.425,0.500,0.450,-0.01,-0.42,-0.30
2026-08-15 08:15:03,41,0.488,0.463,0.439,+0.27,+0.45,+0.77
2026-08-15 08:20:18,41,0.537,0.537,0.439,+0.62,+0.81,+1.14
2026-08-15 08:25:33,41,0.537,0.585,0.439,+0.73,+0.94,+1.27
2026-08-15 08:30:48,41,0.561,0.537,0.439,+0.52,+0.71,+1.04
2026-08-15 08:36:03,41,0.537,0.561,0.463,+0.61,+0.81,+1.13
2026-08-15 08:41:16,41,0.610,0.585,0.463,+0.38,+0.52,+0.82
2026-08-15 08:45:35,41,0.585,0.561,0.390,+0.29,+0.41,+0.70
2026-08-15 08:50:50,41,0.537,0.610,0.512,+0.05,+0.18,+0.46
2026-08-15 08:56:06,42,0.571,0.595,0.476,+0.26,+0.36,+0.61
2026-08-15 09:01:21,41,0.512,0.585,0.512,-0.07,+0.02,+0.08
2026-08-15 09:06:35,41,0.585,0.634,0.561,-0.07,+0.09,+0.22
2026-08-15 09:16:31,41,0.610,0.610,0.537,+0.07,+0.21,+0.37
2026-08-15 09:21:45,41,0.732,0.659,0.610,+0.26,+0.41,+0.58
2026-08-15 09:27:00,41,0.659,0.634,0.610,-0.24,-0.08,+0.07
2026-08-15 09:32:15,41,0.756,0.659,0.634,-0.10,+0.05,+0.21
2026-08-15 09:37:30,39,0.718,0.641,0.667,-0.02,+0.18,+0.40
2026-08-15 09:42:44,39,0.692,0.641,0.641,+0.17,+0.42,+0.64
2026-08-15 09:47:04,40,0.700,0.650,0.600,+0.19,+0.44,+0.64
2026-08-15 09:52:19,40,0.650,0.625,0.625,+0.35,+0.57,+0.78
2026-08-15 09:57:33,40,0.675,0.650,0.625,+0.19,+0.37,+0.59
2026-08-15 10:02:48,40,0.525,0.650,0.650,+0.34,+0.27,+1.01
2026-08-15 10:08:02,40,0.550,0.650,0.600,+0.36,+0.26,+1.03
2026-08-15 10:13:17,40,0.500,0.650,0.625,+0.36,+0.27,+1.02
2026-08-15 10:17:35,40,0.600,0.650,0.600,+0.38,+0.29,+1.05
2026-08-15 10:22:50,40,0.500,0.650,0.600,+0.17,+0.11,+0.88
2026-08-15 10:28:04,40,0.600,0.600,0.600,+0.03,-0.03,+0.73
2026-08-15 10:33:19,41,0.561,0.610,0.610,+0.43,+0.42,+1.31
2026-08-15 10:38:35,42,0.500,0.571,0.619,+0.28,+0.14,+1.16
2026-08-15 10:41:18,42,0.476,0.548,0.595,+0.29,+0.16,+1.21
2026-08-15 10:46:33,43,0.535,0.558,0.581,+0.32,+0.19,+1.37
2026-08-15 10:51:48,43,0.488,0.605,0.581,+0.23,+0.11,+1.27
2026-08-15 10:57:03,43,0.558,0.581,0.605,+0.22,+0.13,+1.26
2026-08-15 11:02:18,43,0.488,0.581,0.558,-0.12,+0.06,+0.57
2026-08-15 11:07:33,43,0.535,0.581,0.581,-0.23,-0.00,+0.58
2026-08-15 11:12:48,43,0.558,0.605,0.512,-0.14,+0.08,+0.64
2026-08-15 11:13:16,43,0.535,0.605,0.512,-0.21,+0.01,+0.58
2026-08-15 11:18:32,43,0.558,0.558,0.558,-0.11,+0.10,+0.65
2026-08-15 11:23:47,43,0.558,0.628,0.558,-0.27,-0.06,+0.48
2026-08-15 11:29:02,43,0.558,0.581,0.581,-0.44,-0.24,+0.28
2026-08-15 11:34:17,43,0.558,0.581,0.581,-0.36,-0.17,+0.39
2026-08-15 11:39:32,43,0.488,0.581,0.581,-0.29,-0.08,+0.50
2026-08-15 11:44:47,43,0.535,0.581,0.605,-0.22,-0.06,+0.50
2026-08-15 11:45:13,43,0.535,0.581,0.605,-0.20,-0.03,+0.53
2026-08-15 11:50:28,43,0.535,0.605,0.605,-0.25,-0.07,+0.50
2026-08-15 11:55:43,44,0.523,0.614,0.591,-0.27,+0.20,+0.83
2026-08-15 12:00:58,44,0.500,0.568,0.591,-0.35,+0.20,+0.59
2026-08-15 12:06:14,44,0.568,0.636,0.591,+0.05,+0.47,+0.64
2026-08-15 12:11:29,44,0.523,0.614,0.591,-0.07,+0.36,+0.62
2026-08-15 12:16:09,44,0.500,0.591,0.545,+0.11,+0.52,+0.71
2026-08-15 12:21:24,44,0.523,0.545,0.545,-0.11,+0.29,+0.49
2026-08-15 12:26:40,44,0.523,0.568,0.591,-0.10,+0.32,+0.52
2026-08-15 12:38:34,44,0.455,0.568,0.568,-0.23,+0.20,+0.39
2026-08-15 12:43:50,44,0.432,0.523,0.568,-0.34,+0.08,+0.27
2026-08-15 12:49:05,44,0.432,0.500,0.568,-0.28,+0.15,+0.36
2026-08-15 12:54:21,44,0.341,0.500,0.568,-0.79,-0.39,-0.24
2026-08-15 12:59:36,44,0.409,0.500,0.568,-0.62,-0.21,-0.05
2026-08-15 13:04:52,44,0.250,0.409,0.523,-0.50,-0.77,-0.08
2026-08-15 13:10:07,44,0.295,0.432,0.500,-0.35,-0.62,-0.00
2026-08-15 13:10:33,44,0.295,0.455,0.500,-0.33,-0.61,+0.02
2026-08-15 13:15:48,44,0.273,0.409,0.523,-0.40,-0.79,-0.28
2026-08-15 13:21:03,44,0.364,0.477,0.545,+0.03,-0.36,+0.13
2026-08-15 13:26:19,44,0.409,0.477,0.523,+0.26,-0.14,+0.32
2026-08-15 13:31:34,45,0.422,0.444,0.489,+0.04,-0.33,+0.15
2026-08-15 13:36:50,45,0.422,0.444,0.511,+0.10,-0.27,+0.22
2026-08-15 13:42:06,45,0.378,0.467,0.511,+0.18,-0.20,+0.28
2026-08-15 13:42:29,45,0.400,0.444,0.511,+0.12,-0.26,+0.23
2026-08-15 13:47:45,45,0.356,0.444,0.511,-0.20,-0.55,+0.02
2026-08-15 13:53:01,45,0.311,0.489,0.533,-0.24,-0.61,-0.07
2026-08-15 13:58:17,45,0.356,0.511,0.511,-0.18,-0.54,+0.02
2026-08-15 14:03:33,45,0.533,0.489,0.556,+0.23,-0.39,-0.20
2026-08-15 14:08:49,45,0.533,0.422,0.533,+0.59,-0.00,-0.06
2026-08-15 14:13:25,45,0.533,0.511,0.556,+0.88,+0.35,+0.24
2026-08-15 14:18:42,45,0.533,0.489,0.556,+1.24,+0.74,+0.49
2026-08-15 14:23:58,45,0.533,0.511,0.533,+1.10,+0.60,+0.25
2026-08-15 14:29:14,45,0.533,0.511,0.533,+1.31,+0.80,+0.40
2026-08-15 14:34:30,45,0.489,0.556,0.533,+1.37,+0.86,+0.46
2026-08-15 14:39:45,44,0.545,0.523,0.545,+1.52,+1.02,+0.63
2026-08-15 14:44:41,44,0.523,0.500,0.523,+1.54,+1.04,+0.67
2026-08-15 14:49:57,43,0.512,0.512,0.605,+1.97,+1.38,+0.99
2026-08-15 14:55:12,44,0.523,0.500,0.614,+1.32,+0.79,+0.68
2026-08-15 15:00:28,45,0.533,0.444,0.578,+0.68,+0.61,+0.99
2026-08-15 15:05:44,44,0.477,0.477,0.568,+0.74,+0.55,+0.75
2026-08-15 15:10:59,44,0.477,0.432,0.477,+0.50,+0.25,+0.51
2026-08-15 15:15:58,44,0.500,0.409,0.455,+0.39,+0.12,+0.33
2026-08-15 15:21:14,44,0.432,0.386,0.500,+0.25,+0.02,+0.15
2026-08-15 15:26:29,44,0.455,0.455,0.523,+0.65,+0.44,+0.57
2026-08-15 15:31:45,44,0.386,0.409,0.432,+0.60,+0.37,+0.53
2026-08-15 15:37:00,44,0.386,0.432,0.455,+0.47,+0.26,+0.40
2026-08-15 15:42:16,45,0.333,0.356,0.400,+0.32,+0.10,+0.26
2026-08-15 15:46:54,45,0.356,0.356,0.400,+0.30,+0.08,+0.24
2026-08-15 15:52:09,45,0.378,0.333,0.444,+0.34,+0.12,+0.31
2026-08-15 15:57:26,45,0.311,0.356,0.489,+0.41,+0.21,+0.39
2026-08-15 16:02:41,44,0.295,0.455,0.432,-0.38,+0.68,+0.03
2026-08-15 16:07:56,44,0.295,0.432,0.364,-0.11,+1.06,+0.22
2026-08-15 16:13:11,44,0.273,0.477,0.409,+0.01,+1.18,+0.32
2026-08-15 16:18:10,44,0.295,0.477,0.432,-0.12,+1.03,+0.16
2026-08-15 16:23:25,44,0.273,0.477,0.409,-0.08,+1.06,+0.20
2026-08-15 16:28:41,45,0.267,0.467,0.422,-0.31,+0.83,+0.10
2026-08-15 16:33:57,45,0.289,0.422,0.444,-0.35,+0.79,+0.07
2026-08-15 16:39:12,45,0.311,0.378,0.400,-0.31,+0.83,+0.15
2026-08-15 16:44:28,45,0.311,0.378,0.356,-0.43,+0.70,-0.02
2026-08-15 16:48:46,44,0.318,0.386,0.364,-0.39,+0.81,+0.11
2026-08-15 16:54:01,43,0.302,0.372,0.326,-0.54,+0.69,-0.02
2026-08-15 16:59:16,42,0.286,0.405,0.381,-0.45,+0.82,+0.09
2026-08-15 17:04:30,42,0.357,0.357,0.333,+0.09,+0.50,+0.18
2026-08-15 17:09:45,42,0.381,0.381,0.333,+0.06,+0.50,+0.24
2026-08-15 17:15:00,42,0.381,0.333,0.333,-0.00,+0.66,+0.59
2026-08-15 17:19:41,42,0.357,0.286,0.381,-0.02,+0.63,+0.54
2026-08-15 17:24:56,42,0.429,0.333,0.405,+0.01,+0.64,+0.57
2026-08-15 17:30:11,42,0.357,0.333,0.405,-0.05,+0.59,+0.50
2026-08-15 17:35:25,42,0.357,0.357,0.357,+0.01,+0.66,+0.57
2026-08-15 17:40:40,42,0.381,0.357,0.405,+0.13,+0.78,+0.70
2026-08-15 17:45:54,42,0.357,0.310,0.333,-0.19,+0.48,+0.40
2026-08-15 17:50:17,42,0.405,0.310,0.333,-0.07,+0.61,+0.51
2026-08-15 17:55:32,42,0.357,0.286,0.333,-0.27,+0.41,+0.32
2026-08-15 18:00:47,41,0.390,0.268,0.341,-0.15,-0.47,+0.48
2026-08-15 18:06:01,41,0.268,0.244,0.268,-0.96,-1.21,-0.36
2026-08-15 18:11:15,40,0.250,0.250,0.275,-1.38,-1.54,-0.71
2026-08-15 18:16:29,40,0.225,0.200,0.275,-1.63,-1.79,-0.99
2026-08-15 18:20:54,42,0.333,0.238,0.286,-0.20,-0.46,+0.36
2026-08-15 18:26:09,42,0.286,0.214,0.286,-0.41,-0.68,+0.13
2026-08-15 18:31:26,42,0.238,0.190,0.286,-0.36,-0.62,+0.20
2026-08-15 18:36:40,40,0.250,0.200,0.275,-0.77,-1.08,-0.27
2026-08-15 18:41:54,40,0.275,0.175,0.250,-0.69,-0.97,-0.24
2026-08-15 18:47:08,40,0.250,0.225,0.300,-0.24,-0.52,+0.21
2026-08-15 18:51:48,40,0.225,0.225,0.275,-0.28,-0.57,+0.14
2026-08-15 18:57:02,40,0.350,0.250,0.275,-0.49,-0.76,-0.02
2026-08-15 19:02:16,40,0.450,0.225,0.325,-0.13,-0.36,+0.51
2026-08-15 19:07:31,41,0.439,0.244,0.317,+0.17,+0.16,+0.78
2026-08-15 19:12:45,41,0.439,0.220,0.341,+0.09,+0.12,+0.82
2026-08-15 19:17:59,41,0.415,0.268,0.317,+0.11,+0.15,+0.84
2026-08-15 19:22:25,41,0.463,0.293,0.317,+0.22,+0.27,+0.96
2026-08-15 19:27:39,41,0.439,0.293,0.390,+0.39,+0.44,+1.15
2026-08-15 19:32:54,41,0.463,0.317,0.341,+0.51,+0.57,+1.26
2026-08-15 19:38:08,41,0.488,0.317,0.415,+0.76,+0.81,+1.51
2026-08-15 19:43:22,41,0.512,0.341,0.390,+0.66,+0.72,+1.43
2026-08-15 19:48:37,42,0.476,0.333,0.381,+0.58,+0.60,+1.32
2026-08-15 19:53:00,40,0.525,0.375,0.400,+0.70,+0.69,+1.40
2026-08-15 19:58:14,40,0.525,0.350,0.375,+0.76,+0.76,+1.48
2026-08-15 20:03:28,40,0.475,0.375,0.300,+0.37,+0.62,+1.13
2026-08-15 20:08:42,40,0.475,0.375,0.300,+0.23,+0.51,+1.01
2026-08-15 20:13:57,40,0.475,0.400,0.300,+0.31,+0.58,+1.08
2026-08-15 20:19:10,40,0.450,0.325,0.275,+0.14,+0.42,+0.91
2026-08-15 20:23:57,40,0.425,0.375,0.250,-0.01,+0.34,+0.82
2026-08-15 20:29:11,41,0.463,0.366,0.268,+0.33,+0.66,+1.10
2026-08-15 20:34:25,41,0.415,0.341,0.268,+0.04,+0.42,+0.86
2026-08-15 20:39:39,41,0.341,0.341,0.268,-0.40,-0.04,+0.41
2026-08-15 20:44:54,40,0.300,0.325,0.275,-0.78,-0.48,+0.06
2026-08-15 20:50:08,40,0.275,0.325,0.250,-0.85,-0.52,+0.03
2026-08-15 20:54:32,40,0.350,0.300,0.325,-0.67,-0.38,+0.18
2026-08-15 20:59:46,40,0.250,0.350,0.275,-0.86,-0.59,-0.03
2026-08-15 21:05:00,39,0.256,0.410,0.205,-1.21,-0.60,-0.88
2026-08-15 21:10:14,39,0.333,0.385,0.205,-1.28,-0.63,-0.91
2026-08-15 21:15:28,39,0.308,0.385,0.231,-1.23,-0.57,-0.86
2026-08-15 21:20:41,38,0.316,0.395,0.158,-1.27,-0.62,-0.89
2026-08-15 21:25:08,38,0.289,0.368,0.184,-1.23,-0.40,-0.64
2026-08-15 21:30:22,38,0.289,0.368,0.184,-1.07,-0.18,-0.38
2026-08-15 21:35:35,38,0.237,0.342,0.211,-1.44,-0.51,-0.71
2026-08-15 21:40:49,38,0.211,0.368,0.184,-1.54,-0.63,-0.84
2026-08-15 21:46:02,38,0.263,0.368,0.184,-1.31,-0.48,-0.66
2026-08-15 21:51:15,38,0.263,0.368,0.158,-1.30,-0.48,-0.69
2026-08-15 21:56:07,38,0.263,0.368,0.184,-1.43,-0.70,-0.91
2026-08-15 22:01:20,38,0.395,0.395,0.263,-0.26,-1.23,-0.84
2026-08-15 22:06:33,38,0.395,0.368,0.342,-0.36,-1.25,-0.66
2026-08-15 22:11:46,38,0.395,0.368,0.289,-0.47,-1.38,-0.78
2026-08-15 22:17:00,38,0.395,0.395,0.316,-0.62,-1.52,-1.12
2026-08-15 22:22:13,38,0.421,0.395,0.289,-0.34,-1.25,-0.87
2026-08-15 22:26:41,39,0.436,0.436,0.333,-0.19,-1.08,-0.76
2026-08-15 22:31:54,39,0.359,0.436,0.308,-0.30,-1.18,-0.90
2026-08-15 22:37:08,39,0.410,0.410,0.308,-0.22,-1.04,-0.72
2026-08-15 22:42:22,40,0.475,0.475,0.325,+0.02,-0.76,-0.50
2026-08-15 22:47:37,40,0.475,0.425,0.375,+0.21,-0.58,-0.38
2026-08-15 22:52:51,40,0.525,0.450,0.350,+0.36,-0.44,-0.24
2026-08-15 22:57:37,40,0.475,0.525,0.375,+0.43,-0.37,-0.17
2026-08-15 23:02:52,40,0.500,0.500,0.400,+0.51,-0.59,-0.24
2026-08-15 23:08:06,40,0.450,0.475,0.425,+0.41,-0.84,-0.36
2026-08-15 23:13:20,40,0.525,0.525,0.450,+0.59,-0.68,-0.19
2026-08-15 23:18:34,40,0.525,0.450,0.375,+0.48,-0.78,-0.28
2026-08-15 23:23:48,40,0.475,0.475,0.400,+0.57,-0.67,-0.17
2026-08-15 23:28:24,40,0.550,0.450,0.325,+0.60,-0.66,-0.18
2026-08-15 23:33:37,39,0.513,0.462,0.308,+0.52,-0.75,-0.36
2026-08-15 23:38:51,39,0.513,0.462,0.359,+0.55,-0.74,-0.37
2026-08-15 23:44:05,39,0.487,0.410,0.385,+0.66,-0.64,-0.28
2026-08-15 23:49:19,39,0.436,0.436,0.385,+0.88,-0.40,-0.07
2026-08-15 23:54:32,39,0.462,0.487,0.359,+0.68,-0.59,-0.28
2026-08-15 23:58:59,39,0.487,0.462,0.410,+0.79,-0.48,-0.16
2026-08-16 00:04:13,39,0.282,0.487,0.410,-0.07,+0.21,-0.48
2026-08-16 00:09:27,39,0.308,0.436,0.410,+0.11,+0.38,-0.35
2026-08-16 00:14:41,39,0.333,0.513,0.462,+0.08,+0.36,-0.41
2026-08-16 00:19:55,39,0.410,0.590,0.538,+0.36,+0.63,-0.15
2026-08-16 00:25:09,40,0.350,0.500,0.450,+0.58,+0.86,+0.12
2026-08-16 00:29:50,40,0.275,0.475,0.500,+0.79,+1.10,+0.33
2026-08-16 00:35:05,41,0.439,0.634,0.561,+1.02,+1.39,+0.63
2026-08-16 00:40:19,41,0.463,0.683,0.537,+0.81,+1.17,+0.42
2026-08-16 00:45:34,41,0.415,0.610,0.537,+0.61,+0.97,+0.20
2026-08-16 00:50:49,42,0.429,0.595,0.595,+0.58,+0.97,+0.34
2026-08-16 00:56:03,42,0.429,0.595,0.571,+0.30,+0.69,+0.03
2026-08-16 01:00:48,42,0.476,0.571,0.548,-0.16,+0.64,-0.35
2026-08-16 01:06:03,42,0.500,0.548,0.452,-0.31,+0.39,-0.49
2026-08-16 01:11:18,42,0.524,0.548,0.548,-0.18,+0.49,-0.35
2026-08-16 01:16:33,42,0.524,0.548,0.500,-0.51,+0.17,-0.69
2026-08-16 01:21:48,42,0.524,0.595,0.476,-0.66,+0.02,-0.86
2026-08-16 01:27:03,42,0.571,0.571,0.548,-0.25,+0.44,-0.42
2026-08-16 01:31:24,41,0.561,0.585,0.512,-0.58,+0.15,-0.79
2026-08-16 01:36:39,41,0.585,0.537,0.512,-0.33,+0.40,-0.54
2026-08-16 01:41:53,41,0.537,0.561,0.561,-0.22,+0.53,-0.40
2026-08-16 01:47:07,41,0.561,0.561,0.537,-0.10,+0.65,-0.29
2026-08-16 01:52:22,41,0.463,0.561,0.488,-0.25,+0.48,-0.45
2026-08-16 01:57:36,41,0.463,0.585,0.488,-0.21,+0.54,-0.40
2026-08-16 02:02:10,41,0.488,0.512,0.488,-0.34,+0.12,-0.67
2026-08-16 02:07:24,41,0.512,0.488,0.512,-0.29,-0.02,-0.65
2026-08-16 02:12:39,40,0.475,0.500,0.525,-0.27,+0.01,-0.68
2026-08-16 02:17:53,40,0.550,0.525,0.525,-0.21,-0.06,-0.73
2026-08-16 02:23:07,40,0.500,0.475,0.500,-0.37,-0.22,-0.91
2026-08-16 02:28:22,41,0.488,0.488,0.488,-0.45,-0.29,-0.95
2026-08-16 02:32:57,41,0.561,0.488,0.488,-0.49,-0.33,-0.98
2026-08-16 02:38:11,41,0.512,0.415,0.439,-0.55,-0.38,-1.03
2026-08-16 02:43:26,41,0.537,0.463,0.439,-0.46,-0.29,-0.94
2026-08-16 02:48:41,41,0.463,0.439,0.439,-0.52,-0.34,-0.99
2026-08-16 02:53:55,41,0.463,0.415,0.439,-0.53,-0.34,-0.98
2026-08-16 02:59:09,41,0.463,0.439,0.439,-0.65,-0.44,-1.07
2026-08-16 03:03:43,41,0.317,0.439,0.488,-0.55,-0.73,-0.01
2026-08-16 03:08:57,41,0.366,0.439,0.512,-0.68,-0.74,-0.12
2026-08-16 03:14:12,41,0.317,0.463,0.488,-0.66,-0.72,-0.11
2026-08-16 03:19:26,41,0.268,0.439,0.488,-0.72,-0.72,-0.19
2026-08-16 03:24:41,41,0.244,0.463,0.463,-0.63,-0.63,-0.11
2026-08-16 03:29:55,41,0.220,0.439,0.439,-0.86,-0.86,-0.32
2026-08-16 03:34:29,41,0.268,0.390,0.415,-0.83,-0.84,-0.30
2026-08-16 03:39:44,41,0.341,0.415,0.415,-0.87,-0.87,-0.34
2026-08-16 03:44:58,41,0.341,0.415,0.415,-0.90,-0.92,-0.39
2026-08-16 03:50:12,41,0.268,0.439,0.439,-0.82,-0.84,-0.32
2026-08-16 03:55:27,41,0.317,0.463,0.439,-0.98,-0.98,-0.47
2026-08-16 04:00:41,40,0.325,0.375,0.475,-1.02,-1.60,-0.42
2026-08-16 04:05:15,40,0.375,0.375,0.425,-0.53,-1.27,-0.29
2026-08-16 04:10:29,40,0.350,0.375,0.375,-0.79,-1.42,-0.65
2026-08-16 04:15:43,40,0.375,0.425,0.425,-0.89,-1.53,-0.76
2026-08-16 04:20:57,40,0.350,0.375,0.425,-0.86,-1.51,-0.75
2026-08-16 04:26:11,40,0.325,0.400,0.450,-0.71,-1.37,-0.62
2026-08-16 04:31:25,40,0.325,0.450,0.425,-0.57,-1.13,-0.52
2026-08-16 04:36:31,40,0.325,0.475,0.475,-0.67,-1.23,-0.62
2026-08-16 04:41:45,40,0.375,0.475,0.450,-0.87,-1.41,-0.79
2026-08-16 04:46:59,40,0.350,0.425,0.475,-0.76,-1.31,-0.70
2026-08-16 04:52:13,40,0.325,0.400,0.500,-1.03,-1.57,-0.96
2026-08-16 04:57:28,40,0.350,0.425,0.425,-0.87,-1.42,-0.82
2026-08-16 05:02:42,40,0.475,0.350,0.450,-0.23,-1.46,-0.99
2026-08-16 05:07:17,40,0.500,0.350,0.450,-0.35,-1.41,-1.13
2026-08-16 05:12:31,40,0.475,0.350,0.425,-0.46,-1.50,-1.27
2026-08-16 05:17:45,40,0.375,0.350,0.400,-0.65,-1.68,-1.42
2026-08-16 05:22:59,40,0.400,0.325,0.425,-0.53,-1.56,-1.30
2026-08-16 05:28:13,40,0.350,0.325,0.400,-0.70,-1.65,-1.36
2026-08-16 05:33:27,40,0.350,0.300,0.400,-0.91,-1.87,-1.59
2026-08-16 05:38:04,40,0.350,0.275,0.400,-1.21,-2.14,-1.86
2026-08-16 05:43:18,40,0.350,0.250,0.425,-1.24,-2.18,-1.89
2026-08-16 05:48:31,39,0.359,0.256,0.359,-1.40,-2.35,-2.11
2026-08-16 05:53:45,39,0.282,0.256,0.359,-1.37,-2.33,-2.07
2026-08-16 05:58:58,39,0.308,0.231,0.385,-1.26,-2.25,-2.00
2026-08-16 06:04:13,40,0.250,0.225,0.425,-1.34,-2.15,-2.59
2026-08-16 06:08:39,40,0.175,0.225,0.400,-1.30,-2.13,-2.62
2026-08-16 06:13:53,40,0.150,0.225,0.400,-1.48,-2.33,-2.74
2026-08-16 06:19:08,40,0.225,0.200,0.425,-1.41,-2.26,-2.66
2026-08-16 06:24:22,40,0.200,0.175,0.400,-1.64,-2.51,-2.89
2026-08-16 06:29:36,40,0.250,0.250,0.425,-1.66,-2.50,-2.88
2026-08-16 06:34:50,39,0.205,0.231,0.436,-1.58,-2.59,-2.45
2026-08-16 06:39:25,40,0.325,0.300,0.425,-0.93,-1.88,-1.68
2026-08-16 06:44:39,40,0.275,0.225,0.450,-0.99,-1.94,-1.75
2026-08-16 06:49:53,40,0.250,0.225,0.475,-1.17,-2.12,-1.92
2026-08-16 06:55:07,40,0.275,0.200,0.425,-1.29,-2.23,-2.01
2026-08-16 07:00:22,40,0.300,0.150,0.425,-1.34,-1.86,-2.35
2026-08-16 07:05:35,39,0.359,0.256,0.308,-1.01,-2.04,-2.59
2026-08-16 07:10:11,39,0.385,0.256,0.333,-1.08,-2.10,-2.73
2026-08-16 07:15:25,40,0.350,0.275,0.325,-1.05,-2.07,-2.71
2026-08-16 07:20:39,40,0.325,0.250,0.325,-1.01,-2.07,-2.78
2026-08-16 07:25:53,40,0.350,0.250,0.300,-0.75,-1.80,-2.50
2026-08-16 07:31:12,40,0.300,0.250,0.300,-1.01,-2.06,-2.74
2026-08-16 07:36:26,39,0.308,0.282,0.308,-0.94,-1.97,-2.41
2026-08-16 07:40:47,39,0.282,0.256,0.308,-1.06,-2.09,-2.57
2026-08-16 07:46:01,39,0.359,0.282,0.333,-1.03,-2.06,-2.53
2026-08-16 07:51:15,38,0.316,0.263,0.316,-1.36,-2.41,-2.87
2026-08-16 07:56:28,37,0.270,0.216,0.324,-1.41,-2.48,-2.95
2026-08-16 08:01:41,38,0.368,0.237,0.237,-0.59,-2.08,-3.04
2026-08-16 08:06:54,37,0.459,0.243,0.270,-0.26,-1.89,-2.91
2026-08-16 08:11:43,37,0.378,0.162,0.243,-0.23,-1.86,-2.88
2026-08-16 08:16:56,38,0.421,0.158,0.184,-0.17,-1.78,-2.77
2026-08-16 08:22:09,38,0.395,0.158,0.184,-0.21,-1.81,-2.81
2026-08-16 08:27:23,38,0.474,0.184,0.237,-0.08,-1.69,-2.72
2026-08-16 08:32:36,37,0.459,0.162,0.243,-0.12,-1.77,-2.79
2026-08-16 08:37:49,37,0.351,0.216,0.162,-0.16,-1.81,-2.82
2026-08-16 08:42:30,38,0.447,0.158,0.184,+0.02,-1.63,-2.59
2026-08-16 08:47:43,38,0.447,0.132,0.184,-0.19,-1.83,-2.80
2026-08-16 08:52:56,37,0.378,0.189,0.216,-0.10,-1.74,-2.76
2026-08-16 08:58:09,37,0.405,0.162,0.216,+0.10,-1.56,-2.57
2026-08-16 09:03:22,36,0.500,0.333,0.167,+0.47,-0.92,-2.51
2026-08-16 09:08:35,36,0.472,0.333,0.167,+0.37,-1.01,-2.61
2026-08-16 09:13:05,37,0.432,0.297,0.189,+0.62,-0.74,-2.28
2026-08-16 09:18:18,37,0.432,0.324,0.189,+0.55,-0.82,-2.36
2026-08-16 09:23:31,37,0.432,0.243,0.162,+0.53,-0.83,-2.38
2026-08-16 09:28:43,37,0.486,0.270,0.189,+0.36,-0.99,-2.49
2026-08-16 09:33:56,37,0.459,0.243,0.216,+0.58,-0.78,-2.30
2026-08-16 09:39:09,37,0.459,0.297,0.135,+0.46,-0.89,-2.40
2026-08-16 09:43:51,37,0.432,0.216,0.189,+0.32,-1.01,-2.52
2026-08-16 09:49:04,37,0.486,0.324,0.216,+0.38,-0.96,-2.49
2026-08-16 09:54:17,37,0.459,0.297,0.162,+0.03,-1.30,-2.82
2026-08-16 09:59:30,36,0.389,0.278,0.139,-0.15,-1.50,-3.07
2026-08-16 10:04:43,36,0.444,0.389,0.194,-0.56,-0.67,-2.63
2026-08-16 10:09:55,37,0.432,0.459,0.216,-0.38,-0.28,-2.31
2026-08-16 10:14:37,37,0.432,0.459,0.243,-0.36,-0.25,-2.28
2026-08-16 10:19:50,38,0.447,0.368,0.211,-0.41,-0.32,-2.32
2026-08-16 10:25:03,37,0.432,0.324,0.189,-0.78,-0.66,-2.69
2026-08-16 10:30:16,37,0.297,0.351,0.189,-1.05,-0.96,-2.96
2026-08-16 10:35:30,38,0.263,0.368,0.184,-1.07,-1.00,-2.95
2026-08-16 10:40:43,38,0.263,0.289,0.158,-1.16,-1.11,-3.05
2026-08-16 10:45:14,38,0.342,0.289,0.184,-1.32,-1.27,-3.20
2026-08-16 10:50:27,38,0.447,0.289,0.237,-1.30,-1.24,-3.18
2026-08-16 10:55:40,38,0.342,0.289,0.105,-1.99,-1.95,-3.86
2026-08-16 11:00:54,39,0.231,0.205,0.179,-2.03,-2.02,-3.54
2026-08-16 11:06:08,41,0.171,0.244,0.122,-2.24,-1.96,-3.76
2026-08-16 11:11:23,42,0.190,0.262,0.167,-0.44,-0.14,-1.86
2026-08-16 11:16:11,41,0.171,0.220,0.146,-0.97,-0.66,-2.41
2026-08-16 11:21:26,41,0.268,0.220,0.220,-1.31,-0.98,-2.73
2026-08-16 11:26:40,41,0.366,0.268,0.293,-1.32,-0.99,-2.74
2026-08-16 11:31:55,41,0.366,0.293,0.268,-1.68,-1.36,-3.10
2026-08-16 11:37:10,42,0.381,0.310,0.286,-1.53,-1.23,-2.86
2026-08-16 11:42:24,41,0.415,0.317,0.341,-1.42,-1.12,-2.77
2026-08-16 11:46:47,41,0.415,0.341,0.293,-1.58,-1.27,-2.91
2026-08-16 11:52:02,41,0.366,0.268,0.268,-1.52,-1.22,-2.86
2026-08-16 11:57:17,41,0.317,0.268,0.341,-1.01,-0.69,-2.35
2026-08-16 12:02:31,41,0.439,0.390,0.317,-0.10,-1.12,-1.93
2026-08-16 12:07:45,41,0.463,0.366,0.317,+0.23,-0.88,-1.67
2026-08-16 12:13:00,41,0.463,0.341,0.317,+0.31,-0.91,-1.68
2026-08-16 12:17:24,41,0.512,0.341,0.341,+0.37,-0.83,-1.61
2026-08-16 12:22:38,41,0.561,0.463,0.317,+0.44,-0.73,-1.50
2026-08-16 12:27:52,41,0.537,0.463,0.341,+0.62,-0.59,-1.37
2026-08-16 12:33:07,41,0.463,0.439,0.366,+0.33,-0.87,-1.64
2026-08-16 12:38:21,41,0.488,0.366,0.341,+0.45,-0.74,-1.52
2026-08-16 12:43:36,41,0.537,0.463,0.341,+0.23,-0.93,-1.70
2026-08-16 12:48:30,41,0.512,0.439,0.415,+0.31,-0.84,-1.61
2026-08-16 12:53:44,41,0.512,0.415,0.341,+0.31,-0.79,-1.55
2026-08-16 12:58:59,41,0.463,0.366,0.317,+0.48,-0.69,-1.47
2026-08-16 13:04:13,41,0.463,0.366,0.341,+0.51,-0.67,-0.72
2026-08-16 13:09:27,41,0.463,0.341,0.317,+0.72,-0.43,-0.49
2026-08-16 13:14:42,41,0.415,0.341,0.293,+0.68,-0.48,-0.54
2026-08-16 13:19:07,41,0.512,0.317,0.366,+0.66,-0.46,-0.53
2026-08-16 13:24:21,41,0.463,0.341,0.366,+0.70,-0.46,-0.53
2026-08-16 13:29:36,41,0.537,0.317,0.390,+0.86,-0.30,-0.36
2026-08-16 13:34:50,41,0.512,0.268,0.366,+0.92,-0.26,-0.30
2026-08-16 13:40:04,41,0.512,0.268,0.366,+1.02,-0.15,-0.20
2026-08-16 13:45:19,42,0.524,0.310,0.381,+1.12,-0.05,-0.15
2026-08-16 13:49:54,42,0.476,0.286,0.333,+0.97,-0.22,-0.32
2026-08-16 13:55:08,42,0.595,0.357,0.357,+1.08,-0.10,-0.19
2026-08-16 14:00:23,42,0.476,0.500,0.310,+0.32,+1.61,-0.40
2026-08-16 14:05:38,42,0.452,0.548,0.357,+0.34,+0.67,-0.47
2026-08-16 14:10:53,42,0.476,0.548,0.310,+0.21,+0.61,-0.23
2026-08-16 14:16:07,42,0.500,0.571,0.333,+0.33,+0.75,-0.15
2026-08-16 14:20:39,42,0.476,0.571,0.286,+0.27,+0.67,-0.17
2026-08-16 14:25:54,42,0.476,0.548,0.333,+0.43,+0.85,+0.00
2026-08-16 14:31:09,42,0.452,0.571,0.405,+0.45,+0.85,+0.00
2026-08-16 14:36:24,42,0.452,0.595,0.333,+0.66,+1.06,+0.19
2026-08-16 14:41:38,42,0.571,0.643,0.381,+0.74,+1.14,+0.26
2026-08-16 14:46:53,42,0.571,0.595,0.357,+0.86,+1.25,+0.39
2026-08-16 14:51:16,42,0.595,0.571,0.381,+1.05,+1.46,+0.59
2026-08-16 14:56:31,42,0.571,0.595,0.357,+1.00,+1.39,+0.54
2026-08-16 15:01:46,42,0.548,0.619,0.405,+0.43,+1.32,+0.07
2026-08-16 15:07:01,42,0.548,0.595,0.429,+0.53,+1.47,+0.14
2026-08-16 15:12:16,42,0.524,0.548,0.429,+0.41,+1.39,+0.04
2026-08-16 15:17:31,42,0.524,0.524,0.452,+0.35,+1.32,-0.02
2026-08-16 15:22:02,42,0.452,0.524,0.452,+0.28,+1.24,-0.09
2026-08-16 15:27:17,42,0.452,0.500,0.405,+0.22,+1.18,-0.12
2026-08-16 15:32:32,42,0.500,0.524,0.405,+0.26,+1.22,-0.09
2026-08-16 15:37:47,43,0.535,0.558,0.395,+0.61,+1.57,+0.59
2026-08-16 15:43:02,43,0.535,0.581,0.442,+0.53,+1.45,+0.56
2026-08-16 15:48:17,43,0.488,0.512,0.465,+0.93,+1.89,+0.97
2026-08-16 15:52:49,43,0.535,0.581,0.442,+0.59,+1.54,+0.58
2026-08-16 15:58:04,43,0.581,0.581,0.442,+0.65,+1.64,+0.64
2026-08-16 16:03:20,43,0.465,0.465,0.349,+0.34,+1.05,+0.87
2026-08-16 16:08:35,43,0.419,0.488,0.372,+0.33,+1.16,+0.80
2026-08-16 16:13:50,43,0.419,0.488,0.372,+0.33,+1.14,+0.78
2026-08-16 16:19:05,43,0.442,0.512,0.372,+0.26,+1.08,+0.71
2026-08-16 16:23:24,43,0.465,0.512,0.372,+0.10,+0.91,+0.53
2026-08-16 16:28:39,43,0.349,0.488,0.395,+0.17,+0.99,+0.61
2026-08-16 16:33:55,43,0.419,0.535,0.349,+0.33,+1.14,+0.78
2026-08-16 16:39:11,43,0.349,0.535,0.395,+0.02,+0.83,+0.46
2026-08-16 16:44:26,43,0.349,0.535,0.419,+0.07,+0.88,+0.51
2026-08-16 16:49:41,43,0.442,0.535,0.442,+0.62,+1.44,+1.03
2026-08-16 16:54:11,43,0.419,0.512,0.442,+0.52,+1.35,+0.96
2026-08-16 16:59:26,43,0.419,0.535,0.419,+0.47,+1.30,+0.90
2026-08-16 17:04:41,43,0.442,0.558,0.581,+0.02,+0.64,+1.69
2026-08-16 17:09:57,43,0.442,0.512,0.628,-0.18,+0.45,+1.48
2026-08-16 17:15:13,43,0.419,0.512,0.605,-0.05,+0.57,+1.59
2026-08-16 17:20:29,43,0.465,0.512,0.605,-0.10,+0.53,+1.57
2026-08-16 17:24:57,43,0.419,0.488,0.581,-0.18,+0.43,+1.47
2026-08-16 17:30:12,43,0.488,0.512,0.605,-0.21,+0.40,+1.43
2026-08-16 17:35:27,43,0.442,0.512,0.581,-0.45,+0.16,+1.19
2026-08-16 17:40:42,43,0.465,0.535,0.558,-0.52,+0.08,+1.11
2026-08-16 17:45:58,44,0.500,0.568,0.614,+0.02,+0.55,+1.51
2026-08-16 17:51:14,44,0.500,0.591,0.591,+0.00,+0.61,+1.49
2026-08-16 17:55:33,44,0.500,0.523,0.591,-0.13,+0.40,+1.35
2026-08-16 18:00:48,44,0.523,0.545,0.568,-0.63,+0.25,+1.12
2026-08-16 18:06:04,44,0.409,0.455,0.523,-0.40,+0.13,+1.20
2026-08-16 18:11:20,44,0.455,0.477,0.568,-0.42,+0.06,+1.21
2026-08-16 18:16:35,44,0.477,0.500,0.568,-0.26,+0.21,+1.40
2026-08-16 18:21:50,44,0.500,0.545,0.614,-0.24,+0.21,+1.39
2026-08-16 18:26:19,44,0.477,0.523,0.568,-0.13,+0.31,+1.50
2026-08-16 18:31:34,44,0.455,0.500,0.591,-0.22,+0.23,+1.41
2026-08-16 18:36:49,44,0.409,0.477,0.568,-0.17,+0.28,+1.47
2026-08-16 18:42:05,44,0.409,0.500,0.545,-0.49,-0.04,+1.14
2026-08-16 18:47:20,44,0.409,0.477,0.500,-0.32,+0.13,+1.32
2026-08-16 18:52:36,44,0.409,0.477,0.523,-0.26,+0.20,+1.39
2026-08-16 18:57:04,44,0.432,0.455,0.568,-0.38,+0.07,+1.26
2026-08-16 19:02:19,44,0.455,0.455,0.545,+0.01,-0.09,+0.90
2026-08-16 19:07:35,44,0.477,0.500,0.523,+0.15,+0.01,+0.93
2026-08-16 19:12:51,46,0.522,0.522,0.587,+0.43,+0.37,+1.30
2026-08-16 19:18:07,45,0.467,0.511,0.578,+0.22,+0.18,+1.19
2026-08-16 19:23:23,46,0.478,0.522,0.630,+0.24,+0.20,+1.08
2026-08-16 19:27:41,46,0.478,0.543,0.609,+0.29,+0.23,+1.12
2026-08-16 19:32:57,46,0.543,0.543,0.587,+0.30,+0.23,+1.13
2026-08-16 19:38:13,46,0.500,0.543,0.565,+0.29,+0.20,+1.10
2026-08-16 19:43:29,46,0.522,0.478,0.543,+0.41,+0.33,+1.22
2026-08-16 19:48:46,46,0.478,0.522,0.565,+0.30,+0.22,+1.11
2026-08-16 19:54:01,45,0.444,0.489,0.556,+0.05,-0.01,+1.00
2026-08-16 19:58:27,46,0.435,0.500,0.522,-0.11,-0.10,+0.83
2026-08-16 20:03:43,46,0.457,0.457,0.478,-0.52,-0.66,+0.23
2026-08-16 20:08:12,46,0.413,0.435,0.457,-0.62,-0.73,+0.23
2026-08-16 20:13:29,46,0.478,0.457,0.500,-0.59,-0.70,+0.25
2026-08-16 20:18:44,46,0.478,0.435,0.522,-0.52,-0.62,+0.33
2026-08-16 20:24:01,46,0.500,0.391,0.457,-0.99,-1.10,-0.15
2026-08-16 20:29:17,46,0.391,0.391,0.478,-1.11,-1.21,-0.26
2026-08-16 20:34:33,46,0.435,0.391,0.457,-0.84,-0.94,+0.02
2026-08-16 20:39:49,47,0.426,0.404,0.511,-0.87,-1.00,-0.11
2026-08-16 20:40:20,47,0.404,0.383,0.511,-0.82,-0.95,-0.06
2026-08-16 20:45:37,47,0.404,0.404,0.511,-0.89,-1.01,-0.12
2026-08-16 20:50:53,46,0.413,0.370,0.478,-0.72,-0.90,+0.03
2026-08-16 20:56:09,46,0.413,0.391,0.522,-0.68,-0.85,+0.09
2026-08-16 21:01:25,46,0.435,0.413,0.478,-0.48,-0.77,-0.15
2026-08-16 21:06:41,46,0.435,0.413,0.457,-0.29,-0.44,-0.18
2026-08-16 21:11:46,46,0.391,0.435,0.435,-0.26,-0.41,-0.16
2026-08-16 21:17:03,46,0.435,0.435,0.435,-0.46,-0.56,-0.32
2026-08-16 21:22:19,46,0.370,0.457,0.457,-0.41,-0.57,-0.32
2026-08-16 21:27:35,46,0.457,0.413,0.435,-0.53,-0.69,-0.44
2026-08-16 21:32:51,46,0.413,0.435,0.457,-0.39,-0.55,-0.32
2026-08-16 21:38:08,46,0.391,0.435,0.391,-0.43,-0.60,-0.35
2026-08-16 21:43:32,45,0.356,0.400,0.444,-0.58,-0.73,-0.42
2026-08-16 21:48:48,45,0.400,0.422,0.444,-0.63,-0.77,-0.44
2026-08-16 21:54:05,45,0.467,0.444,0.467,-0.41,-0.55,-0.24
2026-08-16 21:59:22,45,0.311,0.378,0.444,-0.46,-0.60,-0.29
2026-08-16 22:04:38,45,0.467,0.400,0.489,+0.05,-0.52,-0.36
2026-08-16 22:09:54,45,0.467,0.378,0.489,+0.04,-0.67,-0.38
2026-08-16 22:14:59,45,0.400,0.378,0.467,+0.14,-0.56,-0.29
2026-08-16 22:20:14,45,0.489,0.444,0.489,+0.19,-0.51,-0.24
2026-08-16 22:25:31,46,0.587,0.435,0.457,+0.45,-0.20,+0.01
2026-08-16 22:30:47,45,0.578,0.444,0.533,+0.44,-0.20,+0.07
2026-08-16 22:36:03,45,0.533,0.400,0.511,+0.23,-0.42,-0.14
2026-08-16 22:41:19,45,0.556,0.400,0.600,+0.32,-0.33,-0.05
2026-08-16 22:45:45,45,0.467,0.444,0.533,+0.36,-0.29,-0.01
2026-08-16 22:51:01,45,0.578,0.444,0.511,+0.32,-0.34,-0.05
2026-08-16 22:56:17,45,0.556,0.489,0.467,+0.30,-0.36,-0.08
2026-08-16 23:01:33,45,0.644,0.400,0.511,+0.61,+0.02,-0.05
2026-08-16 23:06:48,45,0.578,0.467,0.489,+0.54,+0.26,-0.22
2026-08-16 23:12:04,45,0.556,0.489,0.489,+0.53,+0.26,-0.23
2026-08-16 23:16:51,45,0.511,0.467,0.467,+0.36,+0.08,-0.40
2026-08-16 23:22:06,45,0.556,0.511,0.467,+0.21,-0.06,-0.54
2026-08-16 23:27:22,44,0.545,0.477,0.477,+0.26,-0.04,-0.51
2026-08-16 23:32:37,44,0.500,0.455,0.455,+0.24,+0.00,-0.50
2026-08-16 23:37:53,44,0.477,0.455,0.432,-0.18,-0.39,-0.89
2026-08-16 23:43:08,44,0.500,0.523,0.455,-0.08,-0.30,-0.80
2026-08-16 23:47:37,44,0.523,0.523,0.455,-0.05,-0.27,-0.76
2026-08-16 23:52:52,44,0.477,0.523,0.432,-0.06,-0.28,-0.77
2026-08-16 23:58:07,44,0.500,0.477,0.432,+0.03,-0.19,-0.68
2026-08-17 00:03:23,45,0.467,0.489,0.400,-0.54,-0.15,-0.49
2026-08-17 00:08:39,45,0.511,0.467,0.489,-0.74,-0.33,-0.72
2026-08-17 00:13:55,45,0.511,0.533,0.444,-0.66,-0.25,-0.64
2026-08-17 00:18:27,45,0.444,0.511,0.467,-0.70,-0.28,-0.67
2026-08-17 00:23:43,45,0.467,0.489,0.444,-0.75,-0.34,-0.73
2026-08-17 00:29:00,45,0.467,0.467,0.467,-0.62,-0.21,-0.61
2026-08-17 00:34:16,46,0.478,0.500,0.478,-0.25,-0.02,-0.36
2026-08-17 00:39:32,45,0.444,0.511,0.467,-0.38,-0.20,-0.49
2026-08-17 00:44:47,45,0.467,0.467,0.444,-0.63,-0.45,-0.72
2026-08-17 00:49:33,45,0.400,0.444,0.467,-0.82,-0.63,-0.91
2026-08-17 00:54:49,45,0.444,0.444,0.467,-0.65,-0.48,-0.75
2026-08-17 01:00:05,45,0.444,0.444,0.467,-0.68,-0.49,-0.77
2026-08-17 01:05:21,45,0.511,0.533,0.489,+0.00,-0.21,-0.81
2026-08-17 01:10:37,46,0.500,0.457,0.478,-0.12,-0.53,-1.11
2026-08-17 01:15:53,46,0.413,0.435,0.435,-0.85,-1.28,-1.84
2026-08-17 01:20:20,46,0.478,0.435,0.457,-0.67,-1.11,-1.67
2026-08-17 01:25:36,45,0.422,0.444,0.356,-0.68,-1.09,-1.67
2026-08-17 01:30:52,45,0.444,0.422,0.400,-0.73,-1.14,-1.71
2026-08-17 01:36:07,45,0.400,0.422,0.422,-0.59,-1.00,-1.57
2026-08-17 01:41:23,45,0.356,0.400,0.400,-0.85,-1.25,-1.82
2026-08-17 01:46:39,45,0.378,0.422,0.378,-0.88,-1.28,-1.85
2026-08-17 01:51:06,45,0.378,0.422,0.333,-0.97,-1.36,-1.94
2026-08-17 01:56:22,45,0.378,0.400,0.311,-1.09,-1.49,-2.06
2026-08-17 02:01:38,45,0.333,0.400,0.356,-1.33,-1.62,-2.31
2026-08-17 02:06:53,45,0.333,0.400,0.422,-1.17,-1.49,-1.89
2026-08-17 02:12:09,45,0.333,0.400,0.378,-1.12,-1.45,-1.84
2026-08-17 02:17:25,45,0.267,0.356,0.400,-1.38,-1.79,-2.15
2026-08-17 02:22:12,45,0.311,0.333,0.400,-1.35,-1.75,-2.11
2026-08-17 02:27:29,46,0.370,0.391,0.348,-1.08,-1.62,-1.98
2026-08-17 02:32:45,46,0.370,0.391,0.348,-0.82,-1.37,-1.73
2026-08-17 02:38:01,46,0.391,0.413,0.370,-0.80,-1.34,-1.70
2026-08-17 02:43:17,46,0.391,0.391,0.413,-0.79,-1.35,-1.70
2026-08-17 02:48:33,46,0.391,0.391,0.413,-0.61,-1.18,-1.53
2026-08-17 02:52:59,46,0.391,0.391,0.370,-0.54,-1.11,-1.45
2026-08-17 02:58:15,46,0.391,0.348,0.370,-0.54,-1.12,-1.44
2026-08-17 03:03:31,46,0.500,0.326,0.391,+1.13,-0.42,-0.64
2026-08-17 03:08:47,46,0.435,0.370,0.370,+1.17,-0.14,-0.52
2026-08-17 03:14:04,46,0.457,0.370,0.348,+1.33,+0.02,-0.37
2026-08-17 03:19:21,46,0.435,0.348,0.370,+1.21,-0.10,-0.47
2026-08-17 03:23:45,46,0.370,0.370,0.370,+1.07,-0.23,-0.59
2026-08-17 03:29:01,46,0.370,0.348,0.370,+1.08,-0.24,-0.59
2026-08-17 03:34:17,46,0.348,0.348,0.348,+1.01,-0.32,-0.68
2026-08-17 03:39:33,46,0.283,0.326,0.348,+1.19,-0.15,-0.52
2026-08-17 03:44:49,46,0.348,0.348,0.391,+1.29,-0.04,-0.39
2026-08-17 03:50:05,46,0.326,0.370,0.391,+0.95,-0.37,-0.72
2026-08-17 03:54:51,46,0.326,0.326,0.391,+0.76,-0.55,-0.89
2026-08-17 04:00:07,46,0.326,0.326,0.391,+0.73,-0.59,-0.87
2026-08-17 04:05:24,46,0.348,0.391,0.413,-0.04,-0.50,-0.73
2026-08-17 04:10:40,46,0.326,0.370,0.413,-0.03,-0.49,-0.71
2026-08-17 04:15:56,46,0.348,0.348,0.435,-0.04,-0.46,-0.68
2026-08-17 04:21:12,46,0.370,0.348,0.435,+0.01,-0.43,-0.71
2026-08-17 04:25:37,46,0.370,0.348,0.435,+0.11,-0.36,-0.66
2026-08-17 04:30:53,46,0.370,0.348,0.478,+0.09,-0.36,-0.67
2026-08-17 04:36:10,46,0.283,0.304,0.413,+0.16,-0.23,-0.65
2026-08-17 04:41:26,46,0.326,0.326,0.457,+0.13,-0.27,-0.68
2026-08-17 04:46:42,46,0.326,0.326,0.435,+0.28,-0.13,-0.53
2026-08-17 04:51:58,46,0.304,0.326,0.435,+0.13,-0.32,-0.72
2026-08-17 04:56:24,46,0.304,0.283,0.435,+0.02,-0.42,-0.82
2026-08-17 05:01:40,46,0.326,0.261,0.370,+0.04,+0.54,-0.79
2026-08-17 05:06:57,47,0.404,0.277,0.362,+0.23,+1.04,-0.65
2026-08-17 05:12:13,47,0.426,0.404,0.362,+0.28,+1.29,-0.50
2026-08-17 05:17:30,47,0.340,0.426,0.340,+0.10,+1.12,-0.70
2026-08-17 05:22:47,47,0.468,0.404,0.319,+0.20,+1.16,-0.60
2026-08-17 05:27:31,47,0.468,0.404,0.362,+0.29,+1.26,-0.50
2026-08-17 05:32:47,47,0.447,0.404,0.383,+0.25,+1.23,-0.53
2026-08-17 05:38:03,47,0.489,0.426,0.319,+0.15,+1.12,-0.63
2026-08-17 05:43:20,47,0.383,0.404,0.340,+0.09,+1.04,-0.71
2026-08-17 05:48:36,46,0.391,0.348,0.326,-0.00,+0.98,-0.74
2026-08-17 05:53:52,46,0.348,0.391,0.304,-0.07,+0.89,-0.83
2026-08-17 05:58:16,46,0.283,0.391,0.326,-0.15,+0.79,-0.93
2026-08-17 06:03:32,46,0.261,0.261,0.283,-0.33,-0.10,-0.62
2026-08-17 06:08:48,46,0.283,0.239,0.304,-0.26,-0.05,-0.50
2026-08-17 06:14:04,46,0.413,0.283,0.283,-0.10,+0.13,-0.33
2026-08-17 06:19:20,46,0.370,0.304,0.348,+0.16,+0.35,-0.10
2026-08-17 06:24:36,46,0.435,0.326,0.348,+0.53,+0.70,+0.22
2026-08-17 06:29:02,46,0.391,0.370,0.370,+0.79,+0.95,+0.45
2026-08-17 06:34:19,46,0.391,0.370,0.348,+0.89,+1.05,+0.54
2026-08-17 06:39:35,46,0.413,0.370,0.370,+0.71,+0.87,+0.38
2026-08-17 06:44:51,46,0.348,0.326,0.304,+0.33,+0.50,+0.01
2026-08-17 06:50:07,46,0.326,0.304,0.326,+0.26,+0.43,-0.05
2026-08-17 06:55:23,46,0.326,0.283,0.326,+0.21,+0.38,-0.09
2026-08-17 07:00:09,46,0.370,0.326,0.304,+0.04,+0.13,-0.26
2026-08-17 07:05:25,47,0.319,0.362,0.277,+0.22,+0.02,-0.31
2026-08-17 07:10:42,46,0.370,0.370,0.283,+0.30,+0.10,-0.30
2026-08-17 07:15:58,47,0.319,0.362,0.255,+0.20,-0.00,-0.38
2026-08-17 07:21:15,47,0.340,0.362,0.277,+0.24,+0.05,-0.32
2026-08-17 07:26:31,46,0.370,0.413,0.283,+0.27,+0.06,-0.28
2026-08-17 07:30:55,46,0.348,0.391,0.304,+0.39,+0.18,-0.17
2026-08-17 07:36:11,45,0.400,0.422,0.289,+0.39,+0.17,-0.13
2026-08-17 07:41:27,46,0.391,0.391,0.239,+0.32,+0.11,-0.23
2026-08-17 07:46:43,47,0.362,0.404,0.298,+0.49,+0.39,+0.10
2026-08-17 07:52:00,47,0.362,0.383,0.277,+0.32,+0.21,-0.05
2026-08-17 07:57:16,47,0.426,0.362,0.277,+0.12,+0.01,-0.23
2026-08-17 08:01:41,47,0.532,0.383,0.404,-0.37,-0.27,+0.83
2026-08-17 08:06:57,47,0.638,0.404,0.404,-0.10,-0.17,+1.00
2026-08-17 08:12:14,47,0.617,0.362,0.426,-0.08,-0.07,+1.05
2026-08-17 08:17:30,46,0.543,0.391,0.435,+0.21,+0.29,+1.42
2026-08-17 08:22:47,47,0.553,0.319,0.447,+0.15,+0.28,+1.36
2026-08-17 08:28:04,47,0.617,0.383,0.447,+0.22,+0.32,+1.42
2026-08-17 08:33:01,47,0.617,0.383,0.468,+0.07,+0.15,+1.26
2026-08-17 08:38:18,47,0.553,0.362,0.468,-0.05,+0.05,+1.15
2026-08-17 08:43:35,47,0.596,0.383,0.468,+0.42,+0.67,+1.76
2026-08-17 08:48:52,47,0.574,0.404,0.426,+0.44,+0.66,+1.75
2026-08-17 08:54:09,47,0.532,0.426,0.426,+0.37,+0.60,+1.69
2026-08-17 08:59:26,47,0.489,0.404,0.404,+0.13,+0.32,+1.40
2026-08-17 09:03:49,47,0.362,0.362,0.340,+0.03,+0.41,+0.55
2026-08-17 09:09:05,47,0.426,0.404,0.340,+0.22,+0.66,+0.67
2026-08-17 09:14:22,47,0.404,0.383,0.298,+0.09,+0.50,+0.52
2026-08-17 09:19:39,47,0.426,0.362,0.298,+0.10,+0.53,+0.54
2026-08-17 09:24:56,47,0.319,0.404,0.298,+0.14,+0.58,+0.58
2026-08-17 09:30:13,47,0.426,0.319,0.298,+0.06,+0.47,+0.49
2026-08-17 09:34:38,47,0.340,0.340,0.298,-0.31,+0.09,+0.10
2026-08-17 09:39:54,47,0.340,0.426,0.340,-0.29,+0.11,+0.13
2026-08-17 09:45:10,49,0.408,0.347,0.327,-0.15,+0.26,+0.26
2026-08-17 09:50:27,48,0.375,0.375,0.312,-0.00,+0.42,+0.43
2026-08-17 09:55:45,49,0.347,0.347,0.306,-0.21,+0.19,+0.19
2026-08-17 10:01:04,49,0.265,0.429,0.347,-0.71,-0.34,+0.24
2026-08-17 10:05:45,49,0.510,0.490,0.408,-0.14,+0.06,+0.53
2026-08-17 10:11:03,49,0.469,0.429,0.367,-0.24,-0.09,+0.24
2026-08-17 10:16:20,49,0.429,0.449,0.388,-0.30,-0.13,+0.19
2026-08-17 10:21:38,49,0.429,0.429,0.347,-0.25,-0.09,+0.20
2026-08-17 10:26:56,49,0.469,0.449,0.408,-0.15,+0.00,+0.30
2026-08-17 10:32:13,49,0.490,0.469,0.449,-0.34,-0.18,+0.10
2026-08-17 10:36:33,49,0.531,0.469,0.429,-0.29,-0.14,+0.14
2026-08-17 10:41:50,48,0.521,0.458,0.438,-0.37,-0.14,+0.14
2026-08-17 10:47:07,48,0.521,0.479,0.417,-0.35,-0.12,+0.16
2026-08-17 10:52:24,48,0.479,0.458,0.375,-0.46,-0.23,-0.00
2026-08-17 10:57:41,47,0.532,0.489,0.383,-0.48,-0.25,-0.04
2026-08-17 11:02:58,47,0.553,0.511,0.383,+0.12,+0.05,+0.22
2026-08-17 11:07:22,47,0.574,0.532,0.362,+0.00,-0.09,+0.09
2026-08-17 11:12:39,47,0.617,0.553,0.383,+0.32,+0.20,+0.43
2026-08-17 11:17:56,47,0.638,0.553,0.362,+0.49,+0.35,+0.58
2026-08-17 11:23:13,47,0.596,0.511,0.362,+0.40,+0.23,+0.36
2026-08-17 11:28:30,46,0.652,0.609,0.478,+0.76,+0.63,+0.93
2026-08-17 11:33:46,45,0.689,0.622,0.422,+0.73,+0.58,+0.71
2026-08-17 11:38:31,45,0.644,0.600,0.489,+0.74,+0.60,+0.74
2026-08-17 11:43:47,45,0.667,0.600,0.511,+0.96,+0.82,+0.95
2026-08-17 11:49:03,45,0.711,0.644,0.533,+0.97,+0.83,+1.13
2026-08-17 11:54:19,46,0.696,0.652,0.565,+1.06,+0.92,+1.20
2026-08-17 11:59:35,45,0.711,0.644,0.556,+1.16,+1.02,+1.32
2026-08-17 12:04:52,47,0.723,0.638,0.532,+1.07,+0.63,+1.30
2026-08-17 12:09:21,47,0.702,0.638,0.532,+1.13,+0.74,+1.39
2026-08-17 12:14:38,47,0.787,0.702,0.553,+1.28,+0.91,+1.54
2026-08-17 12:19:54,47,0.745,0.681,0.617,+1.32,+0.95,+1.59
2026-08-17 12:25:11,47,0.660,0.723,0.617,+1.43,+1.07,+1.69
2026-08-17 12:30:28,47,0.574,0.723,0.574,+1.35,+0.98,+1.60
2026-08-17 12:35:45,47,0.617,0.723,0.596,+1.38,+1.00,+1.62
2026-08-17 12:40:11,47,0.596,0.723,0.617,+1.36,+1.00,+1.62
2026-08-17 12:45:27,47,0.617,0.681,0.596,+1.53,+1.17,+1.83
2026-08-17 12:50:44,47,0.638,0.660,0.553,+1.31,+0.98,+1.59
2026-08-17 12:56:01,47,0.574,0.702,0.553,+1.30,+0.96,+1.59
2026-08-17 13:01:18,47,0.468,0.638,0.617,+0.15,+0.91,+1.07
2026-08-17 13:06:35,47,0.362,0.617,0.617,-0.31,+0.82,+0.84
2026-08-17 13:10:43,47,0.362,0.638,0.617,-0.18,+1.04,+1.03
2026-08-17 13:16:00,47,0.362,0.638,0.638,-0.39,+0.91,+0.90
2026-08-17 13:21:17,47,0.362,0.681,0.596,-0.40,+0.89,+0.80
2026-08-17 13:26:37,47,0.362,0.660,0.638,-0.42,+0.88,+0.81
2026-08-17 13:31:55,47,0.362,0.681,0.617,-0.51,+0.80,+0.73
2026-08-17 13:37:14,47,0.404,0.681,0.617,-0.11,+1.20,+1.13
2026-08-17 13:40:15,47,0.383,0.660,0.638,-0.17,+1.14,+1.08
2026-08-17 13:45:32,47,0.426,0.660,0.638,-0.26,+1.07,+1.01
2026-08-17 13:47:47,47,0.426,0.723,0.638,-0.19,+1.13,+1.06
2026-08-17 13:53:04,47,0.426,0.702,0.617,-0.27,+1.04,+0.97
2026-08-17 13:58:20,47,0.404,0.681,0.596,-0.39,+0.92,+0.85
2026-08-17 14:03:36,47,0.383,0.638,0.532,-0.26,+0.71,+0.69
2026-08-17 14:08:53,47,0.277,0.617,0.574,-0.39,+0.65,+0.56
2026-08-17 14:14:09,47,0.340,0.596,0.574,-0.34,+0.67,+0.58
2026-08-17 14:19:27,47,0.383,0.574,0.532,-0.34,+0.67,+0.58
2026-08-17 14:24:43,47,0.404,0.553,0.574,-0.45,+0.57,+0.49
2026-08-17 14:30:00,46,0.304,0.543,0.543,-0.61,+0.45,+0.48
2026-08-17 14:35:16,46,0.239,0.522,0.543,-0.71,+0.33,+0.38
2026-08-17 14:40:33,46,0.261,0.478,0.543,-0.76,+0.29,+0.33
2026-08-17 14:45:49,46,0.261,0.457,0.565,-0.72,+0.33,+0.37
2026-08-17 14:51:05,46,0.217,0.500,0.587,-0.85,+0.22,+0.22
2026-08-17 14:56:22,46,0.261,0.500,0.587,-0.94,+0.11,+0.12
2026-08-17 15:01:40,48,0.229,0.333,0.562,-0.84,-0.86,+0.34
2026-08-17 15:06:57,48,0.250,0.271,0.583,-0.69,-1.16,+0.11
2026-08-17 15:12:13,47,0.298,0.298,0.574,-0.70,-1.16,+0.29
2026-08-17 15:17:30,47,0.298,0.319,0.617,-0.60,-1.09,+0.37
2026-08-17 15:22:47,47,0.319,0.277,0.638,-0.55,-1.06,+0.40
2026-08-17 15:28:03,47,0.298,0.298,0.638,-0.59,-1.12,+0.33
2026-08-17 15:33:20,47,0.234,0.277,0.596,-0.71,-1.21,+0.25
2026-08-17 15:38:37,47,0.255,0.340,0.638,-0.58,-1.11,+0.35
2026-08-17 15:43:54,47,0.319,0.362,0.596,-0.60,-1.09,+0.37
2026-08-17 15:49:10,47,0.362,0.383,0.574,-0.71,-1.16,+0.09
2026-08-17 15:54:27,47,0.340,0.362,0.574,-0.61,-1.08,+0.17
2026-08-17 15:59:44,47,0.340,0.404,0.574,-0.65,-1.12,+0.13
2026-08-17 16:05:00,47,0.532,0.447,0.553,+0.23,-0.68,+0.45
2026-08-17 16:10:17,47,0.511,0.404,0.553,+0.24,-0.67,+0.46
2026-08-17 16:15:34,47,0.489,0.447,0.532,+0.05,-0.86,+0.33
2026-08-17 16:20:50,47,0.447,0.447,0.553,+0.21,-0.71,+0.47
2026-08-17 16:26:06,46,0.522,0.457,0.565,+0.14,-0.80,+0.40
2026-08-17 16:31:22,46,0.478,0.391,0.565,+0.15,-0.78,+0.40
2026-08-17 16:36:39,46,0.543,0.413,0.543,+0.26,-0.67,+0.51
2026-08-17 16:41:55,46,0.522,0.370,0.543,+0.31,-0.63,+0.57
2026-08-17 16:47:11,46,0.500,0.391,0.522,+0.08,-0.86,+0.33
2026-08-17 16:52:27,46,0.522,0.370,0.522,+0.12,-0.82,+0.36
2026-08-17 16:57:44,46,0.522,0.326,0.543,+0.23,-0.72,+0.49
2026-08-17 17:03:01,46,0.478,0.370,0.500,+0.20,-0.54,+0.12
2026-08-17 17:08:17,46,0.391,0.326,0.543,-0.14,-0.80,-0.10
2026-08-17 17:13:34,47,0.298,0.319,0.553,+0.28,-0.31,+0.45
2026-08-17 17:18:51,47,0.362,0.319,0.511,-0.13,-0.72,+0.03
2026-08-17 17:24:08,47,0.319,0.319,0.447,-0.11,-0.70,+0.02
2026-08-17 17:29:24,47,0.319,0.362,0.489,+0.04,-0.54,+0.21
2026-08-17 17:34:41,47,0.340,0.340,0.511,-0.10,-0.71,+0.06
2026-08-17 17:39:58,48,0.375,0.312,0.500,+0.16,-0.44,+0.52
2026-08-17 17:45:15,47,0.362,0.340,0.511,-0.07,-0.67,+0.32
2026-08-17 17:50:31,47,0.340,0.340,0.511,+0.15,-0.45,+0.53
2026-08-17 17:55:48,47,0.383,0.319,0.553,+0.34,-0.27,+0.72
2026-08-17 18:01:05,47,0.362,0.489,0.468,-0.02,+0.36,-0.34
2026-08-17 18:06:21,47,0.383,0.447,0.383,-0.14,+0.30,-0.76
2026-08-17 18:11:38,47,0.404,0.404,0.362,+0.09,+0.53,-0.53
2026-08-17 18:16:55,47,0.340,0.362,0.362,+0.08,+0.53,-0.52
2026-08-17 18:22:11,47,0.362,0.404,0.383,-0.00,+0.48,-0.56
2026-08-17 18:27:28,47,0.447,0.404,0.362,+0.18,+0.64,-0.40
2026-08-17 18:32:44,47,0.447,0.447,0.404,+0.09,+0.56,-0.49
2026-08-17 18:38:01,47,0.447,0.426,0.383,+0.04,+0.51,-0.54
2026-08-17 18:43:17,47,0.468,0.468,0.383,+0.14,+0.60,-0.44
2026-08-17 18:48:34,47,0.426,0.426,0.362,-0.03,+0.44,-0.63
2026-08-17 18:53:51,47,0.426,0.447,0.340,+0.06,+0.53,-0.52
2026-08-17 18:59:07,47,0.426,0.447,0.362,-0.21,+0.24,-0.79
2026-08-17 19:04:24,47,0.532,0.383,0.340,-0.02,+0.19,-0.55
2026-08-17 19:09:40,47,0.511,0.426,0.404,+0.14,+0.34,-0.37
2026-08-17 19:14:56,46,0.500,0.435,0.435,+0.11,+0.34,-0.37
2026-08-17 19:20:12,46,0.457,0.457,0.457,+0.16,+0.38,-0.32
2026-08-17 19:25:29,46,0.543,0.478,0.413,+0.22,+0.41,-0.27
2026-08-17 19:30:45,46,0.609,0.457,0.413,+0.46,+0.69,-0.03
2026-08-17 19:36:01,46,0.630,0.457,0.435,+0.45,+0.68,-0.06
2026-08-17 19:41:18,46,0.630,0.500,0.478,+0.33,+0.55,-0.17
2026-08-17 19:46:34,46,0.609,0.500,0.478,+0.49,+0.71,-0.03
2026-08-17 19:50:23,45,0.644,0.489,0.489,+0.67,+0.81,+0.01
2026-08-17 19:55:39,45,0.667,0.467,0.444,+0.57,+0.73,-0.07
2026-08-17 20:00:55,45,0.711,0.533,0.533,+0.87,+0.79,+0.55
2026-08-17 20:06:11,45,0.778,0.511,0.511,+1.22,+1.01,+0.69
2026-08-17 20:11:28,45,0.689,0.511,0.511,+1.05,+0.90,+0.55
2026-08-17 20:16:44,46,0.652,0.543,0.478,+0.93,+0.82,+0.48
2026-08-17 20:22:00,46,0.652,0.565,0.478,+1.02,+0.91,+0.56
2026-08-17 20:27:16,46,0.717,0.522,0.478,+1.15,+1.03,+0.68
2026-08-17 20:32:33,46,0.761,0.543,0.500,+1.15,+1.05,+0.69
2026-08-17 20:34:55,46,0.717,0.543,0.478,+0.98,+0.89,+0.53
2026-08-17 20:40:12,46,0.696,0.543,0.478,+1.07,+0.97,+0.63
2026-08-17 20:45:28,46,0.696,0.522,0.457,+1.00,+0.91,+0.58
2026-08-17 20:50:45,46,0.717,0.565,0.500,+0.99,+0.90,+0.57
2026-08-17 20:56:01,46,0.630,0.522,0.500,+1.01,+0.92,+0.60
2026-08-17 21:01:17,46,0.500,0.652,0.522,+0.23,+1.16,+0.86
2026-08-17 21:06:33,46,0.500,0.609,0.522,+0.40,+1.02,+1.25
2026-08-17 21:11:50,46,0.478,0.587,0.543,+0.32,+0.95,+1.18
2026-08-17 21:17:06,46,0.522,0.587,0.522,+0.33,+0.95,+1.18
2026-08-17 21:22:23,46,0.500,0.609,0.543,+0.34,+0.96,+1.20
2026-08-17 21:27:39,46,0.543,0.609,0.435,+0.31,+0.93,+1.17
2026-08-17 21:32:56,46,0.522,0.652,0.457,+0.11,+0.69,+0.93
2026-08-17 21:38:12,46,0.522,0.652,0.478,+0.01,+0.64,+0.87
2026-08-17 21:43:29,45,0.444,0.622,0.422,-0.24,+0.33,+0.54
2026-08-17 21:48:45,45,0.444,0.689,0.444,-0.15,+0.43,+0.65
2026-08-17 21:54:01,45,0.467,0.644,0.444,-0.11,+0.47,+0.68
2026-08-17 21:59:17,45,0.467,0.644,0.489,-0.04,+0.54,+0.75
2026-08-17 22:04:33,45,0.311,0.533,0.467,-0.79,+0.27,+0.36
2026-08-17 22:09:49,45,0.267,0.556,0.444,-0.80,+0.21,+0.30
2026-08-17 22:15:05,45,0.289,0.556,0.444,-0.86,+0.09,+0.23
2026-08-17 22:20:22,45,0.267,0.444,0.444,-0.89,+0.06,+0.21
2026-08-17 22:25:38,45,0.244,0.444,0.444,-1.01,-0.07,+0.07
2026-08-17 22:30:53,45,0.222,0.444,0.444,-1.05,-0.10,+0.04
2026-08-17 22:36:09,45,0.400,0.556,0.467,-0.94,-0.01,+0.14
2026-08-17 22:41:26,45,0.356,0.533,0.489,-0.75,+0.20,+0.37
2026-08-17 22:46:43,45,0.422,0.511,0.467,-0.72,+0.24,+0.41
2026-08-17 22:51:58,45,0.378,0.489,0.467,-0.87,+0.08,+0.25
2026-08-17 22:57:15,45,0.244,0.467,0.444,-0.85,+0.11,+0.27
2026-08-17 23:02:32,45,0.333,0.289,0.422,-0.58,-0.65,-0.17
2026-08-17 23:07:48,45,0.244,0.267,0.378,-0.78,-0.91,-0.49
2026-08-17 23:13:04,45,0.356,0.267,0.400,-0.75,-1.01,-0.54
2026-08-17 23:18:20,45,0.333,0.267,0.400,-0.73,-0.99,-0.53
2026-08-17 23:23:36,45,0.378,0.267,0.356,-0.62,-0.84,-0.43
2026-08-17 23:28:52,45,0.378,0.244,0.333,-0.69,-0.91,-0.50
2026-08-17 23:34:09,45,0.378,0.244,0.356,-0.74,-0.97,-0.56
2026-08-17 23:39:25,45,0.378,0.267,0.400,-0.50,-0.72,-0.29
2026-08-17 23:44:40,45,0.444,0.267,0.400,-0.37,-0.58,-0.15
2026-08-17 23:49:56,45,0.422,0.311,0.422,-0.26,-0.48,-0.04
2026-08-17 23:55:12,45,0.467,0.378,0.467,-0.10,-0.32,+0.12
2026-08-18 00:00:28,45,0.556,0.511,0.489,+0.02,-0.39,+0.00
2026-08-18 00:05:45,45,0.533,0.356,0.556,-0.02,-0.99,+0.11
2026-08-18 00:11:01,45,0.533,0.400,0.556,+0.30,-0.66,+0.41
2026-08-18 00:16:17,45,0.511,0.378,0.533,+0.53,-0.43,+0.64
2026-08-18 00:21:33,45,0.422,0.289,0.511,+0.19,-0.77,+0.29
2026-08-18 00:26:49,46,0.413,0.304,0.565,-0.01,-0.99,+0.10
2026-08-18 00:32:05,46,0.522,0.326,0.522,-0.08,-1.06,+0.03
2026-08-18 00:37:22,46,0.478,0.326,0.565,-0.09,-1.07,+0.02
2026-08-18 00:42:38,46,0.457,0.283,0.565,-0.36,-1.33,-0.26
2026-08-18 00:47:54,46,0.500,0.348,0.565,+0.01,-0.96,+0.11
2026-08-18 00:53:10,46,0.500,0.391,0.565,+0.00,-0.97,+0.11
2026-08-18 00:58:27,46,0.457,0.348,0.587,-0.07,-1.05,+0.00
2026-08-18 01:03:43,46,0.435,0.348,0.435,-0.36,-0.49,+0.02
2026-08-18 01:08:59,46,0.478,0.326,0.457,-0.17,-0.33,+0.05
2026-08-18 01:14:15,46,0.370,0.348,0.370,-0.20,-0.37,-0.05
2026-08-18 01:19:32,46,0.391,0.391,0.370,-0.23,-0.41,-0.08
2026-08-18 01:24:48,46,0.348,0.413,0.413,-0.26,-0.44,-0.12
2026-08-18 01:30:04,46,0.435,0.413,0.435,-0.15,-0.33,-0.01
2026-08-18 01:35:20,47,0.426,0.404,0.489,-0.02,-0.18,+0.14
2026-08-18 01:40:37,47,0.426,0.404,0.426,-0.02,-0.18,+0.15
2026-08-18 01:45:53,47,0.426,0.447,0.447,+0.09,-0.06,+0.26
2026-08-18 01:51:10,47,0.426,0.426,0.468,-0.09,-0.25,+0.08
2026-08-18 01:56:26,47,0.340,0.383,0.447,-0.17,-0.31,+0.02
2026-08-18 02:01:43,47,0.298,0.383,0.362,-0.12,+0.00,-0.51
2026-08-18 02:06:59,47,0.319,0.404,0.298,-0.13,+0.07,-0.68
2026-08-18 02:12:16,46,0.348,0.391,0.261,-0.05,+0.19,-0.54
2026-08-18 02:17:32,46,0.370,0.413,0.239,-0.20,-0.06,-0.74
2026-08-18 02:22:48,46,0.457,0.500,0.391,+0.03,+0.16,-0.51
2026-08-18 02:28:05,46,0.435,0.478,0.391,+0.11,+0.24,-0.27
2026-08-18 02:33:21,46,0.326,0.457,0.326,-0.10,+0.01,-0.50
2026-08-18 02:37:47,46,0.370,0.413,0.304,-0.10,+0.02,-0.50
2026-08-18 02:43:03,46,0.391,0.457,0.326,-0.01,+0.12,-0.39
2026-08-18 02:48:20,46,0.435,0.457,0.326,-0.01,+0.11,-0.41
2026-08-18 02:53:36,46,0.391,0.435,0.326,+0.12,+0.24,-0.27
2026-08-18 02:58:52,46,0.370,0.457,0.326,+0.03,+0.14,-0.37
2026-08-18 03:04:08,46,0.457,0.348,0.304,+0.14,+0.02,-0.70
2026-08-18 03:09:24,46,0.413,0.304,0.326,+0.05,-0.12,-0.89
2026-08-18 03:14:40,46,0.435,0.304,0.283,+0.02,-0.18,-0.95
2026-08-18 03:19:56,46,0.413,0.348,0.304,+0.04,-0.16,-0.92
2026-08-18 03:25:12,46,0.435,0.391,0.370,+0.00,-0.21,-0.96
2026-08-18 03:30:28,46,0.478,0.391,0.391,+0.03,-0.19,-0.93
2026-08-18 03:35:44,46,0.500,0.391,0.370,+0.03,-0.18,-0.93
2026-08-18 03:41:00,46,0.478,0.370,0.370,+0.03,-0.19,-0.93
2026-08-18 03:46:16,46,0.478,0.413,0.370,-0.07,-0.29,-1.04
2026-08-18 03:51:32,46,0.522,0.413,0.391,+0.05,-0.17,-0.91
2026-08-18 03:56:48,46,0.478,0.391,0.391,+0.04,-0.20,-0.94
2026-08-18 04:02:04,46,0.348,0.348,0.413,-0.10,-0.49,-0.61
2026-08-18 04:07:20,44,0.341,0.295,0.409,-0.50,-0.54,-0.78
2026-08-18 04:12:35,44,0.318,0.318,0.432,-0.50,-0.52,-0.74
2026-08-18 04:17:51,44,0.250,0.295,0.432,-0.51,-0.51,-0.73
2026-08-18 04:23:06,43,0.279,0.256,0.419,-0.60,-0.64,-0.85
2026-08-18 04:28:21,43,0.279,0.279,0.442,-0.62,-0.65,-0.89
2026-08-18 04:33:36,43,0.302,0.302,0.442,-0.60,-0.65,-0.83
2026-08-18 04:38:50,42,0.262,0.238,0.452,-0.51,-0.51,-0.71
2026-08-18 04:44:06,43,0.279,0.256,0.442,-0.57,-0.54,-0.73
2026-08-18 04:49:21,43,0.302,0.256,0.465,-0.56,-0.52,-0.72
2026-08-18 04:54:36,43,0.256,0.233,0.419,-0.72,-0.68,-0.87
2026-08-18 04:59:51,43,0.209,0.233,0.419,-0.79,-0.75,-0.94
2026-08-18 05:05:06,43,0.256,0.279,0.372,-0.81,-0.79,-0.64
2026-08-18 05:10:21,43,0.302,0.279,0.372,-0.67,-0.63,-0.59
2026-08-18 05:15:36,45,0.289,0.311,0.400,-0.42,-0.38,-0.47
2026-08-18 05:20:52,45,0.244,0.311,0.356,-0.55,-0.51,-0.60
2026-08-18 05:26:08,45,0.244,0.333,0.400,-0.25,-0.21,-0.31
2026-08-18 05:31:23,45,0.289,0.356,0.422,-0.10,-0.07,-0.16
2026-08-18 05:36:39,45,0.289,0.356,0.422,+0.02,+0.06,-0.04
2026-08-18 05:41:55,45,0.400,0.444,0.489,-0.09,-0.06,-0.15
2026-08-18 05:47:11,45,0.467,0.511,0.533,-0.20,-0.17,-0.24
2026-08-18 05:52:27,45,0.400,0.422,0.511,-0.23,-0.20,-0.27
2026-08-18 05:57:42,44,0.386,0.432,0.523,-0.33,-0.33,-0.42
2026-08-18 06:02:57,44,0.568,0.364,0.364,-0.03,-0.75,-0.81
2026-08-18 06:08:13,43,0.581,0.349,0.326,+0.05,-0.61,-0.71
2026-08-18 06:13:28,43,0.605,0.326,0.395,-0.09,-0.75,-0.83
2026-08-18 06:18:43,43,0.605,0.326,0.419,+0.08,-0.63,-0.64
2026-08-18 06:23:58,43,0.512,0.372,0.419,-0.08,-0.78,-0.79
2026-08-18 06:29:13,43,0.535,0.419,0.395,+0.07,-0.64,-0.66
2026-08-18 06:34:28,43,0.535,0.395,0.372,+0.04,-0.67,-0.69
2026-08-18 06:39:43,43,0.535,0.395,0.395,-0.04,-0.74,-0.76
2026-08-18 06:44:58,43,0.488,0.395,0.395,-0.12,-0.66,-0.67
2026-08-18 06:50:14,44,0.477,0.386,0.409,-0.01,-0.54,-0.56
2026-08-18 06:55:30,45,0.533,0.400,0.378,-0.06,-0.42,-0.28
2026-08-18 07:00:45,45,0.489,0.289,0.378,-0.19,-0.86,-0.19
2026-08-18 07:06:01,45,0.444,0.422,0.400,-0.25,-0.38,-0.21
2026-08-18 07:11:17,45,0.378,0.422,0.400,-0.24,-0.34,-0.23
2026-08-18 07:16:32,45,0.400,0.333,0.378,-0.37,-0.47,-0.36
2026-08-18 07:21:49,45,0.333,0.311,0.356,-0.28,-0.38,-0.27
2026-08-18 07:27:04,45,0.378,0.356,0.400,-0.27,-0.39,-0.27
2026-08-18 07:32:20,45,0.333,0.289,0.378,-0.38,-0.48,-0.36
2026-08-18 07:37:36,45,0.378,0.289,0.356,-0.51,-0.62,-0.50
2026-08-18 07:42:52,45,0.333,0.333,0.378,-0.46,-0.56,-0.44
2026-08-18 07:48:08,45,0.356,0.356,0.356,-0.40,-0.50,-0.37
2026-08-18 07:53:23,45,0.311,0.267,0.333,-0.56,-0.66,-0.54
2026-08-18 07:58:39,44,0.341,0.295,0.364,-0.62,-0.78,-0.69
2026-08-18 08:03:55,45,0.267,0.378,0.333,-0.39,-0.49,-0.57
2026-08-18 08:09:11,45,0.244,0.444,0.333,-0.40,-0.45,-0.59
2026-08-18 08:14:27,45,0.311,0.533,0.400,-0.43,-0.47,-0.62
2026-08-18 08:19:42,45,0.267,0.533,0.422,-0.36,-0.40,-0.55
2026-08-18 08:24:58,45,0.289,0.467,0.422,-0.59,-0.64,-0.79
2026-08-18 08:30:13,45,0.289,0.489,0.400,-0.57,-0.62,-0.77
2026-08-18 08:35:29,45,0.378,0.489,0.489,-0.60,-0.65,-0.81
2026-08-18 08:39:40,43,0.419,0.488,0.442,-0.40,-0.52,-0.65
2026-08-18 08:44:55,43,0.395,0.512,0.442,-0.44,-0.56,-0.68
2026-08-18 08:50:11,43,0.442,0.535,0.512,-0.34,-0.45,-0.58
2026-08-18 08:55:26,44,0.455,0.545,0.477,-0.33,-0.37,-0.52
2026-08-18 09:00:41,44,0.568,0.523,0.545,+0.10,-0.33,-0.78
2026-08-18 09:05:56,42,0.619,0.429,0.476,+0.15,-0.65,-0.85
2026-08-18 09:11:11,42,0.619,0.429,0.452,+0.07,-0.61,-0.81
2026-08-18 09:16:25,40,0.575,0.375,0.550,+0.10,-0.56,-0.76
2026-08-18 09:21:40,41,0.537,0.390,0.512,-0.06,-0.71,-0.72
2026-08-18 09:26:54,41,0.585,0.390,0.537,+0.08,-0.57,-0.58
2026-08-18 09:32:08,41,0.537,0.341,0.488,+0.27,-0.39,-0.40
2026-08-18 09:37:23,41,0.488,0.390,0.415,+0.08,-0.57,-0.57
2026-08-18 09:42:37,41,0.537,0.390,0.439,+0.30,-0.35,-0.35
2026-08-18 09:47:51,39,0.462,0.333,0.385,-0.06,-0.66,-0.75
2026-08-18 09:53:05,39,0.462,0.385,0.385,+0.29,-0.32,-0.40
2026-08-18 09:58:19,39,0.462,0.359,0.359,+0.05,-0.56,-0.66
2026-08-18 10:03:33,39,0.359,0.385,0.436,-0.10,-0.37,-0.61
2026-08-18 10:32:33,39,0.410,0.410,0.333,+0.10,-0.11,-0.40
2026-08-18 10:37:47,39,0.359,0.385,0.359,+0.01,-0.19,-0.49
2026-08-18 10:43:00,38,0.342,0.395,0.342,-0.02,-0.23,-0.60
2026-08-18 10:48:14,39,0.410,0.410,0.333,-0.10,-0.33,-0.70
2026-08-18 10:53:28,39,0.385,0.410,0.333,-0.12,-0.36,-0.72
2026-08-18 10:58:42,40,0.400,0.400,0.325,+0.21,-0.04,-0.38
2026-08-18 11:03:56,40,0.350,0.425,0.350,-0.16,+0.49,-0.08
2026-08-18 11:09:10,40,0.350,0.400,0.325,-0.35,+0.27,-0.24
2026-08-18 11:14:24,40,0.375,0.325,0.325,-0.23,+0.38,-0.13
2026-08-18 11:19:39,40,0.400,0.375,0.300,-0.29,+0.33,-0.18
2026-08-18 11:24:53,40,0.450,0.400,0.325,-0.20,+0.40,-0.12
2026-08-18 11:30:07,40,0.425,0.400,0.275,-0.31,+0.27,-0.25
2026-08-18 11:35:21,40,0.425,0.375,0.250,-0.41,+0.18,-0.34
2026-08-18 11:40:35,40,0.425,0.350,0.325,-0.26,+0.31,-0.21
2026-08-18 11:45:49,40,0.400,0.400,0.325,-0.28,+0.31,-0.22
2026-08-18 11:51:04,40,0.400,0.450,0.375,-0.13,+0.42,-0.10
2026-08-18 11:56:18,40,0.400,0.375,0.325,-0.43,+0.14,-0.39
2026-08-18 12:01:33,41,0.293,0.341,0.341,-0.33,-0.12,-0.55
2026-08-18 12:06:47,41,0.268,0.341,0.341,-0.40,-0.06,-0.52
2026-08-18 12:12:02,41,0.268,0.341,0.366,-0.37,-0.04,-0.53
2026-08-18 12:17:17,41,0.341,0.366,0.390,-0.49,-0.14,-0.60
2026-08-18 12:22:31,41,0.390,0.366,0.390,-0.16,+0.17,-0.32
2026-08-18 12:27:46,41,0.341,0.390,0.366,-0.48,-0.12,-0.57
2026-08-18 12:33:01,41,0.317,0.366,0.366,-0.39,-0.04,-0.50
2026-08-18 12:38:16,41,0.268,0.341,0.341,-0.40,-0.05,-0.51
2026-08-18 12:43:30,41,0.366,0.390,0.366,+0.00,+0.34,-0.14
2026-08-18 12:48:45,41,0.415,0.341,0.317,-0.08,+0.26,-0.22
2026-08-18 12:53:59,40,0.400,0.375,0.350,-0.07,+0.56,+0.29
2026-08-18 12:59:13,40,0.375,0.375,0.350,-0.12,+0.50,+0.24
2026-08-18 13:04:28,40,0.425,0.375,0.350,+0.04,-0.27,+0.15
2026-08-18 13:09:42,40,0.500,0.375,0.375,+0.07,-0.25,+0.18
2026-08-18 13:14:56,40,0.600,0.350,0.400,+0.18,-0.12,+0.29
2026-08-18 13:20:10,40,0.500,0.350,0.375,-0.02,-0.32,+0.08
2026-08-18 13:25:24,40,0.525,0.325,0.350,-0.03,-0.34,+0.07
2026-08-18 13:30:39,41,0.488,0.293,0.341,-0.03,-0.36,+0.03
2026-08-18 13:35:54,41,0.512,0.293,0.341,-0.00,-0.34,+0.06
2026-08-18 13:41:09,41,0.463,0.293,0.317,-0.06,-0.41,-0.01
2026-08-18 13:46:23,41,0.439,0.220,0.268,-0.59,-0.92,-0.53
2026-08-18 13:51:38,41,0.439,0.220,0.293,-0.72,-1.06,-0.67
2026-08-18 13:56:53,42,0.405,0.214,0.262,-0.09,-1.44,-1.49
2026-08-18 14:02:07,42,0.357,0.190,0.214,-0.10,-2.34,-2.82
2026-08-18 14:07:23,42,0.381,0.190,0.262,-1.96,-3.08,-2.73
2026-08-18 14:12:38,42,0.381,0.190,0.286,-2.00,-3.13,-2.78
2026-08-18 14:17:54,44,0.386,0.295,0.295,-0.65,-1.94,-1.76
2026-08-18 14:23:10,44,0.364,0.295,0.341,-0.84,-2.03,-1.81
2026-08-18 14:28:25,43,0.419,0.302,0.302,-1.52,-2.24,-1.78
2026-08-18 14:33:40,43,0.326,0.233,0.302,-1.86,-2.46,-1.95
2026-08-18 14:38:55,43,0.256,0.233,0.349,-1.94,-2.50,-1.96
2026-08-18 14:44:11,43,0.372,0.279,0.326,-1.82,-2.27,-1.66
2026-08-18 14:49:27,43,0.372,0.279,0.326,-1.88,-2.25,-1.59
2026-08-18 14:54:41,42,0.429,0.238,0.333,-2.37,-2.68,-1.80
2026-08-18 14:59:56,41,0.366,0.220,0.341,-2.59,-2.82,-1.88
2026-08-18 15:05:10,40,0.350,0.475,0.300,+0.26,-0.04,+0.25
2026-08-18 15:10:25,40,0.325,0.575,0.300,+0.46,+0.14,+0.44
2026-08-18 15:15:39,40,0.450,0.575,0.300,+0.61,+0.24,+0.49
2026-08-18 15:20:53,40,0.475,0.600,0.300,+0.75,+0.39,+0.63
2026-08-18 15:26:08,40,0.550,0.575,0.300,+0.82,+0.45,+0.70
2026-08-18 15:31:22,40,0.600,0.600,0.325,+0.91,+0.54,+0.78
2026-08-18 15:36:36,40,0.700,0.625,0.300,+1.10,+0.72,+0.97
2026-08-18 15:41:51,40,0.725,0.650,0.300,+1.19,+0.81,+1.06
2026-08-18 15:47:05,40,0.700,0.600,0.325,+1.25,+0.84,+1.10
2026-08-18 15:52:19,40,0.700,0.650,0.325,+1.46,+1.05,+1.32
2026-08-18 15:57:33,39,0.590,0.615,0.282,+1.38,+0.99,+1.25
2026-08-18 16:02:47,39,0.667,0.564,0.308,+1.23,+0.87,+0.86
2026-08-18 16:08:01,39,0.667,0.590,0.359,+1.10,+0.82,+0.83
2026-08-18 16:13:15,39,0.641,0.564,0.359,+1.38,+1.09,+1.10
2026-08-18 16:18:29,39,0.667,0.538,0.359,+1.37,+1.08,+1.09
2026-08-18 16:23:43,39,0.667,0.564,0.359,+1.33,+1.05,+1.05
2026-08-18 16:28:57,40,0.650,0.525,0.400,+1.42,+1.05,+1.14
2026-08-18 16:34:12,40,0.650,0.575,0.400,+1.47,+1.10,+1.19
2026-08-18 16:34:47,40,0.650,0.575,0.375,+1.44,+1.06,+1.15
2026-08-18 16:40:01,40,0.600,0.575,0.375,+1.43,+1.06,+1.15
2026-08-18 16:45:15,40,0.650,0.625,0.375,+1.36,+0.98,+1.07
2026-08-18 16:50:29,40,0.625,0.550,0.375,+1.47,+1.09,+1.18
2026-08-18 16:55:44,40,0.600,0.550,0.375,+1.25,+0.86,+0.95
2026-08-18 17:00:57,39,0.385,0.538,0.333,+0.10,+1.62,+0.59
2026-08-18 17:06:11,39,0.410,0.590,0.333,+0.17,+1.71,+0.61
2026-08-18 17:11:25,39,0.385,0.513,0.333,+0.08,+1.64,+0.44
2026-08-18 17:16:39,39,0.436,0.564,0.359,-0.07,+1.48,+0.29
2026-08-18 17:21:52,39,0.436,0.590,0.333,+0.03,+1.59,+0.40
2026-08-18 17:27:07,40,0.400,0.550,0.350,+0.38,+2.02,+0.88
2026-08-18 17:32:21,40,0.400,0.500,0.350,+0.33,+1.95,+0.83
2026-08-18 17:37:35,40,0.400,0.650,0.375,+0.31,+1.93,+0.79
2026-08-18 17:42:49,40,0.350,0.600,0.375,+0.17,+1.77,+0.64
2026-08-18 17:48:03,40,0.400,0.625,0.400,+0.19,+1.79,+0.65
2026-08-18 17:53:17,40,0.425,0.575,0.375,+0.05,+1.64,+0.50
2026-08-18 17:58:31,40,0.375,0.600,0.400,-0.36,+1.18,+0.07
2026-08-18 18:03:45,40,0.425,0.575,0.600,-0.41,+0.83,+0.75
2026-08-18 18:09:00,41,0.341,0.561,0.561,-0.51,+0.61,+0.59
2026-08-18 18:14:14,41,0.415,0.537,0.610,-0.35,+0.78,+0.75
2026-08-18 18:19:28,41,0.512,0.585,0.610,-0.12,+1.00,+1.00
2026-08-18 18:24:43,41,0.390,0.512,0.610,-0.23,+0.91,+0.90
2026-08-18 18:29:57,41,0.390,0.585,0.561,-0.27,+0.84,+0.85
2026-08-18 18:35:12,41,0.317,0.585,0.561,-0.43,+0.69,+0.69
2026-08-18 18:40:26,41,0.366,0.585,0.561,-0.24,+0.89,+0.89
2026-08-18 18:45:41,41,0.366,0.512,0.561,-0.43,+0.69,+0.69
2026-08-18 18:50:55,41,0.341,0.537,0.610,-0.32,+0.80,+0.81
2026-08-18 18:56:09,42,0.333,0.571,0.595,-0.09,+0.97,+0.96
2026-08-18 19:01:24,42,0.548,0.476,0.595,-0.33,+0.12,+0.72
2026-08-18 19:06:38,42,0.524,0.381,0.571,-0.27,+0.03,+0.65
2026-08-18 19:11:53,42,0.476,0.429,0.571,-0.22,+0.08,+0.70
2026-08-18 19:17:08,42,0.405,0.357,0.524,-0.50,-0.22,+0.39
2026-08-18 19:22:23,42,0.524,0.381,0.524,-0.23,+0.06,+0.69
2026-08-18 19:27:38,42,0.548,0.405,0.548,-0.25,+0.03,+0.66
2026-08-18 19:32:53,42,0.524,0.429,0.571,-0.26,+0.02,+0.65
2026-08-18 19:38:08,42,0.500,0.381,0.571,-0.28,+0.01,+0.62
2026-08-18 19:43:22,42,0.429,0.381,0.548,-0.37,-0.09,+0.50
2026-08-18 19:48:37,42,0.452,0.452,0.548,-0.25,+0.03,+0.63
2026-08-18 19:53:51,42,0.429,0.429,0.548,-0.26,+0.03,+0.63
2026-08-18 19:59:06,42,0.429,0.429,0.500,-0.40,-0.11,+0.47
2026-08-18 20:04:20,41,0.537,0.439,0.463,-0.24,-0.47,+1.19
2026-08-18 20:09:35,41,0.488,0.415,0.512,-0.24,-0.47,+1.18
2026-08-18 20:14:49,41,0.537,0.439,0.537,-0.14,-0.37,+1.29
2026-08-18 20:20:04,41,0.585,0.488,0.561,-0.19,-0.42,+1.21
2026-08-18 20:25:18,41,0.561,0.488,0.561,-0.25,-0.49,+1.16
2026-08-18 20:30:33,41,0.537,0.512,0.585,-0.16,-0.39,+1.26
2026-08-18 20:35:47,41,0.561,0.561,0.610,+0.14,-0.09,+1.57
2026-08-18 20:41:01,41,0.561,0.537,0.659,+0.15,-0.08,+1.59
2026-08-18 20:46:16,41,0.585,0.561,0.659,+0.30,+0.07,+1.74
2026-08-18 20:51:31,41,0.610,0.537,0.610,+0.27,+0.04,+1.71
2026-08-18 20:56:45,41,0.610,0.561,0.610,+0.17,-0.05,+1.60
2026-08-18 21:01:59,41,0.610,0.561,0.683,+0.30,+0.31,+1.04
2026-08-18 21:07:14,41,0.610,0.561,0.634,+0.37,-0.22,+0.96
2026-08-18 21:12:29,41,0.585,0.463,0.585,+0.33,-0.27,+0.92
2026-08-18 21:17:44,41,0.585,0.488,0.585,+0.46,-0.14,+1.06
2026-08-18 21:22:58,41,0.659,0.537,0.683,+0.63,+0.01,+1.22
2026-08-18 21:28:13,41,0.659,0.512,0.659,+0.67,+0.06,+1.27
2026-08-18 21:33:29,41,0.610,0.537,0.634,+0.65,+0.05,+1.27
2026-08-18 21:38:48,42,0.595,0.500,0.667,+0.73,+0.22,+1.52
2026-08-18 21:44:02,42,0.500,0.524,0.571,+0.77,+0.27,+1.57
2026-08-18 21:49:17,42,0.619,0.524,0.643,+0.81,+0.31,+1.61
2026-08-18 21:54:32,42,0.571,0.548,0.643,+0.75,+0.25,+1.55
2026-08-18 21:59:47,42,0.619,0.524,0.667,+0.75,+0.25,+1.54
2026-08-18 22:05:02,42,0.476,0.595,0.524,+0.51,+0.61,+0.68
2026-08-18 22:10:17,42,0.500,0.595,0.452,+0.54,+0.64,+0.70
2026-08-18 22:15:32,42,0.571,0.667,0.476,+0.60,+0.70,+0.76
2026-08-18 22:20:47,42,0.476,0.595,0.500,+0.40,+0.50,+0.56
2026-08-18 22:26:01,42,0.452,0.643,0.476,+0.43,+0.53,+0.59
2026-08-18 22:31:16,42,0.452,0.643,0.452,+0.40,+0.51,+0.57
2026-08-18 22:36:31,42,0.476,0.571,0.452,+0.44,+0.55,+0.61
2026-08-18 22:37:00,42,0.500,0.571,0.452,+0.41,+0.53,+0.58
2026-08-18 22:42:15,42,0.476,0.643,0.524,+0.45,+0.56,+0.61
2026-08-18 22:47:30,42,0.452,0.595,0.476,+0.43,+0.54,+0.60
2026-08-18 22:52:44,42,0.452,0.643,0.452,+0.47,+0.57,+0.63
2026-08-18 22:57:59,42,0.381,0.595,0.429,+0.47,+0.57,+0.63
2026-08-18 23:03:14,42,0.429,0.619,0.548,+0.00,+0.77,+0.36
2026-08-18 23:08:29,41,0.585,0.634,0.683,+0.22,+0.97,+0.55
2026-08-18 23:13:43,41,0.512,0.610,0.488,+0.11,+0.87,+0.45
2026-08-18 23:18:58,41,0.439,0.585,0.488,-0.05,+0.71,+0.29
2026-08-18 23:24:13,41,0.561,0.585,0.610,+0.11,+0.87,+0.45
2026-08-18 23:29:27,41,0.585,0.683,0.585,+0.20,+0.96,+0.54
2026-08-18 23:34:41,41,0.537,0.659,0.634,+0.03,+0.79,+0.37
2026-08-18 23:39:56,41,0.512,0.585,0.610,-0.16,+0.59,+0.18
2026-08-18 23:45:10,41,0.512,0.659,0.610,-0.13,+0.62,+0.20
2026-08-18 23:50:24,41,0.463,0.537,0.610,-0.36,+0.38,-0.03
2026-08-18 23:55:39,41,0.488,0.610,0.659,-0.19,+0.56,+0.15
2026-08-19 00:00:53,41,0.512,0.561,0.561,-0.18,+0.15,+0.44
2026-08-19 00:06:07,41,0.537,0.561,0.585,-0.12,+0.13,+0.05
2026-08-19 00:11:22,41,0.512,0.512,0.585,-0.31,-0.06,-0.16
2026-08-19 00:16:36,41,0.512,0.512,0.610,+0.55,+0.80,+0.66
2026-08-19 00:21:51,41,0.537,0.585,0.659,+0.91,+1.16,+0.93
2026-08-19 00:27:05,41,0.537,0.537,0.634,+0.89,+1.15,+0.93
2026-08-19 00:32:20,42,0.548,0.571,0.643,+0.77,+1.04,+0.82
2026-08-19 00:37:34,43,0.558,0.558,0.698,+0.75,+1.09,+1.05
2026-08-19 00:42:50,43,0.558,0.558,0.628,+0.76,+1.10,+1.08
2026-08-19 00:48:05,43,0.512,0.581,0.628,+0.65,+0.98,+0.96
2026-08-19 00:53:20,43,0.581,0.581,0.698,+0.60,+0.94,+0.92
2026-08-19 00:58:35,43,0.605,0.581,0.698,+0.84,+1.18,+1.15
2026-08-19 01:03:49,42,0.667,0.548,0.619,+1.00,+0.90,+1.36
2026-08-19 01:09:04,42,0.667,0.571,0.619,+0.96,+0.77,+1.27
2026-08-19 01:14:18,41,0.585,0.659,0.659,+1.18,+1.00,+1.52
2026-08-19 01:19:33,42,0.571,0.667,0.690,+1.14,+1.01,+1.55
2026-08-19 01:24:48,42,0.548,0.643,0.643,+1.02,+0.89,+1.43
2026-08-19 01:30:02,42,0.524,0.643,0.643,+1.10,+0.98,+1.51
2026-08-19 01:35:17,42,0.595,0.619,0.690,+1.09,+0.96,+1.50
2026-08-19 01:40:32,42,0.595,0.571,0.690,+1.14,+1.00,+1.53
2026-08-19 01:45:47,42,0.571,0.571,0.643,+0.97,+0.84,+1.36
2026-08-19 01:51:02,42,0.571,0.548,0.571,+0.95,+0.81,+1.34
2026-08-19 01:56:17,42,0.571,0.571,0.595,+0.88,+0.74,+1.26
2026-08-19 02:01:31,41,0.463,0.561,0.659,-0.01,+0.74,+1.53
2026-08-19 02:06:46,41,0.366,0.610,0.634,-0.04,+0.85,+1.70
2026-08-19 02:12:00,41,0.366,0.610,0.610,-0.07,+0.74,+1.58
2026-08-19 02:17:15,41,0.244,0.610,0.610,-0.24,+0.57,+1.41
2026-08-19 02:22:29,41,0.366,0.585,0.585,-0.34,+0.46,+1.28
2026-08-19 02:27:44,41,0.341,0.585,0.610,-0.15,+0.70,+1.52
2026-08-19 02:32:58,41,0.341,0.537,0.561,-0.45,+0.36,+1.18
2026-08-19 02:38:12,41,0.317,0.537,0.585,-0.45,+0.38,+1.19
2026-08-19 02:43:26,41,0.293,0.537,0.537,-0.52,+0.30,+1.12
2026-08-19 02:48:41,41,0.293,0.585,0.610,-0.30,+0.54,+1.36
2026-08-19 02:53:55,41,0.293,0.561,0.585,-0.27,+0.57,+1.39
2026-08-19 02:59:10,41,0.268,0.561,0.585,-0.33,+0.51,+1.32
2026-08-19 03:04:24,41,0.293,0.537,0.537,-0.38,+0.48,+0.75
2026-08-19 03:09:38,41,0.341,0.561,0.561,-0.26,+0.70,+0.83
2026-08-19 03:14:54,41,0.293,0.512,0.537,-0.37,+0.53,+0.68
2026-08-19 03:20:08,41,0.317,0.537,0.561,-0.34,+0.57,+0.72
2026-08-19 03:25:22,41,0.390,0.561,0.561,-0.31,+0.58,+0.74
2026-08-19 03:30:37,41,0.415,0.610,0.537,-0.41,+0.47,+0.63
2026-08-19 03:35:51,41,0.415,0.634,0.537,-0.48,+0.39,+0.55
2026-08-19 03:41:05,41,0.366,0.610,0.561,-0.55,+0.31,+0.46
2026-08-19 03:46:20,41,0.366,0.610,0.488,-0.59,+0.28,+0.43
2026-08-19 03:51:34,41,0.366,0.585,0.561,-0.50,+0.37,+0.53
2026-08-19 03:56:50,41,0.366,0.610,0.537,-0.45,+0.42,+0.58
2026-08-19 04:02:04,41,0.463,0.415,0.512,-0.32,-0.66,+0.14
2026-08-19 04:07:19,41,0.537,0.366,0.561,-0.17,-0.44,+0.30
2026-08-19 04:12:33,41,0.512,0.317,0.512,-0.16,-0.55,+0.29
2026-08-19 04:17:47,41,0.463,0.293,0.512,-0.26,-0.64,+0.15
2026-08-19 04:23:02,41,0.537,0.341,0.537,-0.11,-0.50,+0.32
2026-08-19 04:28:16,41,0.512,0.341,0.512,-0.20,-0.59,+0.22
2026-08-19 04:33:31,41,0.537,0.341,0.488,-0.16,-0.54,+0.25
2026-08-19 04:38:54,41,0.537,0.317,0.488,-0.12,-0.50,+0.31
2026-08-19 04:44:08,41,0.537,0.317,0.415,-0.08,-0.46,+0.36
2026-08-19 04:49:23,41,0.488,0.366,0.439,-0.06,-0.45,+0.37
2026-08-19 04:54:37,41,0.488,0.366,0.415,-0.14,-0.53,+0.28
2026-08-19 04:59:50,41,0.415,0.341,0.439,-0.07,-0.46,+0.36
2026-08-19 05:05:05,41,0.415,0.439,0.537,+0.14,-0.40,+0.41
2026-08-19 05:10:19,41,0.390,0.439,0.561,+0.08,-0.37,+0.37
2026-08-19 05:15:33,41,0.366,0.415,0.585,+0.00,-0.45,+0.27
2026-08-19 05:20:48,41,0.439,0.415,0.537,+0.16,-0.28,+0.44
2026-08-19 05:26:02,41,0.463,0.415,0.561,+0.23,-0.21,+0.52
2026-08-19 05:31:16,41,0.463,0.415,0.537,+0.26,-0.18,+0.55
2026-08-19 05:36:31,41,0.488,0.390,0.488,+0.21,-0.23,+0.51
2026-08-19 05:41:46,41,0.390,0.317,0.463,+0.14,-0.30,+0.43
2026-08-19 05:47:00,41,0.390,0.390,0.488,+0.17,-0.27,+0.45
2026-08-19 05:52:14,41,0.390,0.317,0.439,+0.11,-0.33,+0.42
2026-08-19 05:57:29,41,0.390,0.317,0.512,+0.12,-0.32,+0.42
2026-08-19 06:02:43,41,0.293,0.439,0.439,+0.00,-0.15,+0.42
2026-08-19 06:07:58,42,0.333,0.452,0.452,+0.14,+0.03,+0.59
2026-08-19 06:13:13,42,0.333,0.405,0.405,-0.02,-0.16,+0.42
2026-08-19 06:18:27,42,0.286,0.381,0.381,-0.15,-0.28,+0.31
2026-08-19 06:23:42,41,0.268,0.390,0.415,-0.11,-0.20,+0.45
2026-08-19 06:28:56,41,0.244,0.415,0.390,-0.09,-0.17,+0.45
2026-08-19 06:34:11,42,0.286,0.405,0.357,-0.05,-0.15,+0.49
2026-08-19 06:39:25,41,0.293,0.439,0.415,-0.03,-0.11,+0.53
2026-08-19 06:44:40,41,0.293,0.415,0.366,-0.03,-0.11,+0.53
2026-08-19 06:49:54,41,0.268,0.366,0.366,-0.18,-0.26,+0.37
2026-08-19 06:55:09,41,0.268,0.366,0.366,-0.25,-0.33,+0.29
2026-08-19 07:00:23,41,0.341,0.366,0.317,-0.18,-0.18,+0.35
2026-08-19 07:05:37,41,0.341,0.293,0.317,-0.17,-0.05,-0.58
2026-08-19 07:10:52,41,0.341,0.341,0.341,-0.20,-0.09,-0.70
2026-08-19 07:16:06,41,0.341,0.366,0.293,-0.21,-0.13,-0.69
2026-08-19 07:21:21,42,0.381,0.286,0.333,-0.23,-0.16,-0.75
2026-08-19 07:26:36,41,0.415,0.293,0.317,-0.20,-0.13,-0.69
2026-08-19 07:31:50,41,0.415,0.317,0.341,-0.07,+0.00,-0.56
2026-08-19 07:37:05,41,0.463,0.293,0.341,-0.19,-0.13,-0.68
2026-08-19 07:42:21,42,0.500,0.310,0.333,-0.16,-0.11,-0.66
2026-08-19 07:47:35,42,0.405,0.310,0.333,-0.20,-0.15,-0.70
2026-08-19 07:52:51,43,0.349,0.279,0.326,-0.31,-0.27,-0.84
2026-08-19 07:58:06,42,0.333,0.238,0.333,-0.42,-0.38,-0.95
2026-08-19 08:03:21,42,0.381,0.286,0.310,-0.19,-0.30,-0.71
2026-08-19 08:08:36,42,0.381,0.262,0.310,-0.18,-0.37,-0.72
2026-08-19 08:13:50,42,0.500,0.333,0.286,-0.12,-0.31,-0.65
2026-08-19 08:19:05,41,0.439,0.366,0.341,+0.03,-0.15,-0.51
2026-08-19 08:24:20,41,0.561,0.390,0.341,-0.04,-0.21,-0.58
2026-08-19 08:29:34,41,0.634,0.415,0.390,+0.07,-0.11,-0.46
2026-08-19 08:34:48,41,0.537,0.390,0.366,-0.03,-0.20,-0.56
2026-08-19 08:40:03,41,0.585,0.439,0.415,+0.08,-0.08,-0.45
2026-08-19 08:45:17,41,0.585,0.463,0.366,+0.14,-0.03,-0.39
2026-08-19 08:50:32,42,0.500,0.452,0.381,+0.11,-0.08,-0.43
2026-08-19 08:55:46,42,0.548,0.476,0.429,+0.29,+0.10,-0.25
2026-08-19 09:01:01,42,0.595,0.452,0.500,+0.01,-0.27,-0.32
2026-08-19 09:06:16,42,0.548,0.405,0.405,+0.04,-0.21,-0.32
2026-08-19 09:11:31,42,0.381,0.333,0.405,-0.12,-0.37,-0.49
2026-08-19 09:16:46,43,0.302,0.326,0.349,+0.03,-0.19,-0.29
2026-08-19 09:22:01,43,0.488,0.395,0.395,+0.20,-0.03,-0.12
2026-08-19 09:27:16,43,0.442,0.372,0.419,+0.25,+0.03,-0.06
2026-08-19 09:32:31,43,0.419,0.372,0.372,+0.24,+0.01,-0.08
2026-08-19 09:37:46,42,0.429,0.357,0.381,+0.23,-0.01,-0.08
2026-08-19 09:43:01,43,0.395,0.372,0.326,+0.21,-0.03,-0.12
2026-08-19 09:48:16,42,0.452,0.429,0.405,+0.21,-0.04,-0.11
2026-08-19 09:53:31,43,0.512,0.442,0.372,+0.31,+0.07,-0.01
2026-08-19 09:58:46,42,0.452,0.429,0.405,+0.36,+0.11,+0.05
2026-08-19 10:04:01,42,0.357,0.476,0.357,-0.04,+0.15,+0.05
2026-08-19 10:09:16,42,0.405,0.524,0.405,+0.02,+0.23,+0.10
2026-08-19 10:14:30,42,0.476,0.500,0.429,+0.12,+0.34,+0.21
2026-08-19 10:19:45,42,0.405,0.429,0.381,+0.06,+0.27,+0.14
2026-08-19 10:25:00,42,0.476,0.524,0.429,+0.09,+0.30,+0.17
2026-08-19 10:30:15,42,0.405,0.405,0.405,+0.16,+0.38,+0.25
2026-08-19 10:35:29,42,0.452,0.452,0.381,+0.24,+0.46,+0.33
2026-08-19 10:40:10,42,0.452,0.429,0.381,-0.25,-0.04,-0.15
2026-08-19 10:45:25,43,0.302,0.419,0.395,-0.46,-0.26,-0.34
2026-08-19 10:50:40,42,0.381,0.405,0.381,-0.60,-0.44,-0.44
2026-08-19 10:55:55,42,0.357,0.405,0.381,-0.65,-0.49,-0.49
2026-08-19 11:01:09,42,0.405,0.333,0.381,-0.65,-0.64,-0.60
2026-08-19 11:06:25,42,0.405,0.357,0.381,-0.90,-0.73,-0.90
2026-08-19 11:11:39,42,0.333,0.333,0.262,-1.00,-0.86,-1.02
2026-08-19 11:16:54,42,0.381,0.333,0.310,-1.04,-0.90,-1.06
2026-08-19 11:22:09,42,0.333,0.286,0.286,-1.23,-1.08,-1.25
2026-08-19 11:27:24,41,0.293,0.293,0.293,-1.27,-1.14,-1.31
2026-08-19 11:32:38,41,0.244,0.293,0.268,-1.32,-1.19,-1.36
2026-08-19 11:37:52,39,0.282,0.333,0.282,-1.33,-1.19,-1.35
2026-08-19 11:43:05,38,0.237,0.342,0.237,-1.33,-1.24,-1.31
2026-08-19 11:48:19,38,0.158,0.289,0.263,-1.38,-1.28,-1.36
2026-08-19 11:53:32,38,0.132,0.211,0.263,-1.39,-1.29,-1.36
2026-08-19 11:58:46,38,0.158,0.237,0.263,-1.42,-1.32,-1.40
2026-08-19 12:03:59,38,0.211,0.211,0.289,-0.79,-1.54,-1.48
2026-08-19 12:09:13,39,0.205,0.282,0.256,-0.64,-1.39,-1.37
2026-08-19 12:14:27,39,0.231,0.282,0.282,-0.63,-1.38,-1.36
2026-08-19 12:19:41,39,0.308,0.282,0.282,-0.61,-1.37,-1.34
2026-08-19 12:24:54,39,0.231,0.282,0.282,-0.67,-1.42,-1.39
2026-08-19 12:30:09,39,0.282,0.256,0.256,-0.69,-1.44,-1.41
2026-08-19 12:35:23,39,0.282,0.205,0.308,-0.71,-1.46,-1.43
2026-08-19 12:40:37,39,0.282,0.256,0.282,-0.83,-1.55,-1.53
2026-08-19 12:45:51,39,0.308,0.256,0.256,-0.78,-1.51,-1.48
2026-08-19 12:51:05,39,0.308,0.231,0.231,-0.78,-1.52,-1.48
2026-08-19 12:56:18,39,0.282,0.282,0.282,-0.79,-1.52,-1.49
2026-08-19 13:01:33,39,0.462,0.179,0.205,-0.35,-1.66,-1.49
2026-08-19 13:06:46,39,0.436,0.179,0.231,-0.44,-1.78,-1.66
2026-08-19 13:12:00,39,0.487,0.205,0.308,-0.63,-1.93,-1.81
2026-08-19 13:17:13,38,0.500,0.237,0.316,-0.72,-2.08,-1.95
2026-08-19 13:22:27,38,0.500,0.211,0.263,-0.67,-2.03,-1.90
2026-08-19 13:27:41,38,0.500,0.211,0.289,-0.37,-1.73,-1.60
2026-08-19 13:32:54,38,0.526,0.237,0.289,-0.55,-1.91,-1.78
2026-08-19 13:38:08,39,0.513,0.231,0.282,-0.63,-1.95,-1.82
2026-08-19 13:43:21,39,0.513,0.256,0.333,-0.65,-1.96,-1.83
2026-08-19 13:48:35,39,0.436,0.256,0.231,-0.77,-2.08,-1.95
2026-08-19 13:53:49,39,0.436,0.231,0.205,-0.69,-2.00,-1.87
2026-08-19 13:59:03,39,0.385,0.231,0.205,-0.67,-1.99,-1.86
2026-08-19 14:04:16,39,0.231,0.231,0.205,-0.65,-1.54,-2.08
2026-08-19 14:09:30,39,0.359,0.282,0.205,-0.53,-1.32,-1.84
2026-08-19 14:14:44,39,0.308,0.282,0.205,-0.61,-1.40,-1.92
2026-08-19 14:19:57,39,0.205,0.256,0.205,-0.37,-1.17,-1.71
2026-08-19 14:25:11,40,0.275,0.275,0.200,-0.41,-1.20,-1.70
2026-08-19 14:30:25,39,0.256,0.179,0.205,-0.41,-1.26,-1.77
2026-08-19 14:35:38,38,0.289,0.184,0.211,-0.27,-1.14,-1.68
2026-08-19 14:40:52,38,0.342,0.237,0.184,-0.04,-0.92,-1.46
2026-08-19 14:46:05,38,0.368,0.263,0.263,+0.49,-0.38,-0.93
2026-08-19 14:51:18,37,0.378,0.243,0.270,+0.68,-0.27,-0.81
2026-08-19 14:56:31,37,0.351,0.243,0.243,+0.59,-0.36,-0.89
2026-08-19 15:01:44,37,0.378,0.378,0.270,+1.13,+0.14,-1.24
2026-08-19 15:06:57,37,0.432,0.405,0.270,+1.58,+0.59,-0.90
2026-08-19 15:12:10,37,0.378,0.405,0.216,+1.54,+0.57,-0.92
2026-08-19 15:17:22,37,0.432,0.405,0.270,+1.46,+0.49,-0.98
2026-08-19 15:22:35,37,0.541,0.486,0.297,+1.82,+0.85,-0.64
2026-08-19 15:27:48,37,0.514,0.432,0.297,+1.85,+0.87,-0.62
2026-08-19 15:33:01,37,0.486,0.432,0.297,+1.89,+0.92,-0.56
2026-08-19 15:38:15,37,0.486,0.405,0.297,+1.69,+0.80,-0.75
2026-08-19 15:43:28,37,0.514,0.378,0.270,+1.88,+0.98,-0.58
2026-08-19 15:48:41,37,0.595,0.486,0.324,+1.96,+1.06,-0.49
2026-08-19 15:53:54,37,0.595,0.514,0.297,+1.90,+1.01,-0.55
2026-08-19 15:59:07,37,0.649,0.541,0.297,+1.89,+1.00,-0.57
2026-08-19 16:04:20,38,0.579,0.474,0.316,+0.62,+1.34,-0.20
2026-08-19 16:09:33,38,0.579,0.447,0.316,+0.47,+1.18,-0.35
2026-08-19 16:14:47,38,0.658,0.474,0.395,+0.56,+1.26,-0.24
2026-08-19 16:20:00,38,0.632,0.447,0.316,+0.51,+1.20,-0.31
2026-08-19 16:25:13,37,0.703,0.486,0.378,+0.57,+1.28,-0.28
2026-08-19 16:30:26,36,0.667,0.500,0.361,+0.62,+1.45,-0.18
2026-08-19 16:35:38,35,0.629,0.486,0.371,+0.55,+1.41,-0.21
2026-08-19 16:40:52,35,0.686,0.571,0.457,+0.70,+1.56,-0.08
2026-08-19 16:41:15,35,0.657,0.571,0.457,+0.70,+1.57,-0.07
2026-08-19 16:46:27,36,0.694,0.583,0.472,+0.64,+1.73,+0.23
2026-08-19 16:51:40,36,0.694,0.583,0.472,+0.66,+1.76,+0.27
2026-08-19 16:56:53,36,0.722,0.556,0.444,+0.67,+1.79,+0.29
2026-08-19 17:02:06,36,0.472,0.556,0.444,-0.10,+2.13,+0.79
2026-08-19 17:07:18,36,0.417,0.583,0.444,-0.26,+2.05,+0.72
2026-08-19 17:12:31,36,0.333,0.556,0.417,-0.26,+2.08,+0.72
2026-08-19 17:17:44,36,0.333,0.528,0.444,-0.16,+2.18,+0.82
2026-08-19 17:22:56,36,0.361,0.583,0.417,-0.30,+2.00,+0.66
2026-08-19 17:28:09,36,0.389,0.611,0.417,-0.32,+1.98,+0.64
2026-08-19 17:33:22,36,0.361,0.611,0.444,-0.41,+1.88,+0.54
2026-08-19 17:38:34,36,0.472,0.611,0.500,-0.26,+2.05,+0.71
2026-08-19 17:43:47,36,0.500,0.722,0.500,-0.12,+2.18,+0.84
2026-08-19 17:49:00,36,0.444,0.639,0.500,-0.32,+1.95,+0.62
2026-08-19 17:54:12,35,0.486,0.657,0.514,-0.25,+2.12,+0.78
2026-08-19 17:59:25,35,0.429,0.629,0.486,-0.20,+2.11,+0.78
2026-08-19 18:04:37,35,0.486,0.629,0.543,-0.14,+0.37,+1.33
2026-08-19 18:09:49,35,0.514,0.600,0.571,-0.17,+0.37,+1.36
2026-08-19 18:15:01,35,0.514,0.600,0.571,-0.40,+0.14,+1.10
2026-08-19 18:20:13,35,0.457,0.600,0.543,-0.39,+0.14,+1.11
2026-08-19 18:25:25,35,0.429,0.600,0.543,-0.27,+0.26,+1.26
2026-08-19 18:30:37,35,0.371,0.543,0.543,-0.69,-0.15,+0.82
2026-08-19 18:35:50,35,0.371,0.543,0.571,-0.70,-0.17,+0.79
2026-08-19 18:41:02,35,0.343,0.486,0.543,-0.72,-0.19,+0.79
2026-08-19 18:46:14,35,0.343,0.429,0.543,-0.73,-0.19,+0.79
2026-08-19 18:51:27,35,0.314,0.400,0.543,-0.77,-0.23,+0.74
2026-08-19 18:56:39,35,0.229,0.429,0.543,-0.84,-0.31,+0.66
2026-08-19 19:01:51,35,0.171,0.371,0.400,-0.73,-0.73,+0.69
2026-08-19 19:07:04,35,0.286,0.314,0.457,-0.68,-0.95,+0.75
2026-08-19 19:12:16,35,0.229,0.314,0.486,-0.70,-0.97,+0.74
2026-08-19 19:17:29,35,0.257,0.343,0.514,-0.63,-0.90,+0.81
2026-08-19 19:22:42,35,0.229,0.286,0.429,-0.65,-0.92,+0.80
2026-08-19 19:27:55,35,0.229,0.314,0.457,-0.70,-0.97,+0.76
2026-08-19 19:33:08,35,0.229,0.314,0.429,-0.66,-0.97,+0.78
2026-08-19 19:38:20,35,0.286,0.257,0.429,-0.68,-0.95,+0.79
2026-08-19 19:43:33,35,0.143,0.257,0.429,-0.69,-0.97,+0.78
2026-08-19 19:48:45,35,0.171,0.257,0.429,-0.80,-1.07,+0.68
2026-08-19 19:53:57,35,0.171,0.229,0.457,-0.73,-1.01,+0.76
2026-08-19 20:11:17,33,0.727,0.455,0.515,+0.45,-0.46,+1.76
2026-08-19 20:16:29,32,0.688,0.438,0.562,+0.54,-0.39,+1.95
2026-08-19 20:21:41,33,0.667,0.424,0.545,+0.32,-0.60,+1.64
2026-08-19 20:26:53,33,0.606,0.485,0.576,+0.30,-0.62,+1.63
2026-08-19 20:32:05,33,0.606,0.364,0.576,+0.18,-0.72,+1.49
2026-08-19 20:37:17,33,0.636,0.364,0.515,+0.10,-0.81,+1.45
2026-08-19 20:42:28,33,0.636,0.364,0.485,+0.09,-0.83,+1.41
2026-08-19 20:47:40,33,0.667,0.455,0.667,+0.14,-0.78,+1.46
2026-08-19 20:52:53,33,0.636,0.455,0.576,-0.11,-1.02,+1.21
2026-08-19 20:58:05,33,0.636,0.485,0.545,+0.05,-0.86,+1.38
2026-08-19 21:03:17,33,0.606,0.303,0.576,-0.07,-0.69,-0.37
2026-08-19 21:08:30,33,0.636,0.273,0.515,-0.09,-0.72,-0.40
2026-08-19 21:13:41,33,0.606,0.273,0.545,+0.08,-0.55,-0.22
2026-08-19 21:18:53,33,0.606,0.273,0.455,+0.02,-0.61,-0.29
2026-08-19 21:24:05,34,0.647,0.324,0.529,+0.29,-0.33,+0.01
2026-08-19 21:29:18,34,0.706,0.382,0.529,+0.30,-0.32,+0.01
2026-08-19 21:34:30,34,0.706,0.441,0.618,+0.24,-0.37,-0.05
2026-08-19 21:39:43,34,0.676,0.441,0.559,+0.08,-0.53,-0.20
2026-08-19 21:45:00,34,0.676,0.500,0.588,+0.12,-0.50,-0.16
2026-08-19 21:50:12,34,0.765,0.559,0.588,+0.22,-0.40,-0.06
2026-08-19 21:55:24,34,0.676,0.500,0.588,+0.25,-0.37,-0.03
2026-08-19 22:00:36,34,0.706,0.529,0.500,+0.61,+0.11,-0.68
2026-08-19 22:05:48,34,0.647,0.735,0.500,+0.33,+0.31,-0.77
2026-08-19 22:11:01,34,0.588,0.588,0.441,+0.19,+0.18,-0.89
2026-08-19 22:16:13,34,0.618,0.647,0.471,+0.21,+0.20,-0.87
2026-08-19 22:21:25,34,0.588,0.559,0.500,+0.02,+0.01,-1.04
2026-08-19 22:26:37,32,0.625,0.594,0.531,+0.13,+0.07,-1.02
2026-08-19 22:31:48,32,0.719,0.625,0.531,+0.39,+0.33,-0.77
2026-08-19 22:37:00,32,0.656,0.594,0.500,+0.18,+0.12,-0.96
2026-08-19 22:42:12,32,0.594,0.594,0.469,+0.05,+0.01,-1.09
2026-08-19 22:47:23,32,0.625,0.562,0.438,+0.04,-0.01,-1.10
2026-08-19 22:52:35,32,0.531,0.625,0.438,-0.04,-0.09,-1.18
2026-08-19 22:57:47,32,0.531,0.562,0.469,-0.04,-0.10,-1.18
2026-08-19 23:02:58,32,0.344,0.562,0.438,-0.29,-0.10,-0.97
2026-08-19 23:08:10,32,0.375,0.562,0.500,-0.22,+0.09,-0.73
2026-08-19 23:13:22,32,0.312,0.531,0.438,-0.49,-0.19,-1.00
2026-08-19 23:18:34,33,0.303,0.485,0.394,-0.86,-0.58,-1.40
2026-08-19 23:23:45,32,0.344,0.469,0.406,-0.94,-0.65,-1.46
2026-08-19 23:28:57,32,0.312,0.500,0.406,-0.77,-0.47,-1.28
2026-08-19 23:34:08,32,0.281,0.500,0.375,-0.64,-0.34,-1.14
2026-08-19 23:39:20,32,0.344,0.562,0.406,-0.59,-0.29,-1.08
2026-08-19 23:44:31,32,0.375,0.594,0.438,-0.65,-0.35,-1.15
2026-08-19 23:49:43,32,0.406,0.562,0.375,-0.64,-0.34,-1.13
2026-08-19 23:54:55,32,0.562,0.594,0.500,-0.38,-0.07,-0.87
2026-08-20 00:00:06,32,0.656,0.656,0.500,+0.02,+0.44,-0.75
2026-08-20 00:05:18,33,0.636,0.697,0.545,+0.23,+0.24,-0.58
2026-08-20 00:10:30,33,0.758,0.697,0.545,+0.56,+0.57,-0.24
2026-08-20 00:15:42,33,0.758,0.758,0.576,+0.56,+0.74,-0.00
2026-08-20 00:20:53,34,0.676,0.735,0.559,+0.31,+0.50,-0.27
2026-08-20 00:26:06,34,0.676,0.765,0.588,+0.61,+0.78,+0.02
2026-08-20 00:31:20,38,0.789,0.816,0.763,+1.69,+1.78,+1.06
2026-08-20 00:36:34,39,0.769,0.821,0.744,+1.62,+1.66,+0.98
2026-08-20 00:41:48,39,0.769,0.795,0.718,+1.50,+1.54,+0.86
2026-08-20 00:47:02,39,0.744,0.769,0.667,+1.10,+1.14,+0.47
2026-08-20 00:52:16,40,0.700,0.700,0.675,+1.38,+1.45,+0.85
2026-08-20 00:57:31,40,0.700,0.725,0.650,+1.26,+1.34,+0.75
2026-08-20 01:02:45,40,0.725,0.675,0.725,+0.36,+0.84,+1.28
2026-08-20 01:07:59,40,0.725,0.675,0.725,+0.64,+1.15,+1.59
2026-08-20 01:13:14,41,0.683,0.683,0.683,+0.65,+1.22,+1.81
2026-08-20 01:18:28,41,0.683,0.732,0.756,+0.97,+1.54,+2.13
2026-08-20 01:23:43,41,0.732,0.683,0.732,+0.79,+1.36,+1.94
2026-08-20 01:28:57,41,0.707,0.707,0.732,+0.78,+1.35,+1.93
2026-08-20 01:34:12,41,0.683,0.634,0.707,+0.65,+1.19,+1.77
2026-08-20 01:39:26,41,0.659,0.634,0.707,+0.67,+1.21,+1.79
2026-08-20 01:44:41,41,0.634,0.634,0.707,+0.41,+0.95,+1.52
2026-08-20 01:49:56,41,0.683,0.585,0.683,+0.36,+0.90,+1.46
2026-08-20 01:55:11,41,0.634,0.585,0.659,+0.46,+1.00,+1.56
2026-08-20 02:00:25,41,0.537,0.610,0.707,-0.07,+0.98,+1.29
2026-08-20 02:05:39,41,0.463,0.659,0.707,-0.22,+1.08,+1.10
2026-08-20 02:10:54,41,0.390,0.610,0.683,-0.23,+1.07,+1.09
2026-08-20 02:13:58,41,0.390,0.634,0.683,-0.30,+0.99,+1.02
2026-08-20 02:19:12,41,0.390,0.683,0.659,-0.12,+1.17,+1.20
2026-08-20 02:24:27,41,0.366,0.707,0.634,-0.24,+1.05,+1.08
2026-08-20 02:29:41,41,0.390,0.707,0.683,-0.17,+1.12,+1.15
2026-08-20 02:34:56,41,0.317,0.732,0.732,-0.17,+1.10,+1.14
2026-08-20 02:40:11,41,0.366,0.756,0.732,+0.03,+1.39,+1.43
2026-08-20 02:45:25,41,0.341,0.756,0.732,+0.18,+1.54,+1.59
2026-08-20 02:50:40,41,0.439,0.732,0.756,+0.08,+1.44,+1.48
2026-08-20 02:55:54,41,0.415,0.659,0.707,-0.07,+1.28,+1.33
2026-08-20 03:01:09,41,0.463,0.659,0.683,-0.04,+0.55,+1.38
2026-08-20 03:06:24,41,0.317,0.659,0.707,+0.02,+0.45,+1.40
2026-08-20 03:11:39,41,0.317,0.585,0.683,+0.03,+0.43,+1.37
2026-08-20 03:16:53,41,0.293,0.610,0.659,+0.13,+0.53,+1.47
2026-08-20 03:22:08,41,0.341,0.634,0.683,+0.12,+0.50,+1.45
2026-08-20 03:27:23,41,0.317,0.659,0.683,+0.07,+0.46,+1.38
2026-08-20 03:32:37,41,0.317,0.707,0.707,+0.09,+0.49,+1.39
2026-08-20 03:37:52,41,0.341,0.659,0.683,+0.24,+0.62,+1.53
2026-08-20 03:43:06,41,0.415,0.659,0.707,+0.35,+0.72,+1.61
2026-08-20 03:48:21,41,0.390,0.634,0.707,+0.26,+0.63,+1.52
2026-08-20 03:53:36,41,0.366,0.634,0.659,+0.19,+0.55,+1.44
2026-08-20 03:58:50,41,0.390,0.610,0.610,+0.20,+0.57,+1.46
2026-08-20 04:04:05,41,0.439,0.463,0.610,+0.24,+0.39,+1.35
2026-08-20 04:09:20,41,0.463,0.439,0.610,+0.09,+0.09,+1.13
2026-08-20 04:14:35,41,0.366,0.366,0.610,-0.04,-0.09,+0.94
2026-08-20 04:19:49,41,0.488,0.488,0.610,+0.11,+0.06,+1.08
2026-08-20 04:25:04,41,0.463,0.488,0.610,-0.07,-0.10,+0.93
2026-08-20 04:30:18,41,0.366,0.439,0.610,-0.11,-0.15,+0.88
2026-08-20 04:35:33,41,0.415,0.488,0.610,-0.01,-0.05,+0.97
2026-08-20 04:40:47,41,0.439,0.415,0.610,-0.06,-0.11,+0.92
2026-08-20 04:46:02,41,0.390,0.439,0.585,-0.13,-0.17,+0.88
2026-08-20 04:51:17,41,0.512,0.463,0.585,+0.04,+0.01,+1.05
2026-08-20 04:56:32,41,0.561,0.488,0.610,+0.17,+0.13,+1.18
2026-08-20 05:01:46,41,0.561,0.512,0.659,+0.08,+0.61,+1.62
2026-08-20 05:07:01,41,0.561,0.488,0.634,-0.02,+0.26,+1.40
2026-08-20 05:12:16,41,0.561,0.488,0.634,-0.02,+0.25,+1.45
2026-08-20 05:17:30,41,0.561,0.537,0.585,-0.07,+0.20,+1.38
2026-08-20 05:22:45,41,0.585,0.537,0.610,+0.12,+0.39,+1.59
2026-08-20 05:28:00,41,0.610,0.488,0.610,+0.14,+0.41,+1.61
2026-08-20 05:33:15,41,0.585,0.537,0.610,+0.12,+0.39,+1.60
2026-08-20 05:38:30,41,0.561,0.537,0.610,+0.04,+0.30,+1.51
2026-08-20 05:43:45,41,0.561,0.537,0.610,+0.07,+0.34,+1.55
2026-08-20 05:49:00,41,0.561,0.512,0.610,+0.09,+0.36,+1.54
2026-08-20 05:54:15,41,0.634,0.732,0.634,+0.93,+1.19,+2.42
2026-08-20 05:59:30,41,0.634,0.683,0.634,+0.83,+1.09,+2.33
2026-08-20 06:04:44,41,0.756,0.683,0.634,+0.90,+1.31,+1.84
2026-08-20 06:09:59,41,0.732,0.732,0.659,+1.53,+1.92,+2.42
2026-08-20 06:15:14,41,0.756,0.732,0.659,+1.45,+1.84,+2.34
2026-08-20 06:20:28,41,0.756,0.732,0.683,+1.39,+1.78,+2.27
2026-08-20 06:25:43,41,0.732,0.683,0.634,+1.29,+1.69,+2.19
2026-08-20 06:30:58,42,0.714,0.714,0.643,+1.43,+1.88,+2.35
2026-08-20 06:36:12,42,0.690,0.690,0.619,+1.17,+1.61,+2.09
2026-08-20 06:41:28,42,0.667,0.643,0.619,+1.02,+1.46,+1.95
2026-08-20 06:46:43,42,0.714,0.667,0.595,+1.29,+1.74,+2.22
2026-08-20 06:51:58,43,0.651,0.674,0.605,+1.49,+2.02,+2.54
2026-08-20 06:57:13,43,0.651,0.674,0.605,+1.25,+1.77,+2.28
2026-08-20 07:02:29,43,0.581,0.605,0.581,+0.28,+1.35,+1.58
2026-08-20 07:07:44,43,0.558,0.605,0.581,+0.27,+1.33,+1.56
2026-08-20 07:12:59,43,0.512,0.605,0.535,+0.02,+1.08,+1.31
2026-08-20 07:18:14,43,0.419,0.628,0.558,+0.09,+1.15,+1.40
2026-08-20 07:23:31,43,0.442,0.581,0.558,-0.09,+0.97,+1.20
2026-08-20 07:28:46,43,0.372,0.581,0.535,-0.17,+0.89,+1.12
2026-08-20 07:34:02,44,0.386,0.568,0.523,-0.42,+0.64,+0.89
2026-08-20 07:39:17,44,0.318,0.500,0.500,-0.65,+0.42,+0.64
2026-08-20 07:44:34,44,0.364,0.523,0.545,-0.63,+0.45,+0.67
2026-08-20 07:49:50,45,0.356,0.489,0.489,-0.65,+0.39,+0.49
2026-08-20 07:55:06,45,0.311,0.511,0.489,-0.70,+0.32,+0.44
2026-08-20 08:00:22,45,0.356,0.533,0.578,-0.75,+0.04,+0.75
2026-08-20 08:05:39,45,0.267,0.556,0.578,-0.76,+0.32,+0.79
2026-08-20 08:10:54,45,0.222,0.533,0.578,-0.89,+0.30,+0.71
2026-08-20 08:16:07,45,0.289,0.600,0.556,-0.60,+0.60,+1.01
2026-08-20 08:21:23,45,0.311,0.622,0.600,-0.52,+0.68,+1.10
2026-08-20 08:26:40,45,0.244,0.600,0.578,-0.57,+0.65,+1.06
2026-08-20 08:31:56,45,0.311,0.622,0.578,-0.50,+0.70,+1.11
2026-08-20 08:37:12,45,0.244,0.622,0.578,-0.48,+0.73,+1.14
2026-08-20 08:42:28,46,0.283,0.652,0.609,-0.29,+0.92,+1.40
2026-08-20 08:47:46,47,0.298,0.660,0.617,-0.24,+1.01,+1.47
2026-08-20 08:53:02,47,0.255,0.660,0.596,-0.35,+0.89,+1.35
2026-08-20 08:58:19,47,0.340,0.660,0.617,-0.16,+1.09,+1.56
2026-08-20 09:03:36,47,0.830,0.660,0.745,+0.96,+0.37,+1.67
2026-08-20 09:08:52,47,0.894,0.681,0.766,+1.26,+0.62,+1.97
2026-08-20 09:14:09,47,0.851,0.681,0.745,+1.15,+0.51,+1.86
2026-08-20 09:19:26,47,0.830,0.681,0.787,+1.21,+0.56,+1.91
2026-08-20 09:24:42,47,0.809,0.702,0.766,+1.25,+0.61,+1.98
2026-08-20 09:29:59,47,0.851,0.745,0.787,+1.44,+0.81,+2.17
2026-08-20 09:35:16,47,0.851,0.766,0.766,+1.53,+0.90,+2.28
2026-08-20 09:40:33,47,0.894,0.702,0.766,+1.37,+0.74,+2.10
2026-08-20 09:45:49,47,0.872,0.723,0.766,+1.34,+0.71,+2.07
2026-08-20 09:51:06,47,0.894,0.702,0.809,+1.55,+0.91,+2.29
2026-08-20 09:56:23,47,0.851,0.745,0.809,+1.75,+1.11,+2.47
2026-08-20 10:01:40,47,0.766,0.553,0.723,+0.85,+0.68,+2.31
2026-08-20 10:06:57,47,0.745,0.489,0.766,+0.55,+0.44,+2.06
2026-08-20 10:12:13,47,0.681,0.532,0.745,+0.48,+0.39,+1.97
2026-08-20 10:17:30,46,0.522,0.478,0.717,+0.36,+0.30,+1.88
2026-08-20 10:22:47,46,0.609,0.478,0.739,+0.53,+0.47,+2.07
2026-08-20 10:28:03,46,0.652,0.478,0.717,+0.44,+0.36,+1.95
2026-08-20 10:33:19,46,0.630,0.457,0.717,+0.41,+0.33,+1.92
2026-08-20 10:38:36,47,0.660,0.489,0.745,+0.53,+0.44,+1.96
2026-08-20 10:43:54,48,0.625,0.521,0.708,+0.61,+0.50,+2.09
2026-08-20 10:49:12,50,0.660,0.540,0.700,+0.20,-0.08,+1.46
2026-08-20 10:54:29,50,0.740,0.620,0.740,+0.27,-0.00,+1.54
2026-08-20 10:59:48,50,0.680,0.580,0.760,+0.31,+0.03,+1.57
2026-08-20 11:05:06,50,0.600,0.840,0.760,-0.26,+1.35,+1.31
2026-08-20 11:10:24,50,0.500,0.840,0.720,-0.34,+1.29,+1.25
2026-08-20 11:15:41,50,0.420,0.840,0.740,-0.54,+1.09,+1.06
2026-08-20 11:20:59,50,0.440,0.840,0.740,-0.65,+0.97,+0.94
2026-08-20 11:26:17,50,0.400,0.880,0.760,-0.58,+1.05,+1.02
2026-08-20 11:31:35,50,0.420,0.840,0.740,-0.51,+1.13,+1.09
2026-08-20 11:34:25,50,0.420,0.860,0.780,-0.47,+1.18,+1.14
2026-08-20 11:39:42,50,0.400,0.840,0.780,-0.47,+1.16,+1.12
2026-08-20 11:45:00,50,0.380,0.840,0.800,-0.40,+1.23,+1.17
2026-08-20 11:50:17,50,0.440,0.840,0.780,-0.44,+1.19,+1.13
2026-08-20 11:55:35,50,0.400,0.840,0.780,-0.34,+1.31,+1.21
2026-08-20 12:00:52,50,0.380,0.620,0.700,-0.35,+0.28,+0.37
2026-08-20 12:06:11,51,0.392,0.510,0.706,-0.24,+0.22,+0.51
2026-08-20 12:11:29,51,0.353,0.373,0.627,-0.61,-0.13,+0.15
2026-08-20 12:16:46,51,0.314,0.373,0.588,-0.64,-0.17,+0.12
2026-08-20 12:22:04,51,0.314,0.353,0.627,-0.52,-0.04,+0.25
2026-08-20 12:27:23,51,0.314,0.373,0.588,-0.53,-0.06,+0.23
2026-08-20 12:32:40,51,0.294,0.373,0.549,-0.72,-0.25,+0.05
2026-08-20 12:37:58,51,0.333,0.373,0.569,-0.56,-0.07,+0.23
2026-08-20 12:43:16,51,0.255,0.392,0.588,-0.57,-0.09,+0.21
2026-08-20 12:48:34,51,0.294,0.529,0.627,-0.49,-0.01,+0.29
2026-08-20 12:53:52,51,0.314,0.510,0.627,-0.43,+0.05,+0.35
2026-08-20 12:59:10,51,0.294,0.451,0.627,-0.47,+0.01,+0.31
2026-08-20 13:04:27,51,0.255,0.255,0.431,-0.43,-0.85,-0.18
2026-08-20 13:09:45,50,0.240,0.240,0.420,-0.44,-0.85,-0.24
2026-08-20 13:15:02,50,0.280,0.280,0.480,-0.25,-0.66,-0.06
2026-08-20 13:20:19,50,0.280,0.280,0.440,-0.33,-0.75,-0.15
2026-08-20 13:25:37,50,0.240,0.300,0.420,-0.34,-0.76,-0.16
2026-08-20 13:30:55,51,0.255,0.255,0.471,-0.30,-0.74,-0.11
2026-08-20 13:36:13,51,0.235,0.255,0.412,-0.27,-0.72,-0.09
2026-08-20 13:41:31,51,0.255,0.255,0.431,-0.11,-0.55,+0.07
2026-08-20 13:46:49,51,0.333,0.294,0.412,+0.01,-0.43,+0.19
2026-08-20 13:52:07,52,0.404,0.327,0.481,+0.07,-0.34,+0.28
2026-08-20 13:57:26,52,0.462,0.346,0.442,+0.12,-0.33,+0.28
2026-08-20 14:02:44,52,0.615,0.327,0.692,+0.47,+0.07,+1.38
2026-08-20 14:08:02,52,0.577,0.288,0.788,+0.36,-0.10,+1.50
2026-08-20 14:13:20,51,0.569,0.314,0.784,+0.31,-0.15,+1.46
2026-08-20 14:18:38,51,0.569,0.333,0.765,+0.41,-0.07,+1.55
2026-08-20 14:23:56,52,0.577,0.365,0.788,+0.56,+0.12,+1.76
2026-08-20 14:29:14,52,0.577,0.385,0.769,+0.57,+0.13,+1.76
2026-08-20 14:34:32,52,0.538,0.365,0.769,+0.53,+0.09,+1.72
2026-08-20 14:39:51,52,0.577,0.365,0.750,+0.48,+0.03,+1.66
2026-08-20 14:45:09,52,0.558,0.365,0.769,+0.59,+0.15,+1.79
2026-08-20 14:50:27,52,0.500,0.346,0.769,+0.37,-0.07,+1.56
2026-08-20 14:55:46,52,0.462,0.346,0.712,+0.37,-0.07,+1.56
2026-08-20 15:01:04,52,0.423,0.385,0.596,-0.16,+0.01,+0.81
2026-08-20 15:06:22,52,0.308,0.346,0.500,-0.39,-0.10,+0.37
2026-08-20 15:11:40,51,0.353,0.373,0.490,-0.13,+0.18,+0.61
2026-08-20 15:16:58,51,0.373,0.412,0.510,-0.07,+0.26,+0.70
2026-08-20 15:22:16,51,0.373,0.431,0.510,-0.16,+0.17,+0.62
2026-08-20 15:27:34,51,0.510,0.510,0.549,+0.03,+0.36,+0.80
2026-08-20 15:32:52,51,0.529,0.471,0.569,-0.07,+0.26,+0.71
2026-08-20 15:38:09,51,0.471,0.510,0.627,-0.04,+0.31,+0.74
2026-08-20 15:43:27,51,0.510,0.490,0.569,-0.02,+0.31,+0.76
2026-08-20 15:48:45,51,0.510,0.451,0.608,-0.03,+0.30,+0.75
2026-08-20 15:54:03,51,0.510,0.451,0.549,-0.05,+0.28,+0.73
2026-08-20 15:59:21,51,0.471,0.510,0.569,-0.07,+0.26,+0.71
2026-08-20 16:04:39,50,0.540,0.600,0.400,+0.13,+0.63,-0.12
2026-08-20 16:09:56,50,0.540,0.580,0.400,+0.18,+0.68,-0.07
2026-08-20 16:15:14,50,0.520,0.600,0.460,+0.27,+0.78,+0.02
2026-08-20 16:20:31,50,0.480,0.620,0.360,+0.14,+0.64,-0.11
2026-08-20 16:25:49,50,0.460,0.560,0.380,+0.02,+0.52,-0.23
2026-08-20 16:31:07,50,0.560,0.520,0.340,+0.09,+0.58,-0.16
2026-08-20 16:36:24,50,0.400,0.560,0.340,+0.05,+0.55,-0.20
2026-08-20 16:41:42,50,0.500,0.560,0.380,+0.16,+0.65,-0.08
2026-08-20 16:46:59,50,0.480,0.600,0.360,+0.03,+0.53,-0.22
2026-08-20 16:52:17,50,0.480,0.620,0.400,+0.06,+0.55,-0.20
2026-08-20 16:57:35,50,0.500,0.620,0.380,+0.01,+0.50,-0.25
2026-08-20 17:02:52,50,0.480,0.500,0.380,-0.07,-0.13,+0.00
2026-08-20 17:08:10,50,0.580,0.520,0.520,+0.08,+0.02,+0.17
2026-08-20 17:13:28,51,0.745,0.686,0.667,+0.99,+1.07,+1.21
2026-08-20 17:18:46,51,0.765,0.686,0.667,+1.13,+1.21,+1.33
2026-08-20 17:24:03,51,0.745,0.627,0.588,+0.89,+0.97,+1.10
2026-08-20 17:29:21,51,0.745,0.686,0.706,+1.16,+1.24,+1.37
2026-08-20 17:34:39,51,0.725,0.647,0.686,+1.16,+1.25,+1.39
2026-08-20 17:36:21,51,0.725,0.647,0.667,+1.08,+1.17,+1.30
2026-08-20 17:41:39,51,0.765,0.667,0.667,+1.31,+1.39,+1.52
2026-08-20 17:46:58,51,0.745,0.647,0.706,+1.30,+1.39,+1.52
2026-08-20 17:52:16,52,0.769,0.635,0.654,+1.36,+1.43,+1.51
2026-08-20 17:57:35,52,0.769,0.654,0.692,+1.48,+1.56,+1.63
2026-08-20 18:02:53,52,0.731,0.635,0.673,+1.18,+1.49,+1.59
2026-08-20 18:08:10,51,0.745,0.627,0.686,+1.41,+1.73,+1.87
2026-08-20 18:13:28,51,0.765,0.686,0.686,+1.62,+1.93,+2.08
2026-08-20 18:18:46,51,0.804,0.706,0.647,+1.83,+2.14,+2.29
2026-08-20 18:24:03,51,0.784,0.725,0.706,+1.86,+2.17,+2.33
2026-08-20 18:29:22,51,0.804,0.745,0.725,+1.87,+2.16,+2.31
2026-08-20 18:34:40,51,0.784,0.725,0.686,+1.81,+2.10,+2.25
2026-08-20 18:40:00,51,0.745,0.745,0.706,+1.97,+2.26,+2.41
2026-08-20 18:45:18,51,0.765,0.706,0.745,+2.14,+2.42,+2.57
2026-08-20 18:50:36,51,0.784,0.725,0.725,+2.11,+2.39,+2.53
2026-08-20 18:55:54,51,0.765,0.686,0.725,+1.89,+2.15,+2.30
2026-08-20 19:01:13,51,0.451,0.745,0.686,+0.44,+1.66,+2.40
2026-08-20 19:06:31,51,0.510,0.784,0.765,+0.49,+1.98,+2.65
2026-08-20 19:11:49,51,0.588,0.824,0.706,+0.65,+2.14,+2.81
2026-08-20 19:17:07,52,0.615,0.827,0.731,+0.72,+2.18,+2.80
2026-08-20 19:22:26,52,0.673,0.846,0.750,+0.77,+2.21,+2.84
2026-08-20 19:27:44,52,0.673,0.846,0.750,+0.78,+2.22,+2.87
2026-08-20 19:33:02,52,0.673,0.827,0.769,+0.78,+2.22,+2.85
2026-08-20 19:38:20,52,0.577,0.827,0.750,+0.67,+2.11,+2.74
2026-08-20 19:43:39,52,0.558,0.827,0.750,+0.60,+2.03,+2.66
2026-08-20 19:48:57,52,0.577,0.827,0.769,+0.68,+2.11,+2.74
2026-08-20 19:54:17,52,0.615,0.808,0.769,+0.61,+2.05,+2.68
2026-08-20 19:59:36,52,0.615,0.788,0.769,+0.68,+2.12,+2.74
2026-08-20 20:04:54,52,0.673,0.750,0.731,+0.12,+1.91,+2.02
2026-08-20 20:10:12,52,0.635,0.788,0.731,+0.11,+1.84,+1.91
2026-08-20 20:15:30,52,0.558,0.788,0.692,-0.08,+1.65,+1.73
2026-08-20 20:20:48,52,0.538,0.750,0.731,-0.14,+1.60,+1.69
2026-08-20 20:26:07,52,0.596,0.750,0.731,-0.04,+1.70,+1.79
2026-08-20 20:31:25,52,0.577,0.750,0.712,+0.08,+1.83,+1.91
2026-08-20 20:36:43,52,0.635,0.769,0.712,+0.27,+2.03,+2.11
2026-08-20 20:42:02,52,0.654,0.750,0.731,+0.30,+2.06,+2.14
2026-08-20 20:47:20,52,0.654,0.731,0.731,+0.20,+1.96,+2.04
2026-08-20 20:52:39,53,0.642,0.717,0.679,+0.38,+2.16,+2.28
2026-08-20 20:57:57,53,0.623,0.755,0.717,+0.29,+2.06,+2.19
2026-08-20 21:03:15,53,0.491,0.566,0.698,+0.03,+0.61,+2.35
2026-08-20 21:08:34,53,0.321,0.509,0.698,-0.34,+0.27,+1.95
2026-08-20 21:13:53,54,0.296,0.519,0.685,-0.36,+0.25,+1.97
2026-08-20 21:19:11,54,0.333,0.444,0.685,-0.37,+0.24,+1.92
2026-08-20 21:24:31,54,0.333,0.481,0.704,-0.30,+0.31,+1.99
2026-08-20 21:29:50,54,0.296,0.500,0.704,-0.35,+0.26,+1.94
2026-08-20 21:35:09,54,0.278,0.481,0.685,-0.47,+0.13,+1.80
2026-08-20 21:40:28,54,0.259,0.481,0.722,-0.58,+0.03,+1.70
2026-08-20 21:45:48,54,0.315,0.463,0.722,-0.46,+0.15,+1.82
2026-08-20 21:51:07,54,0.296,0.481,0.685,-0.55,+0.05,+1.72
2026-08-20 21:56:27,54,0.352,0.537,0.741,-0.29,+0.31,+1.99
2026-08-20 22:01:46,54,0.278,0.537,0.778,-0.44,-0.01,+1.84
2026-08-20 22:07:06,54,0.389,0.630,0.796,-0.14,+0.10,+1.92
2026-08-20 22:12:25,54,0.352,0.556,0.778,-0.20,+0.04,+1.88
2026-08-20 22:17:44,54,0.352,0.537,0.741,-0.18,+0.06,+1.91
2026-08-20 22:23:04,54,0.352,0.574,0.741,-0.21,+0.04,+1.88
2026-08-20 22:28:22,54,0.278,0.593,0.778,+0.09,+0.33,+2.17
2026-08-20 22:33:42,55,0.291,0.491,0.745,+0.02,+0.37,+2.19
2026-08-20 22:39:02,55,0.345,0.455,0.782,-0.11,+0.24,+2.07
2026-08-20 22:44:21,55,0.327,0.509,0.782,+0.12,+0.48,+2.31
2026-08-20 22:49:41,55,0.327,0.491,0.764,-0.00,+0.35,+2.18
2026-08-20 22:55:02,55,0.345,0.545,0.727,+0.23,+0.59,+2.43
2026-08-20 23:00:21,55,0.309,0.564,0.764,+0.21,+0.58,+2.42
2026-08-20 23:05:41,55,0.364,0.382,0.727,+0.58,+0.43,+2.47
2026-08-20 23:11:01,55,0.436,0.436,0.691,+0.73,+0.59,+2.62
2026-08-20 23:16:23,55,0.418,0.400,0.709,+0.60,+0.45,+2.47
2026-08-20 23:21:42,55,0.400,0.400,0.691,+0.53,+0.39,+2.41
2026-08-20 23:27:02,55,0.382,0.400,0.691,+0.53,+0.38,+2.39
2026-08-20 23:32:21,55,0.364,0.327,0.709,+0.49,+0.35,+2.37
2026-08-20 23:37:17,55,0.473,0.436,0.709,+0.67,+0.51,+2.57
2026-08-20 23:42:37,55,0.436,0.473,0.709,+0.57,+0.44,+2.47
2026-08-20 23:47:57,55,0.345,0.400,0.673,+0.55,+0.41,+2.43
2026-08-20 23:53:17,55,0.455,0.418,0.673,+0.69,+0.55,+2.58
2026-08-20 23:58:37,55,0.455,0.436,0.691,+0.76,+0.63,+2.66
2026-08-21 00:03:57,55,0.655,0.418,0.636,+0.62,+0.99,+1.69
2026-08-21 00:09:17,55,0.655,0.418,0.600,+0.61,+0.99,+1.69
2026-08-21 00:14:36,55,0.636,0.455,0.636,+0.73,+1.11,+1.83
2026-08-21 00:19:57,54,0.667,0.426,0.630,+0.97,+1.30,+2.05
2026-08-21 00:25:15,54,0.556,0.463,0.593,+0.78,+1.09,+1.84
2026-08-21 00:30:34,54,0.648,0.500,0.630,+0.93,+1.23,+1.98
2026-08-21 00:35:54,54,0.685,0.537,0.648,+1.07,+1.41,+2.14
2026-08-21 00:41:14,54,0.611,0.481,0.630,+1.02,+1.37,+2.09
2026-08-21 00:46:33,54,0.630,0.519,0.630,+1.12,+1.47,+2.20
2026-08-21 00:51:52,53,0.679,0.547,0.660,+1.42,+1.76,+2.60
2026-08-21 00:57:11,52,0.731,0.538,0.654,+1.71,+2.02,+2.80
2026-08-21 01:02:29,52,0.788,0.654,0.635,+1.65,+2.09,+2.50
2026-08-21 01:07:48,52,0.808,0.635,0.635,+1.65,+2.31,+2.50
2026-08-21 01:13:06,52,0.808,0.615,0.635,+1.64,+2.30,+2.49
2026-08-21 01:18:25,52,0.712,0.577,0.635,+1.52,+2.19,+2.39
2026-08-21 01:23:43,52,0.712,0.538,0.635,+1.56,+2.22,+2.42
2026-08-21 01:29:02,53,0.698,0.585,0.642,+1.39,+2.04,+2.19
2026-08-21 01:34:20,53,0.698,0.566,0.604,+1.34,+1.99,+2.13
2026-08-21 01:39:39,54,0.722,0.593,0.630,+1.55,+2.22,+2.37
2026-08-21 01:44:59,55,0.764,0.673,0.655,+1.64,+2.31,+2.43
2026-08-21 01:50:18,55,0.764,0.691,0.673,+1.80,+2.48,+2.59
2026-08-21 01:55:38,56,0.732,0.696,0.679,+1.88,+2.56,+2.70
2026-08-21 02:00:58,56,0.732,0.750,0.714,+0.99,+2.36,+2.78
2026-08-21 02:06:18,56,0.679,0.821,0.714,+0.37,+2.23,+2.52
2026-08-21 02:11:38,56,0.589,0.750,0.696,+0.24,+2.07,+2.35
2026-08-21 02:16:58,56,0.571,0.750,0.696,+0.21,+2.04,+2.33
2026-08-21 02:22:18,57,0.579,0.719,0.667,+0.20,+2.04,+2.31
2026-08-21 02:27:38,57,0.596,0.719,0.667,+0.30,+2.15,+2.42
2026-08-21 02:32:58,57,0.649,0.702,0.649,+0.28,+2.11,+2.38
2026-08-21 02:38:18,57,0.596,0.684,0.649,+0.28,+2.12,+2.39
2026-08-21 02:43:39,57,0.509,0.702,0.632,+0.24,+2.07,+2.34
2026-08-21 02:49:00,58,0.552,0.707,0.603,+0.33,+2.11,+2.39
2026-08-21 02:54:20,57,0.544,0.702,0.596,+0.39,+2.17,+2.51
2026-08-21 02:59:40,57,0.561,0.667,0.544,+0.35,+2.12,+2.46
2026-08-21 03:05:00,58,0.310,0.638,0.483,-0.55,+1.39,+1.96
2026-08-21 03:10:21,58,0.293,0.603,0.483,-0.73,+1.16,+1.77
2026-08-21 03:15:41,58,0.259,0.621,0.500,-0.68,+1.21,+1.81
2026-08-21 03:21:02,58,0.276,0.621,0.448,-0.70,+1.18,+1.78
2026-08-21 03:26:23,58,0.293,0.586,0.466,-0.57,+1.33,+1.93
2026-08-21 03:31:43,58,0.241,0.534,0.431,-0.71,+1.20,+1.79
2026-08-21 03:37:04,58,0.224,0.500,0.414,-0.98,+0.93,+1.54
2026-08-21 03:42:24,58,0.224,0.517,0.379,-1.00,+0.90,+1.51
2026-08-21 03:47:45,58,0.259,0.500,0.397,-0.97,+0.91,+1.51
2026-08-21 03:53:05,58,0.241,0.552,0.414,-0.90,+0.99,+1.58
2026-08-21 03:58:26,58,0.276,0.517,0.397,-0.95,+0.94,+1.54
2026-08-21 04:03:46,58,0.276,0.293,0.466,-0.80,-0.64,+1.42
2026-08-21 04:09:06,58,0.276,0.310,0.466,-0.56,-0.51,+1.83
2026-08-21 04:14:27,58,0.293,0.328,0.448,-0.53,-0.46,+1.88
2026-08-21 04:19:48,58,0.310,0.293,0.517,-0.46,-0.38,+1.99
2026-08-21 04:25:08,58,0.362,0.362,0.534,-0.38,-0.31,+2.07
2026-08-21 04:30:29,58,0.310,0.328,0.448,-0.67,-0.60,+1.72
2026-08-21 04:35:50,58,0.276,0.276,0.466,-0.66,-0.59,+1.74
2026-08-21 04:41:10,58,0.345,0.379,0.534,-0.48,-0.41,+1.92
2026-08-21 04:46:30,58,0.328,0.328,0.483,-0.52,-0.44,+1.89
2026-08-21 04:51:51,58,0.293,0.328,0.517,-0.64,-0.57,+1.76
2026-08-21 04:57:12,58,0.259,0.293,0.500,-0.64,-0.56,+1.78
2026-08-21 05:02:33,58,0.466,0.276,0.517,+0.10,-0.87,+1.24
2026-08-21 05:07:54,58,0.552,0.293,0.517,+0.22,-0.76,+1.32
2026-08-21 05:13:14,58,0.534,0.276,0.534,+0.40,-0.60,+1.56
2026-08-21 05:18:35,58,0.517,0.224,0.534,+0.47,-0.59,+1.60
2026-08-21 05:23:56,58,0.500,0.241,0.552,+0.43,-0.63,+1.51
2026-08-21 05:29:17,59,0.559,0.271,0.559,+0.58,-0.39,+1.94
2026-08-21 05:34:38,60,0.633,0.300,0.617,+0.87,-0.05,+2.18
2026-08-21 05:38:20,60,0.600,0.283,0.617,+0.90,-0.02,+2.25
2026-08-21 05:43:42,60,0.517,0.267,0.533,+0.96,+0.05,+2.31
2026-08-21 05:49:03,60,0.550,0.233,0.567,+0.85,-0.06,+2.15
2026-08-21 05:54:24,60,0.500,0.233,0.517,+0.76,-0.15,+2.09
2026-08-21 05:59:45,60,0.517,0.217,0.500,+0.74,-0.17,+2.08
2026-08-21 06:05:06,60,0.517,0.267,0.567,+0.54,-0.09,+1.98
2026-08-21 06:10:30,60,0.533,0.283,0.600,+0.65,+0.21,+2.07
2026-08-21 06:15:51,59,0.542,0.305,0.593,+0.58,+0.14,+2.08
2026-08-21 06:21:12,59,0.525,0.305,0.627,+0.44,-0.02,+1.88
2026-08-21 06:26:33,59,0.542,0.288,0.610,+0.38,-0.08,+1.83
2026-08-21 06:31:53,59,0.508,0.271,0.542,+0.34,-0.11,+1.79
2026-08-21 06:37:15,59,0.542,0.322,0.627,+0.36,-0.10,+1.82
2026-08-21 06:42:36,60,0.550,0.350,0.617,+0.67,+0.20,+2.08
2026-08-21 06:47:56,59,0.576,0.390,0.661,+0.75,+0.26,+2.12
2026-08-21 06:53:17,59,0.559,0.407,0.695,+0.76,+0.28,+2.16
2026-08-21 06:58:38,59,0.593,0.390,0.695,+0.79,+0.31,+2.19
2026-08-21 07:03:59,59,0.593,0.644,0.492,+0.14,+0.97,+0.51
2026-08-21 07:09:20,60,0.550,0.617,0.450,+0.21,+1.00,+0.52
2026-08-21 07:14:41,60,0.550,0.633,0.467,+0.33,+1.11,+0.64
2026-08-21 07:20:03,60,0.483,0.600,0.450,+0.29,+1.08,+0.61
2026-08-21 07:25:23,60,0.533,0.583,0.450,+0.43,+1.22,+0.75
2026-08-21 07:30:45,60,0.567,0.650,0.417,+0.53,+1.32,+0.85
2026-08-21 07:36:06,60,0.600,0.650,0.450,+0.53,+1.32,+0.84
2026-08-21 07:41:26,60,0.567,0.617,0.450,+0.32,+1.09,+0.60
2026-08-21 07:46:48,60,0.567,0.617,0.450,+0.35,+1.12,+0.64
2026-08-21 07:52:09,60,0.617,0.633,0.433,+0.42,+1.21,+0.73
2026-08-21 07:57:30,60,0.650,0.633,0.450,+0.46,+1.24,+0.75
2026-08-21 08:02:51,60,0.533,0.583,0.383,+0.22,+0.82,+0.27
2026-08-21 08:08:12,60,0.533,0.550,0.433,+0.30,+1.03,+0.37
2026-08-21 08:13:33,61,0.574,0.590,0.443,+0.33,+1.22,+0.53
2026-08-21 08:18:54,61,0.541,0.639,0.475,+0.26,+1.14,+0.45
2026-08-21 08:24:16,61,0.607,0.639,0.459,+0.46,+1.35,+0.65
2026-08-21 08:29:38,61,0.705,0.639,0.475,+0.69,+1.57,+0.88
2026-08-21 08:34:59,61,0.689,0.656,0.459,+0.62,+1.51,+0.82
2026-08-21 08:40:21,61,0.623,0.672,0.410,+0.60,+1.49,+0.80
2026-08-21 08:45:42,60,0.683,0.667,0.450,+0.69,+1.56,+0.88
2026-08-21 08:51:04,60,0.633,0.633,0.433,+0.60,+1.47,+0.79
2026-08-21 08:56:25,60,0.700,0.650,0.433,+0.69,+1.56,+0.89
2026-08-21 09:01:46,60,0.600,0.633,0.450,+0.13,+1.02,+0.94
2026-08-21 09:07:08,60,0.650,0.650,0.467,+0.35,+1.12,+1.12
2026-08-21 09:12:29,60,0.750,0.683,0.500,+0.46,+1.23,+1.22
2026-08-21 09:17:50,60,0.683,0.700,0.467,+0.46,+1.21,+1.21
2026-08-21 09:23:12,61,0.656,0.721,0.557,+0.70,+1.42,+1.44
2026-08-21 09:28:33,61,0.639,0.705,0.557,+0.66,+1.38,+1.42
2026-08-21 09:33:55,61,0.525,0.672,0.525,+0.56,+1.28,+1.32
2026-08-21 09:39:17,62,0.548,0.629,0.484,+0.67,+1.17,+1.15
2026-08-21 09:44:38,62,0.516,0.661,0.468,+0.41,+0.92,+0.89
2026-08-21 09:50:00,62,0.629,0.677,0.516,+0.82,+1.33,+1.32
2026-08-21 09:55:22,62,0.613,0.742,0.597,+1.03,+1.54,+1.52
2026-08-21 10:00:45,63,0.476,0.635,0.667,+0.14,+0.90,+2.04
2026-08-21 10:06:07,63,0.492,0.683,0.730,+0.49,+1.27,+2.36
2026-08-21 10:11:29,63,0.540,0.714,0.714,+0.66,+1.45,+2.53
2026-08-21 10:16:52,63,0.587,0.730,0.698,+0.50,+1.28,+2.36
2026-08-21 10:22:15,64,0.594,0.766,0.734,+1.07,+1.88,+2.98
2026-08-21 10:27:39,64,0.578,0.750,0.734,+1.15,+1.94,+3.06
2026-08-21 10:33:03,64,0.641,0.766,0.734,+1.37,+2.15,+3.28
2026-08-21 10:38:25,64,0.547,0.734,0.703,+1.12,+1.90,+3.03
2026-08-21 10:43:48,64,0.531,0.766,0.703,+1.20,+1.99,+3.12
2026-08-21 10:49:11,64,0.656,0.766,0.719,+1.44,+2.23,+3.36
2026-08-21 10:54:34,65,0.646,0.769,0.708,+1.43,+2.24,+3.35
2026-08-21 10:59:57,65,0.677,0.738,0.708,+1.56,+2.37,+3.49
2026-08-21 11:05:20,65,0.662,0.677,0.708,+0.85,+2.14,+3.14
2026-08-21 11:10:43,65,0.662,0.723,0.708,+0.97,+2.25,+3.25
2026-08-21 11:16:06,65,0.662,0.692,0.692,+0.75,+2.01,+3.01
2026-08-21 11:21:29,65,0.615,0.708,0.677,+0.81,+2.07,+3.07
2026-08-21 11:26:53,66,0.591,0.712,0.667,+0.72,+2.03,+3.04
2026-08-21 11:32:16,66,0.606,0.682,0.697,+0.60,+1.91,+2.92
2026-08-21 11:37:39,66,0.561,0.667,0.667,+0.56,+1.88,+2.89
2026-08-21 11:39:29,66,0.545,0.652,0.667,+0.50,+1.82,+2.83
2026-08-21 11:44:52,67,0.537,0.627,0.672,+0.62,+1.96,+3.02
2026-08-21 11:50:16,67,0.522,0.642,0.642,+0.42,+1.76,+2.83
2026-08-21 11:55:40,67,0.567,0.657,0.657,+0.61,+1.95,+3.01
2026-08-21 12:01:03,66,0.409,0.667,0.682,-0.25,+1.46,+2.56
2026-08-21 12:06:27,66,0.303,0.621,0.667,-0.30,+1.24,+2.45
2026-08-21 12:11:51,66,0.364,0.636,0.697,-0.01,+1.55,+2.75
2026-08-21 12:17:14,66,0.303,0.621,0.682,-0.08,+1.48,+2.68
2026-08-21 12:22:38,66,0.333,0.621,0.697,+0.04,+1.60,+2.81
2026-08-21 12:28:02,66,0.364,0.576,0.697,+0.08,+1.63,+2.85
2026-08-21 12:33:25,66,0.379,0.576,0.727,+0.13,+1.68,+2.91
2026-08-21 12:38:50,66,0.394,0.576,0.727,+0.10,+1.65,+2.89
2026-08-21 12:44:13,66,0.439,0.576,0.758,+0.20,+1.74,+2.99
2026-08-21 12:49:38,65,0.431,0.585,0.723,+0.28,+1.78,+2.97
2026-08-21 12:55:03,67,0.493,0.582,0.761,+0.31,+1.87,+3.11
2026-08-21 13:00:27,67,0.507,0.582,0.716,-0.03,+1.42,+2.76
2026-08-21 13:05:51,67,0.642,0.642,0.761,+0.32,+1.18,+2.60
2026-08-21 13:11:14,67,0.597,0.597,0.746,+0.21,+1.06,+2.49
2026-08-21 13:16:39,67,0.582,0.627,0.746,+0.26,+1.11,+2.53
2026-08-21 13:22:04,68,0.603,0.632,0.750,+0.26,+1.01,+2.46
2026-08-21 13:27:29,69,0.580,0.652,0.768,+0.88,+1.64,+3.07
2026-08-21 13:32:54,69,0.609,0.652,0.754,+1.03,+1.81,+3.23
2026-08-21 13:38:19,69,0.652,0.710,0.783,+1.15,+1.92,+3.34
2026-08-21 13:43:44,69,0.609,0.725,0.754,+1.32,+2.08,+3.51
2026-08-21 13:49:09,69,0.681,0.754,0.768,+1.48,+2.23,+3.65
2026-08-21 13:54:34,70,0.700,0.743,0.771,+1.88,+2.68,+4.07
2026-08-21 13:59:58,70,0.671,0.714,0.786,+1.69,+2.49,+3.87
2026-08-21 14:05:23,70,0.557,0.586,0.771,+1.20,+1.52,+3.92
2026-08-21 14:10:48,70,0.657,0.671,0.786,+1.47,+1.80,+4.09
2026-08-21 14:16:13,70,0.686,0.671,0.786,+1.55,+1.89,+4.17
2026-08-21 14:21:39,71,0.718,0.718,0.803,+1.42,+1.74,+3.98
2026-08-21 14:27:04,71,0.648,0.662,0.761,+1.33,+1.65,+3.89
2026-08-21 14:32:29,71,0.690,0.676,0.761,+1.39,+1.71,+3.95
2026-08-21 14:37:55,72,0.708,0.736,0.806,+1.44,+1.79,+4.00
2026-08-21 14:43:20,73,0.712,0.699,0.781,+1.42,+1.71,+3.93
2026-08-21 14:48:46,73,0.712,0.671,0.795,+1.41,+1.69,+3.90
2026-08-21 14:54:12,74,0.757,0.730,0.770,+1.39,+1.70,+3.84
2026-08-21 14:59:38,73,0.658,0.712,0.753,+1.25,+1.55,+3.76
2026-08-21 15:05:04,75,0.560,0.747,0.800,-0.11,+1.51,+2.81
2026-08-21 15:10:31,76,0.605,0.750,0.776,+0.31,+2.10,+3.37
2026-08-21 15:15:59,76,0.605,0.750,0.776,+0.12,+1.85,+3.12
2026-08-21 15:21:25,76,0.645,0.776,0.763,+0.18,+1.89,+3.16
2026-08-21 15:26:52,76,0.566,0.724,0.776,+0.09,+1.88,+3.13
2026-08-21 15:32:19,76,0.605,0.724,0.789,+0.12,+1.89,+3.15
2026-08-21 15:37:46,76,0.605,0.750,0.816,+0.17,+1.94,+3.21
2026-08-21 15:43:12,76,0.605,0.750,0.829,+0.52,+2.13,+3.66
2026-08-21 15:48:39,76,0.566,0.750,0.829,+0.61,+2.23,+3.76
2026-08-21 15:54:05,75,0.600,0.760,0.840,+0.79,+2.36,+3.91
2026-08-21 15:59:32,75,0.627,0.773,0.827,+0.87,+2.45,+4.01
2026-08-21 16:04:59,75,0.653,0.773,0.773,+0.60,+2.07,+3.50
2026-08-21 16:10:25,75,0.720,0.773,0.827,+0.68,+2.16,+3.59
2026-08-21 16:15:52,75,0.733,0.787,0.827,+0.91,+2.40,+3.84
2026-08-21 16:21:19,75,0.773,0.800,0.800,+1.05,+2.51,+3.95
2026-08-21 16:26:45,76,0.724,0.803,0.803,+0.97,+2.50,+3.92
2026-08-21 16:32:12,77,0.714,0.818,0.818,+1.05,+2.57,+4.01
2026-08-21 16:37:40,78,0.782,0.808,0.833,+0.96,+2.51,+3.93
2026-08-21 16:43:07,78,0.833,0.846,0.833,+1.18,+2.75,+4.17
2026-08-21 16:48:35,78,0.821,0.821,0.833,+1.25,+2.81,+4.23
2026-08-21 16:54:02,78,0.808,0.833,0.833,+1.30,+2.85,+4.26
2026-08-21 16:59:29,78,0.808,0.846,0.846,+1.33,+2.89,+4.31
2026-08-21 17:04:57,78,0.821,0.744,0.821,+1.09,+1.84,+3.59
2026-08-21 17:10:25,79,0.785,0.772,0.835,+1.04,+1.82,+3.50
2026-08-21 17:15:54,80,0.738,0.800,0.800,+1.37,+2.15,+3.78
2026-08-21 17:21:23,80,0.775,0.762,0.838,+1.27,+2.04,+3.70
2026-08-21 17:26:51,80,0.762,0.738,0.800,+1.36,+2.15,+3.84
2026-08-21 17:32:21,80,0.762,0.750,0.787,+1.31,+2.07,+3.77
2026-08-21 17:37:48,80,0.787,0.750,0.800,+1.47,+2.27,+3.95
2026-08-21 17:40:31,80,0.787,0.750,0.787,+1.63,+2.43,+4.11
2026-08-21 17:46:00,79,0.823,0.785,0.810,+1.85,+2.67,+4.33
2026-08-21 17:51:28,79,0.835,0.772,0.810,+2.33,+3.13,+4.85
2026-08-21 17:56:58,81,0.840,0.802,0.815,+2.91,+3.68,+5.41
2026-08-21 18:02:27,81,0.630,0.815,0.827,+0.92,+2.46,+4.41
2026-08-21 18:07:56,81,0.383,0.704,0.815,-0.31,+1.26,+3.20
2026-08-21 18:13:25,81,0.481,0.790,0.827,+0.34,+1.91,+3.90
2026-08-21 18:18:54,81,0.395,0.741,0.815,+0.24,+1.81,+3.76
2026-08-21 18:24:25,81,0.395,0.741,0.815,+0.25,+1.81,+3.75
2026-08-21 18:29:55,82,0.524,0.780,0.805,+0.64,+2.21,+4.16
2026-08-21 18:35:26,82,0.537,0.780,0.817,+0.81,+2.38,+4.34
2026-08-21 18:40:55,81,0.568,0.815,0.815,+1.00,+2.59,+4.54
2026-08-21 18:46:25,81,0.605,0.840,0.840,+1.28,+2.87,+4.83
2026-08-21 18:51:53,80,0.613,0.812,0.812,+1.11,+2.71,+4.72
2026-08-21 18:57:21,80,0.625,0.812,0.812,+0.89,+2.49,+4.51
2026-08-21 19:02:50,80,0.287,0.775,0.825,-0.77,+2.05,+3.94
2026-08-21 19:08:18,80,0.287,0.750,0.800,-1.03,+1.85,+3.71
2026-08-21 19:13:47,81,0.312,0.762,0.825,-0.81,+2.08,+3.95
2026-08-21 19:19:16,81,0.338,0.775,0.825,-0.66,+2.27,+4.14
2026-08-21 19:24:44,81,0.362,0.750,0.838,-0.61,+2.29,+4.17
2026-08-21 19:30:13,81,0.300,0.750,0.838,-0.69,+2.21,+4.09
2026-08-21 19:35:42,81,0.263,0.762,0.838,-0.73,+2.16,+4.03
2026-08-21 19:41:11,81,0.237,0.762,0.838,-0.72,+2.18,+4.04
2026-08-21 19:46:40,82,0.309,0.765,0.827,-0.49,+2.46,+4.30
2026-08-21 19:52:09,82,0.309,0.778,0.827,-0.32,+2.66,+4.49
2026-08-21 19:57:38,83,0.378,0.829,0.841,-0.13,+2.86,+4.68
2026-08-21 20:03:07,83,0.506,0.675,0.795,+0.52,+1.54,+3.59
2026-08-21 20:08:37,84,0.595,0.690,0.798,+0.79,+1.76,+3.88
2026-08-21 20:14:06,84,0.464,0.583,0.798,+0.31,+1.25,+3.37
2026-08-21 20:19:35,84,0.500,0.631,0.798,+0.35,+1.27,+3.40
2026-08-21 20:25:05,84,0.524,0.690,0.798,+0.43,+1.37,+3.49
2026-08-21 20:30:35,84,0.560,0.702,0.810,+0.63,+1.56,+3.69
2026-08-21 20:36:04,84,0.369,0.512,0.810,-0.28,+0.66,+2.75
2026-08-21 20:41:33,84,0.417,0.583,0.786,+0.14,+1.07,+3.18
2026-08-21 20:47:03,84,0.464,0.583,0.798,-0.02,+0.92,+3.01
2026-08-21 20:52:32,84,0.393,0.560,0.821,-0.08,+0.85,+2.95
2026-08-21 20:58:02,86,0.488,0.605,0.837,+0.28,+1.26,+3.32
2026-08-21 21:03:33,86,0.314,0.291,0.744,-0.64,-0.58,+2.69
2026-08-21 21:09:03,86,0.337,0.337,0.779,-0.38,-0.32,+3.01
2026-08-21 21:14:32,85,0.376,0.365,0.812,-0.14,-0.04,+3.19
2026-08-21 21:20:02,85,0.365,0.376,0.788,-0.08,+0.00,+3.25
2026-08-21 21:25:33,85,0.353,0.388,0.800,-0.04,+0.05,+3.30
2026-08-21 21:31:03,85,0.353,0.412,0.824,+0.07,+0.16,+3.41
2026-08-21 21:36:32,86,0.360,0.442,0.826,+0.09,+0.18,+3.40
2026-08-21 21:42:03,87,0.425,0.471,0.839,+0.50,+0.58,+3.81
2026-08-21 21:47:34,87,0.471,0.471,0.839,+0.51,+0.59,+3.84
2026-08-21 21:53:04,87,0.460,0.494,0.839,+0.58,+0.66,+3.90
2026-08-21 21:58:35,87,0.425,0.483,0.839,+0.47,+0.55,+3.80
2026-08-21 22:04:06,87,0.724,0.563,0.839,+1.19,+1.12,+3.48
2026-08-21 22:09:37,87,0.759,0.575,0.862,+1.34,+1.29,+3.65
2026-08-21 22:15:06,87,0.747,0.529,0.851,+1.21,+1.15,+3.51
2026-08-21 22:20:37,87,0.770,0.529,0.862,+1.05,+0.99,+3.34
2026-08-21 22:26:08,88,0.716,0.545,0.830,+1.01,+0.97,+3.30
2026-08-21 22:31:38,87,0.724,0.540,0.828,+0.83,+0.78,+3.11
2026-08-21 22:37:10,88,0.625,0.489,0.773,+0.59,+0.55,+2.85
2026-08-21 22:42:41,88,0.727,0.534,0.818,+1.28,+1.23,+3.56
2026-08-21 22:48:12,87,0.736,0.575,0.839,+1.49,+1.46,+3.78
2026-08-21 22:53:43,87,0.759,0.621,0.805,+1.51,+1.49,+3.81
2026-08-21 22:59:14,87,0.736,0.598,0.816,+1.47,+1.44,+3.76
2026-08-21 23:04:45,87,0.391,0.494,0.678,+0.07,+0.54,+2.32
2026-08-21 23:10:18,87,0.506,0.517,0.701,+0.24,+0.78,+2.48
2026-08-21 23:15:52,87,0.460,0.494,0.667,+0.06,+0.58,+2.24
2026-08-21 23:21:23,87,0.368,0.425,0.644,-0.22,+0.29,+1.95
2026-08-21 23:26:55,87,0.471,0.483,0.736,+0.21,+0.73,+2.40
2026-08-21 23:32:31,87,0.575,0.529,0.782,+0.37,+0.89,+2.56
2026-08-21 23:38:05,87,0.540,0.540,0.747,+0.44,+0.95,+2.64
2026-08-21 23:41:41,87,0.471,0.506,0.724,+0.27,+0.78,+2.47
2026-08-21 23:47:12,87,0.586,0.529,0.759,+0.55,+1.06,+2.74
2026-08-21 23:52:44,88,0.614,0.602,0.750,+0.71,+1.23,+3.00
2026-08-21 23:58:18,88,0.602,0.591,0.727,+0.57,+1.09,+2.87
2026-08-22 00:03:49,87,0.529,0.724,0.540,+0.48,+2.12,+1.52
2026-08-22 00:09:20,87,0.575,0.747,0.540,+0.53,+2.20,+1.56
2026-08-22 00:14:51,88,0.625,0.773,0.534,+0.98,+2.68,+2.06
2026-08-22 00:20:24,88,0.614,0.773,0.523,+1.01,+2.70,+2.09
2026-08-22 00:25:54,87,0.609,0.747,0.517,+0.92,+2.64,+2.01
2026-08-22 00:31:25,87,0.563,0.724,0.552,+1.04,+2.77,+2.14
2026-08-22 00:36:57,87,0.517,0.713,0.517,+0.71,+2.42,+1.79
2026-08-22 00:42:28,88,0.500,0.705,0.523,+0.89,+2.60,+1.95
2026-08-22 00:47:59,88,0.545,0.727,0.568,+0.93,+2.64,+1.99
2026-08-22 00:53:31,88,0.580,0.761,0.557,+0.92,+2.62,+1.97
2026-08-22 00:59:02,88,0.557,0.807,0.557,+0.88,+2.58,+1.94
2026-08-22 01:04:34,88,0.466,0.659,0.682,+0.69,+1.35,+2.53
2026-08-22 01:10:05,88,0.409,0.545,0.614,+0.40,+1.00,+2.24
2026-08-22 01:15:37,88,0.352,0.511,0.580,+0.20,+0.80,+2.04
2026-08-22 01:21:08,88,0.455,0.591,0.648,+0.45,+1.04,+2.29
2026-08-22 01:26:40,88,0.477,0.636,0.648,+0.60,+1.19,+2.44
2026-08-22 01:32:11,88,0.523,0.716,0.705,+0.72,+1.32,+2.57
2026-08-22 01:37:43,88,0.568,0.727,0.705,+0.81,+1.41,+2.65
2026-08-22 01:43:15,88,0.568,0.716,0.693,+0.97,+1.57,+2.82
2026-08-22 01:48:46,88,0.591,0.739,0.705,+1.04,+1.64,+2.89
2026-08-22 01:54:19,88,0.614,0.739,0.727,+0.94,+1.54,+2.78
2026-08-22 01:59:51,88,0.534,0.727,0.727,+0.83,+1.43,+2.68
2026-08-22 02:05:23,88,0.489,0.602,0.670,+0.26,+1.24,+2.13
2026-08-22 02:10:55,88,0.557,0.648,0.693,+0.47,+1.39,+2.36
2026-08-22 02:16:26,88,0.398,0.591,0.636,+0.23,+1.16,+2.12
2026-08-22 02:21:58,88,0.364,0.455,0.534,-0.15,+0.77,+1.71
2026-08-22 02:27:29,86,0.360,0.523,0.558,-0.02,+0.81,+1.84
2026-08-22 02:33:00,87,0.494,0.540,0.632,+0.33,+1.16,+2.17
2026-08-22 02:38:31,87,0.460,0.552,0.609,+0.36,+1.18,+2.19
2026-08-22 02:44:03,87,0.483,0.575,0.598,+0.25,+1.08,+2.10
2026-08-22 02:49:34,87,0.517,0.529,0.609,+0.36,+1.19,+2.22
2026-08-22 02:55:06,87,0.517,0.540,0.609,+0.34,+1.17,+2.20
2026-08-22 03:00:36,87,0.471,0.586,0.655,+0.38,+1.18,+2.42
2026-08-22 03:06:08,88,0.523,0.580,0.773,+0.66,+1.34,+3.42
2026-08-22 03:11:39,88,0.500,0.568,0.784,+0.57,+1.36,+3.44
2026-08-22 03:17:10,88,0.534,0.614,0.795,+0.70,+1.49,+3.58
2026-08-22 03:22:42,88,0.523,0.625,0.784,+0.69,+1.47,+3.55
2026-08-22 03:28:14,88,0.511,0.614,0.784,+0.67,+1.45,+3.54
2026-08-22 03:33:45,88,0.489,0.602,0.807,+0.59,+1.42,+3.47
2026-08-22 03:39:16,87,0.483,0.540,0.805,+0.49,+1.32,+3.37
2026-08-22 03:44:48,87,0.356,0.460,0.770,+0.28,+1.12,+3.16
2026-08-22 03:50:19,87,0.276,0.368,0.678,-0.36,+0.47,+2.50
2026-08-22 03:55:49,87,0.322,0.391,0.713,-0.26,+0.57,+2.59
2026-08-22 04:01:20,87,0.253,0.356,0.563,-0.63,-0.09,+1.45
2026-08-22 04:06:52,87,0.195,0.310,0.437,-1.25,-0.65,+0.67
2026-08-22 04:12:22,87,0.230,0.322,0.425,-1.02,-0.38,+0.90
2026-08-22 04:17:54,87,0.230,0.310,0.402,-1.22,-0.58,+0.70
2026-08-22 04:23:24,87,0.218,0.333,0.437,-1.21,-0.56,+0.74
2026-08-22 04:28:54,87,0.253,0.368,0.517,-0.97,-0.33,+0.97
2026-08-22 04:34:25,87,0.241,0.310,0.517,-1.19,-0.55,+0.74
2026-08-22 04:39:56,87,0.230,0.322,0.471,-1.25,-0.61,+0.67
2026-08-22 04:45:27,87,0.218,0.333,0.460,-1.32,-0.68,+0.60
2026-08-22 04:50:59,87,0.230,0.333,0.483,-1.25,-0.62,+0.67
2026-08-22 04:56:30,87,0.218,0.322,0.506,-1.29,-0.66,+0.62
2026-08-22 05:02:02,87,0.276,0.333,0.448,-0.98,-0.99,+0.08
2026-08-22 05:07:34,87,0.379,0.299,0.483,-0.56,-0.87,+0.24
2026-08-22 05:13:06,88,0.500,0.364,0.523,+0.04,-0.22,+0.76
2026-08-22 05:18:38,88,0.568,0.398,0.568,+0.32,-0.03,+1.01
2026-08-22 05:24:10,88,0.625,0.477,0.602,+0.52,+0.18,+1.22
2026-08-22 05:29:41,88,0.614,0.455,0.625,+0.38,+0.04,+1.08
2026-08-22 05:35:12,87,0.598,0.448,0.621,+0.38,+0.06,+1.09
2026-08-22 05:40:44,86,0.605,0.442,0.570,+0.37,+0.07,+1.10
2026-08-22 05:42:34,86,0.581,0.453,0.581,+0.29,-0.01,+1.01
2026-08-22 05:48:04,86,0.547,0.477,0.581,+0.21,-0.06,+0.93
2026-08-22 05:53:36,86,0.581,0.465,0.616,+0.46,+0.15,+1.18
2026-08-22 05:59:07,86,0.593,0.465,0.616,+0.57,+0.26,+1.29
2026-08-22 06:04:38,86,0.791,0.465,0.581,+1.27,+0.03,+1.27
2026-08-22 06:10:09,86,0.767,0.407,0.547,+1.10,-0.03,+1.18
2026-08-22 06:15:40,86,0.767,0.488,0.628,+1.34,+0.25,+1.43
2026-08-22 06:21:11,86,0.744,0.523,0.628,+0.99,-0.10,+1.08
2026-08-22 06:26:42,86,0.779,0.581,0.616,+1.14,+0.05,+1.22
2026-08-22 06:32:14,86,0.802,0.570,0.663,+1.32,+0.23,+1.41
2026-08-22 06:37:44,86,0.802,0.581,0.651,+1.43,+0.34,+1.52
2026-08-22 06:43:14,85,0.776,0.612,0.647,+1.55,+0.45,+1.67
2026-08-22 06:48:44,85,0.753,0.588,0.718,+1.58,+0.46,+1.67
2026-08-22 06:54:14,85,0.765,0.647,0.718,+1.78,+0.66,+1.86
2026-08-22 06:59:45,85,0.800,0.635,0.706,+1.92,+0.80,+2.00
2026-08-22 07:05:15,85,0.741,0.741,0.671,+1.24,+1.82,+1.75
2026-08-22 07:10:45,85,0.753,0.741,0.706,+1.45,+2.11,+2.01
2026-08-22 07:16:15,85,0.776,0.741,0.706,+1.59,+2.24,+2.14
2026-08-22 07:21:46,85,0.753,0.729,0.706,+1.31,+1.96,+1.86
2026-08-22 07:27:17,85,0.741,0.729,0.706,+1.42,+2.06,+1.97
2026-08-22 07:32:48,85,0.647,0.694,0.647,+1.01,+1.65,+1.55
2026-08-22 07:38:18,85,0.694,0.706,0.682,+1.42,+2.07,+1.97
2026-08-22 07:43:48,86,0.709,0.709,0.674,+1.48,+2.14,+2.03
2026-08-22 07:49:20,86,0.709,0.733,0.686,+1.47,+2.14,+2.04
2026-08-22 07:54:51,86,0.756,0.698,0.698,+1.71,+2.38,+2.27
2026-08-22 08:00:21,86,0.767,0.721,0.686,+1.58,+2.68,+2.13
2026-08-22 08:05:52,86,0.674,0.779,0.698,+0.68,+2.73,+2.04
2026-08-22 08:11:23,86,0.674,0.767,0.698,+0.68,+2.73,+2.03
2026-08-22 08:16:53,86,0.616,0.767,0.686,+0.60,+2.67,+1.96
2026-08-22 08:22:23,86,0.698,0.791,0.686,+0.76,+2.83,+2.12
2026-08-22 08:27:54,86,0.651,0.791,0.686,+0.79,+2.86,+2.15
2026-08-22 08:33:25,86,0.686,0.779,0.709,+0.90,+2.94,+2.25
2026-08-22 08:38:56,86,0.663,0.802,0.709,+0.78,+2.84,+2.12
2026-08-22 08:44:26,86,0.651,0.779,0.733,+0.76,+2.82,+2.12
2026-08-22 08:49:57,87,0.644,0.793,0.713,+0.78,+2.85,+2.12
2026-08-22 08:55:28,87,0.678,0.805,0.724,+0.85,+2.91,+2.19
2026-08-22 09:01:00,87,0.517,0.782,0.713,+0.31,+2.12,+1.91
2026-08-22 09:06:30,87,0.483,0.805,0.690,+0.21,+1.95,+1.94
2026-08-22 09:12:02,89,0.427,0.764,0.719,+0.16,+1.88,+1.88
2026-08-22 09:17:35,91,0.527,0.802,0.747,+0.51,+2.22,+2.22
2026-08-22 09:23:06,89,0.562,0.809,0.753,+0.72,+2.44,+2.45
2026-08-22 09:28:38,89,0.607,0.809,0.787,+0.72,+2.44,+2.44
2026-08-22 09:34:11,90,0.567,0.800,0.778,+0.85,+2.54,+2.56
2026-08-22 09:39:43,89,0.596,0.831,0.798,+1.00,+2.72,+2.73
2026-08-22 09:45:15,89,0.517,0.798,0.798,+0.92,+2.64,+2.66
2026-08-22 09:50:48,90,0.589,0.800,0.800,+1.01,+2.73,+2.75
2026-08-22 09:56:20,89,0.652,0.820,0.798,+1.29,+3.02,+3.03
2026-08-22 10:01:53,89,0.697,0.798,0.820,+1.17,+2.13,+3.81
2026-08-22 10:07:24,88,0.682,0.795,0.807,+1.27,+2.21,+4.00
2026-08-22 10:12:56,88,0.682,0.784,0.795,+1.21,+2.16,+3.94
2026-08-22 10:18:27,88,0.705,0.784,0.784,+1.12,+2.06,+3.85
2026-08-22 10:23:59,88,0.705,0.773,0.784,+1.05,+1.99,+3.77
2026-08-22 10:29:31,89,0.753,0.809,0.798,+1.22,+2.15,+3.98
2026-08-22 10:35:03,89,0.742,0.798,0.787,+1.33,+2.27,+4.10
2026-08-22 10:40:34,88,0.739,0.773,0.784,+1.34,+2.27,+4.10
2026-08-22 10:46:07,88,0.739,0.773,0.795,+1.35,+2.29,+4.12
2026-08-22 10:51:39,88,0.670,0.739,0.784,+1.26,+2.20,+4.03
2026-08-22 10:57:10,88,0.693,0.727,0.818,+1.27,+2.20,+4.03
2026-08-22 11:02:42,87,0.529,0.690,0.816,+0.15,+1.53,+4.52
2026-08-22 11:08:13,88,0.545,0.739,0.830,+0.17,+1.60,+4.56
2026-08-22 11:13:45,88,0.545,0.727,0.818,+0.36,+1.79,+4.76
2026-08-22 11:19:17,88,0.602,0.727,0.841,+0.51,+2.00,+4.99
2026-08-22 11:24:50,92,0.663,0.793,0.859,+0.97,+2.46,+5.52
2026-08-22 11:30:26,91,0.736,0.824,0.868,+1.29,+2.77,+5.86
2026-08-22 11:35:59,92,0.663,0.815,0.859,+1.16,+2.66,+5.73
2026-08-22 11:41:32,92,0.750,0.837,0.848,+1.49,+3.00,+6.09
2026-08-22 11:43:33,92,0.750,0.848,0.848,+1.56,+3.08,+6.17
2026-08-22 11:49:06,92,0.761,0.848,0.870,+1.74,+3.25,+6.34
2026-08-22 11:54:40,92,0.804,0.880,0.870,+1.91,+3.43,+6.53
2026-08-22 12:00:13,92,0.826,0.891,0.880,+2.11,+3.65,+6.75
2026-08-22 12:05:46,92,0.880,0.870,0.859,+2.10,+3.60,+5.73
2026-08-22 12:11:19,93,0.871,0.871,0.882,+2.19,+3.65,+5.78
2026-08-22 12:16:52,93,0.892,0.925,0.882,+2.24,+3.71,+5.82
2026-08-22 12:22:25,93,0.892,0.903,0.871,+2.73,+4.20,+6.33
2026-08-22 12:27:58,93,0.882,0.935,0.882,+2.94,+4.41,+6.56
2026-08-22 12:33:31,93,0.871,0.935,0.882,+2.90,+4.36,+6.50
2026-08-22 12:39:05,93,0.860,0.935,0.882,+2.97,+4.44,+6.57
2026-08-22 12:44:39,93,0.903,0.935,0.882,+2.96,+4.43,+6.56
2026-08-22 12:50:12,93,0.882,0.914,0.882,+3.16,+4.63,+6.76
2026-08-22 12:55:46,94,0.883,0.915,0.883,+3.30,+4.77,+6.89
2026-08-22 13:01:19,94,0.734,0.851,0.926,+1.32,+3.56,+6.12
2026-08-22 13:06:54,94,0.670,0.840,0.894,+0.89,+3.17,+5.45
2026-08-22 13:12:28,94,0.691,0.819,0.894,+1.13,+3.42,+5.70
2026-08-22 13:18:01,94,0.691,0.787,0.894,+1.23,+3.54,+5.83
2026-08-22 13:23:35,94,0.670,0.809,0.894,+1.32,+3.62,+5.91
2026-08-22 13:29:08,94,0.681,0.830,0.904,+1.40,+3.71,+6.00
2026-08-22 13:34:43,95,0.726,0.853,0.905,+1.65,+3.96,+6.26
2026-08-22 13:40:17,95,0.726,0.842,0.905,+1.88,+4.21,+6.50
2026-08-22 13:45:51,95,0.737,0.842,0.895,+1.89,+4.21,+6.50
2026-08-22 13:51:25,97,0.701,0.814,0.897,+2.22,+4.52,+6.87
2026-08-22 13:57:00,96,0.719,0.792,0.896,+2.06,+4.40,+6.67
2026-08-22 14:02:34,96,0.656,0.812,0.896,+1.10,+4.34,+5.96
2026-08-22 14:08:09,98,0.531,0.786,0.857,+0.51,+3.82,+5.41
2026-08-22 14:13:47,105,0.029,0.105,0.181,-7.07,-4.18,-2.56
2026-08-22 14:19:26,107,0.037,0.112,0.252,-6.11,-3.18,-1.60
2026-08-22 14:25:06,107,0.028,0.103,0.234,-6.15,-3.24,-1.66
2026-08-22 14:30:45,107,0.047,0.131,0.252,-5.67,-2.73,-1.14
2026-08-22 14:36:23,107,0.047,0.159,0.308,-5.43,-2.47,-0.88
2026-08-22 14:42:02,107,0.037,0.131,0.262,-6.14,-3.21,-1.63
2026-08-22 14:47:44,108,0.037,0.167,0.306,-5.65,-2.71,-1.13
2026-08-22 14:53:26,108,0.046,0.167,0.352,-5.43,-2.48,-0.89
2026-08-22 14:59:06,108,0.056,0.185,0.333,-5.31,-2.36,-0.77
2026-08-22 15:04:46,108,0.019,0.083,0.333,-6.24,-4.35,-1.03
2026-08-22 15:10:25,108,0.019,0.056,0.250,-6.61,-4.77,-1.43
2026-08-22 15:16:05,108,0.019,0.074,0.231,-6.66,-4.84,-1.49
2026-08-22 15:21:44,108,0.019,0.056,0.259,-6.55,-4.70,-1.35
2026-08-22 15:27:22,108,0.028,0.065,0.306,-6.30,-4.45,-1.09
2026-08-22 15:33:02,109,0.018,0.073,0.202,-6.93,-5.09,-1.72
2026-08-22 15:38:42,109,0.037,0.073,0.294,-6.29,-4.42,-1.01
2026-08-22 15:44:21,109,0.037,0.083,0.330,-6.00,-4.10,-0.69
2026-08-22 15:50:01,110,0.036,0.073,0.336,-5.90,-3.98,-0.56
2026-08-22 15:55:40,110,0.036,0.073,0.318,-5.90,-3.98,-0.55
2026-08-22 16:01:19,110,0.473,0.073,0.227,-1.14,-4.76,-1.36
2026-08-22 16:06:59,110,0.727,0.064,0.273,+0.94,-4.45,-1.18
2026-08-22 16:13:06,110,0.564,0.064,0.236,+0.43,-4.94,-1.75
2026-08-22 16:18:45,110,0.473,0.064,0.218,+0.20,-5.15,-2.01
2026-08-22 16:24:24,109,0.541,0.064,0.257,+0.58,-4.80,-1.62
2026-08-22 16:30:03,109,0.587,0.064,0.257,+0.77,-4.63,-1.44
2026-08-22 16:35:43,109,0.615,0.064,0.275,+0.89,-4.50,-1.32
2026-08-22 16:41:22,110,0.545,0.073,0.264,+0.67,-4.63,-1.39
2026-08-22 16:47:02,110,0.545,0.073,0.264,+0.62,-4.68,-1.43
2026-08-22 16:52:42,110,0.536,0.073,0.264,+0.46,-4.83,-1.59
2026-08-22 16:58:22,110,0.527,0.064,0.245,+0.48,-4.82,-1.58
2026-08-22 17:03:59,108,0.389,0.046,0.222,-0.10,-5.87,-1.84
2026-08-22 17:09:37,108,0.296,0.056,0.204,-0.44,-6.19,-2.09
2026-08-22 17:15:16,109,0.422,0.046,0.248,+0.10,-5.62,-1.50
2026-08-22 17:20:56,110,0.409,0.055,0.245,-0.04,-5.73,-1.60
2026-08-22 17:26:35,110,0.282,0.036,0.209,-0.58,-6.22,-2.16
2026-08-22 17:32:14,110,0.173,0.045,0.155,-1.35,-6.94,-2.94
2026-08-22 17:37:53,110,0.109,0.036,0.145,-1.87,-7.42,-3.43
2026-08-22 17:43:33,110,0.127,0.045,0.145,-1.83,-7.40,-3.40
2026-08-22 17:44:24,110,0.136,0.045,0.145,-1.61,-7.19,-3.18
2026-08-22 17:50:02,109,0.138,0.046,0.156,-1.46,-7.03,-3.01
2026-08-22 17:55:41,109,0.156,0.046,0.147,-1.43,-6.99,-2.97
2026-08-22 18:01:19,108,0.148,0.231,0.102,-1.36,-1.57,-4.94
2026-08-22 18:06:58,108,0.111,0.176,0.074,-2.17,-1.69,-5.88
2026-08-22 18:12:39,108,0.148,0.222,0.093,-1.47,-0.98,-5.19
2026-08-22 18:18:17,108,0.185,0.296,0.120,-1.10,-0.60,-4.84
2026-08-22 18:23:56,107,0.150,0.308,0.112,-1.13,-0.58,-4.83
2026-08-22 18:29:34,107,0.168,0.262,0.103,-1.28,-0.72,-4.97
2026-08-22 18:35:13,107,0.159,0.271,0.112,-1.33,-0.77,-5.02
2026-08-22 18:40:51,107,0.159,0.262,0.093,-1.58,-1.03,-5.27
2026-08-22 18:46:29,107,0.168,0.262,0.121,-1.43,-0.88,-5.13
2026-08-22 18:52:07,107,0.150,0.196,0.084,-1.80,-1.24,-5.49
2026-08-22 18:57:44,106,0.132,0.208,0.123,-1.86,-1.31,-5.56
2026-08-22 19:03:23,106,0.113,0.123,0.085,-1.25,-2.31,-6.81
2026-08-22 19:09:00,106,0.094,0.104,0.075,-1.76,-3.05,-7.53
2026-08-22 19:14:41,106,0.057,0.057,0.047,-2.75,-4.04,-8.48
2026-08-22 19:20:20,106,0.047,0.057,0.057,-3.03,-4.31,-8.73
2026-08-22 19:25:59,107,0.028,0.047,0.037,-3.84,-5.10,-9.45
2026-08-22 19:31:39,107,0.047,0.056,0.056,-2.81,-4.10,-8.50
2026-08-22 19:37:17,107,0.056,0.056,0.065,-2.13,-3.43,-7.85
2026-08-22 19:42:55,107,0.065,0.065,0.065,-1.64,-2.95,-7.39
2026-08-22 19:48:33,107,0.056,0.084,0.075,-2.03,-3.34,-7.76
2026-08-22 19:55:03,107,0.047,0.075,0.065,-2.06,-3.36,-7.77
2026-08-22 20:00:45,107,0.093,0.075,0.047,-1.51,-3.21,-8.47
2026-08-22 20:06:23,106,0.113,0.085,0.047,-1.17,-3.22,-8.72
2026-08-22 20:12:01,106,0.113,0.085,0.038,-1.11,-3.16,-8.66
2026-08-22 20:17:38,106,0.132,0.085,0.066,-1.08,-3.12,-8.63
2026-08-22 20:23:17,106,0.151,0.085,0.057,-1.22,-3.24,-8.75
2026-08-22 20:28:54,106,0.142,0.094,0.047,-1.18,-3.20,-8.70
2026-08-22 20:34:32,106,0.179,0.113,0.047,-0.79,-2.82,-8.36
2026-08-22 20:40:09,103,0.233,0.097,0.049,-0.61,-2.72,-8.30
2026-08-22 20:45:46,103,0.282,0.146,0.049,-0.40,-2.52,-8.12
2026-08-22 20:51:22,103,0.282,0.117,0.049,-0.44,-2.55,-8.15
2026-08-22 20:57:00,104,0.288,0.144,0.038,-0.48,-2.55,-8.14
2026-08-22 21:02:37,102,0.765,0.186,0.216,+0.84,-1.33,-2.25
2026-08-22 21:08:15,103,0.796,0.262,0.204,+1.23,-0.85,-1.59
2026-08-22 21:13:51,103,0.864,0.340,0.223,+1.60,-0.52,-1.20
2026-08-22 21:19:29,104,0.856,0.365,0.231,+1.72,-0.40,-1.06
2026-08-22 21:25:07,103,0.893,0.437,0.252,+1.96,-0.16,-0.81
2026-08-22 21:30:43,103,0.864,0.379,0.252,+1.81,-0.31,-0.96
2026-08-22 21:36:20,104,0.827,0.327,0.231,+1.53,-0.62,-1.26
2026-08-22 21:41:58,105,0.829,0.324,0.248,+1.93,-0.21,-0.83
2026-08-22 21:47:35,105,0.810,0.324,0.238,+2.07,-0.08,-0.70
2026-08-22 21:53:13,105,0.800,0.295,0.238,+1.79,-0.35,-0.97
2026-08-22 21:58:51,105,0.762,0.276,0.248,+1.54,-0.60,-1.22
2026-08-22 22:04:28,105,0.429,0.362,0.162,+0.18,-0.17,-2.24
2026-08-22 22:10:11,106,0.519,0.434,0.179,+0.33,+0.03,-2.08
2026-08-22 22:15:52,106,0.566,0.434,0.170,+0.26,+0.00,-2.17
2026-08-22 22:21:31,107,0.411,0.327,0.150,+0.02,-0.24,-2.41
2026-08-22 22:27:09,107,0.533,0.430,0.168,+0.22,-0.03,-2.20
2026-08-22 22:32:47,107,0.542,0.458,0.168,+0.18,-0.08,-2.24
2026-08-22 22:38:25,107,0.514,0.393,0.150,+0.07,-0.18,-2.35
2026-08-22 22:44:03,107,0.561,0.439,0.159,+0.25,-0.00,-2.17
2026-08-22 22:49:41,106,0.613,0.481,0.189,+0.45,+0.19,-1.96
2026-08-22 22:55:19,106,0.632,0.500,0.208,+0.62,+0.37,-1.79
2026-08-22 23:00:57,106,0.604,0.660,0.208,+0.22,+1.00,-1.63
2026-08-22 23:06:35,105,0.429,0.733,0.171,-0.16,+1.28,-1.89
2026-08-22 23:12:11,105,0.305,0.695,0.181,-0.48,+0.99,-2.22
2026-08-22 23:17:51,105,0.267,0.638,0.181,-0.67,+0.78,-2.43
2026-08-22 23:23:28,105,0.295,0.648,0.171,-0.69,+0.76,-2.46
2026-08-22 23:29:05,104,0.221,0.596,0.163,-0.83,+0.65,-2.58
2026-08-22 23:34:43,105,0.381,0.686,0.171,-0.37,+1.09,-2.14
2026-08-22 23:40:22,105,0.362,0.657,0.181,-0.44,+1.03,-2.19
2026-08-22 23:44:59,105,0.276,0.610,0.171,-0.68,+0.78,-2.43
2026-08-22 23:50:43,105,0.219,0.552,0.162,-0.90,+0.56,-2.65
2026-08-22 23:56:20,105,0.190,0.533,0.143,-1.15,+0.30,-2.91
2026-08-23 00:01:58,105,0.162,0.390,0.190,-1.18,-0.30,-1.90
2026-08-23 00:07:38,106,0.170,0.377,0.264,-0.51,+0.20,-0.95
2026-08-23 00:13:16,106,0.142,0.321,0.236,-0.95,-0.28,-1.40
2026-08-23 00:18:55,106,0.123,0.264,0.236,-0.88,-0.19,-1.27
2026-08-23 00:24:33,106,0.104,0.236,0.226,-0.81,-0.12,-1.20
2026-08-23 00:30:11,106,0.123,0.264,0.226,-0.70,-0.03,-1.11
2026-08-23 00:35:49,107,0.168,0.383,0.234,-0.45,+0.23,-0.85
2026-08-23 00:41:27,105,0.162,0.371,0.229,-0.72,-0.04,-1.13
2026-08-23 00:47:05,106,0.179,0.377,0.245,-0.68,+0.00,-1.09
2026-08-23 00:52:43,106,0.160,0.368,0.245,-0.78,-0.10,-1.20
2026-08-23 00:58:20,105,0.171,0.362,0.257,-0.69,-0.03,-1.11
2026-08-23 01:03:58,106,0.340,0.283,0.340,+0.05,-0.44,-0.47
2026-08-23 01:09:36,106,0.415,0.302,0.368,+0.27,-0.37,-0.31
2026-08-23 01:15:15,106,0.311,0.245,0.311,+0.05,-0.59,-0.53
2026-08-23 01:20:52,105,0.619,0.343,0.429,+0.52,-0.15,-0.10
2026-08-23 01:26:31,105,0.657,0.362,0.495,+0.70,-0.07,+0.08
2026-08-23 01:32:09,105,0.629,0.390,0.495,+0.64,-0.13,+0.03
2026-08-23 01:37:46,105,0.657,0.381,0.486,+0.67,-0.10,+0.05
2026-08-23 01:43:24,105,0.705,0.486,0.524,+0.83,+0.06,+0.22
2026-08-23 01:49:02,106,0.708,0.538,0.538,+0.95,+0.21,+0.35
2026-08-23 01:54:40,106,0.726,0.519,0.528,+0.99,+0.25,+0.40
2026-08-23 02:00:18,105,0.686,0.457,0.533,+0.75,+0.12,+0.47
2026-08-23 02:05:55,105,0.705,0.343,0.676,+0.59,-0.14,+1.19
2026-08-23 02:11:32,104,0.712,0.288,0.683,+0.68,-0.20,+1.34
2026-08-23 02:17:09,104,0.750,0.356,0.750,+0.83,-0.01,+1.58
2026-08-23 02:22:47,104,0.750,0.394,0.769,+0.99,+0.15,+1.77
2026-08-23 02:28:26,104,0.750,0.375,0.740,+0.98,+0.15,+1.76
2026-08-23 02:34:04,104,0.740,0.356,0.673,+0.81,-0.02,+1.59
2026-08-23 02:39:42,104,0.721,0.385,0.683,+0.82,-0.01,+1.59
2026-08-23 02:45:18,104,0.721,0.394,0.721,+0.94,+0.11,+1.72
2026-08-23 02:50:56,104,0.721,0.433,0.788,+1.08,+0.24,+1.85
2026-08-23 02:56:34,104,0.760,0.442,0.769,+1.14,+0.31,+1.92
2026-08-23 03:02:11,104,0.663,0.615,0.654,+0.72,+0.94,+1.40
2026-08-23 03:07:48,104,0.577,0.712,0.606,+0.39,+1.14,+1.02
2026-08-23 03:13:26,104,0.471,0.702,0.538,+0.10,+1.04,+0.73
2026-08-23 03:19:04,104,0.490,0.712,0.567,+0.20,+1.17,+0.82
2026-08-23 03:24:41,104,0.529,0.731,0.596,+0.21,+1.18,+0.83
2026-08-23 03:30:18,104,0.510,0.712,0.606,+0.20,+1.18,+0.83
2026-08-23 03:35:55,104,0.481,0.731,0.596,+0.16,+1.13,+0.78
2026-08-23 03:41:33,104,0.413,0.721,0.548,+0.08,+1.05,+0.71
2026-08-23 03:47:10,104,0.375,0.673,0.510,-0.14,+0.82,+0.49
2026-08-23 03:52:47,104,0.346,0.683,0.471,-0.21,+0.76,+0.43
2026-08-23 03:58:26,105,0.381,0.686,0.486,+0.01,+0.98,+0.66
2026-08-23 04:04:03,105,0.305,0.657,0.467,-0.21,+0.63,+0.16
2026-08-23 04:09:41,105,0.257,0.676,0.457,-0.33,+0.61,+0.02
2026-08-23 04:15:19,105,0.324,0.657,0.457,-0.25,+0.75,+0.10
2026-08-23 04:20:57,105,0.286,0.657,0.448,-0.28,+0.74,+0.16
2026-08-23 04:26:35,105,0.267,0.648,0.438,-0.36,+0.66,+0.09
2026-08-23 04:32:12,104,0.279,0.654,0.433,-0.34,+0.67,+0.12
2026-08-23 04:37:48,104,0.298,0.673,0.452,-0.30,+0.72,+0.17
2026-08-23 04:43:25,104,0.356,0.683,0.481,-0.15,+0.86,+0.32
2026-08-23 04:49:01,104,0.452,0.702,0.510,-0.01,+1.03,+0.45
2026-08-23 04:54:38,104,0.423,0.712,0.519,-0.03,+1.00,+0.42
2026-08-23 05:00:14,104,0.423,0.712,0.462,-0.06,+0.94,+0.36
2026-08-23 05:05:51,104,0.519,0.529,0.413,+0.10,+0.35,+0.27
2026-08-23 05:11:29,104,0.606,0.548,0.490,+0.39,+0.53,+0.49
2026-08-23 05:17:05,104,0.644,0.558,0.510,+0.43,+0.56,+0.54
2026-08-23 05:22:43,104,0.567,0.510,0.462,+0.24,+0.32,+0.31
2026-08-23 05:28:19,104,0.625,0.510,0.490,+0.29,+0.34,+0.35
2026-08-23 05:33:57,104,0.635,0.500,0.490,+0.29,+0.34,+0.35
2026-08-23 05:39:34,104,0.548,0.500,0.433,+0.27,+0.28,+0.28
2026-08-23 05:45:30,104,0.577,0.538,0.471,+0.39,+0.40,+0.42
2026-08-23 05:51:07,104,0.510,0.519,0.481,+0.34,+0.36,+0.36
2026-08-23 05:56:43,104,0.548,0.500,0.471,+0.32,+0.33,+0.34
2026-08-23 06:02:20,104,0.394,0.375,0.615,-0.01,-0.13,+0.75
2026-08-23 06:07:57,104,0.212,0.212,0.567,-0.54,-0.62,+0.59
2026-08-23 06:13:34,104,0.154,0.192,0.471,-0.81,-0.86,+0.33
2026-08-23 06:19:11,104,0.173,0.202,0.529,-0.62,-0.68,+0.52
2026-08-23 06:24:49,104,0.173,0.221,0.567,-0.47,-0.52,+0.69
2026-08-23 06:30:26,104,0.212,0.231,0.577,-0.50,-0.55,+0.65
2026-08-23 06:36:04,104,0.192,0.212,0.500,-0.92,-0.97,+0.23
2026-08-23 06:41:41,104,0.096,0.154,0.385,-1.32,-1.37,-0.20
2026-08-23 06:47:18,104,0.125,0.154,0.385,-1.52,-1.58,-0.40
2026-08-23 06:52:55,104,0.125,0.173,0.337,-1.59,-1.64,-0.46
2026-08-23 06:58:33,104,0.135,0.154,0.327,-1.54,-1.59,-0.40
2026-08-23 07:04:09,104,0.096,0.135,0.308,-1.66,-1.69,-0.86
2026-08-23 07:09:48,104,0.202,0.183,0.433,-1.04,-1.02,-0.18
2026-08-23 07:15:26,104,0.250,0.202,0.442,-0.82,-0.78,+0.02
2026-08-23 07:21:03,104,0.260,0.221,0.481,-0.75,-0.72,+0.09
2026-08-23 07:26:41,104,0.279,0.269,0.510,-0.66,-0.63,+0.19
2026-08-23 07:32:17,103,0.330,0.282,0.544,-0.36,-0.33,+0.47
2026-08-23 07:37:55,103,0.214,0.233,0.515,-0.49,-0.46,+0.34
2026-08-23 07:43:31,103,0.262,0.223,0.553,-0.49,-0.47,+0.34
2026-08-23 07:49:07,103,0.311,0.262,0.563,-0.43,-0.40,+0.40
2026-08-23 07:54:45,103,0.330,0.291,0.573,-0.38,-0.34,+0.45
2026-08-23 08:00:21,103,0.359,0.282,0.495,-0.20,-0.48,+0.07
2026-08-23 08:05:58,103,0.738,0.214,0.320,+0.89,-0.63,-0.46
2026-08-23 08:11:35,103,0.748,0.204,0.272,+0.75,-0.80,-0.66
2026-08-23 08:17:11,103,0.718,0.204,0.243,+0.61,-0.94,-0.78
2026-08-23 08:22:47,103,0.689,0.243,0.252,+0.67,-0.87,-0.72
2026-08-23 08:28:25,103,0.709,0.252,0.291,+0.70,-0.84,-0.69
2026-08-23 08:34:01,103,0.709,0.214,0.233,+0.58,-0.96,-0.81
2026-08-23 08:39:38,103,0.670,0.233,0.262,+0.51,-1.03,-0.88
2026-08-23 08:45:14,103,0.699,0.223,0.272,+0.71,-0.83,-0.69
2026-08-23 08:50:50,103,0.796,0.252,0.291,+0.81,-0.73,-0.59
2026-08-23 08:56:26,103,0.767,0.252,0.330,+0.89,-0.66,-0.51
2026-08-23 09:02:03,102,0.549,0.275,0.275,+0.37,-0.56,-0.54
2026-08-23 09:07:40,103,0.553,0.320,0.282,+0.40,-0.05,-0.25
2026-08-23 09:13:16,100,0.520,0.300,0.310,+0.44,+0.02,-0.15
2026-08-23 09:18:51,100,0.590,0.330,0.340,+0.54,+0.14,-0.02
2026-08-23 09:24:27,100,0.610,0.350,0.330,+0.62,+0.22,+0.05
2026-08-23 09:30:02,102,0.716,0.451,0.422,+1.10,+0.70,+0.56
2026-08-23 09:35:39,102,0.765,0.520,0.480,+1.15,+0.74,+0.61
2026-08-23 09:41:15,102,0.755,0.529,0.520,+1.12,+0.70,+0.57
2026-08-23 09:46:51,103,0.728,0.553,0.495,+1.39,+0.94,+0.81
2026-08-23 09:52:27,102,0.745,0.588,0.539,+1.59,+1.14,+1.02
2026-08-23 09:58:04,102,0.784,0.618,0.549,+1.53,+1.10,+0.99
2026-08-23 10:03:41,102,0.775,0.804,0.549,+1.29,+1.92,+0.86
2026-08-23 10:09:18,102,0.696,0.804,0.480,+0.77,+1.59,+0.48
2026-08-23 10:14:55,102,0.775,0.843,0.569,+1.06,+1.89,+0.77
2026-08-23 10:20:32,102,0.755,0.863,0.569,+1.03,+1.86,+0.73
2026-08-23 10:26:08,102,0.706,0.833,0.510,+0.90,+1.73,+0.61
2026-08-23 10:31:45,102,0.716,0.824,0.529,+0.98,+1.82,+0.69
2026-08-23 10:37:22,102,0.637,0.824,0.500,+0.74,+1.57,+0.44
2026-08-23 10:42:59,102,0.569,0.794,0.451,+0.60,+1.42,+0.30
2026-08-23 10:48:37,102,0.696,0.814,0.520,+0.77,+1.60,+0.48
2026-08-23 10:54:12,102,0.598,0.765,0.461,+0.59,+1.42,+0.30
2026-08-23 10:59:48,101,0.475,0.743,0.386,+0.25,+1.08,-0.03
2026-08-23 11:05:24,101,0.168,0.505,0.277,-1.05,+0.35,-0.21
2026-08-23 11:11:00,101,0.129,0.465,0.287,-1.25,+0.11,-0.41
2026-08-23 11:16:36,101,0.119,0.356,0.277,-1.44,-0.10,-0.61
2026-08-23 11:22:12,101,0.129,0.327,0.267,-1.50,-0.15,-0.65
2026-08-23 11:27:48,101,0.109,0.307,0.208,-1.70,-0.35,-0.85
2026-08-23 11:33:24,100,0.170,0.420,0.290,-1.31,+0.06,-0.42
2026-08-23 11:39:00,100,0.160,0.380,0.260,-1.35,+0.01,-0.47
2026-08-23 11:44:35,100,0.170,0.360,0.270,-1.33,+0.03,-0.44
2026-08-23 11:45:58,100,0.160,0.340,0.270,-1.36,+0.00,-0.48
2026-08-23 11:51:36,100,0.170,0.340,0.280,-1.30,+0.06,-0.42
2026-08-23 11:57:12,99,0.192,0.323,0.253,-1.32,+0.04,-0.46
2026-08-23 12:02:49,99,0.242,0.364,0.242,-0.43,+0.05,-0.37
2026-08-23 12:08:25,99,0.162,0.283,0.232,-0.61,-0.34,-0.69
2026-08-23 12:14:00,98,0.163,0.255,0.235,-0.69,-0.42,-0.75
2026-08-23 12:19:34,98,0.214,0.296,0.255,-0.65,-0.39,-0.72
2026-08-23 12:25:10,97,0.186,0.237,0.227,-0.90,-0.53,-0.83
2026-08-23 12:30:44,97,0.216,0.247,0.216,-0.95,-0.58,-0.88
2026-08-23 12:36:19,97,0.165,0.216,0.196,-1.36,-0.99,-1.29
2026-08-23 12:41:54,97,0.196,0.216,0.196,-1.41,-1.05,-1.36
2026-08-23 12:47:28,97,0.175,0.227,0.227,-1.26,-0.90,-1.21
2026-08-23 12:53:03,97,0.175,0.237,0.216,-1.02,-0.65,-0.97
2026-08-23 12:58:37,97,0.186,0.237,0.186,-1.10,-0.73,-1.04
2026-08-23 13:04:11,97,0.175,0.155,0.320,-1.04,-2.37,-0.20
2026-08-23 13:09:47,97,0.175,0.124,0.278,-1.38,-2.69,-0.51
2026-08-23 13:15:21,96,0.229,0.156,0.396,-0.75,-2.07,+0.15
2026-08-23 13:20:56,96,0.198,0.125,0.354,-0.94,-2.25,-0.04
2026-08-23 13:26:30,96,0.219,0.156,0.344,-0.90,-2.21,-0.00
2026-08-23 13:32:03,95,0.221,0.168,0.347,-0.72,-2.00,+0.22
2026-08-23 13:37:37,95,0.179,0.158,0.347,-0.97,-2.24,-0.04
2026-08-23 13:43:11,95,0.189,0.158,0.326,-1.03,-2.31,-0.10
2026-08-23 13:48:45,95,0.158,0.126,0.305,-1.48,-2.75,-0.55
2026-08-23 13:54:18,95,0.147,0.147,0.263,-1.50,-2.77,-0.57
2026-08-23 13:59:52,95,0.147,0.137,0.284,-1.61,-2.88,-0.69
2026-08-23 14:05:27,95,0.242,0.147,0.200,-0.64,-1.80,-1.25
2026-08-23 14:11:01,94,0.181,0.138,0.191,-0.79,-1.94,-1.45
2026-08-23 14:16:32,86,0.163,0.128,0.186,-0.93,-2.03,-1.49
2026-08-23 14:22:02,85,0.282,0.153,0.200,-0.54,-1.67,-1.11
2026-08-23 14:27:32,85,0.353,0.165,0.235,-0.28,-1.42,-0.86
2026-08-23 14:33:02,84,0.333,0.167,0.250,-0.39,-1.53,-0.97
2026-08-23 14:38:33,83,0.277,0.145,0.205,-0.60,-1.71,-1.14
2026-08-23 14:44:02,82,0.280,0.171,0.207,-0.60,-1.71,-1.11
2026-08-23 14:49:32,81,0.284,0.160,0.198,-0.57,-1.67,-1.06
2026-08-23 14:55:01,81,0.259,0.160,0.210,-0.66,-1.76,-1.15
2026-08-23 15:00:29,81,0.259,0.173,0.173,-0.73,-1.63,-1.20
2026-08-23 15:05:59,81,0.321,0.148,0.173,-0.24,-1.73,-1.43
2026-08-23 15:11:28,81,0.272,0.160,0.173,-0.40,-1.89,-1.62
2026-08-23 15:16:57,81,0.481,0.160,0.185,+0.06,-1.44,-1.17
2026-08-23 15:22:25,81,0.531,0.173,0.185,+0.11,-1.40,-1.13
2026-08-23 15:27:55,82,0.512,0.183,0.195,+0.02,-1.46,-1.18
2026-08-23 15:33:25,82,0.610,0.183,0.220,+0.07,-1.42,-1.15
2026-08-23 15:38:54,81,0.519,0.160,0.210,+0.01,-1.52,-1.28
2026-08-23 15:44:23,80,0.550,0.175,0.237,-0.05,-1.59,-1.33
2026-08-23 15:49:52,80,0.550,0.212,0.237,+0.04,-1.48,-1.22
2026-08-23 15:55:22,81,0.494,0.198,0.247,+0.10,-1.42,-1.12
2026-08-23 16:00:51,81,0.630,0.272,0.247,+0.03,-1.12,-2.39
2026-08-23 16:06:21,80,0.725,0.350,0.212,+0.41,-0.49,-2.37
2026-08-23 16:11:50,79,0.772,0.418,0.215,+0.64,-0.24,-2.25
2026-08-23 16:17:19,79,0.810,0.443,0.215,+0.88,-0.01,-2.03
2026-08-23 16:22:47,77,0.766,0.429,0.221,+0.77,-0.07,-2.11
2026-08-23 16:28:15,78,0.731,0.436,0.231,+0.76,-0.08,-2.15
2026-08-23 16:33:44,77,0.766,0.429,0.247,+0.73,-0.12,-2.17
2026-08-23 16:39:13,78,0.705,0.423,0.231,+0.60,-0.23,-2.30
2026-08-23 16:44:41,77,0.740,0.403,0.221,+0.65,-0.19,-2.22
2026-08-23 16:50:09,78,0.679,0.410,0.218,+0.54,-0.28,-2.24
2026-08-23 16:55:37,78,0.718,0.423,0.218,+0.60,-0.22,-2.19
2026-08-23 17:01:05,78,0.667,0.436,0.231,+0.48,-0.23,-1.61
2026-08-23 17:06:33,78,0.731,0.538,0.256,+0.45,+0.13,-1.36
2026-08-23 17:12:00,76,0.724,0.632,0.263,+0.65,+0.56,-1.08
2026-08-23 17:17:27,76,0.750,0.671,0.289,+0.69,+0.60,-1.04
2026-08-23 17:22:54,76,0.737,0.645,0.289,+0.67,+0.57,-1.06
2026-08-23 17:28:21,76,0.711,0.592,0.276,+0.63,+0.54,-1.10
2026-08-23 17:33:49,76,0.737,0.632,0.289,+0.77,+0.68,-0.94
2026-08-23 17:39:17,76,0.789,0.697,0.303,+1.00,+0.90,-0.71
2026-08-23 17:44:43,74,0.797,0.730,0.284,+1.21,+1.15,-0.53
2026-08-23 17:46:14,74,0.811,0.743,0.284,+1.29,+1.24,-0.44
2026-08-23 17:51:41,75,0.787,0.693,0.293,+1.10,+1.05,-0.63
2026-08-23 17:57:07,75,0.800,0.733,0.320,+1.21,+1.17,-0.52
2026-08-23 18:02:34,75,0.800,0.773,0.267,+1.01,+1.36,-0.20
2026-08-23 18:08:01,74,0.784,0.757,0.284,+0.94,+1.37,-0.22
2026-08-23 18:13:27,73,0.808,0.767,0.288,+0.98,+1.49,-0.14
2026-08-23 18:18:53,72,0.847,0.806,0.319,+1.10,+1.60,-0.02
2026-08-23 18:24:20,72,0.833,0.806,0.333,+1.08,+1.58,-0.03
2026-08-23 18:29:45,71,0.831,0.803,0.366,+1.15,+1.66,+0.03
2026-08-23 18:35:10,71,0.817,0.803,0.352,+1.02,+1.53,-0.09
2026-08-23 18:40:35,71,0.831,0.817,0.352,+1.05,+1.56,-0.07
2026-08-23 18:46:01,71,0.859,0.831,0.366,+1.09,+1.60,-0.03
2026-08-23 18:51:26,71,0.831,0.831,0.366,+1.07,+1.58,-0.06
2026-08-23 18:56:52,71,0.817,0.817,0.394,+1.11,+1.63,-0.02
2026-08-23 19:02:19,70,0.700,0.814,0.543,+0.59,+1.71,+0.81
2026-08-23 19:07:44,69,0.710,0.812,0.580,+0.52,+1.72,+1.00
2026-08-23 19:13:09,69,0.710,0.812,0.609,+0.63,+1.82,+1.12
2026-08-23 19:18:35,69,0.754,0.797,0.623,+0.71,+1.90,+1.20
2026-08-23 19:24:00,69,0.768,0.812,0.667,+0.89,+2.08,+1.39
2026-08-23 19:29:24,68,0.824,0.853,0.691,+0.98,+2.20,+1.53
2026-08-23 19:34:49,68,0.868,0.868,0.706,+1.08,+2.29,+1.63
2026-08-23 19:40:13,68,0.794,0.824,0.691,+0.87,+2.08,+1.42
2026-08-23 19:45:37,68,0.809,0.853,0.691,+1.08,+2.30,+1.64
2026-08-23 19:51:01,68,0.779,0.838,0.647,+0.94,+2.15,+1.50
2026-08-23 19:56:26,68,0.750,0.838,0.647,+0.87,+2.09,+1.42
2026-08-23 20:01:50,68,0.676,0.838,0.838,+0.55,+1.77,+2.04
2026-08-23 20:07:15,68,0.632,0.897,0.824,+0.34,+1.67,+1.97
2026-08-23 20:12:39,67,0.657,0.896,0.821,+0.35,+1.74,+1.99
2026-08-23 20:18:03,67,0.657,0.881,0.791,+0.35,+1.74,+1.99
2026-08-23 20:23:27,67,0.746,0.881,0.836,+0.79,+2.20,+2.45
2026-08-23 20:28:51,67,0.716,0.896,0.836,+0.78,+2.18,+2.45
2026-08-23 20:34:15,67,0.761,0.910,0.821,+0.86,+2.26,+2.52
2026-08-23 20:39:39,67,0.776,0.896,0.836,+0.92,+2.33,+2.58
2026-08-23 20:45:03,67,0.791,0.896,0.836,+1.01,+2.42,+2.67
2026-08-23 20:50:27,67,0.776,0.851,0.836,+0.80,+2.20,+2.45
2026-08-23 20:55:51,66,0.818,0.864,0.848,+1.04,+2.46,+2.71
2026-08-23 21:01:15,66,0.788,0.879,0.833,+0.82,+1.79,+2.88
2026-08-23 21:06:38,65,0.708,0.862,0.862,+0.56,+1.44,+2.78
2026-08-23 21:12:02,65,0.646,0.815,0.877,+0.39,+1.30,+2.66
2026-08-23 21:17:26,65,0.646,0.800,0.862,+0.48,+1.39,+2.76
2026-08-23 21:22:49,64,0.656,0.781,0.875,+0.52,+1.44,+2.80
2026-08-23 21:28:11,63,0.619,0.810,0.873,+0.44,+1.38,+2.74
2026-08-23 21:33:34,63,0.619,0.825,0.873,+0.53,+1.48,+2.83
2026-08-23 21:38:57,64,0.578,0.766,0.875,+0.50,+1.43,+2.90
2026-08-23 21:44:20,64,0.703,0.812,0.875,+0.75,+1.68,+3.16
2026-08-23 21:49:44,64,0.625,0.781,0.859,+0.72,+1.65,+3.13
2026-08-23 21:55:07,64,0.641,0.797,0.859,+0.67,+1.61,+3.08
2026-08-23 22:00:31,64,0.594,0.766,0.844,+0.44,+1.36,+2.81
2026-08-23 22:05:53,61,0.459,0.738,0.885,+0.22,+1.27,+3.01
2026-08-23 22:11:15,61,0.492,0.787,0.885,+0.19,+1.24,+3.09
2026-08-23 22:16:38,61,0.574,0.803,0.885,+0.26,+1.49,+3.32
2026-08-23 22:22:00,61,0.705,0.820,0.885,+0.62,+1.85,+3.69
2026-08-23 22:27:22,61,0.689,0.803,0.885,+0.71,+1.94,+3.79
2026-08-23 22:32:44,61,0.738,0.820,0.885,+0.72,+1.95,+3.81
2026-08-23 22:38:07,62,0.790,0.839,0.887,+0.79,+1.99,+3.90
2026-08-23 22:43:29,62,0.790,0.823,0.887,+0.87,+2.08,+3.98
2026-08-23 22:48:52,62,0.774,0.806,0.887,+1.04,+2.25,+4.16
2026-08-23 22:54:14,62,0.806,0.806,0.887,+1.09,+2.30,+4.21
2026-08-23 22:59:36,63,0.825,0.794,0.873,+0.97,+2.17,+4.07
2026-08-23 23:05:00,63,0.762,0.810,0.921,+1.11,+2.01,+4.07
2026-08-23 23:10:22,62,0.742,0.774,0.903,+1.07,+1.96,+3.99
2026-08-23 23:15:45,62,0.774,0.790,0.903,+1.23,+2.12,+4.16
2026-08-23 23:21:08,62,0.758,0.806,0.887,+1.19,+2.09,+4.13
2026-08-23 23:26:31,62,0.710,0.774,0.887,+1.04,+1.94,+3.97
2026-08-23 23:31:54,62,0.694,0.726,0.871,+0.85,+1.74,+3.77
2026-08-23 23:37:16,63,0.683,0.746,0.873,+0.78,+1.68,+3.69
2026-08-23 23:42:39,64,0.625,0.734,0.859,+0.51,+1.50,+3.55
2026-08-23 23:46:49,64,0.406,0.625,0.844,-0.20,+0.78,+2.80
2026-08-23 23:52:12,64,0.500,0.656,0.844,+0.03,+1.01,+3.05
2026-08-23 23:57:35,64,0.469,0.656,0.859,-0.01,+0.97,+3.00
2026-08-24 00:02:58,64,0.234,0.516,0.797,-0.55,+0.68,+2.43
2026-08-24 00:08:21,63,0.238,0.540,0.857,-0.08,+1.14,+2.92
2026-08-24 00:13:44,63,0.222,0.492,0.841,-0.20,+1.00,+2.76
2026-08-24 00:19:07,63,0.222,0.429,0.841,-0.36,+0.85,+2.60
2026-08-24 00:24:29,63,0.238,0.492,0.889,-0.22,+0.98,+2.75
2026-08-24 00:29:51,62,0.290,0.565,0.903,-0.03,+1.19,+2.97
2026-08-24 00:35:14,62,0.242,0.565,0.887,-0.08,+1.14,+2.93
2026-08-24 00:40:36,62,0.258,0.613,0.855,+0.15,+1.37,+3.14
2026-08-24 00:45:59,63,0.302,0.683,0.889,+0.31,+1.52,+3.48
2026-08-24 00:51:22,63,0.302,0.698,0.857,+0.46,+1.67,+3.63
2026-08-24 00:56:45,63,0.206,0.603,0.857,+0.13,+1.34,+3.28
2026-08-24 01:02:08,63,0.460,0.587,0.810,+0.83,+1.16,+2.88
2026-08-24 01:07:31,63,0.524,0.524,0.794,+0.84,+0.95,+2.51
2026-08-24 01:12:54,63,0.460,0.492,0.762,+0.68,+0.77,+2.36
2026-08-24 01:18:17,64,0.484,0.516,0.781,+1.04,+1.14,+2.75
2026-08-24 01:23:40,64,0.469,0.516,0.766,+0.96,+1.07,+2.66
2026-08-24 01:29:04,64,0.422,0.469,0.766,+0.86,+0.96,+2.55
2026-08-24 01:34:27,64,0.594,0.562,0.750,+1.15,+1.25,+2.87
2026-08-24 01:39:50,64,0.531,0.578,0.734,+1.15,+1.26,+2.87
2026-08-24 01:45:13,64,0.547,0.578,0.734,+1.24,+1.34,+2.95
2026-08-24 01:50:36,64,0.547,0.547,0.719,+1.16,+1.26,+2.88
2026-08-24 01:55:59,63,0.556,0.524,0.730,+1.18,+1.24,+2.81
2026-08-24 02:01:23,63,0.540,0.333,0.746,+0.08,+0.57,+2.66
2026-08-24 02:06:49,63,0.476,0.270,0.667,+0.04,+0.23,+2.32
2026-08-24 02:12:11,63,0.540,0.270,0.667,+0.06,+0.22,+2.22
2026-08-24 02:17:34,63,0.429,0.238,0.667,-0.05,+0.10,+2.10
2026-08-24 02:22:57,63,0.587,0.286,0.714,+0.24,+0.40,+2.41
2026-08-24 02:28:20,63,0.524,0.254,0.698,+0.06,+0.20,+2.21
2026-08-24 02:33:43,63,0.460,0.270,0.683,-0.05,+0.11,+2.11
2026-08-24 02:39:06,63,0.556,0.317,0.651,+0.13,+0.28,+2.28
2026-08-24 02:44:28,63,0.556,0.286,0.651,-0.06,+0.09,+2.09
2026-08-24 02:49:51,63,0.476,0.254,0.651,-0.11,+0.04,+2.03
2026-08-24 02:55:14,63,0.460,0.238,0.619,-0.24,-0.09,+1.91
2026-08-24 03:00:37,63,0.254,0.302,0.619,-0.59,+0.24,+1.36
2026-08-24 03:06:00,63,0.238,0.349,0.492,-0.45,+0.64,+1.00
2026-08-24 03:11:22,64,0.266,0.484,0.484,-0.25,+0.97,+1.38
2026-08-24 03:16:46,64,0.359,0.594,0.516,-0.14,+1.09,+1.50
2026-08-24 03:22:08,64,0.375,0.578,0.547,-0.17,+1.05,+1.46
2026-08-24 03:27:32,65,0.446,0.615,0.585,-0.05,+1.15,+1.57
2026-08-24 03:32:56,65,0.369,0.554,0.523,-0.16,+1.04,+1.46
2026-08-24 03:38:19,65,0.354,0.538,0.492,-0.13,+1.07,+1.49
2026-08-24 03:43:43,65,0.323,0.538,0.492,-0.09,+1.11,+1.54
2026-08-24 03:49:06,64,0.266,0.531,0.484,-0.18,+1.05,+1.44
2026-08-24 03:54:29,64,0.328,0.531,0.500,-0.10,+1.14,+1.53
2026-08-24 03:59:53,64,0.391,0.562,0.516,+0.02,+1.26,+1.65
2026-08-24 04:05:16,64,0.531,0.453,0.484,+0.11,+0.06,+1.34
2026-08-24 04:10:40,64,0.531,0.469,0.500,+0.20,+0.01,+1.29
2026-08-24 04:16:03,64,0.500,0.453,0.453,+0.13,-0.12,+1.17
2026-08-24 04:21:26,64,0.562,0.531,0.500,+0.35,+0.10,+1.39
2026-08-24 04:26:49,64,0.516,0.531,0.484,+0.31,+0.05,+1.33
2026-08-24 04:32:12,64,0.469,0.422,0.469,+0.15,-0.10,+1.17
2026-08-24 04:37:35,64,0.453,0.469,0.516,+0.16,-0.09,+1.20
2026-08-24 04:42:58,64,0.484,0.469,0.531,+0.16,-0.09,+1.19
2026-08-24 04:48:20,64,0.469,0.453,0.547,+0.26,+0.01,+1.30
2026-08-24 04:53:43,64,0.516,0.453,0.531,+0.26,+0.02,+1.31
2026-08-24 04:59:06,65,0.477,0.477,0.523,+0.24,+0.01,+1.34
2026-08-24 05:04:30,65,0.277,0.262,0.231,-0.42,-0.42,+0.06
2026-08-24 05:09:53,65,0.262,0.262,0.262,-0.28,-0.27,+0.15
2026-08-24 05:15:16,65,0.323,0.246,0.262,-0.25,-0.26,+0.16
2026-08-24 05:20:39,65,0.369,0.308,0.246,-0.18,-0.18,+0.23
2026-08-24 05:26:02,65,0.385,0.323,0.277,-0.11,-0.12,+0.30
2026-08-24 05:31:25,65,0.354,0.323,0.262,-0.16,-0.16,+0.25
2026-08-24 05:36:48,65,0.369,0.308,0.292,-0.31,-0.32,+0.08
2026-08-24 05:42:11,65,0.369,0.338,0.277,-0.26,-0.27,+0.12
2026-08-24 05:47:20,65,0.308,0.262,0.292,-0.34,-0.35,+0.03
2026-08-24 05:52:44,65,0.308,0.308,0.292,-0.52,-0.53,-0.16
2026-08-24 05:58:06,65,0.338,0.354,0.292,-0.47,-0.41,-0.01
2026-08-24 06:03:30,64,0.625,0.531,0.578,+0.17,+0.13,+0.97
2026-08-24 06:08:52,63,0.635,0.651,0.667,+0.18,+0.22,+1.08
2026-08-24 06:14:15,64,0.703,0.656,0.719,+0.40,+0.48,+1.38
2026-08-24 06:19:38,64,0.766,0.750,0.750,+0.54,+0.60,+1.50
2026-08-24 06:25:00,64,0.797,0.750,0.797,+0.67,+0.78,+1.69
2026-08-24 06:30:24,65,0.754,0.708,0.754,+0.64,+0.77,+1.70
2026-08-24 06:35:47,65,0.800,0.738,0.708,+0.57,+0.71,+1.64
2026-08-24 06:41:11,65,0.738,0.723,0.692,+0.33,+0.47,+1.41
2026-08-24 06:46:34,65,0.769,0.723,0.723,+0.48,+0.62,+1.56
2026-08-24 06:51:58,65,0.800,0.692,0.723,+0.62,+0.76,+1.71
2026-08-24 06:57:21,65,0.831,0.708,0.723,+0.75,+0.87,+1.85
2026-08-24 07:02:44,65,0.538,0.492,0.569,+0.41,+0.09,+0.35
2026-08-24 07:08:07,65,0.569,0.538,0.631,+0.47,+0.16,+0.43
2026-08-24 07:13:30,65,0.523,0.554,0.631,+0.55,+0.24,+0.49
2026-08-24 07:18:54,65,0.462,0.477,0.554,+0.39,+0.08,+0.33
2026-08-24 07:24:17,65,0.585,0.554,0.600,+0.73,+0.41,+0.66
2026-08-24 07:29:41,65,0.631,0.585,0.677,+0.75,+0.43,+0.69
2026-08-24 07:35:04,65,0.631,0.600,0.646,+0.67,+0.36,+0.61
2026-08-24 07:40:28,65,0.631,0.600,0.662,+0.69,+0.38,+0.65
2026-08-24 07:45:50,65,0.615,0.600,0.631,+0.80,+0.48,+0.74
2026-08-24 07:51:13,65,0.631,0.631,0.677,+0.89,+0.57,+0.83
2026-08-24 07:56:37,65,0.646,0.600,0.662,+0.68,+0.36,+0.63
2026-08-24 08:02:00,65,0.462,0.738,0.631,+0.22,+0.61,+0.59
2026-08-24 08:07:23,65,0.231,0.662,0.523,-0.13,+0.42,+0.27
2026-08-24 08:12:47,66,0.318,0.712,0.545,-0.06,+0.51,+0.36
2026-08-24 08:18:10,65,0.338,0.631,0.554,+0.01,+0.58,+0.43
2026-08-24 08:23:34,65,0.277,0.631,0.554,-0.02,+0.56,+0.40
2026-08-24 08:28:57,65,0.308,0.615,0.569,+0.08,+0.66,+0.50
2026-08-24 08:34:21,65,0.431,0.662,0.662,+0.23,+0.85,+0.64
2026-08-24 08:39:44,65,0.338,0.662,0.554,+0.03,+0.64,+0.44
2026-08-24 08:45:07,65,0.292,0.600,0.523,-0.07,+0.55,+0.34
2026-08-24 08:50:30,65,0.308,0.646,0.569,+0.08,+0.69,+0.48
2026-08-24 08:55:53,64,0.406,0.719,0.609,+0.23,+0.85,+0.61
2026-08-24 09:01:16,65,0.538,0.646,0.646,+0.30,+0.94,+0.95
2026-08-24 09:06:41,65,0.215,0.446,0.554,-0.42,+0.34,+0.44
2026-08-24 09:12:04,65,0.262,0.446,0.585,-0.36,+0.41,+0.51
2026-08-24 09:17:27,65,0.185,0.369,0.492,-0.57,+0.19,+0.28
2026-08-24 09:22:50,65,0.123,0.323,0.400,-0.93,-0.01,+0.11
2026-08-24 09:28:13,65,0.169,0.262,0.385,-1.05,-0.13,-0.01
2026-08-24 09:33:37,65,0.215,0.323,0.431,-0.69,+0.22,+0.35
2026-08-24 09:39:00,65,0.231,0.369,0.477,-0.68,+0.22,+0.35
2026-08-24 09:44:24,66,0.258,0.364,0.439,-0.97,+0.00,+0.17
2026-08-24 09:49:48,66,0.167,0.303,0.424,-1.07,-0.11,+0.06
2026-08-24 09:55:11,64,0.234,0.359,0.469,-1.00,+0.01,+0.15
2026-08-24 10:00:34,64,0.203,0.312,0.469,-0.97,-0.45,-0.08
2026-08-24 10:05:58,65,0.215,0.246,0.369,-0.79,-0.37,+0.09
2026-08-24 10:11:21,65,0.215,0.231,0.338,-0.90,-0.44,-0.00
2026-08-24 10:16:45,65,0.246,0.246,0.292,-0.96,-0.49,-0.05
2026-08-24 10:22:08,65,0.185,0.231,0.308,-1.18,-0.71,-0.26
2026-08-24 10:27:31,64,0.172,0.234,0.312,-1.19,-0.71,-0.28
2026-08-24 10:32:54,64,0.203,0.219,0.281,-1.24,-0.76,-0.33
2026-08-24 10:38:17,64,0.203,0.203,0.250,-1.45,-0.96,-0.54
2026-08-24 10:43:40,64,0.172,0.219,0.266,-1.28,-0.79,-0.38
2026-08-24 10:49:03,65,0.185,0.215,0.262,-1.46,-0.98,-0.55
2026-08-24 10:54:26,65,0.200,0.231,0.246,-1.66,-1.19,-0.75
2026-08-24 10:59:49,64,0.125,0.172,0.219,-2.13,-1.65,-1.25
2026-08-24 11:05:13,65,0.154,0.154,0.231,-1.54,-2.08,-1.11
2026-08-24 11:10:36,65,0.108,0.154,0.215,-1.63,-2.18,-1.21
2026-08-24 11:16:00,65,0.185,0.185,0.215,-1.08,-1.63,-0.66
2026-08-24 11:21:23,65,0.231,0.215,0.292,-0.81,-1.36,-0.38
2026-08-24 11:26:46,65,0.215,0.231,0.277,-0.95,-1.51,-0.54
2026-08-24 11:32:10,66,0.212,0.242,0.318,-0.81,-1.35,-0.35
2026-08-24 11:37:34,67,0.254,0.254,0.388,-0.56,-1.09,-0.08
2026-08-24 11:42:59,68,0.279,0.250,0.382,-0.90,-1.22,-0.22
2026-08-24 11:47:58,67,0.239,0.224,0.284,-1.11,-1.42,-0.41
2026-08-24 11:53:23,67,0.239,0.209,0.299,-1.03,-1.33,-0.32
2026-08-24 11:58:47,67,0.224,0.239,0.299,-1.09,-1.41,-0.41
2026-08-24 12:04:11,67,0.657,0.194,0.299,+0.14,-1.43,-0.24
2026-08-24 12:09:36,67,0.701,0.194,0.224,+0.17,-1.72,-0.51
2026-08-24 12:15:00,67,0.687,0.209,0.224,+0.23,-1.69,-0.53
2026-08-24 12:20:24,67,0.687,0.179,0.224,+0.28,-1.62,-0.45
2026-08-24 12:25:48,67,0.776,0.209,0.284,+0.47,-1.45,-0.28
2026-08-24 12:31:12,67,0.552,0.209,0.239,-0.03,-1.92,-0.76
2026-08-24 12:36:36,67,0.612,0.224,0.284,+0.03,-1.89,-0.72
2026-08-24 12:42:00,67,0.642,0.224,0.284,+0.12,-1.78,-0.61
2026-08-24 12:47:25,66,0.652,0.197,0.303,+0.13,-1.75,-0.55
2026-08-24 12:52:48,66,0.652,0.242,0.288,+0.21,-1.68,-0.49
2026-08-24 12:58:12,66,0.636,0.227,0.258,+0.12,-1.77,-0.56
2026-08-24 13:03:36,66,0.273,0.212,0.227,-0.17,-1.42,-1.35
2026-08-24 13:08:59,66,0.318,0.227,0.212,-0.17,-1.36,-1.32
2026-08-24 13:14:24,67,0.288,0.258,0.258,-0.37,-1.50,-1.45
2026-08-24 13:19:47,67,0.515,0.273,0.258,-0.01,-1.15,-1.09
2026-08-24 13:25:11,68,0.582,0.328,0.254,+0.20,-0.92,-0.88
2026-08-24 13:30:36,68,0.657,0.328,0.284,+0.41,-0.71,-0.67
2026-08-24 13:35:59,68,0.672,0.313,0.269,+0.39,-0.73,-0.69
2026-08-24 13:41:24,68,0.567,0.269,0.284,+0.19,-0.93,-0.89
2026-08-24 13:46:48,68,0.582,0.299,0.299,+0.20,-0.92,-0.88
2026-08-24 13:52:12,67,0.455,0.318,0.303,+0.03,-1.09,-1.04
2026-08-24 13:57:36,67,0.394,0.227,0.227,-0.14,-1.26,-1.22
2026-08-24 14:03:01,68,0.647,0.662,0.221,+0.55,+0.31,-1.01
2026-08-24 14:08:25,66,0.636,0.606,0.227,+0.40,+0.29,-1.27
2026-08-24 14:13:49,66,0.727,0.727,0.242,+0.86,+0.84,-0.80
2026-08-24 14:19:12,65,0.692,0.769,0.277,+0.94,+0.92,-0.72
2026-08-24 14:24:36,65,0.754,0.738,0.277,+0.84,+0.81,-0.82
2026-08-24 14:29:59,65,0.738,0.723,0.262,+0.66,+0.63,-0.99
2026-08-24 14:35:22,65,0.600,0.646,0.277,+0.49,+0.47,-1.14
2026-08-24 14:40:45,65,0.615,0.708,0.277,+0.61,+0.56,-1.07
2026-08-24 14:46:08,65,0.738,0.754,0.262,+0.86,+0.82,-0.83
2026-08-24 14:51:30,64,0.688,0.703,0.297,+0.75,+0.70,-0.93
2026-08-24 14:56:53,64,0.719,0.703,0.281,+0.83,+0.79,-0.84
2026-08-24 15:02:18,64,0.484,0.562,0.250,+0.40,+0.68,-0.91
2026-08-24 15:07:41,64,0.344,0.484,0.234,+0.17,+0.43,-1.11
2026-08-24 15:13:04,64,0.500,0.547,0.234,+0.30,+0.54,-0.99
2026-08-24 15:18:27,64,0.578,0.578,0.297,+0.45,+0.70,-0.84
2026-08-24 15:23:50,64,0.562,0.594,0.297,+0.38,+0.63,-0.90
2026-08-24 15:29:13,63,0.603,0.571,0.270,+0.44,+0.72,-0.80
2026-08-24 15:34:35,63,0.492,0.508,0.270,+0.25,+0.54,-0.99
2026-08-24 15:39:58,63,0.397,0.476,0.238,+0.10,+0.38,-1.14
2026-08-24 15:45:21,63,0.333,0.429,0.222,+0.03,+0.31,-1.21
2026-08-24 15:50:44,63,0.540,0.556,0.286,+0.59,+0.88,-0.64
2026-08-24 15:56:07,63,0.492,0.540,0.238,+0.50,+0.79,-0.72
2026-08-24 16:01:29,63,0.524,0.635,0.254,+0.37,+0.99,-0.78
2026-08-24 16:06:51,62,0.435,0.661,0.258,+0.19,+1.05,-0.49
2026-08-24 16:12:14,62,0.597,0.774,0.403,+0.59,+1.46,-0.04
2026-08-24 16:17:36,62,0.661,0.758,0.403,+0.69,+1.56,+0.07
2026-08-24 16:22:59,62,0.565,0.742,0.355,+0.54,+1.43,-0.06
2026-08-24 16:28:21,63,0.524,0.698,0.302,+0.37,+1.23,-0.16
2026-08-24 16:33:44,63,0.476,0.635,0.270,+0.32,+1.20,-0.20
2026-08-24 16:39:07,64,0.453,0.625,0.266,+0.28,+1.15,-0.23
2026-08-24 16:44:31,64,0.344,0.547,0.250,+0.06,+0.92,-0.45
2026-08-24 16:49:54,64,0.484,0.625,0.312,+0.35,+1.22,-0.17
2026-08-24 16:55:17,64,0.406,0.578,0.281,+0.18,+1.05,-0.33
2026-08-24 17:00:39,63,0.397,0.571,0.524,+0.10,+0.40,+0.72
2026-08-24 17:06:02,63,0.333,0.444,0.698,-0.09,+0.44,+0.94
2026-08-24 17:11:25,63,0.413,0.540,0.746,+0.15,+0.66,+1.25
2026-08-24 17:16:48,63,0.317,0.429,0.714,-0.18,+0.33,+0.93
2026-08-24 17:22:10,63,0.317,0.381,0.667,-0.21,+0.30,+0.90
2026-08-24 17:27:34,63,0.238,0.317,0.540,-0.45,+0.06,+0.65
2026-08-24 17:32:56,63,0.254,0.333,0.556,-0.44,+0.07,+0.65
2026-08-24 17:38:19,63,0.317,0.381,0.603,-0.29,+0.22,+0.79
2026-08-24 17:43:42,63,0.381,0.460,0.635,-0.18,+0.33,+0.92
2026-08-24 17:48:37,63,0.365,0.460,0.651,-0.32,+0.18,+0.78
2026-08-24 17:54:00,63,0.397,0.429,0.619,-0.30,+0.20,+0.80
2026-08-24 17:59:23,63,0.365,0.429,0.635,-0.30,+0.20,+0.79
2026-08-24 18:04:46,63,0.460,0.429,0.429,-0.01,+0.21,+0.67
2026-08-24 18:10:08,63,0.603,0.571,0.571,+0.29,+0.48,+0.94
2026-08-24 18:15:31,63,0.651,0.571,0.540,+0.38,+0.58,+1.04
2026-08-24 18:20:54,63,0.619,0.556,0.587,+0.32,+0.53,+0.98
2026-08-24 18:26:17,65,0.677,0.554,0.600,+0.44,+0.64,+1.15
2026-08-24 18:31:40,65,0.646,0.554,0.585,+0.39,+0.58,+1.10
2026-08-24 18:37:03,65,0.600,0.554,0.600,+0.44,+0.62,+1.14
2026-08-24 18:42:27,65,0.615,0.554,0.585,+0.54,+0.72,+1.24
2026-08-24 18:47:50,65,0.554,0.492,0.523,+0.35,+0.52,+1.03
2026-08-24 18:53:16,65,0.600,0.554,0.554,+0.40,+0.56,+1.07
2026-08-24 18:58:39,65,0.600,0.554,0.538,+0.31,+0.47,+0.98
2026-08-24 19:04:02,65,0.723,0.569,0.723,+0.78,+0.56,+1.56
2026-08-24 19:09:25,65,0.662,0.538,0.692,+0.74,+0.51,+1.56
2026-08-24 19:14:48,65,0.708,0.585,0.708,+0.81,+0.57,+1.63
2026-08-24 19:20:12,64,0.656,0.594,0.688,+0.78,+0.55,+1.63
2026-08-24 19:25:35,64,0.641,0.594,0.734,+0.72,+0.48,+1.56
2026-08-24 19:31:02,63,0.651,0.571,0.730,+0.79,+0.51,+1.61
2026-08-24 19:36:25,63,0.683,0.619,0.746,+0.89,+0.61,+1.71
2026-08-24 19:41:48,63,0.683,0.619,0.714,+0.80,+0.52,+1.62
2026-08-24 19:47:11,63,0.571,0.556,0.667,+0.77,+0.48,+1.59
2026-08-24 19:52:34,64,0.516,0.500,0.625,+0.59,+0.29,+1.38
2026-08-24 19:57:57,64,0.500,0.453,0.547,+0.45,+0.15,+1.23
2026-08-24 20:03:20,64,0.266,0.406,0.422,-0.43,-0.26,+0.23
2026-08-24 20:08:43,64,0.359,0.500,0.453,-0.27,-0.06,+0.39
2026-08-24 20:14:06,63,0.413,0.508,0.571,-0.19,+0.04,+0.50
2026-08-24 20:19:28,62,0.435,0.532,0.581,-0.10,+0.14,+0.63
2026-08-24 20:24:50,62,0.484,0.613,0.565,+0.03,+0.27,+0.76
2026-08-24 20:30:12,62,0.500,0.629,0.581,+0.22,+0.46,+0.95
2026-08-24 20:35:35,62,0.726,0.661,0.677,+0.66,+0.91,+1.40
2026-08-24 20:40:57,63,0.778,0.698,0.746,+0.98,+1.22,+1.70
2026-08-24 20:46:20,63,0.810,0.698,0.762,+1.13,+1.37,+1.86
2026-08-24 20:51:42,62,0.774,0.661,0.726,+0.83,+1.08,+1.60
2026-08-24 20:57:04,62,0.710,0.710,0.710,+0.79,+1.03,+1.55
2026-08-24 21:02:26,62,0.806,0.758,0.726,+1.00,+1.32,+1.33
2026-08-24 21:07:49,62,0.790,0.726,0.726,+0.85,+1.18,+1.17
2026-08-24 21:13:11,62,0.790,0.677,0.677,+0.82,+1.13,+1.08
2026-08-24 21:18:34,63,0.794,0.667,0.587,+0.58,+0.81,+0.75
2026-08-24 21:23:56,62,0.758,0.629,0.694,+0.83,+1.13,+1.08
2026-08-24 21:29:19,62,0.790,0.694,0.694,+0.90,+1.23,+1.15
2026-08-24 21:34:43,63,0.810,0.651,0.714,+0.82,+1.05,+0.98
2026-08-24 21:40:05,63,0.889,0.762,0.730,+1.19,+1.42,+1.36
2026-08-24 21:45:29,64,0.828,0.719,0.750,+1.14,+1.36,+1.29
2026-08-24 21:50:52,65,0.862,0.785,0.769,+1.45,+1.65,+1.54
2026-08-24 21:56:15,65,0.862,0.785,0.769,+1.62,+1.80,+1.69
2026-08-24 22:01:40,67,0.701,0.791,0.791,+0.66,+1.53,+1.86
2026-08-24 22:07:04,67,0.567,0.731,0.731,+0.24,+1.21,+1.46
2026-08-24 22:12:28,66,0.606,0.758,0.727,+0.39,+1.38,+1.64
2026-08-24 22:17:51,65,0.600,0.692,0.692,+0.30,+1.28,+1.55
2026-08-24 22:23:15,65,0.662,0.708,0.692,+0.31,+1.29,+1.56
2026-08-24 22:28:39,66,0.545,0.667,0.682,+0.19,+1.23,+1.53
2026-08-24 22:34:03,66,0.242,0.621,0.652,-0.49,+0.54,+0.84
2026-08-24 22:39:26,66,0.197,0.545,0.606,-0.69,+0.34,+0.65
2026-08-24 22:44:50,65,0.185,0.385,0.508,-1.11,-0.04,+0.22
2026-08-24 22:50:13,65,0.185,0.477,0.554,-0.91,+0.15,+0.44
2026-08-24 22:55:36,65,0.200,0.477,0.523,-1.01,+0.06,+0.35
2026-08-24 23:01:00,65,0.185,0.600,0.600,-1.04,+0.45,+0.58
2026-08-24 23:06:23,65,0.154,0.615,0.569,-1.23,+0.59,+0.61
2026-08-24 23:11:46,63,0.143,0.698,0.683,-0.94,+0.87,+0.99
2026-08-24 23:17:08,62,0.242,0.710,0.661,-0.61,+1.17,+1.33
2026-08-24 23:22:31,62,0.242,0.726,0.645,-0.67,+1.10,+1.25
2026-08-24 23:27:53,62,0.210,0.694,0.677,-0.66,+1.10,+1.26
2026-08-24 23:33:15,61,0.246,0.705,0.672,-0.47,+1.29,+1.49
2026-08-24 23:38:37,62,0.306,0.726,0.694,-0.26,+1.51,+1.67
2026-08-24 23:43:58,59,0.288,0.729,0.678,-0.42,+1.36,+1.56
2026-08-24 23:49:12,59,0.254,0.678,0.678,-0.52,+1.26,+1.46
2026-08-24 23:54:33,59,0.271,0.644,0.661,-0.77,+1.01,+1.20
2026-08-24 23:59:54,59,0.288,0.695,0.695,-0.58,+1.20,+1.40
2026-08-25 00:05:15,59,0.729,0.441,0.712,+0.99,+0.30,+1.91
2026-08-25 00:10:36,59,0.729,0.458,0.695,+1.23,+0.52,+2.17
2026-08-25 00:15:57,59,0.712,0.441,0.695,+1.37,+0.66,+2.33
2026-08-25 00:21:18,60,0.733,0.483,0.717,+2.03,+1.31,+2.95
2026-08-25 00:26:39,59,0.780,0.576,0.746,+2.22,+1.47,+3.11
2026-08-25 00:32:01,59,0.797,0.576,0.746,+2.27,+1.51,+3.14
2026-08-25 00:37:22,59,0.780,0.525,0.746,+2.06,+1.32,+2.93
2026-08-25 00:42:44,59,0.712,0.492,0.695,+1.93,+1.19,+2.82
2026-08-25 00:48:05,59,0.661,0.441,0.644,+1.65,+0.91,+2.54
2026-08-25 00:53:27,59,0.593,0.356,0.627,+1.37,+0.64,+2.26
2026-08-25 00:58:48,59,0.508,0.305,0.593,+1.18,+0.45,+2.06
2026-08-25 01:04:09,59,0.305,0.237,0.644,+0.91,+0.30,+2.05
2026-08-25 01:09:31,59,0.492,0.254,0.678,+1.12,+0.53,+2.28
2026-08-25 01:14:53,59,0.424,0.288,0.678,+1.13,+0.54,+2.29
2026-08-25 01:20:14,59,0.559,0.322,0.678,+1.22,+0.62,+2.39
2026-08-25 01:25:35,59,0.559,0.305,0.695,+1.08,+0.48,+2.24
2026-08-25 01:30:56,59,0.492,0.305,0.678,+1.04,+0.44,+2.20
2026-08-25 01:36:18,59,0.492,0.305,0.661,+1.03,+0.42,+2.18
2026-08-25 01:41:39,59,0.373,0.271,0.627,+0.69,+0.10,+1.84
2026-08-25 01:47:01,59,0.424,0.254,0.610,+0.68,+0.08,+1.83
2026-08-25 01:52:22,59,0.305,0.220,0.610,+0.30,-0.30,+1.44
2026-08-25 01:57:44,59,0.305,0.237,0.610,+0.37,-0.23,+1.51
2026-08-25 02:03:05,60,0.250,0.367,0.500,-0.83,+0.69,+1.04
2026-08-25 02:08:26,60,0.383,0.533,0.583,-0.40,+1.04,+1.42
2026-08-25 02:13:48,60,0.400,0.500,0.617,-0.43,+1.02,+1.39
2026-08-25 02:19:09,60,0.367,0.467,0.583,-0.43,+1.02,+1.39
2026-08-25 02:24:31,60,0.200,0.333,0.450,-1.21,+0.22,+0.58
2026-08-25 02:29:52,60,0.200,0.317,0.467,-1.35,+0.09,+0.45
2026-08-25 02:35:15,60,0.183,0.267,0.417,-1.63,-0.19,+0.16
2026-08-25 02:40:37,60,0.250,0.333,0.450,-1.25,+0.19,+0.55
2026-08-25 02:45:58,60,0.200,0.317,0.417,-1.56,-0.11,+0.24
2026-08-25 02:51:20,60,0.250,0.317,0.467,-1.25,+0.18,+0.54
2026-08-25 02:56:40,59,0.237,0.322,0.475,-1.26,+0.19,+0.55
2026-08-25 03:02:02,59,0.237,0.237,0.322,-0.89,-0.36,-0.31
2026-08-25 03:07:23,59,0.322,0.271,0.339,-0.54,-0.27,-0.34
2026-08-25 03:12:44,59,0.288,0.220,0.339,-0.58,-0.33,-0.36
2026-08-25 03:18:05,60,0.350,0.283,0.367,+0.09,+0.39,+0.36
2026-08-25 03:23:26,60,0.367,0.267,0.350,-0.07,+0.23,+0.20
2026-08-25 03:28:47,60,0.350,0.283,0.350,-0.05,+0.27,+0.23
2026-08-25 03:34:09,60,0.417,0.300,0.367,+0.04,+0.36,+0.33
2026-08-25 03:39:31,60,0.250,0.250,0.283,-0.44,-0.13,-0.16
2026-08-25 03:44:52,60,0.300,0.283,0.333,-0.22,+0.09,+0.06
2026-08-25 03:50:13,60,0.317,0.283,0.333,-0.15,+0.16,+0.13
2026-08-25 03:55:35,60,0.267,0.283,0.333,-0.41,-0.10,-0.13
2026-08-25 04:00:57,61,0.361,0.279,0.279,-0.21,-0.80,+0.16
2026-08-25 04:06:19,61,0.377,0.279,0.262,-0.26,-0.86,-0.48
2026-08-25 04:11:40,61,0.344,0.311,0.262,-0.24,-0.84,-0.50
2026-08-25 04:17:02,61,0.361,0.311,0.262,-0.33,-0.98,-0.62
2026-08-25 04:22:24,61,0.311,0.262,0.230,-0.45,-1.10,-0.73
2026-08-25 04:27:47,61,0.377,0.295,0.230,-0.30,-0.94,-0.66
2026-08-25 04:33:09,61,0.443,0.311,0.230,-0.16,-0.77,-0.50
2026-08-25 04:38:31,61,0.492,0.361,0.230,+0.00,-0.63,-0.34
2026-08-25 04:43:50,61,0.475,0.328,0.246,-0.09,-0.72,-0.44
2026-08-25 04:49:12,61,0.410,0.328,0.246,-0.06,-0.69,-0.38
2026-08-25 04:54:34,61,0.311,0.279,0.246,-0.25,-0.86,-0.55
2026-08-25 04:59:56,61,0.377,0.279,0.246,-0.22,-0.82,-0.52
2026-08-25 05:05:18,61,0.311,0.262,0.361,-0.31,-0.49,+0.48
2026-08-25 05:10:40,61,0.410,0.279,0.361,-0.14,-0.36,+0.73
2026-08-25 05:16:01,60,0.267,0.250,0.350,-0.16,-0.42,+0.63
2026-08-25 05:21:23,60,0.317,0.267,0.367,+0.01,-0.24,+0.83
2026-08-25 05:26:44,60,0.300,0.217,0.367,+0.06,-0.17,+0.90
2026-08-25 05:32:06,60,0.267,0.233,0.350,-0.14,-0.32,+0.78
2026-08-25 05:37:27,60,0.400,0.267,0.383,+0.05,-0.14,+0.95
2026-08-25 05:42:48,60,0.550,0.333,0.400,+0.32,+0.12,+1.23
2026-08-25 05:48:09,59,0.542,0.390,0.441,+0.37,+0.19,+1.31
2026-08-25 05:49:42,59,0.559,0.407,0.441,+0.37,+0.19,+1.31
2026-08-25 05:55:04,59,0.559,0.356,0.458,+0.36,+0.16,+1.29
2026-08-25 06:00:25,59,0.576,0.458,0.441,+0.27,+0.03,+1.07
2026-08-25 06:05:46,59,0.712,0.627,0.373,+0.76,+0.53,+0.93
2026-08-25 06:11:07,59,0.712,0.593,0.305,+0.63,+0.44,+0.74
2026-08-25 06:16:28,59,0.729,0.661,0.373,+0.87,+0.65,+0.94
2026-08-25 06:21:49,58,0.776,0.603,0.362,+0.95,+0.69,+1.03
2026-08-25 06:27:10,58,0.759,0.655,0.397,+1.17,+0.93,+1.30
2026-08-25 06:32:30,58,0.741,0.603,0.345,+1.15,+0.91,+1.27
2026-08-25 06:37:50,58,0.776,0.586,0.345,+1.14,+0.91,+1.25
2026-08-25 06:43:11,58,0.759,0.586,0.379,+1.10,+0.88,+1.23
2026-08-25 06:48:33,57,0.737,0.544,0.351,+1.17,+0.93,+1.35
2026-08-25 06:53:53,57,0.684,0.614,0.404,+1.14,+0.91,+1.31
2026-08-25 06:59:13,57,0.737,0.596,0.404,+1.27,+1.03,+1.45
2026-08-25 07:04:33,57,0.491,0.614,0.421,+0.46,+0.97,+0.38
2026-08-25 07:09:53,57,0.579,0.614,0.456,+0.49,+1.01,+0.38
2026-08-25 07:15:14,57,0.491,0.579,0.421,+0.40,+0.93,+0.33
2026-08-25 07:20:34,57,0.421,0.544,0.439,+0.37,+0.90,+0.30
2026-08-25 07:25:55,57,0.421,0.509,0.386,+0.32,+0.85,+0.25
2026-08-25 07:31:17,57,0.439,0.509,0.386,+0.41,+0.95,+0.36
2026-08-25 07:36:39,57,0.474,0.579,0.439,+0.54,+1.08,+0.48
2026-08-25 07:41:59,57,0.491,0.579,0.456,+0.58,+1.12,+0.53
2026-08-25 07:47:20,57,0.439,0.526,0.368,+0.51,+1.06,+0.47
2026-08-25 07:52:40,57,0.439,0.509,0.368,+0.38,+0.92,+0.33
2026-08-25 07:58:01,57,0.386,0.491,0.351,+0.26,+0.81,+0.21
2026-08-25 08:03:21,57,0.228,0.456,0.351,-0.38,+0.68,+0.41
2026-08-25 08:08:42,57,0.281,0.491,0.368,-0.15,+0.91,+0.61
2026-08-25 08:14:02,57,0.246,0.526,0.421,+0.04,+1.14,+0.83
2026-08-25 08:19:23,57,0.228,0.509,0.421,-0.15,+0.96,+0.63
2026-08-25 08:24:43,57,0.246,0.561,0.404,-0.11,+0.99,+0.67
2026-08-25 08:30:04,57,0.263,0.561,0.404,-0.04,+1.07,+0.74
2026-08-25 08:35:24,57,0.281,0.526,0.404,-0.05,+1.06,+0.73
2026-08-25 08:40:44,57,0.368,0.579,0.456,+0.11,+1.22,+0.89
2026-08-25 08:46:05,56,0.393,0.643,0.482,+0.26,+1.33,+1.01
2026-08-25 08:51:26,56,0.321,0.607,0.446,+0.10,+1.17,+0.84
2026-08-25 08:56:46,56,0.304,0.571,0.411,+0.11,+1.18,+0.85
2026-08-25 09:02:07,56,0.518,0.554,0.518,+0.27,+0.50,+0.98
2026-08-25 09:07:27,56,0.536,0.464,0.536,+0.37,+0.52,+1.05
2026-08-25 09:12:46,56,0.661,0.500,0.607,+0.48,+0.63,+1.15
2026-08-25 09:18:07,56,0.482,0.375,0.536,+0.02,+0.18,+0.70
2026-08-25 09:23:28,56,0.446,0.411,0.536,+0.06,+0.22,+0.73
2026-08-25 09:28:48,56,0.607,0.446,0.571,+0.24,+0.40,+0.92
2026-08-25 09:34:08,56,0.571,0.464,0.500,+0.19,+0.35,+0.88
2026-08-25 09:39:28,56,0.661,0.446,0.571,+0.21,+0.36,+0.88
2026-08-25 09:44:49,56,0.714,0.536,0.643,+0.67,+0.82,+1.35
2026-08-25 09:50:09,56,0.732,0.714,0.786,+0.86,+1.01,+1.55
2026-08-25 09:55:29,56,0.732,0.732,0.750,+0.89,+1.03,+1.56
2026-08-25 10:00:49,56,0.750,0.661,0.714,+0.72,+0.64,+1.64
2026-08-25 10:06:10,57,0.754,0.702,0.737,+0.81,+0.90,+1.80
2026-08-25 10:11:30,57,0.684,0.702,0.719,+0.22,+0.31,+1.19
2026-08-25 10:16:51,58,0.690,0.621,0.655,+0.63,+0.77,+1.67
2026-08-25 10:22:11,58,0.707,0.707,0.741,+1.19,+1.34,+2.24
2026-08-25 10:27:32,58,0.690,0.724,0.707,+1.09,+1.24,+2.14
2026-08-25 10:32:53,58,0.707,0.690,0.741,+1.09,+1.26,+2.13
2026-08-25 10:38:14,58,0.690,0.707,0.776,+1.02,+1.16,+2.06
2026-08-25 10:43:35,58,0.741,0.741,0.776,+1.22,+1.37,+2.27
2026-08-25 10:48:55,57,0.737,0.737,0.789,+1.29,+1.39,+2.31
2026-08-25 10:54:15,57,0.719,0.702,0.772,+1.18,+1.29,+2.21
2026-08-25 10:59:35,56,0.714,0.750,0.786,+1.30,+1.42,+2.37
2026-08-25 11:04:55,56,0.554,0.750,0.821,+0.20,+1.78,+2.54
2026-08-25 11:10:15,56,0.518,0.768,0.786,+0.17,+1.62,+2.40
2026-08-25 11:15:35,56,0.482,0.768,0.732,+0.04,+1.50,+2.27
2026-08-25 11:20:56,57,0.702,0.772,0.825,+0.83,+2.30,+3.06
2026-08-25 11:26:16,57,0.737,0.754,0.825,+0.83,+2.30,+3.06
2026-08-25 11:31:36,57,0.772,0.754,0.807,+1.10,+2.58,+3.35
2026-08-25 11:36:57,57,0.719,0.754,0.789,+0.94,+2.40,+3.16
2026-08-25 11:42:17,57,0.719,0.807,0.825,+1.12,+2.58,+3.35
2026-08-25 11:47:38,57,0.702,0.789,0.825,+0.95,+2.41,+3.16
2026-08-25 11:50:30,57,0.632,0.789,0.825,+0.74,+2.21,+2.95
2026-08-25 11:55:51,57,0.719,0.789,0.842,+0.77,+2.25,+3.00
2026-08-25 12:01:11,57,0.702,0.825,0.789,+0.75,+2.18,+2.57
2026-08-25 12:06:32,57,0.737,0.789,0.737,+0.93,+2.20,+2.66
2026-08-25 12:11:52,56,0.750,0.804,0.768,+1.14,+2.45,+2.93
2026-08-25 12:17:12,56,0.750,0.804,0.768,+1.15,+2.45,+2.93
2026-08-25 12:22:33,58,0.793,0.828,0.793,+1.29,+2.67,+3.15
2026-08-25 12:27:54,58,0.741,0.810,0.759,+1.18,+2.54,+3.00
2026-08-25 12:33:15,58,0.741,0.810,0.776,+1.42,+2.78,+3.25
2026-08-25 12:38:35,58,0.724,0.810,0.759,+1.45,+2.82,+3.29
2026-08-25 12:43:56,58,0.741,0.776,0.741,+1.44,+2.80,+3.28
2026-08-25 12:49:17,58,0.707,0.793,0.741,+1.50,+2.87,+3.35
2026-08-25 12:54:39,58,0.690,0.793,0.759,+1.47,+2.85,+3.33
2026-08-25 13:00:00,59,0.678,0.780,0.746,+1.30,+2.68,+3.12
2026-08-25 13:05:21,59,0.475,0.729,0.780,+0.77,+1.58,+2.96
2026-08-25 13:10:42,59,0.475,0.746,0.780,+0.86,+1.76,+3.06
2026-08-25 13:16:02,59,0.525,0.729,0.780,+0.97,+1.87,+3.17
2026-08-25 13:21:24,60,0.517,0.733,0.783,+0.96,+1.91,+3.21
2026-08-25 13:26:46,60,0.567,0.750,0.783,+1.03,+1.98,+3.28
2026-08-25 13:32:06,59,0.475,0.678,0.746,+0.82,+1.77,+3.13
2026-08-25 13:37:27,59,0.559,0.746,0.746,+1.00,+1.95,+3.33
2026-08-25 13:42:49,59,0.492,0.712,0.746,+1.03,+1.98,+3.35
2026-08-25 13:48:10,59,0.542,0.729,0.763,+1.19,+2.15,+3.53
2026-08-25 13:53:31,59,0.593,0.746,0.780,+1.15,+2.11,+3.49
2026-08-25 13:58:53,59,0.525,0.712,0.763,+1.05,+2.00,+3.37
2026-08-25 14:04:14,59,0.661,0.763,0.763,+0.63,+1.95,+3.83
2026-08-25 14:09:36,59,0.661,0.763,0.780,+0.61,+1.96,+3.82
2026-08-25 14:14:57,59,0.712,0.763,0.797,+0.76,+2.12,+3.98
2026-08-25 14:20:19,59,0.695,0.797,0.780,+0.81,+2.10,+3.99
2026-08-25 14:25:40,59,0.695,0.797,0.780,+0.84,+2.15,+4.09
2026-08-25 14:31:01,59,0.712,0.780,0.780,+0.99,+2.34,+4.28
2026-08-25 14:36:22,59,0.746,0.797,0.797,+0.92,+2.25,+4.17
2026-08-25 14:41:43,59,0.746,0.780,0.814,+0.90,+2.23,+4.14
2026-08-25 14:47:04,58,0.707,0.810,0.810,+0.85,+2.29,+4.19
2026-08-25 14:52:25,58,0.707,0.793,0.810,+0.70,+2.14,+4.03
2026-08-25 14:57:46,58,0.741,0.776,0.810,+0.84,+2.29,+4.18
2026-08-25 15:03:07,58,0.621,0.672,0.810,+0.28,+1.30,+3.62
2026-08-25 15:08:29,58,0.569,0.655,0.810,+0.26,+1.36,+3.64
2026-08-25 15:13:49,58,0.552,0.586,0.793,+0.41,+1.52,+3.80
2026-08-25 15:19:10,58,0.655,0.621,0.776,+0.48,+1.60,+3.88
2026-08-25 15:24:31,58,0.638,0.707,0.759,+0.63,+1.75,+4.04
2026-08-25 15:29:51,58,0.621,0.672,0.776,+0.74,+1.87,+4.15
2026-08-25 15:35:13,59,0.492,0.576,0.746,+0.42,+1.52,+3.87
2026-08-25 15:40:34,59,0.458,0.542,0.780,+0.12,+1.21,+3.56
2026-08-25 15:45:56,60,0.433,0.533,0.783,+0.19,+1.27,+3.54
2026-08-25 15:51:17,60,0.417,0.500,0.750,+0.23,+1.32,+3.60
2026-08-25 15:56:39,60,0.367,0.483,0.783,+0.22,+1.30,+3.58
2026-08-25 16:02:00,60,0.400,0.533,0.650,+0.15,+0.94,+2.46
2026-08-25 16:07:22,60,0.433,0.600,0.733,+0.32,+1.04,+2.61
2026-08-25 16:12:43,60,0.467,0.617,0.750,+0.27,+0.98,+2.57
2026-08-25 16:18:06,60,0.467,0.600,0.750,+0.34,+1.07,+2.63
2026-08-25 16:23:27,60,0.417,0.567,0.733,+0.37,+1.09,+2.68
2026-08-25 16:28:48,60,0.467,0.600,0.783,+0.49,+1.19,+2.77
2026-08-25 16:34:10,60,0.417,0.600,0.733,+0.31,+1.02,+2.59
2026-08-25 16:39:31,61,0.393,0.574,0.721,+0.47,+1.11,+2.69
2026-08-25 16:44:53,62,0.387,0.597,0.742,+0.46,+1.17,+2.68
2026-08-25 16:50:15,62,0.306,0.355,0.452,-0.11,+0.59,+2.10
2026-08-25 16:55:37,62,0.323,0.403,0.468,-0.15,+0.53,+2.04
2026-08-25 17:01:00,62,0.355,0.403,0.435,-0.18,+0.30,+1.90
2026-08-25 17:06:22,62,0.290,0.371,0.468,-0.16,+0.22,+2.06
2026-08-25 17:11:45,62,0.323,0.371,0.516,-0.04,+0.31,+2.17
2026-08-25 17:17:06,62,0.306,0.419,0.516,+0.13,+0.49,+2.36
2026-08-25 17:22:28,62,0.339,0.468,0.565,+0.29,+0.64,+2.51
2026-08-25 17:27:51,62,0.403,0.484,0.597,+0.09,+0.44,+2.29
2026-08-25 17:33:13,62,0.355,0.419,0.581,-0.06,+0.29,+2.13
2026-08-25 17:38:36,62,0.371,0.435,0.565,+0.04,+0.39,+2.24
2026-08-25 17:43:57,62,0.323,0.452,0.532,+0.11,+0.47,+2.32
2026-08-25 17:49:19,62,0.339,0.419,0.516,-0.00,+0.35,+2.20
2026-08-25 17:51:09,62,0.306,0.419,0.484,-0.09,+0.26,+2.12
2026-08-25 17:56:31,62,0.242,0.435,0.468,-0.11,+0.24,+2.10
2026-08-25 18:01:53,62,0.500,0.339,0.468,+0.12,+0.04,+1.47
2026-08-25 18:07:15,61,0.393,0.311,0.426,+0.15,-0.18,+1.10
2026-08-25 18:12:36,61,0.328,0.311,0.426,+0.08,-0.26,+1.02
2026-08-25 18:17:58,61,0.459,0.328,0.426,+0.19,-0.15,+1.14
2026-08-25 18:23:20,60,0.533,0.350,0.450,+0.35,+0.02,+1.36
2026-08-25 18:28:42,62,0.403,0.355,0.419,+0.23,-0.02,+1.37
2026-08-25 18:34:05,62,0.468,0.339,0.452,+0.33,+0.09,+1.47
2026-08-25 18:39:27,62,0.435,0.339,0.452,+0.21,-0.03,+1.35
2026-08-25 18:44:50,62,0.484,0.339,0.452,+0.42,+0.18,+1.56
2026-08-25 18:50:13,62,0.516,0.339,0.468,+0.38,+0.13,+1.51
2026-08-25 18:55:35,62,0.258,0.323,0.435,-0.28,-0.53,+0.85
2026-08-25 19:00:57,61,0.246,0.279,0.361,-0.32,-0.51,+0.50
2026-08-25 19:06:19,61,0.180,0.295,0.344,-0.57,-0.63,+0.16
2026-08-25 19:11:41,61,0.180,0.279,0.344,-0.48,-0.54,+0.25
2026-08-25 19:17:03,61,0.180,0.262,0.344,-0.54,-0.60,+0.18
2026-08-25 19:22:25,61,0.213,0.311,0.344,-0.50,-0.56,+0.22
2026-08-25 19:27:48,61,0.213,0.295,0.361,-0.42,-0.48,+0.31
2026-08-25 19:33:12,62,0.210,0.290,0.371,-0.47,-0.39,+0.39
2026-08-25 19:38:34,62,0.177,0.274,0.355,-0.67,-0.59,+0.18
2026-08-25 19:43:56,62,0.226,0.274,0.355,-0.69,-0.60,+0.17
2026-08-25 19:49:18,63,0.238,0.302,0.349,-0.46,-0.23,+0.56
2026-08-25 19:54:41,63,0.317,0.302,0.365,-0.29,-0.07,+0.71
2026-08-25 20:00:04,63,0.333,0.270,0.349,-0.43,-0.14,+0.44
2026-08-25 20:05:27,63,0.508,0.333,0.381,-0.07,-0.16,+0.08
2026-08-25 20:10:51,63,0.587,0.397,0.397,+0.08,+0.04,+0.15
2026-08-25 20:16:15,63,0.413,0.397,0.397,-0.04,-0.08,+0.02
2026-08-25 20:21:38,63,0.508,0.381,0.397,+0.03,-0.01,+0.10
2026-08-25 20:27:01,64,0.516,0.406,0.391,+0.09,+0.04,+0.15
2026-08-25 20:32:25,64,0.547,0.375,0.406,-0.01,-0.07,+0.04
2026-08-25 20:37:49,64,0.594,0.531,0.422,+0.27,+0.20,+0.31
2026-08-25 20:43:13,64,0.578,0.375,0.422,+0.20,+0.14,+0.25
2026-08-25 20:48:36,64,0.547,0.344,0.406,+0.24,+0.18,+0.29
2026-08-25 20:53:59,64,0.453,0.344,0.391,+0.02,-0.04,+0.07
2026-08-25 20:59:22,64,0.453,0.359,0.422,-0.02,-0.07,+0.02
2026-08-25 21:04:45,64,0.250,0.266,0.344,-0.17,-0.61,-0.35
2026-08-25 21:10:08,64,0.219,0.203,0.312,-0.44,-0.88,-0.53
2026-08-25 21:15:31,64,0.344,0.266,0.328,-0.22,-0.67,-0.33
2026-08-25 21:20:54,64,0.375,0.250,0.312,-0.15,-0.60,-0.27
2026-08-25 21:26:17,64,0.203,0.266,0.312,-0.38,-0.83,-0.49
2026-08-25 21:31:40,64,0.281,0.250,0.328,-0.31,-0.76,-0.41
2026-08-25 21:37:03,64,0.328,0.312,0.344,-0.22,-0.67,-0.32
2026-08-25 21:42:26,64,0.250,0.281,0.312,-0.33,-0.78,-0.43
2026-08-25 21:47:50,64,0.344,0.312,0.312,-0.30,-0.75,-0.40
2026-08-25 21:53:13,64,0.469,0.391,0.328,+0.01,-0.44,-0.09
2026-08-25 21:58:36,64,0.484,0.406,0.359,+0.11,-0.33,+0.01
2026-08-25 22:03:59,64,0.531,0.484,0.328,+0.25,+0.14,-0.13
2026-08-25 22:09:23,65,0.431,0.431,0.323,+0.26,+0.17,-0.14
2026-08-25 22:14:46,65,0.400,0.400,0.308,+0.10,+0.01,-0.33
2026-08-25 22:20:10,66,0.318,0.318,0.303,-0.20,-0.28,-0.60
2026-08-25 22:25:33,66,0.273,0.348,0.333,-0.20,-0.28,-0.59
2026-08-25 22:30:57,66,0.288,0.333,0.303,-0.27,-0.36,-0.67
2026-08-25 22:36:21,66,0.485,0.485,0.303,+0.27,+0.18,-0.13
2026-08-25 22:41:45,66,0.394,0.470,0.303,+0.16,+0.07,-0.26
2026-08-25 22:47:08,66,0.273,0.273,0.258,-0.30,-0.38,-0.70
2026-08-25 22:52:31,66,0.242,0.242,0.258,-0.78,-0.86,-1.19
2026-08-25 22:57:55,66,0.242,0.258,0.273,-0.72,-0.81,-0.97
2026-08-25 23:03:19,66,0.152,0.258,0.318,-0.82,-0.75,-0.64
2026-08-25 23:08:43,67,0.224,0.328,0.373,-0.43,-0.35,-0.10
2026-08-25 23:14:07,67,0.284,0.373,0.358,-0.17,-0.09,+0.17
2026-08-25 23:19:31,67,0.313,0.299,0.299,-0.42,-0.35,-0.09
2026-08-25 23:24:55,67,0.284,0.328,0.343,-0.41,-0.34,-0.09
2026-08-25 23:30:20,67,0.328,0.433,0.388,-0.12,-0.05,+0.20
2026-08-25 23:35:43,67,0.418,0.418,0.388,-0.08,-0.01,+0.24
2026-08-25 23:41:07,67,0.403,0.373,0.358,-0.11,-0.04,+0.21
2026-08-25 23:46:31,67,0.343,0.343,0.343,-0.24,-0.17,+0.08
2026-08-25 23:51:30,66,0.364,0.394,0.348,-0.26,-0.20,+0.04
2026-08-25 23:56:54,66,0.379,0.424,0.379,-0.15,-0.10,+0.14
2026-08-26 00:02:18,66,0.667,0.379,0.333,+0.66,+0.21,-0.24
2026-08-26 00:07:42,66,0.576,0.364,0.273,+0.46,+0.01,-0.45
2026-08-26 00:13:05,67,0.507,0.343,0.328,+0.69,+0.21,-0.09
2026-08-26 00:18:30,67,0.522,0.299,0.313,+0.71,+0.25,-0.07
2026-08-26 00:23:54,67,0.552,0.313,0.313,+0.65,+0.18,-0.14
2026-08-26 00:29:18,68,0.426,0.279,0.294,+0.61,+0.21,-0.04
2026-08-26 00:34:42,68,0.471,0.324,0.309,+0.91,+0.51,+0.25
2026-08-26 00:40:07,68,0.603,0.324,0.309,+0.82,+0.41,+0.15
2026-08-26 00:45:31,68,0.559,0.294,0.309,+0.97,+0.56,+0.30
2026-08-26 00:50:57,68,0.485,0.294,0.309,+0.80,+0.40,+0.13
2026-08-26 00:56:21,68,0.529,0.324,0.309,+0.98,+0.59,+0.32
2026-08-26 01:01:45,68,0.471,0.368,0.441,+0.69,+0.34,+0.72
2026-08-26 01:07:09,68,0.382,0.368,0.426,+0.46,+0.33,+0.78
2026-08-26 01:12:35,69,0.377,0.333,0.362,+0.30,+0.18,+0.68
2026-08-26 01:18:00,69,0.348,0.348,0.377,+0.26,+0.15,+0.64
2026-08-26 01:23:25,69,0.319,0.333,0.377,+0.20,+0.08,+0.58
2026-08-26 01:28:49,69,0.261,0.333,0.362,+0.19,+0.08,+0.58
2026-08-26 01:34:14,69,0.319,0.348,0.362,+0.24,+0.13,+0.63
2026-08-26 01:39:38,69,0.333,0.348,0.377,+0.56,+0.42,+0.95
2026-08-26 01:45:03,69,0.377,0.391,0.420,+0.73,+0.59,+1.10
2026-08-26 01:50:27,69,0.406,0.377,0.449,+0.90,+0.75,+1.28
2026-08-26 01:55:52,68,0.338,0.353,0.382,+1.00,+0.82,+1.44
2026-08-26 02:01:17,68,0.368,0.412,0.353,-0.19,+1.24,+1.06
2026-08-26 02:06:41,68,0.353,0.412,0.309,-0.26,+1.20,+0.68
2026-08-26 02:12:04,68,0.338,0.368,0.294,-0.21,+1.12,+0.64
2026-08-26 02:17:28,68,0.309,0.382,0.294,-0.21,+1.11,+0.62
2026-08-26 02:22:52,68,0.309,0.456,0.294,-0.08,+1.25,+0.76
2026-08-26 02:28:17,68,0.294,0.368,0.265,-0.20,+1.14,+0.66
2026-08-26 02:33:41,68,0.353,0.397,0.309,+0.03,+1.41,+0.92
2026-08-26 02:39:06,68,0.353,0.456,0.324,+0.00,+1.38,+0.88
2026-08-26 02:44:30,68,0.382,0.485,0.338,+0.09,+1.46,+0.96
2026-08-26 02:49:55,68,0.382,0.500,0.368,+0.17,+1.51,+1.01
2026-08-26 02:55:56,68,0.368,0.485,0.368,+0.11,+1.45,+0.95
2026-08-26 03:01:20,68,0.441,0.382,0.368,-0.20,+0.74,+0.82
2026-08-26 03:06:45,68,0.471,0.382,0.382,-0.24,+0.75,+0.86
2026-08-26 03:11:12,68,0.544,0.426,0.382,-0.18,+0.72,+0.99
2026-08-26 03:16:37,68,0.559,0.426,0.397,-0.12,+0.75,+1.04
2026-08-26 03:22:01,68,0.544,0.441,0.397,-0.10,+0.76,+1.05
2026-08-26 03:27:25,68,0.574,0.471,0.441,-0.13,+0.73,+1.01
2026-08-26 03:32:50,68,0.529,0.397,0.426,-0.10,+0.79,+1.04
2026-08-26 03:38:14,68,0.441,0.412,0.426,-0.17,+0.71,+0.96
2026-08-26 03:43:38,68,0.471,0.426,0.412,-0.23,+0.65,+0.90
2026-08-26 03:49:02,68,0.500,0.441,0.426,-0.19,+0.68,+0.93
2026-08-26 03:54:27,68,0.441,0.382,0.382,-0.25,+0.63,+0.88
2026-08-26 03:59:52,68,0.456,0.426,0.368,-0.18,+0.70,+0.95
2026-08-26 04:05:16,68,0.353,0.309,0.338,-0.01,-0.07,+0.62
2026-08-26 04:10:41,68,0.368,0.324,0.353,+0.02,-0.05,+0.60
2026-08-26 04:16:05,68,0.382,0.309,0.368,-0.06,-0.12,+0.41
2026-08-26 04:21:29,68,0.353,0.309,0.324,+0.07,+0.01,+0.55
2026-08-26 04:26:53,68,0.338,0.294,0.294,+0.03,-0.01,+0.51
2026-08-26 04:32:17,68,0.353,0.309,0.279,-0.13,-0.19,+0.32
2026-08-26 04:37:41,68,0.324,0.279,0.309,-0.27,-0.32,+0.19
2026-08-26 04:43:04,68,0.294,0.279,0.309,-0.28,-0.34,+0.18
2026-08-26 04:48:28,68,0.250,0.279,0.294,-0.30,-0.37,+0.14
2026-08-26 04:53:53,68,0.265,0.294,0.294,-0.10,-0.17,+0.34
2026-08-26 04:59:19,68,0.265,0.294,0.324,-0.08,-0.14,+0.38
2026-08-26 05:04:44,69,0.246,0.203,0.290,-0.47,-0.68,+0.70
2026-08-26 05:10:09,69,0.261,0.232,0.348,-0.20,-0.32,+1.10
2026-08-26 05:15:34,69,0.275,0.304,0.362,-0.39,-0.54,+0.88
2026-08-26 05:20:58,68,0.250,0.324,0.412,-0.34,-0.46,+0.91
2026-08-26 05:26:23,68,0.294,0.250,0.412,-0.44,-0.56,+0.80
2026-08-26 05:31:47,68,0.279,0.250,0.368,-0.67,-0.79,+0.54
2026-08-26 05:37:12,68,0.309,0.250,0.338,-0.60,-0.73,+0.63
2026-08-26 05:42:36,68,0.221,0.191,0.265,-0.93,-1.05,+0.31
2026-08-26 05:48:01,68,0.206,0.206,0.221,-1.17,-1.32,+0.06
2026-08-26 05:53:25,68,0.206,0.206,0.250,-1.10,-1.23,+0.15
2026-08-26 05:58:51,68,0.191,0.191,0.250,-1.20,-1.34,+0.04
2026-08-26 06:04:15,68,0.147,0.221,0.235,-1.24,-1.26,-0.57
2026-08-26 06:09:39,68,0.118,0.221,0.176,-1.62,-1.68,-0.98
2026-08-26 06:15:04,68,0.147,0.221,0.221,-1.36,-1.42,-0.75
2026-08-26 06:20:29,68,0.132,0.221,0.176,-1.43,-1.48,-0.79
2026-08-26 06:25:55,68,0.132,0.221,0.191,-1.65,-1.72,-1.02
2026-08-26 06:31:20,69,0.159,0.174,0.232,-1.40,-1.49,-0.76
2026-08-26 06:36:45,69,0.217,0.217,0.246,-1.11,-1.19,-0.45
2026-08-26 06:42:10,69,0.261,0.174,0.246,-0.92,-1.02,-0.22
2026-08-26 06:47:34,69,0.246,0.159,0.232,-1.00,-1.09,-0.31
2026-08-26 06:53:00,69,0.246,0.203,0.232,-1.01,-1.10,-0.34
2026-08-26 06:58:25,69,0.217,0.217,0.232,-0.78,-0.87,-0.10
2026-08-26 07:03:50,69,0.667,0.232,0.232,+0.51,-0.81,-0.77
2026-08-26 07:09:14,69,0.754,0.203,0.261,+0.81,-0.60,-0.49
2026-08-26 07:14:39,69,0.725,0.232,0.275,+1.00,-0.40,-0.29
2026-08-26 07:20:04,69,0.783,0.261,0.290,+1.18,-0.22,-0.09
2026-08-26 07:25:28,69,0.739,0.261,0.261,+1.09,-0.30,-0.20
2026-08-26 07:30:54,69,0.696,0.232,0.261,+0.86,-0.52,-0.42
2026-08-26 07:36:19,69,0.725,0.232,0.261,+1.06,-0.33,-0.24
2026-08-26 07:41:43,69,0.667,0.203,0.246,+0.99,-0.39,-0.30
2026-08-26 07:47:08,69,0.652,0.188,0.232,+0.89,-0.50,-0.43
2026-08-26 07:52:32,69,0.638,0.159,0.217,+0.82,-0.57,-0.47
2026-08-26 07:57:57,69,0.710,0.188,0.232,+0.90,-0.49,-0.39
2026-08-26 08:03:21,69,0.667,0.261,0.217,+0.68,-0.28,-0.47
2026-08-26 08:08:46,69,0.638,0.348,0.261,+0.71,-0.20,-0.44
2026-08-26 08:14:11,69,0.623,0.290,0.232,+0.74,-0.16,-0.40
2026-08-26 08:19:36,69,0.623,0.304,0.232,+0.71,-0.16,-0.40
2026-08-26 08:25:00,69,0.594,0.275,0.217,+0.62,-0.24,-0.49
2026-08-26 08:30:25,69,0.609,0.275,0.246,+0.53,-0.35,-0.60
2026-08-26 08:35:49,69,0.565,0.261,0.232,+0.46,-0.41,-0.65
2026-08-26 08:41:14,69,0.522,0.261,0.246,+0.49,-0.38,-0.63
2026-08-26 08:46:38,68,0.456,0.221,0.235,+0.24,-0.55,-0.90
2026-08-26 08:52:02,68,0.368,0.221,0.221,-0.07,-0.86,-1.20
2026-08-26 08:57:27,69,0.449,0.232,0.232,+0.14,-0.72,-0.96
2026-08-26 09:02:51,69,0.261,0.464,0.246,-0.62,+0.18,-1.17
2026-08-26 09:08:16,69,0.261,0.449,0.246,-0.44,+0.47,-0.89
2026-08-26 09:13:29,69,0.232,0.449,0.217,-0.50,+0.39,-0.96
2026-08-26 09:18:54,69,0.217,0.449,0.188,-0.43,+0.46,-0.86
2026-08-26 09:24:20,70,0.214,0.514,0.186,-0.16,+0.73,-0.59
2026-08-26 09:29:45,70,0.357,0.543,0.257,+0.02,+0.92,-0.41
2026-08-26 09:35:11,69,0.391,0.594,0.261,+0.28,+1.20,-0.16
2026-08-26 09:40:36,69,0.391,0.551,0.246,+0.04,+0.96,-0.40
2026-08-26 09:46:00,69,0.348,0.536,0.246,+0.03,+0.95,-0.42
2026-08-26 09:51:25,69,0.435,0.623,0.275,+0.34,+1.26,-0.13
2026-08-26 09:56:49,69,0.493,0.681,0.304,+0.45,+1.37,-0.04
2026-08-26 10:02:15,70,0.729,0.614,0.329,+0.83,+0.90,-0.00
2026-08-26 10:07:39,70,0.800,0.743,0.329,+1.17,+1.22,+0.17
2026-08-26 10:13:04,70,0.814,0.700,0.329,+1.02,+1.05,+0.01
2026-08-26 10:18:29,70,0.800,0.700,0.329,+1.09,+1.12,+0.09
2026-08-26 10:23:54,70,0.800,0.671,0.357,+1.06,+1.10,+0.07
2026-08-26 10:29:19,70,0.771,0.614,0.343,+1.05,+1.08,+0.04
2026-08-26 10:34:44,70,0.800,0.686,0.371,+1.22,+1.25,+0.21
2026-08-26 10:40:08,70,0.786,0.700,0.400,+1.25,+1.27,+0.22
2026-08-26 10:45:33,70,0.800,0.686,0.357,+1.20,+1.23,+0.20
2026-08-26 10:50:58,70,0.786,0.657,0.371,+1.21,+1.24,+0.20
2026-08-26 10:56:25,70,0.800,0.671,0.386,+1.12,+1.15,+0.12
2026-08-26 11:01:50,70,0.714,0.543,0.400,+0.47,+0.62,+0.04
2026-08-26 11:07:15,70,0.557,0.514,0.429,+0.29,+0.62,+0.19
2026-08-26 11:12:39,70,0.457,0.457,0.400,+0.11,+0.43,+0.07
2026-08-26 11:18:04,70,0.529,0.486,0.429,+0.15,+0.48,+0.11
2026-08-26 11:23:29,70,0.586,0.514,0.443,+0.32,+0.63,+0.27
2026-08-26 11:28:54,70,0.643,0.657,0.443,+0.50,+0.80,+0.44
2026-08-26 11:34:21,70,0.657,0.671,0.457,+0.34,+0.63,+0.27
2026-08-26 11:39:47,70,0.686,0.643,0.457,+0.58,+0.87,+0.52
2026-08-26 11:45:11,70,0.643,0.629,0.471,+0.44,+0.73,+0.37
2026-08-26 11:50:36,70,0.686,0.629,0.486,+0.39,+0.67,+0.32
2026-08-26 11:56:02,70,0.643,0.657,0.457,+0.42,+0.68,+0.36
2026-08-26 12:01:27,70,0.643,0.757,0.671,+0.23,+1.14,+1.26
2026-08-26 12:06:53,70,0.586,0.857,0.671,+0.23,+1.26,+1.51
2026-08-26 12:12:18,69,0.536,0.797,0.696,+0.06,+1.08,+1.50
2026-08-26 12:17:41,67,0.567,0.851,0.701,+0.17,+1.23,+1.70
2026-08-26 12:23:05,68,0.603,0.824,0.735,+0.45,+1.56,+2.02
2026-08-26 12:28:29,68,0.603,0.824,0.706,+0.40,+1.50,+1.96
2026-08-26 12:33:53,68,0.471,0.794,0.706,+0.30,+1.40,+1.87
2026-08-26 12:39:18,68,0.485,0.838,0.721,+0.35,+1.43,+1.91
2026-08-26 12:44:42,68,0.529,0.779,0.691,+0.54,+1.61,+2.10
2026-08-26 12:50:06,68,0.485,0.794,0.706,+0.32,+1.41,+1.87
2026-08-26 12:55:31,69,0.420,0.710,0.652,+0.19,+1.29,+1.77
2026-08-26 13:00:55,68,0.324,0.603,0.647,+0.11,+0.67,+1.40
2026-08-26 13:06:20,69,0.304,0.522,0.652,+0.21,+0.52,+1.44
2026-08-26 13:11:44,69,0.435,0.594,0.638,+0.30,+0.71,+1.57
2026-08-26 13:17:09,68,0.338,0.559,0.662,+0.34,+0.75,+1.62
2026-08-26 13:22:33,68,0.368,0.559,0.647,+0.26,+0.67,+1.54
2026-08-26 13:27:57,68,0.397,0.574,0.647,+0.33,+0.74,+1.61
2026-08-26 13:33:21,68,0.441,0.588,0.676,+0.51,+0.93,+1.81
2026-08-26 13:38:45,68,0.471,0.574,0.676,+0.48,+0.90,+1.78
2026-08-26 13:44:09,68,0.456,0.588,0.662,+0.55,+0.97,+1.85
2026-08-26 13:49:34,68,0.353,0.529,0.603,+0.51,+0.94,+1.82
2026-08-26 13:54:58,68,0.368,0.559,0.662,+0.60,+1.05,+1.92
2026-08-26 14:00:23,69,0.377,0.449,0.551,+0.16,+0.65,+1.46
2026-08-26 14:05:47,69,0.406,0.362,0.478,+0.47,+0.59,+1.14
2026-08-26 14:11:12,69,0.290,0.319,0.449,+0.13,+0.33,+0.93
2026-08-26 14:16:25,69,0.290,0.333,0.449,+0.20,+0.41,+1.02
2026-08-26 14:21:50,69,0.246,0.333,0.435,+0.21,+0.44,+1.05
2026-08-26 14:27:14,69,0.290,0.377,0.449,+0.38,+0.62,+1.22
2026-08-26 14:32:39,69,0.377,0.420,0.493,+0.49,+0.73,+1.34
2026-08-26 14:38:04,69,0.406,0.449,0.536,+0.57,+0.84,+1.44
2026-08-26 14:43:28,69,0.362,0.464,0.522,+0.64,+0.92,+1.53
2026-08-26 14:48:53,70,0.400,0.457,0.543,+0.93,+1.21,+1.81
2026-08-26 14:54:19,72,0.403,0.472,0.542,+1.19,+1.50,+2.11
2026-08-26 14:59:45,73,0.342,0.479,0.521,+1.26,+1.59,+2.21
2026-08-26 15:05:11,73,0.548,0.384,0.699,+0.96,+1.71,+3.08
2026-08-26 15:10:38,73,0.562,0.411,0.712,+0.95,+1.73,+3.01
2026-08-26 15:16:04,73,0.521,0.370,0.699,+1.12,+1.93,+3.21
2026-08-26 15:21:31,74,0.541,0.378,0.730,+1.25,+2.03,+3.31
2026-08-26 15:26:58,75,0.453,0.373,0.720,+1.25,+2.27,+3.57
2026-08-26 15:32:25,76,0.474,0.342,0.684,+1.05,+2.00,+3.29
2026-08-26 15:37:52,76,0.421,0.329,0.632,+0.52,+1.45,+2.75
2026-08-26 15:43:19,75,0.453,0.347,0.667,+0.72,+1.73,+3.04
2026-08-26 15:48:46,75,0.440,0.373,0.653,+0.60,+1.58,+2.89
2026-08-26 15:54:14,75,0.467,0.387,0.667,+0.78,+1.74,+3.04
2026-08-26 15:59:41,75,0.520,0.400,0.707,+0.91,+1.90,+3.21
2026-08-26 16:05:07,74,0.378,0.432,0.622,-0.00,+1.31,+2.61
2026-08-26 16:10:35,75,0.333,0.413,0.600,+0.05,+1.51,+2.56
2026-08-26 16:16:01,74,0.446,0.446,0.608,+0.11,+1.57,+2.63
2026-08-26 16:21:27,74,0.378,0.446,0.595,+0.03,+1.48,+2.52
2026-08-26 16:26:53,74,0.419,0.459,0.608,+0.20,+1.66,+2.72
2026-08-26 16:32:20,74,0.378,0.405,0.581,+0.09,+1.55,+2.61
2026-08-26 16:37:45,72,0.389,0.431,0.556,-0.13,+1.25,+2.19
2026-08-26 16:43:12,72,0.361,0.458,0.514,+0.02,+1.41,+2.37
2026-08-26 16:48:38,73,0.356,0.452,0.575,+0.04,+1.42,+2.35
2026-08-26 16:54:04,72,0.431,0.444,0.597,+0.13,+1.61,+2.61
2026-08-26 16:59:29,72,0.403,0.444,0.556,+0.22,+1.78,+2.82
2026-08-26 17:04:55,73,0.411,0.452,0.466,+0.19,+1.27,+2.77
2026-08-26 17:10:22,74,0.473,0.514,0.500,+0.28,+1.25,+2.74
2026-08-26 17:15:48,74,0.514,0.554,0.581,+0.40,+1.40,+2.88
2026-08-26 17:21:15,74,0.500,0.514,0.541,+0.61,+1.64,+3.18
2026-08-26 17:26:41,74,0.486,0.527,0.554,+0.52,+1.52,+3.03
2026-08-26 17:32:07,73,0.452,0.507,0.534,+0.45,+1.47,+3.03
2026-08-26 17:37:33,72,0.472,0.528,0.556,+0.51,+1.64,+3.25
2026-08-26 17:42:59,72,0.486,0.528,0.556,+0.57,+1.71,+3.36
2026-08-26 17:48:24,72,0.542,0.514,0.583,+0.75,+1.92,+3.62
2026-08-26 17:53:50,73,0.411,0.425,0.493,+0.47,+1.63,+3.24
2026-08-26 17:59:16,73,0.370,0.411,0.507,+0.56,+1.73,+3.38
2026-08-26 18:04:42,73,0.493,0.397,0.411,+0.71,+0.97,+3.35
2026-08-26 18:10:08,73,0.411,0.411,0.384,+0.68,+0.90,+3.29
2026-08-26 18:15:35,73,0.425,0.397,0.384,+0.51,+0.72,+3.05
2026-08-26 18:21:01,74,0.324,0.338,0.378,+0.27,+0.53,+2.80
2026-08-26 18:26:28,74,0.324,0.324,0.392,+0.40,+0.67,+2.95
2026-08-26 18:31:54,74,0.324,0.338,0.378,+0.34,+0.61,+2.92
2026-08-26 18:37:20,73,0.301,0.342,0.356,+0.25,+0.51,+2.90
2026-08-26 18:42:47,75,0.333,0.333,0.387,+0.63,+0.88,+3.22
2026-08-26 18:48:14,75,0.307,0.333,0.360,+0.48,+0.73,+3.03
2026-08-26 18:53:42,75,0.320,0.320,0.373,+0.41,+0.66,+2.98
2026-08-26 18:59:09,75,0.333,0.347,0.347,+0.42,+0.68,+3.00
2026-08-26 19:04:35,75,0.253,0.293,0.333,-0.26,+0.42,+2.39
2026-08-26 19:10:02,75,0.293,0.307,0.333,-0.16,+0.53,+2.54
2026-08-26 19:15:28,75,0.307,0.307,0.360,-0.08,+0.60,+2.60
2026-08-26 19:20:55,75,0.360,0.347,0.400,+0.01,+0.68,+2.57
2026-08-26 19:26:22,75,0.413,0.347,0.413,+0.13,+0.80,+2.72
2026-08-26 19:31:48,75,0.427,0.387,0.400,+0.22,+0.90,+2.96
2026-08-26 19:37:16,75,0.453,0.453,0.400,+1.82,+2.45,+5.06
2026-08-26 19:42:43,75,0.547,0.440,0.453,+1.99,+2.63,+5.25
2026-08-26 19:48:09,74,0.541,0.473,0.392,+2.81,+3.46,+6.48
2026-08-26 19:53:36,76,0.592,0.487,0.447,+3.33,+3.99,+7.06
2026-08-26 19:59:03,76,0.658,0.513,0.487,+3.75,+4.43,+7.61
2026-08-26 20:04:30,76,0.724,0.592,0.526,+4.13,+4.71,+6.79
2026-08-26 20:09:57,76,0.711,0.605,0.526,+4.16,+4.67,+6.72
2026-08-26 20:15:23,76,0.684,0.605,0.513,+5.06,+5.49,+7.55
2026-08-26 20:18:41,77,0.701,0.662,0.532,+5.29,+5.68,+7.85
2026-08-26 20:24:11,77,0.688,0.584,0.558,+5.19,+5.55,+7.78
2026-08-26 20:28:32,77,0.688,0.558,0.519,+5.25,+5.62,+7.87
2026-08-26 20:34:00,78,0.654,0.526,0.513,+5.27,+5.61,+7.82
2026-08-26 20:39:31,80,0.525,0.425,0.450,+4.54,+4.85,+6.93
2026-08-26 20:44:58,79,0.595,0.519,0.519,+4.47,+4.82,+6.93
2026-08-26 20:50:26,79,0.582,0.418,0.519,+5.03,+5.35,+7.61
2026-08-26 20:55:54,80,0.588,0.487,0.500,+5.03,+5.29,+7.61
2026-08-26 21:01:22,80,0.350,0.475,0.438,+1.18,+4.46,+5.75
2026-08-26 21:06:51,80,0.412,0.425,0.425,+1.01,+4.61,+5.73
2026-08-26 21:12:19,79,0.329,0.430,0.380,+1.11,+4.98,+6.04
2026-08-26 21:17:47,79,0.342,0.430,0.405,+1.50,+5.55,+6.65
2026-08-26 21:23:16,79,0.342,0.494,0.456,+1.63,+6.24,+7.36
2026-08-26 21:28:45,81,0.481,0.593,0.543,+2.53,+7.16,+8.28
2026-08-26 21:34:15,82,0.451,0.500,0.488,+3.21,+7.63,+8.76
2026-08-26 21:39:44,82,0.390,0.439,0.451,+2.74,+7.19,+8.34
2026-08-26 21:45:13,82,0.378,0.451,0.439,+2.75,+7.22,+8.37
2026-08-26 21:50:42,83,0.373,0.482,0.494,+3.62,+7.90,+9.13
2026-08-26 21:56:12,84,0.357,0.488,0.500,+3.28,+7.55,+8.74
2026-08-26 22:01:42,84,0.476,0.643,0.464,+1.55,+7.43,+7.61
2026-08-26 22:07:12,86,0.395,0.570,0.523,+1.93,+7.63,+7.84
2026-08-26 22:12:43,86,0.349,0.477,0.465,+1.23,+7.09,+7.33
2026-08-26 22:18:13,86,0.360,0.512,0.465,+1.31,+6.89,+7.17
2026-08-26 22:23:43,87,0.391,0.517,0.471,+1.35,+6.86,+7.12
2026-08-26 22:29:14,87,0.310,0.460,0.448,+0.90,+6.41,+6.70
2026-08-26 22:34:44,87,0.391,0.517,0.471,+1.19,+6.66,+6.96
2026-08-26 22:40:14,87,0.391,0.517,0.494,+1.57,+7.28,+7.56
2026-08-26 22:45:45,87,0.414,0.575,0.529,+1.70,+7.35,+7.68
2026-08-26 22:51:15,86,0.349,0.512,0.465,+1.58,+7.38,+7.69
2026-08-26 22:56:46,86,0.372,0.523,0.477,+1.41,+7.03,+7.35
2026-08-26 23:02:16,86,0.291,0.430,0.453,-0.35,+2.78,+7.30
2026-08-26 23:07:46,86,0.314,0.395,0.488,-0.12,+3.04,+7.62
2026-08-26 23:13:16,86,0.314,0.430,0.465,-0.07,+3.06,+7.56
2026-08-26 23:18:46,86,0.291,0.407,0.477,-0.21,+2.86,+7.19
2026-08-26 23:24:16,86,0.337,0.395,0.465,-0.14,+2.93,+7.20
2026-08-26 23:29:46,87,0.299,0.402,0.425,-0.10,+3.05,+7.27
2026-08-26 23:35:17,87,0.299,0.402,0.437,-0.11,+2.94,+7.06
2026-08-26 23:40:48,88,0.330,0.398,0.443,-0.24,+2.84,+7.02
2026-08-26 23:46:19,88,0.330,0.398,0.455,-0.46,+2.59,+6.84
2026-08-26 23:51:50,88,0.295,0.398,0.455,-0.58,+2.49,+6.75
2026-08-26 23:57:23,88,0.284,0.409,0.477,-0.59,+2.42,+6.54
2026-08-27 00:02:54,89,0.236,0.382,0.438,-0.29,+1.23,+6.15
2026-08-27 00:08:27,91,0.319,0.418,0.473,+0.27,+1.85,+6.72
2026-08-27 00:13:59,92,0.337,0.370,0.457,+0.29,+1.87,+6.81
2026-08-27 00:19:31,91,0.286,0.363,0.451,+0.06,+1.61,+6.33
2026-08-27 00:25:02,91,0.308,0.396,0.451,+0.22,+1.77,+6.38
2026-08-27 00:30:34,91,0.363,0.429,0.462,+0.48,+2.02,+6.62
2026-08-27 00:36:06,91,0.341,0.407,0.429,+0.54,+2.08,+6.77
2026-08-27 00:41:37,91,0.374,0.451,0.440,+0.79,+2.34,+6.98
2026-08-27 00:47:09,91,0.418,0.451,0.440,+0.89,+2.36,+7.01
2026-08-27 00:52:41,91,0.429,0.418,0.462,+1.06,+2.51,+7.08
2026-08-27 00:58:13,90,0.378,0.411,0.489,+0.93,+2.39,+6.99
2026-08-27 01:03:45,91,0.560,0.352,0.484,+1.52,+0.85,+7.29
2026-08-27 01:09:16,91,0.626,0.363,0.516,+2.00,+1.09,+7.75
2026-08-27 01:14:47,91,0.549,0.341,0.473,+2.63,+1.75,+8.41
2026-08-27 01:20:20,91,0.549,0.330,0.473,+3.00,+2.13,+8.77
2026-08-27 01:25:50,89,0.506,0.371,0.494,+2.72,+1.86,+8.62
2026-08-27 01:31:21,89,0.483,0.315,0.483,+2.06,+1.23,+7.89
2026-08-27 01:36:52,89,0.517,0.337,0.494,+2.32,+1.51,+8.13
2026-08-27 01:42:23,90,0.478,0.322,0.478,+2.40,+1.62,+8.17
2026-08-27 01:47:54,90,0.500,0.322,0.478,+2.56,+1.74,+8.35
2026-08-27 01:53:25,90,0.544,0.322,0.500,+2.40,+1.59,+8.14
2026-08-27 01:58:57,90,0.533,0.356,0.511,+2.61,+1.83,+8.39
2026-08-27 02:04:28,90,0.444,0.422,0.444,+0.77,+1.75,+4.71
2026-08-27 02:09:59,90,0.511,0.411,0.433,+1.03,+2.12,+4.98
2026-08-27 02:15:31,90,0.511,0.433,0.422,+0.80,+1.84,+4.67
2026-08-27 02:21:03,90,0.611,0.467,0.467,+1.36,+2.45,+5.38
2026-08-27 02:26:34,90,0.633,0.500,0.467,+1.51,+2.57,+5.52
2026-08-27 02:31:04,91,0.637,0.527,0.473,+1.62,+2.68,+5.66
2026-08-27 02:36:36,91,0.615,0.527,0.484,+1.55,+2.60,+5.54
2026-08-27 02:42:07,91,0.593,0.505,0.473,+1.47,+2.51,+5.45
2026-08-27 02:47:39,91,0.582,0.462,0.451,+1.46,+2.47,+5.40
2026-08-27 02:53:11,91,0.538,0.462,0.429,+1.24,+2.23,+5.16
2026-08-27 02:58:42,91,0.538,0.473,0.451,+1.16,+2.17,+5.09
2026-08-27 03:04:14,91,0.615,0.626,0.462,+0.59,+3.10,+4.79
2026-08-27 03:09:45,91,0.626,0.626,0.484,+0.47,+3.17,+3.99
2026-08-27 03:15:17,91,0.626,0.637,0.462,+0.36,+3.02,+3.83
2026-08-27 03:20:48,91,0.637,0.615,0.473,+0.41,+3.03,+3.81
2026-08-27 03:26:21,91,0.648,0.648,0.462,+0.50,+3.15,+3.88
2026-08-27 03:31:53,91,0.670,0.670,0.462,+0.63,+3.31,+4.08
2026-08-27 03:37:25,92,0.696,0.674,0.446,+0.65,+3.36,+4.14
2026-08-27 03:42:57,92,0.652,0.685,0.467,+0.48,+3.14,+3.92
2026-08-27 03:48:31,92,0.630,0.674,0.457,+0.36,+3.01,+3.81
2026-08-27 03:54:03,92,0.630,0.663,0.446,+0.18,+2.70,+3.50
2026-08-27 03:59:36,92,0.652,0.685,0.478,+0.28,+2.74,+3.54
2026-08-27 04:05:07,92,0.478,0.533,0.424,-0.23,+1.14,+2.19
2026-08-27 04:10:39,91,0.495,0.527,0.396,-0.22,+0.96,+1.88
2026-08-27 04:16:11,91,0.440,0.516,0.396,-0.31,+0.91,+1.69
2026-08-27 04:21:42,91,0.407,0.505,0.396,-0.37,+0.91,+1.59
2026-08-27 04:27:14,92,0.533,0.565,0.391,-0.11,+1.09,+1.79
2026-08-27 04:32:45,91,0.560,0.593,0.407,-0.14,+1.18,+1.98
2026-08-27 04:38:17,91,0.516,0.615,0.385,-0.33,+1.02,+1.79
2026-08-27 04:43:49,92,0.489,0.576,0.391,-0.18,+1.05,+1.88
2026-08-27 04:49:24,93,0.505,0.591,0.398,-0.14,+1.08,+1.91
2026-08-27 04:54:56,93,0.462,0.570,0.398,-0.11,+1.12,+1.96
2026-08-27 05:00:28,93,0.516,0.602,0.419,-0.04,+0.68,+1.29
2026-08-27 05:06:01,93,0.505,0.634,0.484,+0.10,+0.16,+2.16
2026-08-27 05:11:33,93,0.527,0.645,0.473,+0.35,+0.51,+2.52
2026-08-27 05:17:06,93,0.473,0.634,0.462,+0.43,+0.65,+2.59
2026-08-27 05:22:39,93,0.323,0.538,0.409,+0.17,+0.41,+2.30
2026-08-27 05:28:11,93,0.387,0.591,0.452,+0.25,+0.46,+2.37
2026-08-27 05:33:44,93,0.409,0.581,0.441,+0.32,+0.54,+2.46
2026-08-27 05:39:16,93,0.430,0.591,0.430,+0.35,+0.56,+2.49
2026-08-27 05:44:50,93,0.473,0.624,0.462,+0.60,+0.80,+2.82
2026-08-27 05:50:22,93,0.462,0.645,0.527,+0.49,+0.70,+2.71
2026-08-27 05:55:55,93,0.581,0.656,0.559,+0.54,+0.75,+2.74
2026-08-27 06:01:27,92,0.587,0.696,0.652,+0.70,+0.72,+3.20
2026-08-27 06:06:59,92,0.652,0.652,0.674,+0.76,+0.67,+3.89
2026-08-27 06:12:32,93,0.720,0.710,0.667,+1.07,+0.93,+4.14
2026-08-27 06:18:04,93,0.763,0.731,0.710,+1.36,+1.22,+4.43
2026-08-27 06:23:36,93,0.742,0.720,0.677,+1.53,+1.39,+4.60
2026-08-27 06:29:08,93,0.677,0.710,0.667,+1.22,+1.08,+4.29
2026-08-27 06:34:40,93,0.699,0.731,0.710,+1.18,+1.05,+4.21
2026-08-27 06:40:13,93,0.763,0.720,0.688,+1.46,+1.32,+4.50
2026-08-27 06:45:45,93,0.753,0.720,0.699,+1.52,+1.37,+4.53
2026-08-27 06:51:18,94,0.745,0.723,0.691,+1.42,+1.24,+4.37
2026-08-27 06:56:51,94,0.798,0.755,0.691,+1.66,+1.49,+4.65
2026-08-27 07:02:23,94,0.745,0.766,0.691,+1.20,+1.62,+2.93
2026-08-27 07:07:55,94,0.734,0.787,0.691,+1.23,+1.77,+2.84
2026-08-27 07:13:28,95,0.726,0.789,0.705,+1.33,+1.91,+2.88
2026-08-27 07:19:02,95,0.737,0.768,0.716,+1.56,+2.12,+3.05
2026-08-27 07:24:35,95,0.737,0.789,0.705,+1.51,+2.07,+3.00
2026-08-27 07:30:08,95,0.705,0.800,0.716,+1.57,+2.12,+3.07
2026-08-27 07:35:40,95,0.663,0.800,0.726,+1.57,+2.12,+3.10
2026-08-27 07:41:13,95,0.716,0.789,0.726,+1.65,+2.23,+3.22
2026-08-27 07:46:47,95,0.737,0.811,0.747,+1.92,+2.48,+3.44
2026-08-27 07:52:19,95,0.779,0.811,0.779,+1.77,+2.34,+3.31
2026-08-27 07:57:53,95,0.758,0.811,0.768,+1.77,+2.35,+3.33
2026-08-27 08:03:26,96,0.646,0.781,0.771,+0.84,+2.30,+2.51
2026-08-27 08:09:00,96,0.635,0.771,0.781,+0.85,+2.38,+2.64
2026-08-27 08:14:33,95,0.621,0.768,0.800,+0.80,+2.46,+2.64
2026-08-27 08:20:06,95,0.632,0.779,0.800,+0.74,+2.37,+2.57
2026-08-27 08:25:39,96,0.698,0.833,0.771,+0.93,+2.54,+2.77
2026-08-27 08:31:13,96,0.708,0.802,0.792,+1.12,+2.75,+3.01
2026-08-27 08:32:46,96,0.698,0.781,0.792,+1.07,+2.70,+2.96
2026-08-27 08:38:19,96,0.698,0.792,0.792,+1.08,+2.71,+2.97
2026-08-27 08:43:52,96,0.729,0.771,0.802,+1.30,+2.95,+3.20
2026-08-27 08:49:26,96,0.698,0.781,0.812,+1.14,+2.79,+3.03
2026-08-27 08:55:00,96,0.740,0.781,0.802,+1.33,+2.98,+3.23
2026-08-27 09:00:33,96,0.719,0.792,0.802,+0.90,+2.57,+3.02
2026-08-27 09:06:07,96,0.594,0.719,0.802,+0.45,+2.31,+2.67
2026-08-27 09:11:41,96,0.542,0.729,0.750,+0.47,+2.32,+2.64
2026-08-27 09:17:14,95,0.537,0.716,0.726,+0.32,+2.16,+2.48
2026-08-27 09:22:48,96,0.521,0.708,0.750,+0.69,+2.54,+2.89
2026-08-27 09:28:21,97,0.526,0.680,0.763,+0.81,+2.63,+3.00
2026-08-27 09:33:55,96,0.510,0.656,0.708,+1.00,+2.84,+3.21
2026-08-27 09:39:28,97,0.485,0.691,0.701,+1.40,+3.23,+3.64
2026-08-27 09:45:03,97,0.485,0.732,0.691,+1.70,+3.52,+3.96
2026-08-27 09:50:36,97,0.485,0.722,0.711,+1.91,+3.70,+4.13
2026-08-27 09:56:10,98,0.459,0.694,0.714,+1.56,+3.35,+3.75
2026-08-27 10:01:45,98,0.316,0.490,0.663,+0.70,+2.06,+3.66
2026-08-27 10:07:19,99,0.333,0.515,0.727,+1.11,+2.39,+4.02
2026-08-27 10:12:53,99,0.323,0.465,0.687,+1.02,+2.31,+3.92
2026-08-27 10:18:28,99,0.333,0.455,0.636,+0.83,+2.12,+3.76
2026-08-27 10:24:02,99,0.333,0.465,0.677,+1.07,+2.35,+3.98
2026-08-27 10:29:37,99,0.354,0.535,0.717,+1.31,+2.60,+4.23
2026-08-27 10:35:11,99,0.374,0.525,0.707,+1.16,+2.47,+4.08
2026-08-27 10:40:46,100,0.360,0.530,0.730,+1.46,+2.70,+4.31
2026-08-27 10:46:21,101,0.356,0.485,0.713,+0.65,+1.79,+3.41
2026-08-27 10:51:56,101,0.347,0.545,0.683,+1.02,+2.21,+3.83
2026-08-27 10:57:31,101,0.356,0.535,0.713,+1.01,+2.18,+3.80
2026-08-27 11:03:06,102,0.608,0.510,0.716,+0.10,+1.23,+3.34
2026-08-27 11:08:41,102,0.618,0.480,0.706,+0.38,+1.54,+3.71
2026-08-27 11:14:17,103,0.583,0.505,0.738,+0.18,+1.26,+3.41
2026-08-27 11:19:53,103,0.544,0.476,0.689,-0.00,+1.11,+3.27
2026-08-27 11:25:28,102,0.520,0.471,0.676,-0.06,+1.08,+3.23
2026-08-27 11:31:04,102,0.451,0.441,0.667,-0.36,+0.87,+3.00
2026-08-27 11:36:39,101,0.505,0.475,0.703,-0.06,+1.29,+3.44
2026-08-27 11:42:14,101,0.446,0.436,0.673,-0.01,+1.35,+3.49
2026-08-27 11:47:49,101,0.455,0.455,0.693,+0.04,+1.41,+3.56
2026-08-27 11:53:24,101,0.515,0.465,0.703,-0.01,+1.33,+3.47
2026-08-27 11:58:59,101,0.485,0.455,0.713,+0.11,+1.45,+3.58
2026-08-27 12:04:34,101,0.396,0.396,0.703,+0.02,+1.04,+3.20
2026-08-27 12:10:08,102,0.353,0.402,0.686,-0.36,+0.64,+2.77
2026-08-27 12:15:45,102,0.363,0.402,0.696,-0.46,+0.55,+2.67
2026-08-27 12:21:21,102,0.373,0.412,0.686,-0.36,+0.64,+2.76
2026-08-27 12:26:55,102,0.431,0.402,0.745,-0.17,+0.83,+2.95
2026-08-27 12:32:31,102,0.451,0.382,0.686,-0.29,+0.76,+2.89
2026-08-27 12:38:06,103,0.447,0.417,0.728,-0.25,+0.73,+2.88
2026-08-27 12:43:41,102,0.382,0.402,0.725,-0.33,+0.71,+2.87
2026-08-27 12:49:17,102,0.402,0.412,0.735,-0.35,+0.68,+2.85
2026-08-27 12:54:52,102,0.392,0.412,0.676,-0.40,+0.65,+2.80
2026-08-27 13:00:27,102,0.392,0.402,0.667,-0.27,+0.72,+2.42
2026-08-27 13:06:02,102,0.353,0.461,0.510,-0.29,-0.19,+1.81
2026-08-27 13:11:38,103,0.388,0.524,0.515,-0.34,-0.19,+1.72
2026-08-27 13:17:14,103,0.447,0.476,0.553,-0.39,-0.23,+1.69
2026-08-27 13:22:50,102,0.363,0.471,0.500,-0.27,-0.17,+1.90
2026-08-27 13:28:24,101,0.386,0.475,0.515,-0.12,-0.02,+2.07
2026-08-27 13:33:59,101,0.327,0.455,0.455,-0.23,-0.11,+1.90
2026-08-27 13:39:33,101,0.327,0.475,0.485,-0.20,-0.07,+1.99
2026-08-27 13:45:09,102,0.363,0.471,0.471,-0.11,+0.01,+2.07
2026-08-27 13:50:43,102,0.324,0.461,0.461,-0.22,-0.11,+1.95
2026-08-27 13:56:20,102,0.343,0.471,0.471,-0.29,-0.19,+1.89
2026-08-27 14:01:55,101,0.337,0.356,0.426,-0.01,-0.28,+1.47
2026-08-27 14:07:30,101,0.347,0.347,0.416,-0.04,-0.47,+1.26
2026-08-27 14:13:05,102,0.392,0.333,0.441,+0.15,-0.32,+1.43
2026-08-27 14:18:43,103,0.330,0.359,0.427,+0.02,-0.42,+1.32
2026-08-27 14:24:19,103,0.301,0.369,0.437,+0.12,-0.33,+1.44
2026-08-27 14:29:55,103,0.282,0.330,0.417,-0.02,-0.48,+1.26
2026-08-27 14:33:56,103,0.262,0.330,0.408,-0.13,-0.59,+1.14
2026-08-27 14:39:31,103,0.291,0.291,0.369,-0.21,-0.66,+1.03
2026-08-27 14:45:07,105,0.333,0.314,0.390,-0.08,-0.54,+1.24
2026-08-27 14:50:45,105,0.362,0.333,0.438,-0.06,-0.54,+1.23
2026-08-27 14:56:21,105,0.343,0.371,0.438,-0.01,-0.49,+1.29
2026-08-27 15:01:58,105,0.362,0.410,0.410,-0.08,-0.12,+1.03
2026-08-27 15:07:35,105,0.371,0.352,0.390,-0.15,-0.32,+0.62
2026-08-27 15:13:11,104,0.298,0.337,0.385,-0.15,-0.36,+0.56
2026-08-27 15:18:47,104,0.298,0.288,0.394,-0.02,-0.18,+0.79
2026-08-27 15:24:24,105,0.362,0.343,0.381,+0.16,-0.00,+0.96
2026-08-27 15:30:00,105,0.305,0.362,0.429,+0.29,+0.14,+1.10
2026-08-27 15:35:36,105,0.419,0.429,0.400,+0.62,+0.47,+1.44
2026-08-27 15:41:12,105,0.410,0.438,0.419,+0.55,+0.40,+1.35
2026-08-27 15:46:48,105,0.457,0.419,0.400,+0.29,+0.13,+1.08
2026-08-27 15:52:26,105,0.467,0.467,0.390,+0.45,+0.26,+1.22
2026-08-27 15:58:03,106,0.528,0.481,0.396,+0.49,+0.31,+1.24
2026-08-27 16:03:40,106,0.557,0.481,0.453,+0.32,+0.44,+0.72
2026-08-27 16:09:17,106,0.547,0.425,0.462,+0.48,+0.65,+0.76
2026-08-27 16:14:54,106,0.585,0.491,0.462,+0.70,+0.81,+0.74
2026-08-27 16:20:30,106,0.623,0.509,0.481,+1.01,+1.06,+1.00
2026-08-27 16:26:11,107,0.542,0.467,0.449,+0.61,+0.61,+0.51
2026-08-27 16:31:50,107,0.579,0.514,0.486,+0.71,+0.72,+0.62
2026-08-27 16:37:26,106,0.585,0.500,0.500,+0.58,+0.62,+0.55
2026-08-27 16:43:03,106,0.547,0.481,0.491,+0.41,+0.45,+0.36
2026-08-27 16:48:42,106,0.585,0.491,0.491,+0.45,+0.52,+0.42
2026-08-27 16:54:19,106,0.660,0.519,0.519,+0.73,+0.79,+0.70
2026-08-27 16:59:55,106,0.670,0.500,0.528,+0.83,+0.88,+0.80
2026-08-27 17:05:32,106,0.642,0.604,0.538,+0.28,+0.80,+0.60
2026-08-27 17:11:11,107,0.682,0.617,0.570,+0.50,+0.92,+0.67
2026-08-27 17:16:49,107,0.664,0.617,0.514,+0.34,+0.70,+0.40
2026-08-27 17:22:30,108,0.667,0.639,0.556,+0.46,+0.81,+0.51
2026-08-27 17:28:07,108,0.648,0.667,0.602,+0.65,+0.99,+0.69
2026-08-27 17:33:44,108,0.676,0.667,0.620,+0.76,+1.09,+0.78
2026-08-27 17:39:21,108,0.639,0.639,0.565,+0.57,+0.88,+0.59
2026-08-27 17:45:00,107,0.645,0.645,0.570,+0.46,+0.78,+0.48
2026-08-27 17:50:38,109,0.624,0.642,0.587,+0.84,+1.22,+0.91
2026-08-27 17:56:17,109,0.596,0.615,0.587,+0.65,+1.04,+0.73
2026-08-27 18:02:00,112,0.598,0.705,0.643,+0.37,+1.19,+1.08
2026-08-27 18:07:41,112,0.571,0.679,0.607,+0.44,+1.35,+1.08
2026-08-27 18:13:20,112,0.625,0.705,0.643,+0.51,+1.43,+1.15
2026-08-27 18:18:59,112,0.616,0.661,0.607,+0.21,+1.13,+0.84
2026-08-27 18:24:38,113,0.602,0.655,0.637,+0.37,+1.22,+1.00
2026-08-27 18:30:17,113,0.575,0.628,0.593,+0.31,+1.16,+0.93
2026-08-27 18:35:57,113,0.575,0.619,0.602,-0.00,+0.84,+0.63
2026-08-27 18:41:36,113,0.558,0.637,0.593,+0.17,+1.02,+0.81
2026-08-27 18:47:16,112,0.562,0.643,0.616,+0.23,+1.08,+0.92
2026-08-27 18:52:55,112,0.554,0.634,0.589,+0.00,+0.85,+0.69
2026-08-27 18:58:35,112,0.500,0.598,0.554,-0.24,+0.57,+0.40
2026-08-27 19:04:14,113,0.336,0.558,0.593,-0.39,+0.22,+0.73
2026-08-27 19:09:56,113,0.416,0.566,0.593,-0.27,+0.43,+0.92
2026-08-27 19:15:36,113,0.372,0.566,0.566,-0.37,+0.34,+0.80
2026-08-27 19:21:16,113,0.345,0.540,0.566,-0.34,+0.35,+0.84
2026-08-27 19:26:57,113,0.265,0.451,0.504,-0.82,-0.16,+0.34
2026-08-27 19:32:37,113,0.292,0.531,0.531,-0.68,-0.01,+0.48
2026-08-27 19:38:17,113,0.230,0.442,0.478,-0.94,-0.27,+0.20
2026-08-27 19:43:56,113,0.265,0.496,0.531,-0.83,-0.17,+0.30
2026-08-27 19:49:36,113,0.336,0.504,0.549,-0.58,+0.08,+0.56
2026-08-27 19:55:17,113,0.336,0.531,0.540,-0.66,+0.00,+0.49
2026-08-27 20:00:56,113,0.345,0.540,0.575,-0.44,+0.06,+0.43
2026-08-27 20:06:36,113,0.389,0.504,0.628,-0.11,-0.18,+0.54
2026-08-27 20:12:16,112,0.438,0.518,0.652,-0.07,-0.17,+0.58
2026-08-27 20:17:54,111,0.432,0.514,0.649,+0.06,-0.07,+0.71
2026-08-27 20:23:33,111,0.468,0.514,0.640,+0.17,+0.05,+0.82
2026-08-27 20:29:11,111,0.450,0.477,0.622,+0.05,-0.07,+0.71
2026-08-27 20:35:00,111,0.441,0.505,0.631,+0.06,-0.07,+0.70
2026-08-27 20:40:40,110,0.427,0.473,0.600,+0.07,-0.11,+0.62
2026-08-27 20:46:19,109,0.404,0.468,0.615,+0.11,-0.01,+0.69
2026-08-27 20:51:57,109,0.358,0.413,0.569,-0.22,-0.35,+0.35
2026-08-27 20:57:35,109,0.413,0.523,0.615,-0.05,-0.18,+0.52
2026-08-27 21:03:13,107,0.533,0.374,0.645,+0.16,-0.40,+0.75
2026-08-27 21:08:52,107,0.542,0.402,0.636,+0.23,-0.41,+0.84
2026-08-27 21:14:30,107,0.617,0.421,0.645,+0.46,-0.10,+1.08
2026-08-27 21:20:07,107,0.598,0.439,0.654,+0.36,-0.21,+0.97
2026-08-27 21:25:45,107,0.617,0.421,0.654,+0.29,-0.28,+0.90
2026-08-27 21:31:22,107,0.626,0.439,0.654,+0.31,-0.25,+0.91
2026-08-27 21:37:00,107,0.570,0.430,0.636,+0.33,-0.24,+0.93
2026-08-27 21:42:38,107,0.542,0.402,0.645,+0.38,-0.19,+0.98
2026-08-27 21:48:14,106,0.547,0.406,0.651,+0.28,-0.30,+0.86
2026-08-27 21:53:52,105,0.600,0.429,0.667,+0.51,-0.06,+1.09
2026-08-27 21:59:28,105,0.581,0.419,0.667,+0.47,-0.09,+1.05
2026-08-27 22:05:05,106,0.632,0.509,0.651,+0.39,+0.30,+0.82
2026-08-27 22:10:42,105,0.590,0.524,0.638,+0.38,+0.44,+0.74
2026-08-27 22:16:18,104,0.615,0.548,0.654,+0.60,+0.60,+0.81
2026-08-27 22:21:54,103,0.612,0.544,0.631,+0.56,+0.58,+0.76
2026-08-27 22:27:29,101,0.673,0.564,0.663,+0.70,+0.77,+0.99
2026-08-27 22:33:05,101,0.644,0.554,0.644,+0.50,+0.57,+0.80
2026-08-27 22:38:40,101,0.574,0.505,0.634,+0.40,+0.47,+0.69
2026-08-27 22:44:16,101,0.614,0.564,0.663,+0.38,+0.45,+0.68
2026-08-27 22:49:52,101,0.535,0.525,0.604,+0.21,+0.28,+0.49
2026-08-27 22:55:28,101,0.614,0.584,0.653,+0.52,+0.60,+0.81
2026-08-27 23:01:02,100,0.640,0.610,0.670,+0.39,+0.50,+0.55
2026-08-27 23:06:37,100,0.630,0.690,0.650,+0.30,+0.73,+0.47
2026-08-27 23:12:12,100,0.540,0.640,0.610,+0.13,+0.55,+0.33
2026-08-27 23:17:48,100,0.510,0.630,0.570,+0.10,+0.49,+0.34
2026-08-27 23:23:23,100,0.610,0.640,0.630,+0.53,+0.93,+0.78
2026-08-27 23:28:58,100,0.590,0.660,0.580,+0.23,+0.64,+0.48
2026-08-27 23:34:33,99,0.586,0.667,0.586,+0.29,+0.71,+0.53
2026-08-27 23:40:07,99,0.586,0.697,0.606,+0.25,+0.66,+0.49
2026-08-27 23:45:41,99,0.606,0.707,0.616,+0.42,+0.83,+0.66
2026-08-27 23:51:16,99,0.586,0.687,0.626,+0.52,+0.92,+0.75
2026-08-27 23:56:50,99,0.596,0.697,0.606,+0.75,+1.15,+0.98
2026-08-28 00:02:25,99,0.515,0.596,0.576,+0.48,+0.88,+0.48
2026-08-28 00:08:00,99,0.414,0.556,0.495,+0.09,+0.50,+0.15
2026-08-28 00:13:34,98,0.500,0.592,0.561,+0.18,+0.59,+0.23
2026-08-28 00:19:08,98,0.480,0.602,0.510,+0.45,+0.83,+0.50
2026-08-28 00:24:42,96,0.479,0.594,0.510,+0.36,+0.70,+0.39
2026-08-28 00:30:15,96,0.542,0.635,0.531,+0.51,+0.83,+0.54
2026-08-28 00:35:49,94,0.457,0.574,0.500,+0.30,+0.63,+0.32
2026-08-28 00:41:21,93,0.452,0.559,0.505,+0.43,+0.76,+0.45
2026-08-28 00:46:53,93,0.495,0.581,0.516,+0.45,+0.80,+0.47
2026-08-28 00:52:26,93,0.516,0.559,0.538,+0.50,+0.85,+0.53
2026-08-28 00:57:58,93,0.495,0.591,0.516,+0.37,+0.73,+0.41
2026-08-28 01:03:32,95,0.432,0.568,0.547,-0.06,+0.79,+0.99
2026-08-28 01:09:04,94,0.362,0.553,0.521,-0.20,+0.59,+0.98
2026-08-28 01:14:37,95,0.432,0.611,0.537,-0.06,+0.72,+1.09
2026-08-28 01:20:10,95,0.474,0.600,0.589,+0.07,+0.84,+1.20
2026-08-28 01:25:43,95,0.495,0.600,0.600,-0.01,+0.76,+1.15
2026-08-28 01:31:17,95,0.484,0.589,0.589,-0.00,+0.76,+1.15
2026-08-28 01:36:50,95,0.453,0.579,0.568,-0.05,+0.71,+1.10
2026-08-28 01:42:22,94,0.468,0.585,0.585,+0.01,+0.79,+1.18
2026-08-28 01:47:54,94,0.468,0.553,0.585,-0.01,+0.74,+1.14
2026-08-28 01:53:26,94,0.511,0.574,0.606,+0.03,+0.78,+1.18
2026-08-28 01:58:58,94,0.500,0.564,0.606,+0.08,+0.84,+1.23
2026-08-28 02:04:31,93,0.387,0.538,0.613,-0.18,+0.57,+1.13
2026-08-28 02:10:03,93,0.495,0.516,0.634,-0.06,+0.60,+1.14
2026-08-28 02:15:36,93,0.527,0.516,0.634,+0.05,+0.65,+1.27
2026-08-28 02:21:08,92,0.609,0.533,0.641,+0.20,+0.81,+1.43
2026-08-28 02:26:40,92,0.554,0.511,0.641,+0.27,+0.86,+1.45
2026-08-28 02:32:12,92,0.587,0.500,0.696,+0.29,+0.87,+1.44
2026-08-28 02:35:35,92,0.522,0.511,0.652,+0.12,+0.68,+1.25
2026-08-28 02:41:07,92,0.489,0.543,0.663,+0.13,+0.69,+1.25
2026-08-28 02:46:40,92,0.435,0.543,0.630,+0.15,+0.68,+1.24
2026-08-28 02:52:12,92,0.478,0.511,0.641,+0.13,+0.65,+1.22
2026-08-28 02:57:44,92,0.478,0.522,0.641,+0.13,+0.67,+1.24
2026-08-28 03:03:15,92,0.446,0.435,0.554,-0.01,-0.01,+1.17
2026-08-28 03:08:48,92,0.413,0.402,0.554,-0.15,-0.17,+1.00
2026-08-28 03:14:20,93,0.333,0.312,0.538,-0.41,-0.34,+0.73
2026-08-28 03:19:52,93,0.333,0.301,0.505,-0.46,-0.39,+0.67
2026-08-28 03:25:25,93,0.290,0.333,0.484,-0.45,-0.39,+0.68
2026-08-28 03:30:56,93,0.323,0.312,0.505,-0.52,-0.50,+0.54
2026-08-28 03:36:29,93,0.344,0.312,0.505,-0.51,-0.47,+0.56
2026-08-28 03:42:02,93,0.333,0.312,0.516,-0.37,-0.33,+0.72
2026-08-28 03:47:34,93,0.333,0.323,0.516,-0.49,-0.43,+0.57
2026-08-28 03:53:06,93,0.344,0.355,0.505,-0.40,-0.33,+0.67
2026-08-28 03:58:38,93,0.355,0.376,0.538,-0.35,-0.28,+0.71
2026-08-28 04:04:10,93,0.409,0.452,0.538,-0.23,-0.52,+0.65
2026-08-28 04:09:42,93,0.344,0.409,0.570,-0.26,-0.40,+0.64
2026-08-28 04:15:14,93,0.387,0.419,0.548,-0.09,-0.19,+0.83
2026-08-28 04:20:47,93,0.333,0.409,0.495,-0.18,-0.27,+0.71
2026-08-28 04:26:19,92,0.315,0.413,0.489,-0.43,-0.44,+0.39
2026-08-28 04:31:52,92,0.326,0.402,0.500,-0.40,-0.37,+0.38
2026-08-28 04:37:24,92,0.326,0.391,0.511,-0.39,-0.32,+0.37
2026-08-28 04:42:55,92,0.304,0.402,0.467,-0.35,-0.28,+0.44
2026-08-28 04:48:27,92,0.380,0.402,0.522,-0.18,-0.11,+0.58
2026-08-28 04:53:59,92,0.370,0.402,0.533,-0.15,-0.07,+0.59
2026-08-28 04:59:31,92,0.326,0.380,0.489,-0.26,-0.19,+0.51
2026-08-28 05:05:03,92,0.370,0.348,0.435,+0.10,-0.21,+0.48
2026-08-28 05:10:35,92,0.391,0.380,0.424,+0.04,-0.19,+0.39
2026-08-28 05:16:07,92,0.391,0.304,0.359,-0.12,-0.43,+0.27
2026-08-28 05:21:38,92,0.413,0.359,0.402,-0.02,-0.35,+0.34
2026-08-28 05:27:10,92,0.457,0.391,0.424,+0.14,-0.17,+0.47
2026-08-28 05:32:42,92,0.413,0.370,0.424,+0.08,-0.27,+0.42
2026-08-28 05:38:15,92,0.402,0.348,0.413,+0.04,-0.30,+0.40
2026-08-28 05:43:47,92,0.424,0.380,0.435,+0.12,-0.23,+0.49
2026-08-28 05:49:19,92,0.478,0.337,0.457,+0.15,-0.20,+0.52
2026-08-28 05:54:51,92,0.370,0.315,0.435,+0.07,-0.28,+0.42
2026-08-28 06:00:23,92,0.467,0.391,0.435,+0.15,-0.16,+0.55
2026-08-28 06:05:55,92,0.587,0.413,0.370,+0.14,-0.13,-0.08
2026-08-28 06:11:27,92,0.576,0.435,0.359,+0.16,-0.12,-0.06
2026-08-28 06:17:00,92,0.565,0.435,0.359,+0.07,-0.20,-0.19
2026-08-28 06:22:32,92,0.587,0.391,0.348,+0.07,-0.20,-0.19
2026-08-28 06:28:04,92,0.565,0.380,0.370,+0.09,-0.18,-0.19
2026-08-28 06:33:36,92,0.500,0.359,0.359,-0.02,-0.30,-0.30
2026-08-28 06:39:08,93,0.495,0.366,0.333,+0.06,-0.17,-0.14
2026-08-28 06:44:41,93,0.516,0.344,0.323,-0.04,-0.28,-0.26
2026-08-28 06:50:14,93,0.559,0.376,0.323,+0.08,-0.16,-0.14
2026-08-28 06:55:45,93,0.548,0.344,0.333,-0.01,-0.25,-0.22
2026-08-28 07:01:18,93,0.473,0.441,0.333,-0.12,-0.01,-0.29
2026-08-28 07:06:51,93,0.581,0.495,0.387,-0.10,+0.15,-0.12
2026-08-28 07:12:24,93,0.516,0.484,0.387,-0.03,+0.22,+0.03
2026-08-28 07:17:56,93,0.624,0.538,0.462,-0.09,+0.15,-0.03
2026-08-28 07:23:29,93,0.570,0.559,0.430,+0.10,+0.34,+0.15
2026-08-28 07:29:01,93,0.516,0.505,0.398,-0.08,+0.17,-0.02
2026-08-28 07:34:33,93,0.538,0.527,0.452,-0.15,+0.09,-0.09
2026-08-28 07:40:05,93,0.527,0.570,0.462,-0.09,+0.15,-0.02
2026-08-28 07:45:37,93,0.559,0.505,0.430,+0.01,+0.25,+0.07
2026-08-28 07:51:10,94,0.532,0.521,0.468,+0.05,+0.29,+0.12
2026-08-28 07:56:42,94,0.500,0.500,0.415,-0.03,+0.21,+0.04
2026-08-28 08:02:15,94,0.457,0.585,0.426,+0.18,+0.34,+0.10
2026-08-28 08:07:48,94,0.511,0.606,0.362,+0.29,+0.37,+0.03
2026-08-28 08:13:21,94,0.585,0.596,0.447,+0.49,+0.50,+0.18
2026-08-28 08:18:54,94,0.585,0.596,0.436,+0.53,+0.55,+0.23
2026-08-28 08:24:27,94,0.617,0.649,0.426,+0.39,+0.40,+0.06
2026-08-28 08:29:59,93,0.634,0.667,0.473,+0.48,+0.55,+0.20
2026-08-28 08:35:31,93,0.591,0.624,0.452,+0.33,+0.40,+0.04
2026-08-28 08:36:36,94,0.585,0.638,0.447,+0.47,+0.52,+0.14
2026-08-28 08:42:08,94,0.617,0.649,0.457,+0.43,+0.49,+0.12
2026-08-28 08:47:42,94,0.564,0.638,0.447,+0.50,+0.56,+0.18
2026-08-28 08:53:14,94,0.606,0.681,0.426,+0.58,+0.63,+0.26
2026-08-28 08:58:47,94,0.585,0.649,0.415,+0.57,+0.62,+0.25
2026-08-28 09:04:19,94,0.426,0.468,0.404,+0.25,+0.47,+0.39
2026-08-28 09:09:52,94,0.362,0.415,0.340,+0.05,+0.26,+0.28
2026-08-28 09:15:26,94,0.372,0.436,0.351,+0.14,+0.33,+0.35
2026-08-28 09:20:57,92,0.467,0.511,0.413,+0.33,+0.52,+0.57
2026-08-28 09:26:30,92,0.457,0.522,0.413,+0.31,+0.49,+0.54
2026-08-28 09:32:02,92,0.533,0.554,0.457,+0.38,+0.54,+0.59
2026-08-28 09:37:33,91,0.527,0.615,0.505,+0.31,+0.49,+0.55
2026-08-28 09:43:06,92,0.522,0.609,0.467,+0.38,+0.54,+0.62
2026-08-28 09:48:38,91,0.484,0.560,0.473,+0.43,+0.60,+0.70
2026-08-28 09:54:09,91,0.484,0.538,0.505,+0.38,+0.55,+0.65
2026-08-28 09:59:40,91,0.527,0.593,0.516,+0.53,+0.69,+0.75
2026-08-28 10:05:11,89,0.607,0.640,0.663,+0.33,+0.69,+0.92
2026-08-28 10:10:41,88,0.568,0.568,0.625,+0.31,+0.68,+0.91
2026-08-28 10:16:12,87,0.563,0.632,0.655,+0.39,+0.84,+1.03
2026-08-28 10:21:42,87,0.609,0.678,0.690,+0.53,+1.02,+1.19
2026-08-28 10:27:12,87,0.655,0.701,0.690,+0.65,+1.14,+1.31
2026-08-28 10:32:44,88,0.636,0.693,0.670,+0.61,+1.09,+1.25
2026-08-28 10:38:14,88,0.568,0.682,0.659,+0.59,+1.08,+1.24
2026-08-28 10:43:45,88,0.500,0.602,0.636,+0.29,+0.78,+0.94
2026-08-28 10:49:16,88,0.420,0.511,0.591,+0.09,+0.58,+0.74
2026-08-28 10:54:45,87,0.414,0.529,0.517,+0.14,+0.65,+0.83
2026-08-28 11:00:17,87,0.356,0.437,0.471,-0.38,+0.24,+0.52
2026-08-28 11:05:47,88,0.307,0.341,0.523,-0.36,+0.18,+0.79
2026-08-28 11:11:17,88,0.273,0.318,0.466,-0.49,+0.04,+0.65
2026-08-28 11:16:49,88,0.273,0.330,0.466,-0.81,-0.30,+0.30
2026-08-28 11:22:19,88,0.250,0.295,0.386,-0.95,-0.45,+0.14
2026-08-28 11:27:51,88,0.205,0.284,0.352,-1.29,-0.79,-0.21
2026-08-28 11:33:22,89,0.157,0.191,0.315,-1.06,-0.66,-0.18
2026-08-28 11:38:52,89,0.202,0.247,0.337,-0.81,-0.42,+0.04
2026-08-28 11:44:23,89,0.191,0.213,0.315,-0.82,-0.43,+0.02
2026-08-28 11:49:54,91,0.176,0.220,0.297,-0.20,+0.19,+0.62
2026-08-28 11:55:26,91,0.154,0.231,0.319,-0.69,-0.30,+0.12
2026-08-28 12:00:58,92,0.185,0.207,0.239,-0.63,-0.45,-0.02
2026-08-28 12:06:30,92,0.207,0.196,0.239,-0.58,-0.56,-0.27
2026-08-28 12:12:02,92,0.163,0.217,0.239,-0.63,-0.57,-0.30
2026-08-28 12:17:35,92,0.163,0.196,0.250,-0.21,-0.15,+0.12
2026-08-28 12:23:07,92,0.196,0.217,0.250,-0.07,-0.02,+0.25
2026-08-28 12:28:40,93,0.204,0.247,0.247,-0.05,+0.03,+0.29
2026-08-28 12:34:13,93,0.226,0.237,0.247,-0.22,-0.17,+0.10
2026-08-28 12:39:45,93,0.172,0.215,0.247,-0.23,-0.17,+0.11
2026-08-28 12:45:18,93,0.194,0.237,0.237,-0.48,-0.40,-0.12
2026-08-28 12:50:50,93,0.194,0.247,0.247,-0.17,-0.11,+0.17
2026-08-28 12:56:22,93,0.215,0.247,0.247,-0.18,-0.13,+0.16
2026-08-28 13:01:54,93,0.462,0.215,0.290,-0.18,-0.47,+0.21
2026-08-28 13:07:27,94,0.489,0.213,0.298,+0.00,-0.39,+0.29
2026-08-28 13:13:00,95,0.474,0.200,0.284,+0.12,-0.50,+0.19
2026-08-28 13:18:33,95,0.600,0.232,0.305,+0.25,-0.32,+0.36
2026-08-28 13:24:06,94,0.532,0.223,0.277,+0.17,-0.34,+0.38
2026-08-28 13:29:38,94,0.521,0.223,0.277,+0.07,-0.51,+0.22
2026-08-28 13:35:10,94,0.457,0.213,0.277,+0.10,-0.47,+0.27
2026-08-28 13:40:43,93,0.430,0.215,0.258,-0.02,-0.49,+0.25
2026-08-28 13:46:16,93,0.462,0.204,0.280,-0.05,-0.56,+0.18
2026-08-28 13:51:48,93,0.495,0.247,0.280,-0.00,-0.52,+0.22
2026-08-28 13:57:20,93,0.462,0.237,0.280,+0.05,-0.50,+0.24
2026-08-28 14:02:52,93,0.430,0.204,0.247,-0.09,-0.33,-0.14
2026-08-28 14:08:24,93,0.323,0.194,0.237,-0.33,-0.54,-0.40
2026-08-28 14:13:57,93,0.250,0.185,0.250,-0.57,-0.77,-0.65
2026-08-28 14:19:29,93,0.293,0.174,0.228,-0.56,-0.66,-0.57
2026-08-28 14:25:02,93,0.228,0.163,0.217,-0.49,-0.39,-0.26
2026-08-28 14:30:34,93,0.304,0.152,0.228,-0.34,-0.22,-0.11
2026-08-28 14:36:06,93,0.380,0.174,0.228,-0.02,+0.18,+0.30
2026-08-28 14:37:22,94,0.409,0.183,0.226,+0.11,+0.41,+0.50
2026-08-28 14:42:54,93,0.370,0.174,0.239,-0.04,+0.15,+0.26
2026-08-28 14:48:28,93,0.402,0.217,0.250,+0.09,+0.27,+0.38
2026-08-28 14:54:01,93,0.391,0.228,0.261,+0.04,+0.21,+0.32
2026-08-28 14:59:33,94,0.376,0.194,0.226,-0.04,+0.05,+0.15
2026-08-28 15:05:06,94,0.521,0.457,0.223,+0.29,+0.19,+0.25
2026-08-28 15:10:38,94,0.511,0.479,0.255,+0.26,+0.17,+0.23
2026-08-28 15:16:11,94,0.521,0.479,0.255,+0.43,+0.34,+0.40
2026-08-28 15:21:43,94,0.543,0.468,0.245,+0.51,+0.41,+0.52
2026-08-28 15:27:16,95,0.585,0.521,0.266,+0.62,+0.53,+0.63
2026-08-28 15:32:49,95,0.500,0.489,0.266,+0.34,+0.26,+0.32
2026-08-28 15:38:22,95,0.564,0.543,0.287,+0.57,+0.51,+0.60
2026-08-28 15:43:55,95,0.521,0.479,0.298,+0.46,+0.38,+0.46
2026-08-28 15:49:28,93,0.533,0.500,0.293,+0.49,+0.42,+0.47
2026-08-28 15:55:00,93,0.565,0.522,0.293,+0.60,+0.52,+0.59
2026-08-28 16:00:33,93,0.570,0.473,0.280,+0.29,+0.45,+0.23
2026-08-28 16:06:05,94,0.479,0.415,0.245,+0.38,+0.30,+0.29
2026-08-28 16:11:38,94,0.447,0.319,0.255,+0.31,+0.33,+0.21
2026-08-28 16:17:11,94,0.404,0.372,0.245,+0.54,+0.54,+0.58
2026-08-28 16:22:44,92,0.413,0.370,0.261,+0.40,+0.43,+0.47
2026-08-28 16:28:18,92,0.457,0.391,0.272,+0.50,+0.52,+0.59
2026-08-28 16:33:51,93,0.430,0.355,0.269,+0.69,+0.69,+0.77
2026-08-28 16:39:23,92,0.337,0.315,0.272,+0.43,+0.44,+0.48
2026-08-28 16:44:56,92,0.337,0.315,0.272,+0.49,+0.49,+0.54
2026-08-28 16:50:28,93,0.376,0.366,0.280,+0.57,+0.59,+0.71
2026-08-28 16:56:00,93,0.430,0.409,0.301,+0.49,+0.52,+0.66
2026-08-28 17:01:33,94,0.426,0.426,0.298,+0.40,+0.89,+1.01
2026-08-28 17:07:05,94,0.415,0.457,0.277,+0.24,+0.85,+1.04
2026-08-28 17:12:39,94,0.404,0.489,0.277,+0.10,+0.74,+0.83
2026-08-28 17:18:11,93,0.398,0.441,0.280,+0.06,+0.66,+0.71
2026-08-28 17:23:44,93,0.398,0.430,0.290,+0.02,+0.61,+0.55
2026-08-28 17:29:16,93,0.409,0.462,0.280,+0.04,+0.63,+0.56
2026-08-28 17:34:48,93,0.387,0.473,0.258,-0.06,+0.53,+0.52
2026-08-28 17:40:21,93,0.452,0.473,0.247,-0.06,+0.50,+0.41
2026-08-28 17:45:52,92,0.348,0.446,0.272,-0.26,+0.35,+0.28
2026-08-28 17:51:24,90,0.333,0.389,0.256,-0.42,+0.26,+0.24
2026-08-28 17:56:55,90,0.356,0.389,0.267,-0.33,+0.34,+0.33
2026-08-28 18:02:26,90,0.322,0.367,0.322,-0.42,+0.06,+0.25
2026-08-28 18:07:57,90,0.367,0.378,0.422,-0.24,+0.19,+0.33
2026-08-28 18:13:28,89,0.404,0.382,0.416,-0.51,-0.03,+0.07
2026-08-28 18:18:58,89,0.416,0.382,0.404,-0.49,-0.00,+0.11
2026-08-28 18:24:30,90,0.411,0.378,0.411,-0.53,-0.07,+0.04
2026-08-28 18:30:01,90,0.378,0.356,0.389,-0.60,-0.13,-0.03
2026-08-28 18:35:31,88,0.330,0.375,0.375,-0.66,-0.15,-0.12
2026-08-28 18:41:02,88,0.364,0.398,0.409,-0.51,+0.01,+0.03
2026-08-28 18:46:33,88,0.341,0.364,0.375,-0.51,+0.01,+0.04
2026-08-28 18:52:03,88,0.330,0.364,0.364,-0.51,+0.00,+0.03
2026-08-28 18:57:33,88,0.330,0.364,0.375,-0.26,+0.26,+0.28
2026-08-28 19:03:04,87,0.414,0.310,0.356,-0.00,-0.35,+0.15
2026-08-28 19:08:34,87,0.368,0.322,0.322,-0.12,-0.52,-0.01
2026-08-28 19:14:06,87,0.494,0.322,0.310,+0.07,-0.34,+0.16
2026-08-28 19:19:36,87,0.494,0.345,0.310,+0.19,-0.22,+0.28
2026-08-28 19:25:07,87,0.494,0.345,0.333,+0.19,-0.21,+0.27
2026-08-28 19:30:38,87,0.517,0.368,0.356,+0.20,-0.21,+0.28
2026-08-28 19:36:08,87,0.586,0.356,0.425,+0.39,-0.02,+0.46
2026-08-28 19:41:38,87,0.586,0.345,0.402,+0.54,+0.14,+0.62
2026-08-28 19:47:09,87,0.621,0.379,0.414,+0.54,+0.14,+0.62
2026-08-28 19:52:40,87,0.609,0.391,0.402,+0.58,+0.18,+0.65
2026-08-28 19:58:10,87,0.690,0.437,0.425,+0.65,+0.25,+0.72
2026-08-28 20:03:40,88,0.750,0.580,0.557,+0.75,+0.38,+1.11
2026-08-28 20:09:12,88,0.727,0.648,0.591,+0.62,+0.27,+1.00
2026-08-28 20:14:42,88,0.716,0.580,0.580,+0.57,+0.22,+0.96
2026-08-28 20:20:14,87,0.759,0.598,0.609,+0.53,+0.20,+0.92
2026-08-28 20:25:45,88,0.750,0.648,0.614,+0.56,+0.28,+1.03
2026-08-28 20:31:15,88,0.705,0.648,0.568,+0.51,+0.25,+1.00
2026-08-28 20:36:46,87,0.747,0.552,0.540,+0.45,+0.20,+0.95
2026-08-28 20:38:20,87,0.759,0.552,0.506,+0.44,+0.19,+0.94
2026-08-28 20:43:50,86,0.756,0.523,0.523,+0.53,+0.28,+1.05
2026-08-28 20:49:21,86,0.721,0.547,0.523,+0.67,+0.42,+1.19
2026-08-28 20:54:51,86,0.709,0.512,0.570,+0.71,+0.46,+1.23
2026-08-28 21:00:21,86,0.686,0.500,0.547,+0.50,+0.41,+0.75
2026-08-28 21:05:51,86,0.535,0.628,0.547,+0.13,+0.72,+0.95
2026-08-28 21:11:21,86,0.488,0.605,0.500,+0.11,+0.74,+0.90
2026-08-28 21:16:52,86,0.500,0.616,0.488,+0.07,+0.69,+0.86
2026-08-28 21:22:22,86,0.488,0.640,0.512,-0.05,+0.56,+0.72
2026-08-28 21:27:52,86,0.453,0.605,0.488,-0.00,+0.62,+0.80
2026-08-28 21:33:23,86,0.488,0.570,0.477,+0.02,+0.65,+0.83
2026-08-28 21:38:54,86,0.500,0.605,0.453,+0.00,+0.63,+0.81
2026-08-28 21:44:25,86,0.453,0.558,0.465,-0.11,+0.51,+0.67
2026-08-28 21:49:55,86,0.465,0.581,0.477,-0.20,+0.43,+0.59
2026-08-28 21:55:27,86,0.442,0.593,0.477,-0.27,+0.36,+0.53
2026-08-28 22:00:56,86,0.465,0.628,0.465,-0.14,+0.34,+0.16
2026-08-28 22:06:27,85,0.412,0.671,0.435,-0.30,+0.18,+0.02
2026-08-28 22:11:56,85,0.400,0.635,0.412,-0.31,+0.20,-0.03
2026-08-28 22:17:47,84,0.393,0.548,0.417,-0.38,+0.09,-0.08
2026-08-28 22:23:17,82,0.378,0.573,0.415,-0.41,+0.06,-0.06
2026-08-28 22:28:47,82,0.354,0.561,0.378,-0.50,-0.03,-0.15
2026-08-28 22:34:17,82,0.317,0.573,0.366,-0.62,-0.15,-0.27
2026-08-28 22:39:46,82,0.341,0.573,0.390,-0.57,-0.10,-0.24
2026-08-28 22:45:15,82,0.354,0.524,0.415,-0.38,+0.10,-0.03
2026-08-28 22:50:44,81,0.383,0.543,0.358,-0.55,-0.12,-0.26
2026-08-28 22:56:14,81,0.432,0.654,0.370,-0.41,+0.03,-0.12
2026-08-28 23:01:43,82,0.439,0.512,0.500,-0.10,-0.36,+0.07
2026-08-28 23:07:12,82,0.220,0.244,0.317,-0.76,-1.08,-0.84
2026-08-28 23:12:42,82,0.256,0.280,0.329,-0.74,-1.06,-0.79
2026-08-28 23:18:11,82,0.268,0.244,0.402,-0.61,-0.93,-0.66
2026-08-28 23:23:39,81,0.272,0.333,0.395,-0.52,-0.83,-0.56
2026-08-28 23:29:08,81,0.247,0.284,0.407,-0.71,-1.01,-0.74
2026-08-28 23:34:37,81,0.432,0.469,0.519,-0.25,-0.56,-0.28
2026-08-28 23:40:06,81,0.593,0.642,0.654,+0.06,-0.25,+0.01
2026-08-28 23:45:35,81,0.531,0.617,0.630,+0.10,-0.20,+0.08
2026-08-28 23:51:03,81,0.531,0.531,0.580,+0.01,-0.29,-0.02
2026-08-28 23:56:32,81,0.556,0.593,0.605,+0.18,-0.11,+0.17
2026-08-29 00:02:01,80,0.588,0.575,0.637,+0.46,+0.03,+0.66
2026-08-29 00:07:28,78,0.474,0.474,0.564,-0.23,-0.66,-0.03
2026-08-29 00:12:55,76,0.434,0.382,0.553,-0.14,-0.61,-0.03
2026-08-29 00:18:22,77,0.416,0.377,0.558,+0.25,-0.24,+0.31
2026-08-29 00:23:50,77,0.442,0.481,0.558,-0.03,-0.52,+0.00
2026-08-29 00:29:17,76,0.434,0.474,0.526,-0.11,-0.60,-0.05
2026-08-29 00:34:45,77,0.377,0.403,0.519,-0.14,-0.62,-0.08
2026-08-29 00:40:12,77,0.377,0.377,0.532,-0.65,-1.10,-0.53
2026-08-29 00:45:40,78,0.256,0.282,0.436,-0.86,-1.33,-0.77
2026-08-29 00:51:06,76,0.276,0.289,0.408,-0.97,-1.46,-0.89
2026-08-29 00:56:33,76,0.237,0.276,0.382,-1.02,-1.50,-0.93
2026-08-29 01:02:02,77,0.182,0.208,0.260,-1.96,-1.72,-1.60
2026-08-29 01:07:30,77,0.169,0.234,0.299,-1.88,-1.58,-1.46
2026-08-29 01:13:01,77,0.130,0.208,0.234,-2.33,-2.03,-1.92
2026-08-29 01:18:28,76,0.132,0.158,0.211,-2.82,-2.55,-2.49
2026-08-29 01:23:55,77,0.143,0.156,0.182,-2.84,-2.58,-2.51
2026-08-29 01:29:22,77,0.104,0.143,0.195,-2.94,-2.66,-2.60
2026-08-29 01:34:48,77,0.143,0.169,0.221,-2.64,-2.36,-2.30
2026-08-29 01:40:16,77,0.156,0.195,0.247,-2.43,-2.16,-2.09
2026-08-29 01:45:43,77,0.143,0.208,0.247,-2.47,-2.20,-2.13
2026-08-29 01:51:09,77,0.130,0.195,0.234,-2.51,-2.24,-2.16
2026-08-29 01:56:36,77,0.143,0.182,0.273,-2.39,-2.11,-2.04
2026-08-29 02:02:03,77,0.130,0.182,0.182,-1.67,-2.12,-2.46
2026-08-29 02:07:29,77,0.221,0.169,0.156,-1.00,-2.07,-2.50
2026-08-29 02:12:56,77,0.247,0.182,0.156,-0.75,-1.94,-2.44
2026-08-29 02:18:24,78,0.269,0.205,0.192,-0.65,-1.86,-2.34
2026-08-29 02:23:51,78,0.256,0.205,0.192,-0.68,-1.88,-2.32
2026-08-29 02:29:18,78,0.295,0.192,0.192,-0.83,-2.03,-2.48
2026-08-29 02:34:45,78,0.295,0.179,0.205,-0.87,-2.06,-2.51
2026-08-29 02:40:13,78,0.256,0.205,0.192,-1.06,-2.25,-2.70
2026-08-29 02:45:40,78,0.244,0.167,0.167,-1.09,-2.28,-2.73
2026-08-29 02:51:07,78,0.244,0.192,0.167,-0.85,-2.05,-2.50
2026-08-29 02:56:33,76,0.237,0.171,0.197,-1.06,-2.19,-2.65
2026-08-29 03:01:59,76,0.303,0.197,0.184,-0.59,-2.34,-2.56
2026-08-29 03:07:26,76,0.289,0.158,0.145,-0.33,-2.62,-2.74
2026-08-29 03:12:52,76,0.263,0.145,0.171,-0.24,-2.63,-2.70
2026-08-29 03:18:19,76,0.276,0.145,0.171,-0.46,-2.83,-2.90
2026-08-29 03:23:46,76,0.303,0.145,0.145,-0.68,-3.12,-3.17
2026-08-29 03:29:12,76,0.316,0.145,0.145,-0.74,-3.13,-3.19
2026-08-29 03:34:39,77,0.299,0.143,0.156,-0.80,-3.19,-3.26
2026-08-29 03:40:06,77,0.208,0.130,0.130,-1.01,-3.40,-3.47
2026-08-29 03:45:34,77,0.221,0.130,0.130,-0.88,-3.27,-3.33
2026-08-29 03:51:00,77,0.182,0.143,0.143,-1.18,-3.58,-3.66
2026-08-29 03:56:27,77,0.195,0.143,0.143,-1.04,-3.45,-3.52
2026-08-29 04:01:55,77,0.156,0.169,0.117,-0.91,-2.18,-3.17
2026-08-29 04:07:22,76,0.184,0.158,0.105,-0.75,-1.77,-3.04
2026-08-29 04:12:50,76,0.289,0.184,0.145,-0.66,-1.70,-2.98
2026-08-29 04:18:17,76,0.289,0.211,0.145,-0.62,-1.65,-2.93
2026-08-29 04:19:48,76,0.289,0.197,0.158,-0.60,-1.63,-2.92
2026-08-29 04:25:15,76,0.342,0.184,0.132,-0.50,-1.54,-2.81
2026-08-29 04:30:41,75,0.373,0.187,0.133,-0.36,-1.44,-2.74
2026-08-29 04:36:07,75,0.373,0.200,0.133,-0.39,-1.48,-2.78
2026-08-29 04:41:33,76,0.368,0.224,0.145,-0.37,-1.42,-2.68
2026-08-29 04:47:00,76,0.342,0.224,0.145,-0.45,-1.51,-2.76
2026-08-29 04:52:26,76,0.316,0.197,0.132,-0.51,-1.56,-2.78
2026-08-29 04:57:52,76,0.329,0.197,0.145,-0.35,-1.42,-2.64
2026-08-29 05:03:18,76,0.579,0.250,0.171,+0.26,-0.80,-2.78
2026-08-29 05:08:45,76,0.526,0.289,0.158,+0.27,-0.67,-2.72
2026-08-29 05:14:11,77,0.532,0.260,0.169,+0.02,-0.82,-2.73
2026-08-29 05:19:38,77,0.506,0.247,0.169,+0.10,-0.71,-2.62
2026-08-29 05:25:06,77,0.558,0.273,0.169,+0.13,-0.71,-2.61
2026-08-29 05:30:33,77,0.558,0.273,0.182,+0.20,-0.63,-2.53
2026-08-29 05:35:59,77,0.481,0.260,0.169,-0.02,-0.86,-2.76
2026-08-29 05:41:26,77,0.519,0.286,0.169,+0.00,-0.83,-2.71
2026-08-29 05:46:52,77,0.584,0.299,0.169,+0.21,-0.63,-2.52
2026-08-29 05:52:19,77,0.571,0.273,0.169,+0.03,-0.81,-2.69
2026-08-29 05:57:46,77,0.571,0.286,0.169,-0.07,-0.91,-2.79
2026-08-29 06:03:13,78,0.423,0.308,0.154,-0.31,-0.57,-3.06
2026-08-29 06:08:40,78,0.423,0.359,0.179,-0.30,-0.50,-3.03
2026-08-29 06:14:07,78,0.372,0.295,0.179,-0.38,-0.68,-3.18
2026-08-29 06:19:35,78,0.359,0.321,0.167,-0.48,-0.79,-3.29
2026-08-29 06:25:03,78,0.295,0.295,0.141,-0.58,-0.88,-3.38
2026-08-29 06:30:30,78,0.282,0.282,0.167,-0.61,-0.91,-3.41
2026-08-29 06:35:58,78,0.397,0.321,0.167,-0.55,-0.86,-3.34
2026-08-29 06:41:26,78,0.372,0.295,0.141,-0.46,-0.76,-3.22
2026-08-29 06:46:53,78,0.295,0.256,0.141,-0.62,-0.91,-3.38
2026-08-29 06:52:20,78,0.218,0.256,0.115,-0.72,-1.01,-3.47
2026-08-29 06:57:48,78,0.179,0.218,0.128,-0.83,-1.12,-3.57
2026-08-29 07:03:15,78,0.295,0.295,0.141,-0.27,-0.40,-2.24
2026-08-29 07:08:42,78,0.282,0.333,0.179,-0.20,-0.24,-1.90
2026-08-29 07:14:10,78,0.346,0.333,0.192,-0.08,-0.01,-1.52
2026-08-29 07:19:37,78,0.308,0.321,0.141,-0.18,-0.10,-1.63
2026-08-29 07:25:04,77,0.299,0.325,0.195,-0.14,-0.07,-1.59
2026-08-29 07:30:31,78,0.359,0.359,0.205,+0.06,+0.16,-1.37
2026-08-29 07:35:59,79,0.354,0.392,0.177,-0.11,-0.01,-1.53
2026-08-29 07:41:27,78,0.346,0.359,0.179,-0.03,+0.04,-1.48
2026-08-29 07:46:54,78,0.410,0.500,0.192,+0.14,+0.22,-1.30
2026-08-29 07:52:22,78,0.487,0.513,0.192,+0.32,+0.41,-1.10
2026-08-29 07:57:49,79,0.481,0.544,0.241,+0.43,+0.61,-0.91
2026-08-29 08:03:17,79,0.671,0.443,0.241,+0.51,+0.15,-0.24
2026-08-29 08:08:45,79,0.684,0.430,0.228,+0.46,+0.06,-0.30
2026-08-29 08:14:13,79,0.671,0.430,0.253,+0.54,+0.12,-0.19
2026-08-29 08:19:41,79,0.658,0.443,0.253,+0.65,+0.23,-0.08
2026-08-29 08:25:08,79,0.658,0.443,0.266,+0.76,+0.35,+0.04
2026-08-29 08:30:35,79,0.633,0.430,0.342,+0.73,+0.31,-0.01
2026-08-29 08:36:03,79,0.671,0.468,0.354,+0.91,+0.49,+0.18
2026-08-29 08:41:30,78,0.692,0.474,0.321,+0.92,+0.49,+0.19
2026-08-29 08:46:57,78,0.692,0.474,0.295,+0.62,+0.20,-0.11
2026-08-29 08:52:25,78,0.667,0.462,0.295,+0.68,+0.26,-0.05
2026-08-29 08:57:53,78,0.692,0.487,0.321,+0.77,+0.35,+0.04
2026-08-29 09:03:20,78,0.513,0.564,0.385,+0.26,+0.67,+0.20
2026-08-29 09:08:47,78,0.577,0.564,0.423,+0.21,+0.58,+0.21
2026-08-29 09:14:14,78,0.603,0.615,0.449,+0.31,+0.70,+0.33
2026-08-29 09:19:41,78,0.641,0.603,0.410,+0.25,+0.66,+0.30
2026-08-29 09:25:08,78,0.641,0.654,0.449,+0.14,+0.51,+0.16
2026-08-29 09:30:36,77,0.662,0.701,0.532,+0.55,+0.98,+0.65
2026-08-29 09:36:05,78,0.654,0.679,0.487,+0.45,+0.87,+0.52
2026-08-29 09:41:33,77,0.636,0.675,0.494,+0.51,+0.99,+0.57
2026-08-29 09:47:01,77,0.623,0.636,0.468,+0.40,+0.87,+0.46
2026-08-29 09:52:28,77,0.584,0.597,0.442,+0.72,+1.17,+0.75
2026-08-29 09:57:57,77,0.571,0.571,0.442,+0.63,+1.08,+0.68
2026-08-29 10:03:24,77,0.571,0.636,0.649,+0.52,+1.17,+1.19
2026-08-29 10:08:51,77,0.571,0.649,0.636,+0.45,+1.22,+1.22
2026-08-29 11:16:28,77,0.364,0.494,0.506,-0.10,+0.66,+1.00
2026-08-29 11:21:56,77,0.299,0.494,0.416,-0.26,+0.51,+0.82
2026-08-29 11:27:23,77,0.338,0.455,0.416,-0.13,+0.58,+0.90
2026-08-29 11:32:49,75,0.280,0.467,0.427,-0.18,+0.55,+0.93
2026-08-29 11:38:16,74,0.297,0.432,0.446,-0.20,+0.51,+0.87
2026-08-29 11:43:42,74,0.284,0.473,0.459,-0.17,+0.52,+0.85
2026-08-29 11:49:08,72,0.292,0.444,0.403,-0.19,+0.50,+0.83
2026-08-29 11:54:32,71,0.324,0.493,0.479,-0.16,+0.57,+0.89
2026-08-29 11:59:57,70,0.371,0.486,0.429,-0.14,+0.59,+0.91
2026-08-29 12:05:22,70,0.414,0.557,0.557,-0.25,+0.34,+1.01
2026-08-29 12:10:47,71,0.437,0.535,0.493,-0.14,+0.45,+1.14
2026-08-29 12:16:12,71,0.423,0.592,0.521,-0.17,+0.43,+1.12
2026-08-29 12:21:38,70,0.371,0.586,0.486,-0.19,+0.49,+1.11
2026-08-29 12:27:02,69,0.377,0.638,0.507,-0.21,+0.51,+1.14
2026-08-29 12:32:28,71,0.380,0.592,0.521,-0.01,+0.80,+1.42
2026-08-29 12:37:52,71,0.408,0.521,0.465,-0.15,+0.66,+1.25
2026-08-29 12:43:17,70,0.429,0.543,0.514,+0.04,+0.86,+1.43
2026-08-29 12:48:41,70,0.400,0.471,0.443,-0.11,+0.69,+1.31
2026-08-29 12:54:06,70,0.429,0.400,0.443,+0.06,+0.87,+1.46
2026-08-29 12:59:31,70,0.443,0.386,0.429,-0.05,+0.75,+1.34
2026-08-29 13:04:56,71,0.338,0.324,0.606,-0.07,-0.16,+1.29
2026-08-29 13:10:21,71,0.366,0.310,0.634,-0.30,-0.38,+1.05
2026-08-29 13:15:46,71,0.352,0.310,0.606,-0.14,-0.18,+1.34
2026-08-29 13:21:11,71,0.296,0.338,0.606,-0.16,-0.20,+1.36
2026-08-29 13:26:36,71,0.324,0.324,0.577,-0.28,-0.31,+1.23
2026-08-29 13:32:01,71,0.296,0.338,0.577,-0.24,-0.27,+1.27
2026-08-29 13:37:25,71,0.338,0.352,0.592,+0.07,+0.04,+1.58
2026-08-29 13:42:50,70,0.300,0.386,0.600,-0.06,-0.10,+1.42
2026-08-29 13:48:15,70,0.343,0.343,0.600,-0.15,-0.19,+1.31
2026-08-29 13:53:39,70,0.357,0.386,0.614,-0.08,-0.11,+1.40
2026-08-29 13:59:04,71,0.366,0.423,0.577,+0.08,+0.07,+1.64
2026-08-29 14:04:29,71,0.549,0.423,0.465,+0.00,-0.05,+0.99
2026-08-29 14:09:54,70,0.529,0.471,0.486,-0.04,-0.23,+0.73
2026-08-29 14:15:19,70,0.600,0.443,0.500,+0.04,-0.20,+0.77
2026-08-29 14:20:43,70,0.614,0.443,0.486,+0.10,-0.03,+1.10
2026-08-29 14:26:08,70,0.586,0.414,0.471,-0.07,-0.25,+0.88
2026-08-29 14:31:34,70,0.629,0.414,0.457,-0.13,-0.30,+0.82
2026-08-29 14:36:58,70,0.614,0.414,0.443,-0.05,-0.23,+0.89
2026-08-29 14:42:22,69,0.623,0.406,0.449,+0.04,-0.12,+1.00
2026-08-29 14:47:48,69,0.580,0.420,0.493,+0.00,-0.15,+0.97
2026-08-29 14:53:12,69,0.594,0.435,0.464,-0.01,-0.16,+0.96
2026-08-29 14:58:37,69,0.609,0.406,0.464,-0.14,-0.30,+0.81
2026-08-29 15:04:01,69,0.507,0.362,0.449,-0.18,-0.17,+0.44
2026-08-29 15:09:26,69,0.377,0.304,0.391,-0.37,-0.38,+0.27
2026-08-29 15:14:49,69,0.377,0.333,0.348,-0.39,-0.39,+0.26
2026-08-29 15:20:13,68,0.368,0.309,0.338,-0.53,-0.54,+0.10
2026-08-29 15:25:37,68,0.338,0.353,0.368,-0.32,-0.33,+0.31
2026-08-29 15:31:01,68,0.338,0.368,0.368,-0.39,-0.39,+0.25
2026-08-29 15:36:25,68,0.368,0.324,0.368,-0.38,-0.39,+0.25
2026-08-29 15:41:48,68,0.338,0.353,0.368,-0.52,-0.52,+0.11
2026-08-29 15:47:11,68,0.382,0.324,0.382,-0.41,-0.43,+0.21
2026-08-29 15:52:34,68,0.382,0.353,0.397,-0.39,-0.40,+0.23
2026-08-29 15:57:59,68,0.412,0.324,0.397,-0.30,-0.30,+0.33
2026-08-29 16:03:23,68,0.412,0.412,0.279,-0.07,-0.27,-0.57
2026-08-29 16:08:48,69,0.420,0.449,0.304,+0.05,-0.06,-0.15
2026-08-29 16:14:13,68,0.426,0.412,0.353,-0.03,-0.19,-0.27
2026-08-29 16:19:37,68,0.426,0.412,0.368,-0.12,-0.28,-0.36
2026-08-29 16:25:03,68,0.382,0.412,0.368,-0.07,-0.24,-0.30
2026-08-29 16:30:27,68,0.353,0.368,0.368,-0.08,-0.24,-0.30
2026-08-29 16:35:52,68,0.382,0.382,0.353,-0.06,-0.23,-0.29
2026-08-29 16:41:16,68,0.426,0.471,0.353,-0.07,-0.22,-0.30
2026-08-29 16:46:40,68,0.382,0.441,0.368,-0.09,-0.25,-0.32
2026-08-29 16:52:05,68,0.382,0.441,0.412,+0.03,-0.13,-0.20
2026-08-29 16:57:29,68,0.441,0.426,0.368,+0.05,-0.11,-0.18
2026-08-29 17:02:54,68,0.353,0.353,0.353,+0.12,-0.24,-0.38
2026-08-29 17:08:20,68,0.324,0.324,0.338,-0.00,-0.34,-0.44
2026-08-29 17:13:44,67,0.373,0.343,0.343,-0.04,-0.38,-0.50
2026-08-29 17:18:27,67,0.433,0.403,0.358,+0.13,-0.20,-0.33
2026-08-29 17:23:51,67,0.403,0.388,0.343,+0.16,-0.18,-0.31
2026-08-29 17:29:16,67,0.418,0.328,0.373,+0.06,-0.28,-0.40
2026-08-29 17:34:40,67,0.373,0.313,0.358,-0.05,-0.41,-0.53
2026-08-29 17:40:04,67,0.313,0.299,0.358,-0.10,-0.45,-0.57
2026-08-29 17:45:28,67,0.313,0.284,0.343,-0.15,-0.49,-0.62
2026-08-29 17:50:52,68,0.309,0.250,0.338,-0.22,-0.54,-0.65
2026-08-29 17:56:16,68,0.294,0.265,0.338,-0.33,-0.65,-0.75
2026-08-29 18:01:40,68,0.309,0.250,0.353,-0.31,-0.55,-0.50
2026-08-29 18:07:04,68,0.368,0.382,0.338,-0.18,-0.18,-0.39
2026-08-29 18:12:28,68,0.412,0.368,0.353,-0.05,-0.08,-0.34
2026-08-29 18:17:51,67,0.403,0.343,0.343,-0.09,-0.13,-0.38
2026-08-29 18:23:15,67,0.433,0.328,0.358,-0.01,-0.04,-0.32
2026-08-29 18:28:39,67,0.388,0.313,0.373,-0.00,-0.02,-0.25
2026-08-29 18:34:04,69,0.493,0.377,0.391,+0.39,+0.40,+0.28
2026-08-29 18:39:28,69,0.507,0.391,0.377,+0.42,+0.43,+0.32
2026-08-29 18:44:53,69,0.464,0.362,0.391,+0.38,+0.39,+0.29
2026-08-29 18:50:17,69,0.464,0.348,0.362,+0.22,+0.23,+0.13
2026-08-29 18:55:41,69,0.507,0.377,0.406,+0.25,+0.27,+0.16
2026-08-29 19:01:05,69,0.522,0.449,0.377,+0.29,+0.54,-0.10
2026-08-29 19:06:30,69,0.536,0.406,0.333,+0.33,+0.26,+0.01
2026-08-29 19:11:55,69,0.536,0.449,0.362,+0.26,+0.18,-0.07
2026-08-29 19:17:19,69,0.594,0.449,0.391,+0.34,+0.25,+0.06
2026-08-29 19:22:43,69,0.594,0.391,0.362,+0.30,+0.22,+0.04
2026-08-29 19:28:08,69,0.565,0.391,0.420,+0.30,+0.22,+0.05
2026-08-29 19:33:32,68,0.515,0.426,0.368,+0.36,+0.30,+0.16
2026-08-29 19:38:55,68,0.485,0.397,0.397,+0.41,+0.35,+0.21
2026-08-29 19:44:21,68,0.485,0.353,0.397,+0.42,+0.35,+0.21
2026-08-29 19:49:45,68,0.515,0.353,0.412,+0.15,+0.08,-0.08
2026-08-29 19:55:09,69,0.565,0.420,0.493,+0.43,+0.34,+0.22
2026-08-29 20:00:33,69,0.420,0.362,0.377,-0.09,+0.26,+0.36
2026-08-29 20:05:57,68,0.368,0.441,0.338,-0.04,+0.32,+0.15
2026-08-29 20:11:21,68,0.397,0.441,0.368,-0.01,+0.34,+0.17
2026-08-29 20:16:44,68,0.441,0.441,0.382,+0.13,+0.50,+0.36
2026-08-29 20:22:10,68,0.441,0.441,0.353,+0.01,+0.36,+0.19
2026-08-29 20:27:33,67,0.418,0.433,0.388,+0.13,+0.42,+0.26
2026-08-29 20:32:57,67,0.448,0.448,0.388,+0.05,+0.31,+0.12
2026-08-29 20:38:21,67,0.403,0.463,0.358,-0.08,+0.17,-0.03
2026-08-29 20:43:45,67,0.478,0.478,0.358,-0.08,+0.18,-0.01
2026-08-29 20:49:09,67,0.403,0.433,0.358,-0.22,+0.02,-0.19
2026-08-29 20:54:33,67,0.418,0.463,0.358,-0.17,+0.07,-0.14
2026-08-29 20:59:59,68,0.412,0.412,0.294,-0.14,+0.10,-0.11
2026-08-29 21:05:23,68,0.456,0.471,0.324,-0.13,+0.19,-0.01
2026-08-29 21:10:47,68,0.456,0.485,0.338,+0.04,+0.37,+0.17
2026-08-29 21:16:11,68,0.559,0.544,0.368,+0.16,+0.49,+0.30
2026-08-29 21:21:35,68,0.618,0.574,0.397,+0.34,+0.67,+0.50
2026-08-29 21:26:59,68,0.441,0.471,0.368,-0.03,+0.30,+0.12
2026-08-29 21:32:23,68,0.515,0.544,0.382,+0.15,+0.49,+0.31
2026-08-29 21:37:47,68,0.515,0.544,0.368,+0.17,+0.48,+0.30
2026-08-29 21:43:11,68,0.559,0.544,0.353,+0.10,+0.41,+0.22
2026-08-29 21:48:36,68,0.588,0.515,0.309,+0.07,+0.40,+0.21
2026-08-29 21:53:59,68,0.529,0.544,0.309,+0.08,+0.40,+0.22
2026-08-29 21:59:23,67,0.522,0.567,0.299,+0.06,+0.42,+0.20
2026-08-29 22:04:48,67,0.493,0.433,0.403,+0.20,+0.04,+0.39
2026-08-29 22:10:12,67,0.537,0.418,0.388,+0.22,+0.03,+0.38
2026-08-29 22:15:35,66,0.545,0.424,0.379,+0.24,+0.10,+0.55
2026-08-29 22:20:59,66,0.606,0.500,0.424,+0.36,+0.22,+0.69
2026-08-29 22:26:23,66,0.545,0.485,0.409,+0.40,+0.26,+0.72
2026-08-29 22:31:46,66,0.545,0.455,0.424,+0.39,+0.25,+0.70
2026-08-29 22:37:09,66,0.515,0.530,0.424,+0.43,+0.29,+0.73
2026-08-29 22:42:33,66,0.530,0.500,0.394,+0.45,+0.31,+0.76
2026-08-29 22:47:56,65,0.585,0.523,0.400,+0.46,+0.31,+0.77
2026-08-29 22:53:19,65,0.569,0.585,0.415,+0.54,+0.39,+0.85
2026-08-29 22:58:43,65,0.569,0.554,0.415,+0.39,+0.22,+0.68
2026-08-29 23:04:08,65,0.615,0.554,0.554,+0.35,+0.41,+0.52
2026-08-29 23:09:31,64,0.625,0.578,0.547,+0.27,+0.25,+0.52
2026-08-29 23:14:54,64,0.547,0.531,0.516,+0.02,-0.01,+0.24
2026-08-29 23:19:47,64,0.578,0.500,0.547,-0.05,-0.08,+0.15
2026-08-29 23:25:11,64,0.547,0.531,0.516,-0.09,-0.12,+0.11
2026-08-29 23:30:34,64,0.656,0.562,0.562,+0.09,+0.05,+0.28
2026-08-29 23:35:57,64,0.625,0.578,0.562,+0.02,-0.03,+0.21
2026-08-29 23:41:20,65,0.692,0.585,0.554,+0.18,+0.20,+0.43
2026-08-29 23:46:44,65,0.708,0.569,0.615,+0.18,+0.20,+0.43
2026-08-29 23:52:07,65,0.708,0.600,0.600,+0.35,+0.40,+0.59
2026-08-29 23:57:31,64,0.750,0.641,0.641,+0.34,+0.37,+0.55
2026-08-30 00:02:54,64,0.641,0.641,0.625,+0.14,+0.55,+0.84
2026-08-30 00:08:16,64,0.609,0.547,0.609,+0.12,+0.57,+0.96
2026-08-30 00:13:39,65,0.631,0.569,0.615,+0.29,+0.79,+1.07
2026-08-30 00:19:02,64,0.594,0.641,0.609,+0.60,+1.12,+1.38
2026-08-30 00:24:25,64,0.609,0.625,0.609,+0.58,+1.10,+1.38
2026-08-30 00:29:48,64,0.625,0.641,0.641,+0.55,+1.11,+1.41
2026-08-30 00:35:10,63,0.524,0.571,0.619,-0.03,+0.53,+0.84
2026-08-30 00:40:32,63,0.524,0.587,0.587,-0.22,+0.32,+0.63
2026-08-30 00:45:55,64,0.500,0.562,0.594,-0.31,+0.23,+0.55
2026-08-30 00:51:17,64,0.516,0.594,0.578,-0.20,+0.35,+0.67
2026-08-30 00:56:40,65,0.431,0.538,0.600,-0.12,+0.40,+0.73
2026-08-30 01:02:02,65,0.262,0.554,0.508,+0.04,+0.03,+0.03
2026-08-30 01:07:25,64,0.219,0.531,0.531,-0.31,-0.32,-0.18
2026-08-30 01:12:47,64,0.234,0.562,0.578,-0.06,-0.02,+0.14
2026-08-30 01:18:10,64,0.219,0.578,0.547,-0.17,-0.06,+0.03
2026-08-30 01:23:32,63,0.190,0.556,0.508,-0.05,+0.05,+0.15
2026-08-30 01:28:53,62,0.210,0.581,0.532,-0.07,+0.20,+0.35
2026-08-30 01:34:15,62,0.226,0.597,0.597,+0.17,+0.45,+0.59
2026-08-30 01:39:38,64,0.234,0.609,0.578,+0.32,+0.58,+0.73
2026-08-30 01:45:00,64,0.250,0.609,0.594,+0.38,+0.63,+0.79
2026-08-30 01:50:22,64,0.266,0.625,0.594,+0.55,+0.81,+0.96
2026-08-30 01:55:44,63,0.270,0.619,0.524,+0.51,+0.77,+0.96
2026-08-30 02:01:07,64,0.344,0.516,0.578,-0.10,+0.24,+0.72
2026-08-30 02:06:29,64,0.406,0.531,0.609,-0.14,+0.23,+0.79
2026-08-30 02:11:52,64,0.406,0.516,0.562,-0.20,+0.20,+0.78
2026-08-30 02:17:14,64,0.453,0.547,0.609,-0.15,+0.20,+0.82
2026-08-30 02:22:36,64,0.391,0.500,0.562,-0.20,+0.14,+0.75
2026-08-30 02:27:59,64,0.422,0.500,0.562,-0.15,+0.21,+0.79
2026-08-30 02:33:21,64,0.359,0.469,0.516,-0.23,+0.15,+0.74
2026-08-30 02:38:45,64,0.422,0.469,0.516,-0.27,+0.09,+0.67
2026-08-30 02:44:06,63,0.365,0.492,0.556,-0.23,+0.16,+0.76
2026-08-30 02:49:28,63,0.365,0.524,0.587,-0.09,+0.32,+0.92
2026-08-30 02:54:51,64,0.375,0.469,0.531,-0.01,+0.40,+1.00
2026-08-30 03:00:13,64,0.391,0.500,0.594,-0.37,+0.83,+0.91
2026-08-30 03:05:37,64,0.453,0.359,0.594,+0.03,+0.63,+1.08
2026-08-30 03:11:00,64,0.438,0.297,0.562,-0.05,+0.45,+0.97
2026-08-30 03:16:22,64,0.406,0.281,0.562,-0.12,+0.38,+0.89
2026-08-30 03:21:45,64,0.422,0.266,0.594,-0.04,+0.43,+0.95
2026-08-30 03:27:08,64,0.453,0.281,0.578,-0.10,+0.36,+0.89
2026-08-30 03:32:31,64,0.484,0.297,0.594,+0.11,+0.57,+1.10
2026-08-30 03:37:53,64,0.531,0.312,0.578,+0.30,+0.77,+1.28
2026-08-30 03:43:16,64,0.578,0.328,0.578,+0.31,+0.79,+1.30
2026-08-30 03:48:38,63,0.603,0.317,0.556,+0.39,+0.81,+1.33
2026-08-30 03:54:00,63,0.603,0.317,0.556,+0.32,+0.73,+1.25
2026-08-30 03:59:22,63,0.603,0.333,0.556,+0.29,+0.71,+1.22
2026-08-30 04:04:44,63,0.476,0.508,0.587,+0.21,+0.49,+1.05
2026-08-30 04:10:06,63,0.540,0.508,0.603,+0.36,+0.44,+1.08
2026-08-30 04:15:28,63,0.524,0.524,0.619,+0.39,+0.46,+1.10
2026-08-30 04:20:51,63,0.540,0.540,0.587,+0.39,+0.44,+1.07
2026-08-30 04:26:13,63,0.556,0.540,0.619,+0.41,+0.48,+1.12
2026-08-30 04:31:35,63,0.524,0.556,0.635,+0.45,+0.52,+1.15
2026-08-30 04:36:57,63,0.556,0.524,0.619,+0.52,+0.58,+1.21
2026-08-30 04:42:20,63,0.571,0.508,0.619,+0.46,+0.52,+1.15
2026-08-30 04:47:41,62,0.613,0.532,0.613,+0.45,+0.54,+1.20
2026-08-30 04:53:02,62,0.613,0.532,0.581,+0.40,+0.50,+1.16
2026-08-30 04:58:25,63,0.619,0.540,0.571,+0.60,+0.70,+1.38
2026-08-30 05:03:47,65,0.554,0.569,0.554,+0.32,+0.65,+0.90
2026-08-30 05:09:10,65,0.523,0.585,0.600,+0.41,+0.76,+1.13
2026-08-30 05:14:32,64,0.516,0.594,0.578,+0.44,+0.86,+1.19
2026-08-30 05:19:55,64,0.531,0.609,0.578,+0.34,+0.76,+1.07
2026-08-30 05:20:56,64,0.562,0.609,0.594,+0.30,+0.71,+1.03
2026-08-30 05:26:18,64,0.531,0.562,0.562,+0.32,+0.74,+1.06
2026-08-30 05:31:40,64,0.500,0.562,0.562,+0.36,+0.77,+1.10
2026-08-30 05:37:02,64,0.516,0.531,0.578,+0.34,+0.75,+1.08
2026-08-30 05:42:25,64,0.453,0.578,0.562,+0.36,+0.78,+1.10
2026-08-30 05:47:47,64,0.484,0.562,0.531,+0.37,+0.75,+1.10
2026-08-30 05:53:09,64,0.469,0.547,0.500,+0.29,+0.66,+1.02
2026-08-30 05:58:31,64,0.453,0.578,0.484,+0.34,+0.72,+1.07
2026-08-30 06:03:53,64,0.359,0.469,0.344,+0.11,+0.51,+1.25
2026-08-30 06:09:16,65,0.477,0.600,0.369,+0.20,+0.77,+1.43
2026-08-30 06:14:39,65,0.508,0.615,0.415,+0.29,+0.90,+1.51
2026-08-30 06:20:01,65,0.492,0.600,0.431,+0.31,+0.90,+1.53
2026-08-30 06:25:24,65,0.385,0.554,0.369,+0.22,+0.82,+1.43
2026-08-30 06:30:46,63,0.317,0.540,0.365,-0.07,+0.55,+1.19
2026-08-30 06:36:08,63,0.444,0.603,0.397,+0.10,+0.73,+1.35
2026-08-30 06:41:30,63,0.381,0.571,0.397,+0.06,+0.67,+1.32
2026-08-30 06:46:52,63,0.413,0.540,0.397,-0.09,+0.53,+1.14
2026-08-30 06:52:15,63,0.429,0.540,0.397,-0.11,+0.51,+1.14
2026-08-30 06:57:37,63,0.413,0.571,0.365,-0.11,+0.52,+1.14
2026-08-30 07:02:59,63,0.365,0.429,0.460,-0.22,+0.22,+0.83
2026-08-30 07:08:21,63,0.413,0.476,0.540,-0.19,+0.25,+0.78
2026-08-30 07:13:43,63,0.413,0.460,0.492,-0.22,+0.21,+0.72
2026-08-30 07:19:05,64,0.328,0.453,0.469,+0.72,+1.13,+1.66
2026-08-30 07:24:27,64,0.312,0.438,0.484,+0.80,+1.21,+1.75
2026-08-30 07:29:50,65,0.369,0.446,0.492,+0.81,+1.23,+1.70
2026-08-30 07:35:12,65,0.369,0.431,0.508,+1.00,+1.40,+1.87
2026-08-30 07:40:35,65,0.385,0.446,0.492,+1.02,+1.42,+1.89
2026-08-30 07:45:58,65,0.431,0.492,0.523,+1.07,+1.49,+1.98
2026-08-30 07:51:20,65,0.477,0.446,0.523,+1.05,+1.46,+1.93
2026-08-30 07:56:42,65,0.446,0.477,0.538,+1.06,+1.48,+1.95
2026-08-30 08:02:05,65,0.554,0.508,0.554,+1.13,+1.35,+1.93
2026-08-30 08:07:28,65,0.554,0.477,0.569,+1.37,+1.54,+2.27
2026-08-30 08:12:50,65,0.523,0.477,0.508,+1.42,+1.61,+2.33
2026-08-30 08:18:13,65,0.585,0.508,0.569,+1.52,+1.69,+2.42
2026-08-30 08:23:36,65,0.538,0.477,0.538,+1.76,+1.96,+2.69
2026-08-30 08:29:00,65,0.523,0.477,0.538,+1.56,+1.76,+2.49
2026-08-30 08:34:23,65,0.523,0.492,0.554,+1.64,+1.83,+2.56
2026-08-30 08:39:45,65,0.538,0.477,0.538,+1.65,+1.83,+2.56
2026-08-30 08:45:08,65,0.446,0.477,0.508,+1.66,+1.85,+2.58
2026-08-30 08:50:31,65,0.508,0.538,0.585,+1.78,+1.96,+2.70
