signal_id,variant,symbol,entry_time,exit_time,entry_price,exit_price,hold_h,reason,price_pnl_pct,price_pnl_usdt,funding_usdt,funding_events,commission_usdt,net_pnl_usdt,net_pnl_pct_margin,mfe_pct,mae_pct,funding_rate_at_entry,funding_interval_h,cusum_score
0819182124-BTWUSDT,V0_base,BTWUSDT,2026-08-19T18:21:24.571291+09:00,2026-08-20T02:08:20.958260+09:00,0.68052,0.45599,7.78,트레일링(최고43%→33%),32.99,19.796,0.1518,2,-0.06,19.888,66.29,43.09,1.52,0.00051687,4.0,
0819182124-BTWUSDT,V2_hold24,BTWUSDT,2026-08-19T18:21:24.571333+09:00,2026-08-20T02:08:21.469564+09:00,0.68052,0.45599,7.78,트레일링(최고43%→33%),32.99,19.796,0.1518,2,-0.06,19.888,66.29,43.09,1.52,0.00051687,4.0,
0819182124-BTWUSDT,V4_posfund,BTWUSDT,2026-08-19T18:21:24.571349+09:00,2026-08-20T02:08:22.006616+09:00,0.68052,0.45599,7.78,트레일링(최고43%→33%),32.99,19.796,0.1518,2,-0.06,19.888,66.29,43.09,1.52,0.00051687,4.0,
0819182124-BTWUSDT,V5_stop30,BTWUSDT,2026-08-19T18:21:24.571355+09:00,2026-08-20T02:08:22.537756+09:00,0.68052,0.45599,7.78,트레일링(최고43%→33%),32.99,19.796,0.1518,2,-0.06,19.888,66.29,43.09,1.52,0.00051687,4.0,
0819173029-STARUSDT,V2_hold24,STARUSDT,2026-08-19T17:30:29.989426+09:00,2026-08-20T17:30:36.988080+09:00,0.14696,0.14848,24.0,24h만기,-1.03,-0.621,0.2117,6,-0.06,-0.469,-1.56,8.23,11.02,0.00066103,4.0,
0819203451-HEMIUSDT,V2_hold24,HEMIUSDT,2026-08-19T20:34:52.362734+09:00,2026-08-20T20:35:38.358693+09:00,0.00899,0.009119,24.02,24h만기,-1.43,-0.861,0.018,6,-0.06,-0.903,-3.01,6.64,7.52,5e-05,4.0,
0820005944-MUBARAKUSDT,V2_hold24,MUBARAKUSDT,2026-08-20T00:59:44.967914+09:00,2026-08-21T01:02:09.082373+09:00,0.0233,0.01979,24.04,24h만기,15.06,9.039,0.0187,7,-0.06,8.997,29.99,17.81,6.44,5e-05,4.0,
0820010633-TREEUSDT,V2_hold24,TREEUSDT,2026-08-20T01:06:33.986019+09:00,2026-08-21T01:06:28.307238+09:00,0.04519,0.03588,24.0,24h만기,20.6,12.361,-0.1814,6,-0.06,12.12,40.4,21.89,5.55,5e-05,4.0,
0820234909-ONGUSDT,V5_stop30,ONGUSDT,2026-08-20T23:49:10.038979+09:00,2026-08-21T05:22:11.560321+09:00,0.08223,0.10973,5.56,스탑-30%,-33.44,-20.066,-0.3257,2,-0.06,-20.451,-68.17,8.52,33.44,5e-05,4.0,
0820234909-ONGUSDT,V0_base,ONGUSDT,2026-08-20T23:49:10.038926+09:00,2026-08-21T05:43:52.131281+09:00,0.08223,0.11959,5.92,스탑-40%,-45.43,-27.26,-0.3257,2,-0.06,-27.646,-92.15,8.52,45.43,5e-05,4.0,
0820234909-ONGUSDT,V1_notrail,ONGUSDT,2026-08-20T23:49:10.038952+09:00,2026-08-21T05:43:52.528790+09:00,0.08223,0.11959,5.92,스탑-40%,-45.43,-27.26,-0.3257,2,-0.06,-27.646,-92.15,8.52,45.43,5e-05,4.0,
0820234909-ONGUSDT,V2_hold24,ONGUSDT,2026-08-20T23:49:10.038962+09:00,2026-08-21T05:43:52.905865+09:00,0.08223,0.11959,5.92,스탑-40%,-45.43,-27.26,-0.3257,2,-0.06,-27.646,-92.15,8.52,45.43,5e-05,4.0,
0820234909-ONGUSDT,V4_posfund,ONGUSDT,2026-08-20T23:49:10.038973+09:00,2026-08-21T05:43:53.327339+09:00,0.08223,0.11959,5.92,스탑-40%,-45.43,-27.26,-0.3257,2,-0.06,-27.646,-92.15,8.52,45.43,5e-05,4.0,
0820062510-MAGMAUSDT,V2_hold24,MAGMAUSDT,2026-08-20T06:25:10.603472+09:00,2026-08-21T06:26:42.669049+09:00,0.22683,0.23576,24.04,24h만기,-3.94,-2.362,0.0406,6,-0.06,-2.382,-7.94,3.98,14.54,0.00048406,4.0,
0820005944-MUBARAKUSDT,V0_base,MUBARAKUSDT,2026-08-20T00:59:44.967860+09:00,2026-08-21T14:59:47.855618+09:00,0.0233,0.02115,38.0,트레일링(최고20%→9%),9.23,5.536,0.0257,10,-0.06,5.502,18.34,20.09,6.44,5e-05,4.0,
0820005944-MUBARAKUSDT,V4_posfund,MUBARAKUSDT,2026-08-20T00:59:44.967926+09:00,2026-08-21T14:59:48.304261+09:00,0.0233,0.02115,38.0,트레일링(최고20%→9%),9.23,5.536,0.0257,10,-0.06,5.502,18.34,20.09,6.44,5e-05,4.0,
0820005944-MUBARAKUSDT,V5_stop30,MUBARAKUSDT,2026-08-20T00:59:44.967931+09:00,2026-08-21T14:59:48.813950+09:00,0.0233,0.02115,38.0,트레일링(최고20%→9%),9.23,5.536,0.0257,10,-0.06,5.502,18.34,20.09,6.44,5e-05,4.0,
0820165733-BOMEUSDT,V2_hold24,BOMEUSDT,2026-08-20T16:57:33.658822+09:00,2026-08-21T17:00:37.730251+09:00,0.0011327,0.0014525,24.06,24h만기,-28.23,-16.94,0.021,7,-0.06,-16.979,-56.6,4.03,29.4,5e-05,4.0,
0820165733-BOMEUSDT,V5_stop30,BOMEUSDT,2026-08-20T16:57:33.658828+09:00,2026-08-21T17:18:39.711587+09:00,0.0011327,0.0014935,24.36,스탑-30%,-31.85,-19.112,0.021,7,-0.06,-19.151,-63.84,4.03,31.85,5e-05,4.0,
0819173029-STARUSDT,V0_base,STARUSDT,2026-08-19T17:30:29.989411+09:00,2026-08-21T17:32:19.626335+09:00,0.14696,0.14301,48.03,48h만기,2.69,1.613,0.26,12,-0.06,1.813,6.04,10.62,11.02,0.00066103,4.0,
0819173029-STARUSDT,V1_notrail,STARUSDT,2026-08-19T17:30:29.989422+09:00,2026-08-21T17:32:20.216819+09:00,0.14696,0.14301,48.03,48h만기,2.69,1.613,0.26,12,-0.06,1.813,6.04,10.62,11.02,0.00066103,4.0,
0819173029-STARUSDT,V4_posfund,STARUSDT,2026-08-19T17:30:29.989430+09:00,2026-08-21T17:32:20.762675+09:00,0.14696,0.14301,48.03,48h만기,2.69,1.613,0.26,12,-0.06,1.813,6.04,10.62,11.02,0.00066103,4.0,
0819173029-STARUSDT,V5_stop30,STARUSDT,2026-08-19T17:30:29.989433+09:00,2026-08-21T17:32:21.171899+09:00,0.14696,0.14301,48.03,48h만기,2.69,1.613,0.26,12,-0.06,1.813,6.04,10.62,11.02,0.00066103,4.0,
0819182124-BTWUSDT,V1_notrail,BTWUSDT,2026-08-19T18:21:24.571322+09:00,2026-08-21T18:23:07.339831+09:00,0.68052,0.45456,48.03,48h만기,33.2,19.922,0.3943,12,-0.06,20.257,67.52,60.03,1.52,0.00051687,4.0,
0819203451-HEMIUSDT,V0_base,HEMIUSDT,2026-08-19T20:34:52.362706+09:00,2026-08-21T20:37:16.335009+09:00,0.00899,0.011138,48.04,48h만기,-23.89,-14.336,0.0715,12,-0.06,-14.324,-47.75,6.64,28.15,5e-05,4.0,
0819203451-HEMIUSDT,V1_notrail,HEMIUSDT,2026-08-19T20:34:52.362726+09:00,2026-08-21T20:37:16.867876+09:00,0.00899,0.011138,48.04,48h만기,-23.89,-14.336,0.0715,12,-0.06,-14.324,-47.75,6.64,28.15,5e-05,4.0,
0819203451-HEMIUSDT,V4_posfund,HEMIUSDT,2026-08-19T20:34:52.362741+09:00,2026-08-21T20:37:17.386868+09:00,0.00899,0.011138,48.04,48h만기,-23.89,-14.336,0.0715,12,-0.06,-14.324,-47.75,6.64,28.15,5e-05,4.0,
0819203451-HEMIUSDT,V5_stop30,HEMIUSDT,2026-08-19T20:34:52.362745+09:00,2026-08-21T20:37:17.917763+09:00,0.00899,0.011138,48.04,48h만기,-23.89,-14.336,0.0715,12,-0.06,-14.324,-47.75,6.64,28.15,5e-05,4.0,
0820225020-ACEUSDT,V2_hold24,ACEUSDT,2026-08-20T22:50:20.877067+09:00,2026-08-21T22:51:50.294230+09:00,0.23882,0.2333,24.04,24h만기,2.31,1.387,-0.3821,6,-0.06,0.945,3.15,7.71,19.6,-0.00173311,4.0,
0820005944-MUBARAKUSDT,V1_notrail,MUBARAKUSDT,2026-08-20T00:59:44.967905+09:00,2026-08-22T01:02:07.502191+09:00,0.0233,0.02072,48.04,48h만기,11.07,6.644,0.0347,13,-0.06,6.618,22.06,20.09,6.44,5e-05,4.0,
0820010633-TREEUSDT,V0_base,TREEUSDT,2026-08-20T01:06:33.986002+09:00,2026-08-22T01:07:16.987561+09:00,0.04519,0.03812,48.02,48h만기,15.65,9.387,-0.3165,12,-0.06,9.011,30.04,21.89,5.55,5e-05,4.0,
0820010633-TREEUSDT,V1_notrail,TREEUSDT,2026-08-20T01:06:33.986016+09:00,2026-08-22T01:07:17.676995+09:00,0.04519,0.03812,48.02,48h만기,15.65,9.387,-0.3165,12,-0.06,9.011,30.04,21.89,5.55,5e-05,4.0,
0820010633-TREEUSDT,V4_posfund,TREEUSDT,2026-08-20T01:06:33.986023+09:00,2026-08-22T01:07:18.231632+09:00,0.04519,0.03812,48.02,48h만기,15.65,9.387,-0.3165,12,-0.06,9.011,30.04,21.89,5.55,5e-05,4.0,
0820010633-TREEUSDT,V5_stop30,TREEUSDT,2026-08-20T01:06:33.986026+09:00,2026-08-22T01:07:18.783060+09:00,0.04519,0.03812,48.02,48h만기,15.65,9.387,-0.3165,12,-0.06,9.011,30.04,21.89,5.55,5e-05,4.0,
0820062510-MAGMAUSDT,V5_stop30,MAGMAUSDT,2026-08-20T06:25:10.603504+09:00,2026-08-22T04:38:12.194693+09:00,0.22683,0.29971,46.24,스탑-30%,-32.13,-19.278,0.0903,11,-0.06,-19.248,-64.16,3.98,32.13,0.00048406,4.0,
0821044935-PEOPLEUSDT,V2_hold24,PEOPLEUSDT,2026-08-21T04:49:36.448692+09:00,2026-08-22T04:52:51.467220+09:00,0.010757,0.011168,24.06,24h만기,-3.82,-2.292,0.018,3,-0.06,-2.334,-7.78,1.58,21.47,0.0001,8.0,
0820062510-MAGMAUSDT,V0_base,MAGMAUSDT,2026-08-20T06:25:10.603394+09:00,2026-08-22T05:27:39.609411+09:00,0.22683,0.32046,47.06,스탑-40%,-41.28,-24.767,0.1258,12,-0.06,-24.701,-82.34,3.98,41.28,0.00048406,4.0,
0820062510-MAGMAUSDT,V1_notrail,MAGMAUSDT,2026-08-20T06:25:10.603451+09:00,2026-08-22T05:27:40.151426+09:00,0.22683,0.32046,47.06,스탑-40%,-41.28,-24.767,0.1258,12,-0.06,-24.701,-82.34,3.98,41.28,0.00048406,4.0,
0820062510-MAGMAUSDT,V4_posfund,MAGMAUSDT,2026-08-20T06:25:10.603492+09:00,2026-08-22T05:27:40.656957+09:00,0.22683,0.32046,47.06,스탑-40%,-41.28,-24.767,0.1258,12,-0.06,-24.701,-82.34,3.98,41.28,0.00048406,4.0,
0821053532-ONTUSDT,V2_hold24,ONTUSDT,2026-08-21T05:35:33.350188+09:00,2026-08-22T05:37:23.711085+09:00,0.05481,0.04913,24.03,24h만기,10.36,6.218,-2.0922,6,-0.06,4.066,13.55,13.26,9.62,5e-05,4.0,
0821065311-SANTOSUSDT,V2_hold24,SANTOSUSDT,2026-08-21T06:53:12.159135+09:00,2026-08-22T06:53:56.702049+09:00,0.6844,0.535,24.02,24h만기,21.83,13.098,-0.0444,6,-0.06,12.993,43.31,27.12,0.0,5e-05,4.0,
0821221718-SCRTUSDT,V0_base,SCRTUSDT,2026-08-21T22:17:19.338840+09:00,2026-08-22T11:33:21.616860+09:00,0.02536,0.02139,13.29,트레일링(최고26%→16%),15.65,9.393,0.0965,3,-0.06,9.429,31.43,26.1,18.97,0.00118081,4.0,
0821221718-SCRTUSDT,V2_hold24,SCRTUSDT,2026-08-21T22:17:19.338879+09:00,2026-08-22T11:33:22.045378+09:00,0.02536,0.02139,13.29,트레일링(최고26%→16%),15.65,9.393,0.0965,3,-0.06,9.429,31.43,26.1,18.97,0.00118081,4.0,
0821221718-SCRTUSDT,V4_posfund,SCRTUSDT,2026-08-21T22:17:19.338895+09:00,2026-08-22T11:33:22.464500+09:00,0.02536,0.02139,13.29,트레일링(최고26%→16%),15.65,9.393,0.0965,3,-0.06,9.429,31.43,26.1,18.97,0.00118081,4.0,
0821221718-SCRTUSDT,V5_stop30,SCRTUSDT,2026-08-21T22:17:19.338905+09:00,2026-08-22T11:33:23.026391+09:00,0.02536,0.02139,13.29,트레일링(최고26%→16%),15.65,9.393,0.0965,3,-0.06,9.429,31.43,26.1,18.97,0.00118081,4.0,
0821122654-ONGUSDT,V2_hold24,ONGUSDT,2026-08-21T12:26:54.729069+09:00,2026-08-22T12:27:07.076093+09:00,0.14791,0.08813,24.01,24h만기,40.42,24.25,-4.5916,24,-0.06,19.598,65.33,47.05,1.16,-0.01620609,1.0,
0821122724-HEMIUSDT,V2_hold24,HEMIUSDT,2026-08-21T12:27:24.639199+09:00,2026-08-22T12:27:07.599904+09:00,0.011254,0.01072,24.01,24h만기,4.74,2.847,0.0718,6,-0.06,2.859,9.53,12.76,38.0,5e-05,4.0,
0821171923-BOMEUSDT,V2_hold24,BOMEUSDT,2026-08-21T17:19:24.563054+09:00,2026-08-22T13:11:08.482046+09:00,0.0014944,0.0013103,19.87,트레일링(최고23%→12%),12.32,7.392,0.015,5,-0.06,7.347,24.49,22.58,3.75,5e-05,4.0,
0821171923-BOMEUSDT,V5_stop30,BOMEUSDT,2026-08-21T17:19:24.563635+09:00,2026-08-22T13:11:09.046335+09:00,0.0014944,0.0013103,19.87,트레일링(최고23%→12%),12.32,7.392,0.015,5,-0.06,7.347,24.49,22.58,3.75,5e-05,4.0,
0822124454-TRUMPUSDT,V5_stop30,TRUMPUSDT,2026-08-22T12:44:55.329758+09:00,2026-08-22T13:50:08.485756+09:00,2.347,3.187,1.11,스탑-30%,-35.79,-21.474,0.003,1,-0.06,-21.531,-71.77,0.0,35.79,5e-05,4.0,
0822124454-TRUMPUSDT,V0_base,TRUMPUSDT,2026-08-22T12:44:55.329714+09:00,2026-08-22T14:06:55.290894+09:00,2.347,3.608,1.39,스탑-40%,-53.73,-32.237,0.003,1,-0.06,-32.294,-107.65,0.0,53.73,5e-05,4.0,
0822124454-TRUMPUSDT,V1_notrail,TRUMPUSDT,2026-08-22T12:44:55.329734+09:00,2026-08-22T14:06:55.715695+09:00,2.347,3.608,1.39,스탑-40%,-53.73,-32.237,0.003,1,-0.06,-32.294,-107.65,0.0,53.73,5e-05,4.0,
0822124454-TRUMPUSDT,V2_hold24,TRUMPUSDT,2026-08-22T12:44:55.329741+09:00,2026-08-22T14:06:56.230228+09:00,2.347,3.608,1.39,스탑-40%,-53.73,-32.237,0.003,1,-0.06,-32.294,-107.65,0.0,53.73,5e-05,4.0,
0822124454-TRUMPUSDT,V4_posfund,TRUMPUSDT,2026-08-22T12:44:55.329752+09:00,2026-08-22T14:06:56.892464+09:00,2.347,3.608,1.39,스탑-40%,-53.73,-32.237,0.003,1,-0.06,-32.294,-107.65,0.0,53.73,5e-05,4.0,
0822005348-BEATUSDT,V0_base,BEATUSDT,2026-08-22T00:53:49.068641+09:00,2026-08-22T14:16:07.837861+09:00,0.1667,0.1645,13.4,트레일링(최고15%→1%),1.32,0.792,0.0407,4,-0.06,0.772,2.57,15.06,22.5,0.00049167,4.0,
0822005348-BEATUSDT,V2_hold24,BEATUSDT,2026-08-22T00:53:49.068671+09:00,2026-08-22T14:16:08.407260+09:00,0.1667,0.1645,13.4,트레일링(최고15%→1%),1.32,0.792,0.0407,4,-0.06,0.772,2.57,15.06,22.5,0.00049167,4.0,
0822005348-BEATUSDT,V4_posfund,BEATUSDT,2026-08-22T00:53:49.068680+09:00,2026-08-22T14:16:08.980686+09:00,0.1667,0.1645,13.4,트레일링(최고15%→1%),1.32,0.792,0.0407,4,-0.06,0.772,2.57,15.06,22.5,0.00049167,4.0,
0822005348-BEATUSDT,V5_stop30,BEATUSDT,2026-08-22T00:53:49.068687+09:00,2026-08-22T14:16:09.532428+09:00,0.1667,0.1645,13.4,트레일링(최고15%→1%),1.32,0.792,0.0407,4,-0.06,0.772,2.57,15.06,22.5,0.00049167,4.0,
0822025448-BLESSUSDT,V0_base,BLESSUSDT,2026-08-22T02:54:49.108965+09:00,2026-08-22T14:25:30.838793+09:00,0.009843,0.008952,11.54,트레일링(최고21%→9%),9.05,5.431,0.0374,3,-0.06,5.409,18.03,20.99,3.69,5e-05,4.0,
0822112807-TRBUSDT,V0_base,TRBUSDT,2026-08-22T11:28:07.874176+09:00,2026-08-22T14:25:31.340737+09:00,22.031,19.088,2.96,트레일링(최고24%→13%),13.36,8.015,0.003,1,-0.06,7.958,26.53,24.08,2.77,5e-05,4.0,
0822025448-BLESSUSDT,V2_hold24,BLESSUSDT,2026-08-22T02:54:49.108990+09:00,2026-08-22T14:25:31.832918+09:00,0.009843,0.008952,11.54,트레일링(최고21%→9%),9.05,5.431,0.0374,3,-0.06,5.409,18.03,20.99,3.69,5e-05,4.0,
0822112807-TRBUSDT,V2_hold24,TRBUSDT,2026-08-22T11:28:07.874226+09:00,2026-08-22T14:25:32.329493+09:00,22.031,19.088,2.96,트레일링(최고24%→13%),13.36,8.015,0.003,1,-0.06,7.958,26.53,24.08,2.77,5e-05,4.0,
0822025448-BLESSUSDT,V4_posfund,BLESSUSDT,2026-08-22T02:54:49.108997+09:00,2026-08-22T14:25:32.857969+09:00,0.009843,0.008952,11.54,트레일링(최고21%→9%),9.05,5.431,0.0374,3,-0.06,5.409,18.03,20.99,3.69,5e-05,4.0,
0822112807-TRBUSDT,V4_posfund,TRBUSDT,2026-08-22T11:28:07.874242+09:00,2026-08-22T14:25:33.425662+09:00,22.031,19.088,2.96,트레일링(최고24%→13%),13.36,8.015,0.003,1,-0.06,7.958,26.53,24.08,2.77,5e-05,4.0,
0822025448-BLESSUSDT,V5_stop30,BLESSUSDT,2026-08-22T02:54:49.109001+09:00,2026-08-22T14:25:33.906889+09:00,0.009843,0.008952,11.54,트레일링(최고21%→9%),9.05,5.431,0.0374,3,-0.06,5.409,18.03,20.99,3.69,5e-05,4.0,
0822112807-TRBUSDT,V5_stop30,TRBUSDT,2026-08-22T11:28:07.874249+09:00,2026-08-22T14:25:34.380365+09:00,22.031,19.088,2.96,트레일링(최고24%→13%),13.36,8.015,0.003,1,-0.06,7.958,26.53,24.08,0.36,5e-05,4.0,
0821233929-ROBOUSDT,V0_base,ROBOUSDT,2026-08-21T23:39:30.429997+09:00,2026-08-22T15:00:41.776434+09:00,0.01743,0.01469,15.4,트레일링(최고26%→16%),15.72,9.432,0.012,4,-0.06,9.384,31.28,25.99,6.77,5e-05,4.0,
0821233929-ROBOUSDT,V2_hold24,ROBOUSDT,2026-08-21T23:39:30.430029+09:00,2026-08-22T15:00:42.440305+09:00,0.01743,0.01469,15.4,트레일링(최고26%→16%),15.72,9.432,0.012,4,-0.06,9.384,31.28,25.99,6.77,5e-05,4.0,
0821233929-ROBOUSDT,V4_posfund,ROBOUSDT,2026-08-21T23:39:30.430040+09:00,2026-08-22T15:00:42.968516+09:00,0.01743,0.01469,15.4,트레일링(최고26%→16%),15.72,9.432,0.012,4,-0.06,9.384,31.28,25.99,6.77,5e-05,4.0,
0821233929-ROBOUSDT,V5_stop30,ROBOUSDT,2026-08-21T23:39:30.430046+09:00,2026-08-22T15:00:43.468095+09:00,0.01743,0.01469,15.4,트레일링(최고26%→16%),15.72,9.432,0.012,4,-0.06,9.384,31.28,25.99,6.77,5e-05,4.0,
0820225020-ACEUSDT,V0_base,ACEUSDT,2026-08-20T22:50:20.877034+09:00,2026-08-22T16:51:51.310614+09:00,0.23882,0.22685,42.04,트레일링(최고16%→5%),5.01,3.007,-0.8195,10,-0.06,2.128,7.09,15.52,19.6,-0.00173311,4.0,
0820225020-ACEUSDT,V5_stop30,ACEUSDT,2026-08-20T22:50:20.877077+09:00,2026-08-22T16:51:51.808369+09:00,0.23882,0.22685,42.04,트레일링(최고16%→5%),5.01,3.007,-0.8195,10,-0.06,2.128,7.09,15.52,19.6,-0.00173311,4.0,
0820165733-BOMEUSDT,V0_base,BOMEUSDT,2026-08-20T16:57:33.658803+09:00,2026-08-22T17:00:53.924837+09:00,0.0011327,0.0011518,48.06,48h만기,-1.69,-1.012,0.039,13,-0.06,-1.033,-3.44,7.95,36.88,5e-05,4.0,
0820165733-BOMEUSDT,V1_notrail,BOMEUSDT,2026-08-20T16:57:33.658818+09:00,2026-08-22T17:00:54.464427+09:00,0.0011327,0.0011518,48.06,48h만기,-1.69,-1.012,0.039,13,-0.06,-1.033,-3.44,7.95,36.88,5e-05,4.0,
0820165733-BOMEUSDT,V4_posfund,BOMEUSDT,2026-08-20T16:57:33.658826+09:00,2026-08-22T17:00:54.959935+09:00,0.0011327,0.0011518,48.06,48h만기,-1.69,-1.012,0.039,13,-0.06,-1.033,-3.44,7.95,36.88,5e-05,4.0,
0821181919-BBUSDT,V2_hold24,BBUSDT,2026-08-21T18:19:19.621143+09:00,2026-08-22T18:21:26.991168+09:00,0.01332,0.01028,24.05,24h만기,22.82,13.694,0.0194,6,-0.06,13.653,45.51,28.98,3.23,5e-05,4.0,
0821065311-SANTOSUSDT,V0_base,SANTOSUSDT,2026-08-21T06:53:12.159112+09:00,2026-08-22T21:48:24.081542+09:00,0.6844,0.554,38.93,트레일링(최고30%→19%),19.05,11.432,-0.0417,10,-0.06,11.33,37.77,29.97,0.0,5e-05,4.0,
0821065311-SANTOSUSDT,V4_posfund,SANTOSUSDT,2026-08-21T06:53:12.159145+09:00,2026-08-22T21:48:24.686410+09:00,0.6844,0.554,38.93,트레일링(최고30%→19%),19.05,11.432,-0.0417,10,-0.06,11.33,37.77,29.97,0.0,5e-05,4.0,
0821065311-SANTOSUSDT,V5_stop30,SANTOSUSDT,2026-08-21T06:53:12.159150+09:00,2026-08-22T21:48:25.279545+09:00,0.6844,0.554,38.93,트레일링(최고30%→19%),19.05,11.432,-0.0417,10,-0.06,11.33,37.77,29.97,0.0,5e-05,4.0,
0821221224-TUTUSDT,V2_hold24,TUTUSDT,2026-08-21T22:12:25.183976+09:00,2026-08-22T22:13:05.828314+09:00,0.04124,0.04442,24.03,24h만기,-7.71,-4.627,0.0321,6,-0.06,-4.654,-15.51,11.03,8.83,5e-05,4.0,
0820225020-ACEUSDT,V1_notrail,ACEUSDT,2026-08-20T22:50:20.877060+09:00,2026-08-22T22:52:38.313139+09:00,0.23882,0.24891,48.05,48h만기,-4.22,-2.535,-1.0157,12,-0.06,-3.611,-12.04,15.52,19.6,-0.00173311,4.0,
0822010405-USUSDT,V2_hold24,USUSDT,2026-08-22T01:04:05.729108+09:00,2026-08-23T01:04:25.566055+09:00,0.023725,0.021004,24.04,24h만기,11.47,6.881,0.1034,6,-0.06,6.925,23.08,17.88,3.99,0.00058068,4.0,
0822010405-USUSDT,V0_base,USUSDT,2026-08-22T01:04:05.729086+09:00,2026-08-23T02:48:31.849418+09:00,0.023725,0.02189,25.77,트레일링(최고18%→8%),7.73,4.641,0.1034,6,-0.06,4.684,15.61,17.88,3.99,0.00058068,4.0,
0822115409-DASHUSDT,V0_base,DASHUSDT,2026-08-22T11:54:09.679099+09:00,2026-08-23T02:48:32.408877+09:00,46.11,42.25,14.91,트레일링(최고18%→8%),8.37,5.023,0.012,2,-0.06,4.975,16.58,18.46,3.19,0.0001,8.0,
0822115409-DASHUSDT,V2_hold24,DASHUSDT,2026-08-22T11:54:09.679124+09:00,2026-08-23T02:48:32.943645+09:00,46.11,42.25,14.91,트레일링(최고18%→8%),8.37,5.023,0.012,2,-0.06,4.975,16.58,18.46,3.19,0.0001,8.0,
0822115409-DASHUSDT,V3_fund8h,DASHUSDT,2026-08-22T11:54:09.679130+09:00,2026-08-23T02:48:33.426942+09:00,46.11,42.25,14.91,트레일링(최고18%→8%),8.37,5.023,0.012,2,-0.06,4.975,16.58,18.46,3.19,0.0001,8.0,
0822010405-USUSDT,V4_posfund,USUSDT,2026-08-22T01:04:05.729115+09:00,2026-08-23T02:48:33.901436+09:00,0.023725,0.02189,25.77,트레일링(최고18%→8%),7.73,4.641,0.1034,6,-0.06,4.684,15.61,17.88,3.99,0.00058068,4.0,
0822115409-DASHUSDT,V4_posfund,DASHUSDT,2026-08-22T11:54:09.679136+09:00,2026-08-23T02:48:34.419804+09:00,46.11,42.25,14.91,트레일링(최고18%→8%),8.37,5.023,0.012,2,-0.06,4.975,16.58,18.46,3.19,0.0001,8.0,
0822010405-USUSDT,V5_stop30,USUSDT,2026-08-22T01:04:05.729118+09:00,2026-08-23T02:48:34.943419+09:00,0.023725,0.02189,25.77,트레일링(최고18%→8%),7.73,4.641,0.1034,6,-0.06,4.684,15.61,17.88,3.99,0.00058068,4.0,
0822115409-DASHUSDT,V5_stop30,DASHUSDT,2026-08-22T11:54:09.679139+09:00,2026-08-23T02:48:35.450799+09:00,46.11,42.25,14.91,트레일링(최고18%→8%),8.37,5.023,0.012,2,-0.06,4.975,16.58,18.46,3.19,0.0001,8.0,
0821221224-TUTUSDT,V5_stop30,TUTUSDT,2026-08-21T22:12:25.183992+09:00,2026-08-23T03:37:10.348507+09:00,0.04124,0.05383,29.44,스탑-30%,-30.53,-18.317,0.0351,7,-0.06,-18.342,-61.14,11.03,30.53,5e-05,4.0,
0821044935-PEOPLEUSDT,V0_base,PEOPLEUSDT,2026-08-21T04:49:36.448660+09:00,2026-08-23T04:51:04.373439+09:00,0.010757,0.010856,48.03,48h만기,-0.92,-0.552,0.036,6,-0.06,-0.576,-1.92,6.84,21.47,0.0001,8.0,
0821044935-PEOPLEUSDT,V1_notrail,PEOPLEUSDT,2026-08-21T04:49:36.448685+09:00,2026-08-23T04:51:04.979059+09:00,0.010757,0.010856,48.03,48h만기,-0.92,-0.552,0.036,6,-0.06,-0.576,-1.92,6.84,21.47,0.0001,8.0,
0821044935-PEOPLEUSDT,V3_fund8h,PEOPLEUSDT,2026-08-21T04:49:36.448698+09:00,2026-08-23T04:51:05.573670+09:00,0.010757,0.010856,48.03,48h만기,-0.92,-0.552,0.036,6,-0.06,-0.576,-1.92,6.84,21.47,0.0001,8.0,
0821044935-PEOPLEUSDT,V4_posfund,PEOPLEUSDT,2026-08-21T04:49:36.448704+09:00,2026-08-23T04:51:06.065052+09:00,0.010757,0.010856,48.03,48h만기,-0.92,-0.552,0.036,6,-0.06,-0.576,-1.92,6.84,21.47,0.0001,8.0,
0821044935-PEOPLEUSDT,V5_stop30,PEOPLEUSDT,2026-08-21T04:49:36.448708+09:00,2026-08-23T04:51:06.568208+09:00,0.010757,0.010856,48.03,48h만기,-0.92,-0.552,0.036,6,-0.06,-0.576,-1.92,6.84,21.47,0.0001,8.0,
0821221224-TUTUSDT,V0_base,TUTUSDT,2026-08-21T22:12:25.183946+09:00,2026-08-23T05:19:12.386790+09:00,0.04124,0.05999,31.14,스탑-40%,-45.47,-27.279,0.0452,8,-0.06,-27.294,-90.98,11.03,45.47,5e-05,4.0,
0821221224-TUTUSDT,V1_notrail,TUTUSDT,2026-08-21T22:12:25.183970+09:00,2026-08-23T05:19:12.904156+09:00,0.04124,0.05999,31.14,스탑-40%,-45.47,-27.279,0.0452,8,-0.06,-27.294,-90.98,11.03,45.47,5e-05,4.0,
0821221224-TUTUSDT,V4_posfund,TUTUSDT,2026-08-21T22:12:25.183986+09:00,2026-08-23T05:19:13.428180+09:00,0.04124,0.05999,31.14,스탑-40%,-45.47,-27.279,0.0452,8,-0.06,-27.294,-90.98,11.03,45.47,5e-05,4.0,
0822052936-MAGMAUSDT,V2_hold24,MAGMAUSDT,2026-08-22T05:29:37.329041+09:00,2026-08-23T05:29:33.529870+09:00,0.32104,0.27962,24.03,24h만기,12.9,7.741,0.1064,6,-0.06,7.788,25.96,13.11,7.7,0.00059188,4.0,
0821053532-ONTUSDT,V0_base,ONTUSDT,2026-08-21T05:35:33.350163+09:00,2026-08-23T05:36:28.496983+09:00,0.05481,0.04697,48.02,48h만기,14.3,8.582,-2.7249,12,-0.06,5.797,19.32,17.19,9.62,5e-05,4.0,
0821053532-ONTUSDT,V1_notrail,ONTUSDT,2026-08-21T05:35:33.350181+09:00,2026-08-23T05:36:29.020938+09:00,0.05481,0.04697,48.02,48h만기,14.3,8.582,-2.7249,12,-0.06,5.797,19.32,17.19,9.62,5e-05,4.0,
0821053532-ONTUSDT,V4_posfund,ONTUSDT,2026-08-21T05:35:33.350197+09:00,2026-08-23T05:36:29.524018+09:00,0.05481,0.04697,48.02,48h만기,14.3,8.582,-2.7249,12,-0.06,5.797,19.32,17.19,9.62,5e-05,4.0,
0821053532-ONTUSDT,V5_stop30,ONTUSDT,2026-08-21T05:35:33.350201+09:00,2026-08-23T05:36:30.078955+09:00,0.05481,0.04697,48.02,48h만기,14.3,8.582,-2.7249,12,-0.06,5.797,19.32,17.19,9.62,5e-05,4.0,
0823030621-TUTUSDT,V2_hold24,TUTUSDT,2026-08-23T03:06:21.679759+09:00,2026-08-23T05:46:26.724595+09:00,0.05279,0.07792,2.67,스탑-40%,-47.6,-28.562,0.0101,1,-0.06,-28.612,-95.37,4.32,47.6,5e-05,4.0,
0821065311-SANTOSUSDT,V1_notrail,SANTOSUSDT,2026-08-21T06:53:12.159130+09:00,2026-08-23T06:55:44.510771+09:00,0.6844,0.5281,48.05,48h만기,22.84,13.703,-0.0341,12,-0.06,13.608,45.36,29.97,0.0,5e-05,4.0,
0821122654-ONGUSDT,V0_base,ONGUSDT,2026-08-21T12:26:54.728980+09:00,2026-08-23T12:26:31.823015+09:00,0.14791,0.06946,48.0,48h만기,53.04,31.823,-6.5005,48,-0.06,25.263,84.21,54.76,1.16,-0.01620609,1.0,
0821122654-ONGUSDT,V1_notrail,ONGUSDT,2026-08-21T12:26:54.729049+09:00,2026-08-23T12:26:32.341134+09:00,0.14791,0.06946,48.0,48h만기,53.04,31.823,-6.5005,48,-0.06,25.263,84.21,54.76,1.16,-0.01620609,1.0,
0821122654-ONGUSDT,V5_stop30,ONGUSDT,2026-08-21T12:26:54.729094+09:00,2026-08-23T12:26:32.937176+09:00,0.14791,0.06946,48.0,48h만기,53.04,31.823,-6.5005,48,-0.06,25.263,84.21,54.76,1.16,-0.01620609,1.0,
0822124501-MUBARAKUSDT,V2_hold24,MUBARAKUSDT,2026-08-22T12:45:01.922553+09:00,2026-08-23T12:44:53.526615+09:00,0.02759,0.02262,24.03,24h만기,18.01,10.808,0.0249,6,-0.06,10.773,35.91,18.12,7.5,5e-05,4.0,
0822130706-MELANIAUSDT,V2_hold24,MELANIAUSDT,2026-08-22T13:07:06.899424+09:00,2026-08-23T13:06:15.086535+09:00,0.12676,0.09945,24.01,24h만기,21.54,12.927,0.018,6,-0.06,12.885,42.95,21.71,29.24,0.00050703,4.0,
0821181919-BBUSDT,V0_base,BBUSDT,2026-08-21T18:19:19.621115+09:00,2026-08-23T18:18:35.441294+09:00,0.01332,0.00975,48.0,48h만기,26.8,16.081,0.0374,12,-0.06,16.059,53.53,28.98,3.23,5e-05,4.0,
0821181919-BBUSDT,V1_notrail,BBUSDT,2026-08-21T18:19:19.621137+09:00,2026-08-23T18:18:35.989775+09:00,0.01332,0.00975,48.0,48h만기,26.8,16.081,0.0374,12,-0.06,16.059,53.53,28.98,3.23,5e-05,4.0,
0821181919-BBUSDT,V4_posfund,BBUSDT,2026-08-21T18:19:19.621151+09:00,2026-08-23T18:18:36.571032+09:00,0.01332,0.00975,48.0,48h만기,26.8,16.081,0.0374,12,-0.06,16.059,53.53,28.98,3.23,5e-05,4.0,
0821181919-BBUSDT,V5_stop30,BBUSDT,2026-08-21T18:19:19.621155+09:00,2026-08-23T18:18:37.122234+09:00,0.01332,0.00975,48.0,48h만기,26.8,16.081,0.0374,12,-0.06,16.059,53.53,28.98,3.23,5e-05,4.0,
0822130706-MELANIAUSDT,V0_base,MELANIAUSDT,2026-08-22T13:07:06.899387+09:00,2026-08-23T21:49:59.054750+09:00,0.12676,0.11309,32.74,트레일링(최고22%→11%),10.78,6.47,0.024,8,-0.06,6.434,21.45,21.71,29.24,0.00050703,4.0,
0822130706-MELANIAUSDT,V4_posfund,MELANIAUSDT,2026-08-22T13:07:06.899435+09:00,2026-08-23T21:49:59.668280+09:00,0.12676,0.11309,32.74,트레일링(최고22%→11%),10.78,6.47,0.024,8,-0.06,6.434,21.45,21.71,29.24,0.00050703,4.0,
0822130706-MELANIAUSDT,V5_stop30,MELANIAUSDT,2026-08-22T13:07:06.899441+09:00,2026-08-23T21:50:00.107579+09:00,0.12676,0.11309,32.74,트레일링(최고22%→11%),10.78,6.47,0.024,8,-0.06,6.434,21.45,21.71,29.24,0.00050703,4.0,
0821221718-SCRTUSDT,V1_notrail,SCRTUSDT,2026-08-21T22:17:19.338868+09:00,2026-08-23T22:16:09.187524+09:00,0.02536,0.016,48.0,48h만기,36.91,22.145,0.2232,12,-0.06,22.308,74.36,37.38,18.97,0.00118081,4.0,
0821233929-ROBOUSDT,V1_notrail,ROBOUSDT,2026-08-21T23:39:30.430021+09:00,2026-08-23T23:39:07.597317+09:00,0.01743,0.01403,48.04,48h만기,19.51,11.704,0.036,12,-0.06,11.68,38.93,25.99,6.77,5e-05,4.0,
0822005348-BEATUSDT,V1_notrail,BEATUSDT,2026-08-22T00:53:49.068666+09:00,2026-08-24T00:55:21.252785+09:00,0.1667,0.1386,48.06,48h만기,16.86,10.114,0.0885,12,-0.06,10.142,33.81,22.38,22.5,0.00049167,4.0,
0822010405-USUSDT,V1_notrail,USUSDT,2026-08-22T01:04:05.729103+09:00,2026-08-24T01:02:25.393525+09:00,0.023725,0.019221,48.0,48h만기,18.98,11.391,0.1392,12,-0.06,11.47,38.23,18.99,3.99,0.00058068,4.0,
0822025448-BLESSUSDT,V1_notrail,BLESSUSDT,2026-08-22T02:54:49.108985+09:00,2026-08-24T02:55:24.430677+09:00,0.009843,0.008911,48.04,48h만기,9.47,5.681,0.0915,12,-0.06,5.713,19.04,20.99,3.69,5e-05,4.0,
0822052936-MAGMAUSDT,V0_base,MAGMAUSDT,2026-08-22T05:29:37.329001+09:00,2026-08-24T05:28:40.527051+09:00,0.32104,0.23172,48.02,48h만기,27.82,16.693,0.1244,12,-0.06,16.758,55.86,30.16,7.7,0.00059188,4.0,
0822052936-MAGMAUSDT,V1_notrail,MAGMAUSDT,2026-08-22T05:29:37.329032+09:00,2026-08-24T05:28:41.052329+09:00,0.32104,0.23172,48.02,48h만기,27.82,16.693,0.1244,12,-0.06,16.758,55.86,30.16,7.7,0.00059188,4.0,
0822052936-MAGMAUSDT,V4_posfund,MAGMAUSDT,2026-08-22T05:29:37.329055+09:00,2026-08-24T05:28:41.620039+09:00,0.32104,0.23172,48.02,48h만기,27.82,16.693,0.1244,12,-0.06,16.758,55.86,30.16,7.7,0.00059188,4.0,
0822052936-MAGMAUSDT,V5_stop30,MAGMAUSDT,2026-08-22T05:29:37.329063+09:00,2026-08-24T05:28:42.098785+09:00,0.32104,0.23172,48.02,48h만기,27.82,16.693,0.1244,12,-0.06,16.758,55.86,30.16,7.7,0.00059188,4.0,
0822112807-TRBUSDT,V1_notrail,TRBUSDT,2026-08-22T11:28:07.874214+09:00,2026-08-24T11:30:18.510012+09:00,22.031,18.807,48.04,48h만기,14.63,8.78,0.036,12,-0.06,8.756,29.19,24.08,2.77,5e-05,4.0,
0822115409-DASHUSDT,V1_notrail,DASHUSDT,2026-08-22T11:54:09.679118+09:00,2026-08-24T11:56:01.880272+09:00,46.11,41.63,48.03,48h만기,9.72,5.83,0.036,6,-0.06,5.806,19.35,18.46,3.19,0.0001,8.0,
0822124501-MUBARAKUSDT,V0_base,MUBARAKUSDT,2026-08-22T12:45:01.922527+09:00,2026-08-24T12:44:28.431707+09:00,0.02759,0.02314,48.02,48h만기,16.13,9.677,0.0429,12,-0.06,9.66,32.2,18.99,7.5,5e-05,4.0,
0822124501-MUBARAKUSDT,V1_notrail,MUBARAKUSDT,2026-08-22T12:45:01.922548+09:00,2026-08-24T12:44:28.999219+09:00,0.02759,0.02314,48.02,48h만기,16.13,9.677,0.0429,12,-0.06,9.66,32.2,18.99,7.5,5e-05,4.0,
0822124501-MUBARAKUSDT,V4_posfund,MUBARAKUSDT,2026-08-22T12:45:01.922562+09:00,2026-08-24T12:44:29.498998+09:00,0.02759,0.02314,48.02,48h만기,16.13,9.677,0.0429,12,-0.06,9.66,32.2,18.99,7.5,5e-05,4.0,
0822124501-MUBARAKUSDT,V5_stop30,MUBARAKUSDT,2026-08-22T12:45:01.922565+09:00,2026-08-24T12:44:30.015184+09:00,0.02759,0.02314,48.02,48h만기,16.13,9.677,0.0429,12,-0.06,9.66,32.2,18.99,7.5,5e-05,4.0,
0822130706-MELANIAUSDT,V1_notrail,MELANIAUSDT,2026-08-22T13:07:06.899417+09:00,2026-08-24T13:05:44.648279+09:00,0.12676,0.10453,48.0,48h만기,17.54,10.522,0.036,12,-0.06,10.498,34.99,21.71,29.24,0.00050703,4.0,
0824184807-VELVETUSDT,V0_base,VELVETUSDT,2026-08-24T18:48:08.279056+09:00,2026-08-24T21:30:51.389497+09:00,0.8944,0.2993,2.72,트레일링(최고79%→67%),66.54,39.922,-0.0134,1,-0.06,39.848,132.83,79.09,0.0,7.973e-05,4.0,
0824184807-VELVETUSDT,V2_hold24,VELVETUSDT,2026-08-24T18:48:08.279082+09:00,2026-08-24T21:30:51.876804+09:00,0.8944,0.2993,2.72,트레일링(최고79%→67%),66.54,39.922,-0.0134,1,-0.06,39.848,132.83,79.09,0.0,7.973e-05,4.0,
0824184807-VELVETUSDT,V4_posfund,VELVETUSDT,2026-08-24T18:48:08.279090+09:00,2026-08-24T21:30:52.366186+09:00,0.8944,0.2993,2.72,트레일링(최고79%→67%),66.54,39.922,-0.0134,1,-0.06,39.848,132.83,79.09,0.0,7.973e-05,4.0,
0824184807-VELVETUSDT,V5_stop30,VELVETUSDT,2026-08-24T18:48:08.279094+09:00,2026-08-24T21:30:52.869690+09:00,0.8944,0.2993,2.72,트레일링(최고79%→67%),66.54,39.922,-0.0134,1,-0.06,39.848,132.83,79.09,0.0,7.973e-05,4.0,
0825020432-STORJUSDT,V0_base,STORJUSDT,2026-08-25T02:04:32.993237+09:00,2026-08-25T09:00:47.924123+09:00,0.05898,0.05398,6.94,트레일링(최고19%→8%),8.48,5.086,-1.0585,2,-0.06,3.968,13.23,19.23,0.0,-0.00238422,4.0,
0825020432-STORJUSDT,V2_hold24,STORJUSDT,2026-08-25T02:04:32.993267+09:00,2026-08-25T09:00:48.445301+09:00,0.05898,0.05398,6.94,트레일링(최고19%→8%),8.48,5.086,-1.0585,2,-0.06,3.968,13.23,19.23,0.0,-0.00238422,4.0,
0825020432-STORJUSDT,V5_stop30,STORJUSDT,2026-08-25T02:04:32.993276+09:00,2026-08-25T09:00:48.924222+09:00,0.05898,0.05398,6.94,트레일링(최고19%→8%),8.48,5.086,-1.0585,2,-0.06,3.968,13.23,19.23,0.0,-0.00238422,4.0,
0824161809-PROMUSDT,V5_stop30,PROMUSDT,2026-08-24T16:18:09.608972+09:00,2026-08-25T13:26:23.831911+09:00,3.621,4.742,21.14,스탑-30%,-30.96,-18.575,0.0151,6,-0.06,-18.62,-62.07,0.94,30.96,5e-05,4.0,
0824161809-PROMUSDT,V2_hold24,PROMUSDT,2026-08-24T16:18:09.608959+09:00,2026-08-25T16:18:17.230630+09:00,3.621,4.177,24.01,24h만기,-15.35,-9.213,0.0151,6,-0.06,-9.258,-30.86,0.94,37.03,5e-05,4.0,
0824165413-TUTUSDT,V2_hold24,TUTUSDT,2026-08-24T16:54:13.816913+09:00,2026-08-25T16:56:17.589299+09:00,0.07987,0.04712,24.04,24h만기,41.0,24.602,-0.0503,6,-0.06,24.492,81.64,46.5,3.51,5e-05,4.0,
0824180333-UAIUSDT,V2_hold24,UAIUSDT,2026-08-24T18:03:33.686942+09:00,2026-08-25T18:05:52.502418+09:00,0.3476,0.324,24.04,24h만기,6.79,4.074,0.1718,6,-0.06,4.185,13.95,6.79,8.8,0.00045923,4.0,
0826041257-龙虾USDT,V5_stop30,龙虾USDT,2026-08-26T04:12:58.009609+09:00,2026-08-26T08:32:58.680659+09:00,0.035683,0.046458,4.34,스탑-30%,-30.2,-18.118,0.0342,1,-0.06,-18.144,-60.48,4.61,30.2,0.00037478,4.0,
0825095921-TACUSDT,V2_hold24,TACUSDT,2026-08-25T09:59:22.020247+09:00,2026-08-26T09:59:47.769259+09:00,0.002416,0.002665,24.01,24h만기,-10.31,-6.184,0.1125,6,-0.06,-6.131,-20.44,14.36,14.53,0.00042308,4.0,
0825135424-PROMUSDT,V5_stop30,PROMUSDT,2026-08-25T13:54:24.962599+09:00,2026-08-26T11:04:47.003569+09:00,4.925,4.577,21.18,트레일링(최고18%→7%),7.07,4.24,-0.0245,5,-0.06,4.155,13.85,17.79,0.0,5e-05,4.0,
0826042251-BMTUSDT,V5_stop30,BMTUSDT,2026-08-26T04:22:52.496400+09:00,2026-08-26T11:37:37.019040+09:00,0.02015,0.02632,7.25,스탑-30%,-30.62,-18.372,-0.6886,2,-0.06,-19.121,-63.74,0.0,30.62,-0.00055816,4.0,
0825095921-TACUSDT,V5_stop30,TACUSDT,2026-08-25T09:59:22.020261+09:00,2026-08-26T13:57:32.155514+09:00,0.002416,0.003227,27.97,스탑-30%,-33.57,-20.141,0.1253,7,-0.06,-20.075,-66.92,14.36,33.57,0.00042308,4.0,
0826130540-BTRUSDT,V5_stop30,BTRUSDT,2026-08-26T13:05:41.195865+09:00,2026-08-26T14:21:21.339263+09:00,0.04387,0.05776,1.26,스탑-30%,-31.66,-18.997,0.0,0,-0.06,-19.057,-63.52,0.0,31.66,0.00074692,4.0,
0826130540-BTRUSDT,V0_base,BTRUSDT,2026-08-26T13:05:41.195827+09:00,2026-08-26T14:31:04.602139+09:00,0.04387,0.06403,1.43,스탑-40%,-45.95,-27.572,0.0,0,-0.06,-27.632,-92.11,0.0,45.95,0.00074692,4.0,
0826130540-BTRUSDT,V1_notrail,BTRUSDT,2026-08-26T13:05:41.195847+09:00,2026-08-26T14:31:05.129387+09:00,0.04387,0.06403,1.43,스탑-40%,-45.95,-27.572,0.0,0,-0.06,-27.632,-92.11,0.0,45.95,0.00074692,4.0,
0826130540-BTRUSDT,V2_hold24,BTRUSDT,2026-08-26T13:05:41.195853+09:00,2026-08-26T14:31:05.666487+09:00,0.04387,0.06403,1.43,스탑-40%,-45.95,-27.572,0.0,0,-0.06,-27.632,-92.11,0.0,45.95,0.00074692,4.0,
0826130540-BTRUSDT,V4_posfund,BTRUSDT,2026-08-26T13:05:41.195861+09:00,2026-08-26T14:31:06.154118+09:00,0.04387,0.06403,1.43,스탑-40%,-45.95,-27.572,0.0,0,-0.06,-27.632,-92.11,0.0,45.95,0.00074692,4.0,
0824161809-PROMUSDT,V0_base,PROMUSDT,2026-08-24T16:18:09.608920+09:00,2026-08-26T16:18:09.411453+09:00,3.621,4.076,48.01,48h만기,-12.57,-7.539,-0.04,12,-0.06,-7.639,-25.46,0.94,37.03,5e-05,4.0,
0824161809-PROMUSDT,V1_notrail,PROMUSDT,2026-08-24T16:18:09.608952+09:00,2026-08-26T16:18:09.942745+09:00,3.621,4.076,48.01,48h만기,-12.57,-7.539,-0.04,12,-0.06,-7.639,-25.46,0.94,37.03,5e-05,4.0,
0824161809-PROMUSDT,V4_posfund,PROMUSDT,2026-08-24T16:18:09.608968+09:00,2026-08-26T16:18:10.478755+09:00,3.621,4.076,48.01,48h만기,-12.57,-7.539,-0.04,12,-0.06,-7.639,-25.46,0.94,37.03,5e-05,4.0,
0824165413-TUTUSDT,V0_base,TUTUSDT,2026-08-24T16:54:13.816849+09:00,2026-08-26T16:54:03.331106+09:00,0.07987,0.04643,48.0,48h만기,41.87,25.121,-0.0323,12,-0.06,25.029,83.43,46.5,3.51,5e-05,4.0,
0824165413-TUTUSDT,V1_notrail,TUTUSDT,2026-08-24T16:54:13.816901+09:00,2026-08-26T16:54:03.957569+09:00,0.07987,0.04643,48.0,48h만기,41.87,25.121,-0.0323,12,-0.06,25.029,83.43,46.5,3.51,5e-05,4.0,
0824165413-TUTUSDT,V4_posfund,TUTUSDT,2026-08-24T16:54:13.816928+09:00,2026-08-26T16:54:04.492733+09:00,0.07987,0.04643,48.0,48h만기,41.87,25.121,-0.0323,12,-0.06,25.029,83.43,46.5,3.51,5e-05,4.0,
0824165413-TUTUSDT,V5_stop30,TUTUSDT,2026-08-24T16:54:13.816936+09:00,2026-08-26T16:54:05.127649+09:00,0.07987,0.04643,48.0,48h만기,41.87,25.121,-0.0323,12,-0.06,25.029,83.43,46.5,3.51,5e-05,4.0,
0825095921-TACUSDT,V0_base,TACUSDT,2026-08-25T09:59:22.020212+09:00,2026-08-26T17:03:57.512229+09:00,0.002416,0.003399,31.08,스탑-40%,-40.69,-24.412,0.1325,8,-0.06,-24.34,-81.13,14.36,40.69,0.00042308,4.0,
0825095921-TACUSDT,V1_notrail,TACUSDT,2026-08-25T09:59:22.020239+09:00,2026-08-26T17:03:58.007401+09:00,0.002416,0.003399,31.08,스탑-40%,-40.69,-24.412,0.1325,8,-0.06,-24.34,-81.13,14.36,40.69,0.00042308,4.0,
0825095921-TACUSDT,V4_posfund,TACUSDT,2026-08-25T09:59:22.020256+09:00,2026-08-26T17:03:58.548128+09:00,0.002416,0.003399,31.08,스탑-40%,-40.69,-24.412,0.1325,8,-0.06,-24.34,-81.13,14.36,40.69,0.00042308,4.0,
0824180333-UAIUSDT,V0_base,UAIUSDT,2026-08-24T18:03:33.686916+09:00,2026-08-26T18:05:59.548692+09:00,0.3476,0.2857,48.05,48h만기,17.81,10.685,0.1898,12,-0.06,10.814,36.05,20.2,8.8,0.00045923,4.0,
0824180333-UAIUSDT,V1_notrail,UAIUSDT,2026-08-24T18:03:33.686936+09:00,2026-08-26T18:06:00.033005+09:00,0.3476,0.2857,48.05,48h만기,17.81,10.685,0.1898,12,-0.06,10.814,36.05,20.2,8.8,0.00045923,4.0,
0824180333-UAIUSDT,V4_posfund,UAIUSDT,2026-08-24T18:03:33.686951+09:00,2026-08-26T18:06:00.506686+09:00,0.3476,0.2857,48.05,48h만기,17.81,10.685,0.1898,12,-0.06,10.814,36.05,20.2,8.8,0.00045923,4.0,
0824180333-UAIUSDT,V5_stop30,UAIUSDT,2026-08-24T18:03:33.686957+09:00,2026-08-26T18:06:01.004085+09:00,0.3476,0.2857,48.05,48h만기,17.81,10.685,0.1898,12,-0.06,10.814,36.05,20.2,8.8,0.00045923,4.0,
0824184807-VELVETUSDT,V1_notrail,VELVETUSDT,2026-08-24T18:48:08.279076+09:00,2026-08-26T18:48:33.077207+09:00,0.8944,0.1122,48.01,48h만기,87.46,52.473,-0.049,12,-0.06,52.364,174.55,87.72,0.0,7.973e-05,4.0,
0826160517-TACUSDT,V5_stop30,TACUSDT,2026-08-26T16:05:17.826608+09:00,2026-08-26T22:44:48.428488+09:00,0.00341,0.004692,6.66,스탑-30%,-37.6,-22.557,0.023,2,-0.06,-22.594,-75.31,4.08,37.6,0.00021248,4.0,
0826160517-TACUSDT,V2_hold24,TACUSDT,2026-08-26T16:05:17.826590+09:00,2026-08-26T23:19:55.538057+09:00,0.00341,0.004785,7.25,스탑-40%,-40.32,-24.194,0.023,2,-0.06,-24.231,-80.77,4.08,40.32,0.00021248,4.0,
0826180930-PUMPBTCUSDT,V0_base,PUMPBTCUSDT,2026-08-26T18:09:30.567149+09:00,2026-08-27T00:00:49.095258+09:00,0.01416,0.01366,5.86,트레일링(최고17%→4%),3.53,2.119,0.0169,1,-0.06,2.076,6.92,16.6,3.53,0.00031586,4.0,
0826180930-PUMPBTCUSDT,V2_hold24,PUMPBTCUSDT,2026-08-26T18:09:30.567170+09:00,2026-08-27T00:00:49.414197+09:00,0.01416,0.01366,5.86,트레일링(최고17%→4%),3.53,2.119,0.0169,1,-0.06,2.076,6.92,16.6,3.53,0.00031586,4.0,
0826180930-PUMPBTCUSDT,V4_posfund,PUMPBTCUSDT,2026-08-26T18:09:30.567179+09:00,2026-08-27T00:00:49.714615+09:00,0.01416,0.01366,5.86,트레일링(최고17%→4%),3.53,2.119,0.0169,1,-0.06,2.076,6.92,16.6,3.53,0.00031586,4.0,
0826180930-PUMPBTCUSDT,V5_stop30,PUMPBTCUSDT,2026-08-26T18:09:30.567183+09:00,2026-08-27T00:00:49.983581+09:00,0.01416,0.01366,5.86,트레일링(최고17%→4%),3.53,2.119,0.0169,1,-0.06,2.076,6.92,16.6,3.53,0.00031586,4.0,
0825020432-STORJUSDT,V1_notrail,STORJUSDT,2026-08-25T02:04:32.993260+09:00,2026-08-27T02:06:36.833173+09:00,0.05898,0.0392401,48.03,48h만기,33.47,20.081,-4.4867,10,-0.06,15.535,51.78,35.57,0.0,-0.00238422,4.0,
0826041257-龙虾USDT,V2_hold24,龙虾USDT,2026-08-26T04:12:58.009598+09:00,2026-08-27T04:13:01.946926+09:00,0.035683,0.033158,24.01,24h만기,7.08,4.246,0.2344,6,-0.06,4.42,14.73,9.66,30.2,0.00037478,4.0,
0826042251-BMTUSDT,V2_hold24,BMTUSDT,2026-08-26T04:22:52.496391+09:00,2026-08-27T04:25:45.305506+09:00,0.02015,0.02173,24.05,24h만기,-7.84,-4.705,-1.2502,6,-0.06,-6.015,-20.05,0.0,35.73,-0.00055816,4.0,
0826225427-ONGUSDT,V5_stop30,ONGUSDT,2026-08-26T22:54:27.679594+09:00,2026-08-27T07:06:02.740504+09:00,0.14372,0.19707,8.19,스탑-30%,-37.12,-22.272,-3.491,4,-0.06,-25.824,-86.08,4.79,37.12,4.656e-05,4.0,
0826225427-ONGUSDT,V0_base,ONGUSDT,2026-08-26T22:54:27.679570+09:00,2026-08-27T07:15:43.825722+09:00,0.14372,0.20782,8.35,스탑-40%,-44.6,-26.76,-3.491,4,-0.06,-30.311,-101.04,4.79,44.6,4.656e-05,4.0,
0826225427-ONGUSDT,V1_notrail,ONGUSDT,2026-08-26T22:54:27.679583+09:00,2026-08-27T07:15:44.114532+09:00,0.14372,0.20782,8.35,스탑-40%,-44.6,-26.76,-3.491,4,-0.06,-30.311,-101.04,4.79,44.6,4.656e-05,4.0,
0826225427-ONGUSDT,V2_hold24,ONGUSDT,2026-08-26T22:54:27.679587+09:00,2026-08-27T07:15:44.458305+09:00,0.14372,0.20782,8.35,스탑-40%,-44.6,-26.76,-3.491,4,-0.06,-30.311,-101.04,4.79,44.6,4.656e-05,4.0,
0826225427-ONGUSDT,V4_posfund,ONGUSDT,2026-08-26T22:54:27.679592+09:00,2026-08-27T07:15:44.734314+09:00,0.14372,0.20782,8.35,스탑-40%,-44.6,-26.76,-3.491,4,-0.06,-30.311,-101.04,4.79,44.6,4.656e-05,4.0,
0827003208-BICOUSDT,V0_base,BICOUSDT,2026-08-27T00:32:08.554970+09:00,2026-08-27T09:47:29.151440+09:00,0.02697,0.02553,9.26,트레일링(최고17%→5%),5.34,3.204,-1.2955,2,-0.06,1.848,6.16,16.98,0.0,-0.00131532,8.0,
0827003208-BICOUSDT,V2_hold24,BICOUSDT,2026-08-27T00:32:08.554992+09:00,2026-08-27T09:47:29.386477+09:00,0.02697,0.02553,9.26,트레일링(최고17%→5%),5.34,3.204,-1.2955,2,-0.06,1.848,6.16,16.98,0.0,-0.00131532,8.0,
0827003208-BICOUSDT,V3_fund8h,BICOUSDT,2026-08-27T00:32:08.554995+09:00,2026-08-27T09:47:29.629303+09:00,0.02697,0.02553,9.26,트레일링(최고17%→5%),5.34,3.204,-1.2955,2,-0.06,1.848,6.16,16.98,0.0,-0.00131532,8.0,
0827003208-BICOUSDT,V5_stop30,BICOUSDT,2026-08-27T00:32:08.554999+09:00,2026-08-27T09:47:29.886385+09:00,0.02697,0.02553,9.26,트레일링(최고17%→5%),5.34,3.204,-1.2955,2,-0.06,1.848,6.16,16.98,0.0,-0.00131532,8.0,
0827103605-ARIAUSDT,V0_base,ARIAUSDT,2026-08-27T10:36:06.103554+09:00,2026-08-27T13:22:50.128404+09:00,0.04677,0.04022,2.78,트레일링(최고24%→14%),14.0,8.403,0.003,1,-0.06,8.346,27.82,24.25,14.24,0.0003198,4.0,
0827103605-ARIAUSDT,V2_hold24,ARIAUSDT,2026-08-27T10:36:06.103607+09:00,2026-08-27T13:22:50.378675+09:00,0.04677,0.04022,2.78,트레일링(최고24%→14%),14.0,8.403,0.003,1,-0.06,8.346,27.82,24.25,14.24,0.0003198,4.0,
0827103605-ARIAUSDT,V4_posfund,ARIAUSDT,2026-08-27T10:36:06.103621+09:00,2026-08-27T13:22:50.623322+09:00,0.04677,0.04022,2.78,트레일링(최고24%→14%),14.0,8.403,0.003,1,-0.06,8.346,27.82,24.25,14.24,0.0003198,4.0,
0827103605-ARIAUSDT,V5_stop30,ARIAUSDT,2026-08-27T10:36:06.103628+09:00,2026-08-27T13:22:50.860350+09:00,0.04677,0.04022,2.78,트레일링(최고24%→14%),14.0,8.403,0.003,1,-0.06,8.346,27.82,24.25,14.24,0.0003198,4.0,
0827025102-BTRUSDT,V5_stop30,BTRUSDT,2026-08-27T02:51:03.233707+09:00,2026-08-27T13:35:35.384053+09:00,0.13566,0.17709,10.74,스탑-30%,-30.54,-18.324,0.1474,3,-0.06,-18.236,-60.79,6.88,30.54,0.00099795,4.0,
0826140404-PORTALUSDT,V2_hold24,PORTALUSDT,2026-08-26T14:04:05.229025+09:00,2026-08-27T14:04:25.282902+09:00,0.01899,0.01561,24.01,24h만기,17.8,10.679,-0.1467,6,-0.06,10.473,34.91,18.85,15.9,5e-05,4.0,
0826041257-龙虾USDT,V0_base,龙虾USDT,2026-08-26T04:12:58.009575+09:00,2026-08-27T15:57:37.354808+09:00,0.035683,0.03208,35.75,트레일링(최고20%→10%),10.1,6.058,0.2811,9,-0.06,6.279,20.93,20.25,30.2,0.00037478,4.0,
0826041257-龙虾USDT,V4_posfund,龙虾USDT,2026-08-26T04:12:58.009604+09:00,2026-08-27T15:57:37.637556+09:00,0.035683,0.03208,35.75,트레일링(최고20%→10%),10.1,6.058,0.2811,9,-0.06,6.279,20.93,20.25,30.2,0.00037478,4.0,
0827162936-TACUSDT,V5_stop30,TACUSDT,2026-08-27T16:29:36.859714+09:00,2026-08-27T17:43:16.204146+09:00,0.006009,0.008005,1.23,스탑-30%,-33.22,-19.93,-0.1049,1,-0.06,-20.095,-66.98,0.13,33.22,0.00011259,4.0,
0827162936-TACUSDT,V0_base,TACUSDT,2026-08-27T16:29:36.859692+09:00,2026-08-28T01:08:28.788650+09:00,0.006009,0.003384,8.65,트레일링(최고54%→44%),43.68,26.211,-0.0989,3,-0.06,26.052,86.84,53.9,33.22,0.00011259,4.0,
0827162936-TACUSDT,V2_hold24,TACUSDT,2026-08-27T16:29:36.859706+09:00,2026-08-28T01:08:29.082430+09:00,0.006009,0.003384,8.65,트레일링(최고54%→44%),43.68,26.211,-0.0989,3,-0.06,26.052,86.84,53.9,33.22,0.00011259,4.0,
0827162936-TACUSDT,V4_posfund,TACUSDT,2026-08-27T16:29:36.859712+09:00,2026-08-28T01:08:29.366902+09:00,0.006009,0.003384,8.65,트레일링(최고54%→44%),43.68,26.211,-0.0989,3,-0.06,26.052,86.84,53.9,33.22,0.00011259,4.0,
0827025102-BTRUSDT,V2_hold24,BTRUSDT,2026-08-27T02:51:03.233700+09:00,2026-08-28T02:52:31.266164+09:00,0.13566,0.1574,24.03,24h만기,-16.03,-9.615,0.1969,6,-0.06,-9.478,-31.59,6.88,30.66,0.00099795,4.0,
0827025414-EDENUSDT,V2_hold24,EDENUSDT,2026-08-27T02:54:15.091680+09:00,2026-08-28T02:55:57.065432+09:00,0.07193,0.05997,24.03,24h만기,16.63,9.976,-0.4088,6,-0.06,9.508,31.69,19.45,0.0,-0.00116167,4.0,
0826041257-龙虾USDT,V1_notrail,龙虾USDT,2026-08-26T04:12:58.009592+09:00,2026-08-28T04:13:37.596630+09:00,0.035683,0.034384,48.02,48h만기,3.64,2.184,0.3124,12,-0.06,2.437,8.12,20.25,30.2,0.00037478,4.0,
0826042251-BMTUSDT,V0_base,BMTUSDT,2026-08-26T04:22:52.496371+09:00,2026-08-28T04:23:37.592908+09:00,0.02015,0.02232,48.02,48h만기,-10.77,-6.462,-1.3343,12,-0.06,-7.856,-26.19,2.33,35.73,-0.00055816,4.0,
0826042251-BMTUSDT,V1_notrail,BMTUSDT,2026-08-26T04:22:52.496386+09:00,2026-08-28T04:23:37.907591+09:00,0.02015,0.02232,48.02,48h만기,-10.77,-6.462,-1.3343,12,-0.06,-7.856,-26.19,2.33,35.73,-0.00055816,4.0,
0827124116-BICOUSDT,V0_base,BICOUSDT,2026-08-27T12:41:16.501893+09:00,2026-08-28T12:39:24.855372+09:00,0.03022,0.02785,23.97,트레일링(최고18%→8%),7.84,4.705,-0.907,3,-0.06,3.738,12.46,18.43,3.77,-0.01138436,8.0,
0827124116-BICOUSDT,V2_hold24,BICOUSDT,2026-08-27T12:41:16.501911+09:00,2026-08-28T12:39:25.090315+09:00,0.03022,0.02785,23.97,트레일링(최고18%→8%),7.84,4.705,-0.907,3,-0.06,3.738,12.46,18.43,3.77,-0.01138436,8.0,
0827124116-BICOUSDT,V3_fund8h,BICOUSDT,2026-08-27T12:41:16.501916+09:00,2026-08-28T12:39:25.349083+09:00,0.03022,0.02785,23.97,트레일링(최고18%→8%),7.84,4.705,-0.907,3,-0.06,3.738,12.46,18.43,3.77,-0.01138436,8.0,
0827124116-BICOUSDT,V5_stop30,BICOUSDT,2026-08-27T12:41:16.501920+09:00,2026-08-28T12:39:25.603029+09:00,0.03022,0.02785,23.97,트레일링(최고18%→8%),7.84,4.705,-0.907,3,-0.06,3.738,12.46,18.43,3.77,-0.01138436,8.0,
0827130654-MOVRUSDT,V2_hold24,MOVRUSDT,2026-08-27T13:06:54.679044+09:00,2026-08-28T13:07:43.661008+09:00,0.8971,0.9625,24.01,24h만기,-7.29,-4.374,0.0083,6,-0.06,-4.426,-14.75,3.8,25.92,5e-05,4.0,
0828064845-BMTUSDT,V0_base,BMTUSDT,2026-08-28T06:48:46.249565+09:00,2026-08-28T13:48:37.246568+09:00,0.02879,0.0259,7.0,트레일링(최고20%→10%),10.04,6.023,-0.0199,2,-0.06,5.943,19.81,20.35,3.72,-0.0001709,4.0,
0828064845-BMTUSDT,V2_hold24,BMTUSDT,2026-08-28T06:48:46.249625+09:00,2026-08-28T13:48:37.542008+09:00,0.02879,0.0259,7.0,트레일링(최고20%→10%),10.04,6.023,-0.0199,2,-0.06,5.943,19.81,20.35,3.72,-0.0001709,4.0,
0828064845-BMTUSDT,V5_stop30,BMTUSDT,2026-08-28T06:48:46.249647+09:00,2026-08-28T13:48:37.826105+09:00,0.02879,0.0259,7.0,트레일링(최고20%→10%),10.04,6.023,-0.0199,2,-0.06,5.943,19.81,20.35,3.72,-0.0001709,4.0,
0826140404-PORTALUSDT,V0_base,PORTALUSDT,2026-08-26T14:04:05.229008+09:00,2026-08-28T14:04:23.484361+09:00,0.01899,0.0161,48.01,48h만기,15.22,9.131,-0.2549,12,-0.06,8.816,29.39,18.96,15.9,5e-05,4.0,
0827025414-EDENUSDT,V0_base,EDENUSDT,2026-08-27T02:54:15.091667+09:00,2026-08-28T14:04:23.733934+09:00,0.07193,0.06539,35.17,트레일링(최고19%→9%),9.09,5.455,-0.4037,9,-0.06,4.992,16.64,19.45,0.0,-0.00116167,4.0,
0826140404-PORTALUSDT,V1_notrail,PORTALUSDT,2026-08-26T14:04:05.229020+09:00,2026-08-28T14:04:24.084915+09:00,0.01899,0.0161,48.01,48h만기,15.22,9.131,-0.2549,12,-0.06,8.816,29.39,18.96,15.9,5e-05,4.0,
0826140404-PORTALUSDT,V4_posfund,PORTALUSDT,2026-08-26T14:04:05.229032+09:00,2026-08-28T14:04:24.343334+09:00,0.01899,0.0161,48.01,48h만기,15.22,9.131,-0.2549,12,-0.06,8.816,29.39,18.96,15.9,5e-05,4.0,
0826140404-PORTALUSDT,V5_stop30,PORTALUSDT,2026-08-26T14:04:05.229036+09:00,2026-08-28T14:04:24.599872+09:00,0.01899,0.0161,48.01,48h만기,15.22,9.131,-0.2549,12,-0.06,8.816,29.39,18.96,15.9,5e-05,4.0,
0827025414-EDENUSDT,V5_stop30,EDENUSDT,2026-08-27T02:54:15.091685+09:00,2026-08-28T14:04:24.867128+09:00,0.07193,0.06539,35.17,트레일링(최고19%→9%),9.09,5.455,-0.4037,9,-0.06,4.992,16.64,19.45,0.0,-0.00116167,4.0,
0827174003-BEAMXUSDT,V2_hold24,BEAMXUSDT,2026-08-27T17:40:03.842260+09:00,2026-08-28T17:41:40.623331+09:00,0.001931,0.001658,24.03,24h만기,14.14,8.483,0.018,6,-0.06,8.441,28.14,14.45,1.92,5e-05,4.0,
0826180930-PUMPBTCUSDT,V1_notrail,PUMPBTCUSDT,2026-08-26T18:09:30.567165+09:00,2026-08-28T18:10:03.915169+09:00,0.01416,0.01183,48.01,48h만기,16.45,9.873,0.0863,12,-0.06,9.899,33.0,17.09,3.53,0.00031586,4.0,
0828152631-龙虾USDT,V5_stop30,龙虾USDT,2026-08-28T15:26:32.106488+09:00,2026-08-28T20:06:29.528321+09:00,0.04386,0.057493,4.67,스탑-30%,-31.08,-18.65,0.0316,1,-0.06,-18.678,-62.26,1.43,31.08,0.00025936,4.0,
0828152631-龙虾USDT,V0_base,龙虾USDT,2026-08-28T15:26:32.106437+09:00,2026-08-28T23:53:14.442715+09:00,0.04386,0.061763,8.45,스탑-40%,-40.82,-24.491,0.0982,2,-0.06,-24.453,-81.51,1.43,40.82,0.00025936,4.0,
0828152631-龙虾USDT,V1_notrail,龙虾USDT,2026-08-28T15:26:32.106458+09:00,2026-08-28T23:53:15.032769+09:00,0.04386,0.061763,8.45,스탑-40%,-40.82,-24.491,0.0982,2,-0.06,-24.453,-81.51,1.43,40.82,0.00025936,4.0,
0828152631-龙虾USDT,V2_hold24,龙虾USDT,2026-08-28T15:26:32.106471+09:00,2026-08-28T23:53:15.517552+09:00,0.04386,0.061763,8.45,스탑-40%,-40.82,-24.491,0.0982,2,-0.06,-24.453,-81.51,1.43,40.82,0.00025936,4.0,
0828152631-龙虾USDT,V4_posfund,龙虾USDT,2026-08-28T15:26:32.106485+09:00,2026-08-28T23:53:16.072522+09:00,0.04386,0.061763,8.45,스탑-40%,-40.82,-24.491,0.0982,2,-0.06,-24.453,-81.51,1.43,40.82,0.00025936,4.0,
0827003208-BICOUSDT,V1_notrail,BICOUSDT,2026-08-27T00:32:08.554988+09:00,2026-08-29T00:32:13.309956+09:00,0.02697,0.02338,48.0,48h만기,13.31,7.987,-2.2382,6,-0.06,5.688,18.96,16.98,16.28,-0.00131532,8.0,
0827025102-BTRUSDT,V0_base,BTRUSDT,2026-08-27T02:51:03.233683+09:00,2026-08-29T02:51:33.596791+09:00,0.13566,0.16106,48.01,48h만기,-18.72,-11.234,0.3892,12,-0.06,-10.905,-36.35,6.88,30.66,0.00099795,4.0,
0827025102-BTRUSDT,V1_notrail,BTRUSDT,2026-08-27T02:51:03.233696+09:00,2026-08-29T02:51:33.851309+09:00,0.13566,0.16106,48.01,48h만기,-18.72,-11.234,0.3892,12,-0.06,-10.905,-36.35,6.88,30.66,0.00099795,4.0,
0827025102-BTRUSDT,V4_posfund,BTRUSDT,2026-08-27T02:51:03.233705+09:00,2026-08-29T02:51:34.104126+09:00,0.13566,0.16106,48.01,48h만기,-18.72,-11.234,0.3892,12,-0.06,-10.905,-36.35,6.88,30.66,0.00099795,4.0,
0827025414-EDENUSDT,V1_notrail,EDENUSDT,2026-08-27T02:54:15.091677+09:00,2026-08-29T02:54:39.713103+09:00,0.07193,0.07047,48.01,48h만기,2.03,1.218,-0.4135,12,-0.06,0.744,2.48,19.45,4.16,-0.00116167,4.0,
0828090350-SKRUSDT,V2_hold24,SKRUSDT,2026-08-28T09:03:50.568736+09:00,2026-08-29T09:06:28.314689+09:00,0.012152,0.00927,24.05,24h만기,23.72,14.23,-0.2884,6,-0.06,13.881,46.27,26.6,2.93,-5.49e-06,4.0,
0827103605-ARIAUSDT,V1_notrail,ARIAUSDT,2026-08-27T10:36:06.103597+09:00,2026-08-29T11:14:53.458396+09:00,0.04677,0.03237,48.65,48h만기,30.79,18.473,0.036,12,-0.06,18.449,61.5,31.82,14.24,0.0003198,4.0,
0827130654-MOVRUSDT,V0_base,MOVRUSDT,2026-08-27T13:06:54.679026+09:00,2026-08-29T13:08:13.556163+09:00,0.8971,0.7697,48.02,48h만기,14.2,8.521,-0.0098,12,-0.06,8.451,28.17,14.89,25.92,5e-05,4.0,
0827130654-MOVRUSDT,V1_notrail,MOVRUSDT,2026-08-27T13:06:54.679041+09:00,2026-08-29T13:08:14.100389+09:00,0.8971,0.7697,48.02,48h만기,14.2,8.521,-0.0098,12,-0.06,8.451,28.17,14.89,25.92,5e-05,4.0,
0827130654-MOVRUSDT,V4_posfund,MOVRUSDT,2026-08-27T13:06:54.679048+09:00,2026-08-29T13:08:14.578472+09:00,0.8971,0.7697,48.02,48h만기,14.2,8.521,-0.0098,12,-0.06,8.451,28.17,14.89,25.92,5e-05,4.0,
0827130654-MOVRUSDT,V5_stop30,MOVRUSDT,2026-08-27T13:06:54.679050+09:00,2026-08-29T13:08:15.138367+09:00,0.8971,0.7697,48.02,48h만기,14.2,8.521,-0.0098,12,-0.06,8.451,28.17,14.89,25.92,5e-05,4.0,
0828090350-SKRUSDT,V0_base,SKRUSDT,2026-08-28T09:03:50.568722+09:00,2026-08-29T14:41:13.218728+09:00,0.012152,0.010135,29.63,트레일링(최고27%→17%),16.6,9.959,-0.3213,7,-0.06,9.578,31.93,26.6,2.93,-5.49e-06,4.0,
0828090350-SKRUSDT,V5_stop30,SKRUSDT,2026-08-28T09:03:50.568742+09:00,2026-08-29T14:41:13.750895+09:00,0.012152,0.010135,29.63,트레일링(최고27%→17%),16.6,9.959,-0.3213,7,-0.06,9.578,31.93,26.6,2.93,-5.49e-06,4.0,
0829072058-AKEUSDT,V0_base,AKEUSDT,2026-08-29T07:20:58.615515+09:00,2026-08-29T15:57:17.098801+09:00,0.010473,0.009367,8.61,트레일링(최고21%→11%),10.56,6.336,0.0332,2,-0.06,6.309,21.03,21.03,10.93,0.00019371,4.0,
0829072058-AKEUSDT,V2_hold24,AKEUSDT,2026-08-29T07:20:58.615532+09:00,2026-08-29T15:57:17.597889+09:00,0.010473,0.009367,8.61,트레일링(최고21%→11%),10.56,6.336,0.0332,2,-0.06,6.309,21.03,21.03,10.93,0.00019371,4.0,
0829072058-AKEUSDT,V4_posfund,AKEUSDT,2026-08-29T07:20:58.615537+09:00,2026-08-29T15:57:18.103727+09:00,0.010473,0.009367,8.61,트레일링(최고21%→11%),10.56,6.336,0.0332,2,-0.06,6.309,21.03,21.03,10.93,0.00019371,4.0,
0829072058-AKEUSDT,V5_stop30,AKEUSDT,2026-08-29T07:20:58.615538+09:00,2026-08-29T15:57:18.576990+09:00,0.010473,0.009367,8.61,트레일링(최고21%→11%),10.56,6.336,0.0332,2,-0.06,6.309,21.03,21.03,10.93,0.00019371,4.0,
0827162936-TACUSDT,V1_notrail,TACUSDT,2026-08-27T16:29:36.859703+09:00,2026-08-29T16:29:43.929909+09:00,0.006009,0.002338,48.0,48h만기,61.09,36.655,-0.0719,12,-0.06,36.523,121.74,62.56,33.22,0.00011259,4.0,
0827174003-BEAMXUSDT,V0_base,BEAMXUSDT,2026-08-27T17:40:03.842238+09:00,2026-08-29T17:42:02.638110+09:00,0.001931,0.001606,48.03,48h만기,16.83,10.098,0.036,12,-0.06,10.074,33.58,19.16,1.92,5e-05,4.0,
0827174003-BEAMXUSDT,V1_notrail,BEAMXUSDT,2026-08-27T17:40:03.842256+09:00,2026-08-29T17:42:03.181067+09:00,0.001931,0.001606,48.03,48h만기,16.83,10.098,0.036,12,-0.06,10.074,33.58,19.16,1.92,5e-05,4.0,
0827174003-BEAMXUSDT,V4_posfund,BEAMXUSDT,2026-08-27T17:40:03.842272+09:00,2026-08-29T17:42:03.740386+09:00,0.001931,0.001606,48.03,48h만기,16.83,10.098,0.036,12,-0.06,10.074,33.58,19.16,1.92,5e-05,4.0,
0827174003-BEAMXUSDT,V5_stop30,BEAMXUSDT,2026-08-27T17:40:03.842275+09:00,2026-08-29T17:42:04.235363+09:00,0.001931,0.001606,48.03,48h만기,16.83,10.098,0.036,12,-0.06,10.074,33.58,19.16,1.71,5e-05,4.0,
0828184746-LIGHTUSDT,V2_hold24,LIGHTUSDT,2026-08-28T18:47:46.555815+09:00,2026-08-29T18:49:50.153482+09:00,0.2403,0.1967,24.04,24h만기,18.14,10.886,0.1105,6,-0.06,10.937,36.46,20.27,1.62,0.00036737,4.0,
0828184746-LIGHTUSDT,V0_base,LIGHTUSDT,2026-08-28T18:47:46.555797+09:00,2026-08-30T01:03:44.722048+09:00,0.2403,0.2176,30.27,트레일링(최고20%→9%),9.45,5.668,0.1372,8,-0.06,5.745,19.15,20.27,1.62,0.00036737,4.0,
0828184746-LIGHTUSDT,V4_posfund,LIGHTUSDT,2026-08-28T18:47:46.555821+09:00,2026-08-30T01:03:44.986986+09:00,0.2403,0.2176,30.27,트레일링(최고20%→9%),9.45,5.668,0.1372,8,-0.06,5.745,19.15,20.27,1.62,0.00036737,4.0,
0828184746-LIGHTUSDT,V5_stop30,LIGHTUSDT,2026-08-28T18:47:46.555823+09:00,2026-08-30T01:03:45.309291+09:00,0.2403,0.2176,30.27,트레일링(최고20%→9%),9.45,5.668,0.1372,8,-0.06,5.745,19.15,20.27,1.62,0.00036737,4.0,
0829031312-DEXEUSDT,V2_hold24,DEXEUSDT,2026-08-29T03:13:12.804138+09:00,2026-08-30T03:14:56.804205+09:00,2.541,2.378,24.03,24h만기,6.41,3.849,-0.1794,6,-0.06,3.61,12.03,13.26,5.55,-0.0001831,4.0,
0829215355-BTRUSDT,V0_base,BTRUSDT,2026-08-29T21:53:56.215707+09:00,2026-08-30T03:47:01.186050+09:00,0.21289,0.18256,5.89,트레일링(최고25%→14%),14.25,8.548,0.0228,1,-0.06,8.511,28.37,24.71,0.0,0.0005493,4.0,
0829215355-BTRUSDT,V2_hold24,BTRUSDT,2026-08-29T21:53:56.215978+09:00,2026-08-30T03:47:01.477810+09:00,0.21289,0.18256,5.89,트레일링(최고25%→14%),14.25,8.548,0.0228,1,-0.06,8.511,28.37,24.71,0.0,0.0005493,4.0,
0829215355-BTRUSDT,V4_posfund,BTRUSDT,2026-08-29T21:53:56.215986+09:00,2026-08-30T03:47:01.717519+09:00,0.21289,0.18256,5.89,트레일링(최고25%→14%),14.25,8.548,0.0228,1,-0.06,8.511,28.37,24.71,0.0,0.0005493,4.0,
0829215355-BTRUSDT,V5_stop30,BTRUSDT,2026-08-29T21:53:56.215990+09:00,2026-08-30T03:47:01.960213+09:00,0.21289,0.18256,5.89,트레일링(최고25%→14%),14.25,8.548,0.0228,1,-0.06,8.511,28.37,24.71,0.0,0.0005493,4.0,
0828064845-BMTUSDT,V1_notrail,BMTUSDT,2026-08-28T06:48:46.249612+09:00,2026-08-30T06:50:27.829825+09:00,0.02879,0.02228,48.03,48h만기,22.61,13.567,-0.1164,12,-0.06,13.391,44.64,26.26,3.72,-0.0001709,4.0,
0828090350-SKRUSDT,V1_notrail,SKRUSDT,2026-08-28T09:03:50.568733+09:00,2026-08-30T09:03:48.864964+09:00,0.012152,0.01103,48.0,48h만기,9.23,5.54,-0.4413,12,-0.06,5.039,16.8,26.6,2.93,-5.49e-06,4.0,
0829190928-4USDT,V5_stop30,4USDT,2026-08-29T19:09:29.134356+09:00,2026-08-30T13:59:55.458505+09:00,0.015864,0.02153,18.84,스탑-30%,-35.72,-21.43,0.2779,5,-0.06,-21.212,-70.71,0.95,35.72,0.00011359,4.0,
0828184746-LIGHTUSDT,V1_notrail,LIGHTUSDT,2026-08-28T18:47:46.555811+09:00,2026-08-30T18:48:48.996806+09:00,0.2403,0.1957,48.02,48h만기,18.56,11.136,0.1591,12,-0.06,11.235,37.45,20.27,1.62,0.00036737,4.0,
0829190928-4USDT,V2_hold24,4USDT,2026-08-29T19:09:29.134338+09:00,2026-08-30T19:10:52.302673+09:00,0.015864,0.019291,24.03,24h만기,-21.6,-12.961,0.3161,6,-0.06,-12.705,-42.35,0.95,35.72,0.00011359,4.0,
0830164540-ZKCUSDT,V5_stop30,ZKCUSDT,2026-08-30T16:45:41.156669+09:00,2026-08-30T19:52:01.413965+09:00,0.05208,0.06771,3.11,스탑-30%,-30.01,-18.007,-0.5307,1,-0.06,-18.598,-61.99,2.73,30.01,-0.00078169,4.0,
0829215711-TACUSDT,V2_hold24,TACUSDT,2026-08-29T21:57:12.523872+09:00,2026-08-30T21:59:50.230508+09:00,0.002975,0.002389,24.05,24h만기,19.7,11.818,0.018,6,-0.06,11.776,39.25,23.66,0.0,5e-05,4.0,
0830012306-PROMUSDT,V2_hold24,PROMUSDT,2026-08-30T01:23:06.876469+09:00,2026-08-31T01:23:36.008856+09:00,6.502,6.992,24.01,24h만기,-7.54,-4.522,0.0035,6,-0.06,-4.578,-15.26,7.87,19.56,5e-05,4.0,
0830143803-SKRUSDT,V5_stop30,SKRUSDT,2026-08-30T14:38:04.037519+09:00,2026-08-31T02:14:13.155431+09:00,0.013722,0.01785,11.61,스탑-30%,-30.08,-18.05,-0.9122,3,-0.06,-19.022,-63.41,6.32,30.08,-0.00044526,4.0,
0829031312-DEXEUSDT,V0_base,DEXEUSDT,2026-08-29T03:13:12.804104+09:00,2026-08-31T03:14:49.850520+09:00,2.541,2.266,48.03,48h만기,10.82,6.494,-0.164,12,-0.06,6.269,20.9,13.26,5.55,-0.0001831,4.0,
0829031312-DEXEUSDT,V1_notrail,DEXEUSDT,2026-08-29T03:13:12.804133+09:00,2026-08-31T03:14:50.137131+09:00,2.541,2.266,48.03,48h만기,10.82,6.494,-0.164,12,-0.06,6.269,20.9,13.26,5.55,-0.0001831,4.0,
0829031312-DEXEUSDT,V5_stop30,DEXEUSDT,2026-08-29T03:13:12.804145+09:00,2026-08-31T03:14:50.410062+09:00,2.541,2.266,48.03,48h만기,10.82,6.494,-0.164,12,-0.06,6.269,20.9,13.26,5.55,-0.0001831,4.0,
0830143803-SKRUSDT,V0_base,SKRUSDT,2026-08-30T14:38:04.037497+09:00,2026-08-31T03:43:31.006492+09:00,0.013722,0.019233,13.09,스탑-40%,-40.16,-24.097,-0.9122,3,-0.06,-25.069,-83.56,6.32,40.16,-0.00044526,4.0,
0830143803-SKRUSDT,V1_notrail,SKRUSDT,2026-08-30T14:38:04.037510+09:00,2026-08-31T03:43:31.280687+09:00,0.013722,0.019233,13.09,스탑-40%,-40.16,-24.097,-0.9122,3,-0.06,-25.069,-83.56,6.32,40.16,-0.00044526,4.0,
0830143803-SKRUSDT,V2_hold24,SKRUSDT,2026-08-30T14:38:04.037514+09:00,2026-08-31T03:43:31.541360+09:00,0.013722,0.019233,13.09,스탑-40%,-40.16,-24.097,-0.9122,3,-0.06,-25.069,-83.56,6.32,40.16,-0.00044526,4.0,
0829072058-AKEUSDT,V1_notrail,AKEUSDT,2026-08-29T07:20:58.615529+09:00,2026-08-31T07:23:05.025098+09:00,0.010473,0.007849,48.04,48h만기,25.05,15.033,0.0552,12,-0.06,15.028,50.09,25.57,10.93,0.00019371,4.0,
0831050932-SKRUSDT,V0_base,SKRUSDT,2026-08-31T05:09:32.581896+09:00,2026-08-31T10:43:59.729439+09:00,0.021355,0.029993,5.58,스탑-40%,-40.45,-24.27,-1.4964,2,-0.06,-25.826,-86.09,2.64,40.45,-0.00949166,4.0,
0831050932-SKRUSDT,V1_notrail,SKRUSDT,2026-08-31T05:09:32.581912+09:00,2026-08-31T10:44:00.047346+09:00,0.021355,0.029993,5.58,스탑-40%,-40.45,-24.27,-1.4964,2,-0.06,-25.826,-86.09,2.64,40.45,-0.00949166,4.0,
0831050932-SKRUSDT,V2_hold24,SKRUSDT,2026-08-31T05:09:32.581917+09:00,2026-08-31T10:44:00.370468+09:00,0.021355,0.029993,5.58,스탑-40%,-40.45,-24.27,-1.4964,2,-0.06,-25.826,-86.09,2.64,40.45,-0.00949166,4.0,
0831050932-SKRUSDT,V5_stop30,SKRUSDT,2026-08-31T05:09:32.581923+09:00,2026-08-31T10:44:00.713430+09:00,0.021355,0.029993,5.58,스탑-30%,-40.45,-24.27,-1.4964,2,-0.06,-25.826,-86.09,2.64,40.45,-0.00949166,4.0,
0831033057-牛来USDT,V0_base,牛来USDT,2026-08-31T03:30:58.090485+09:00,2026-08-31T10:50:12.436884+09:00,0.12958,0.11231,7.32,트레일링(최고25%→13%),13.33,7.997,0.0889,2,-0.06,8.026,26.75,24.67,4.6,0.00062903,4.0,
0831033057-牛来USDT,V2_hold24,牛来USDT,2026-08-31T03:30:58.090500+09:00,2026-08-31T10:50:12.698674+09:00,0.12958,0.11231,7.32,트레일링(최고25%→13%),13.33,7.997,0.0889,2,-0.06,8.026,26.75,24.67,4.6,0.00062903,4.0,
0831033057-牛来USDT,V4_posfund,牛来USDT,2026-08-31T03:30:58.090506+09:00,2026-08-31T10:50:12.950058+09:00,0.12958,0.11231,7.32,트레일링(최고25%→13%),13.33,7.997,0.0889,2,-0.06,8.026,26.75,24.67,4.6,0.00062903,4.0,
0831033057-牛来USDT,V5_stop30,牛来USDT,2026-08-31T03:30:58.090509+09:00,2026-08-31T10:50:13.191697+09:00,0.12958,0.11231,7.32,트레일링(최고25%→13%),13.33,7.997,0.0889,2,-0.06,8.026,26.75,24.67,4.6,0.00062903,4.0,
0830164540-ZKCUSDT,V2_hold24,ZKCUSDT,2026-08-30T16:45:41.156664+09:00,2026-08-31T16:47:27.182218+09:00,0.05208,0.05645,24.03,24h만기,-8.39,-5.035,-3.4126,21,-0.06,-8.507,-28.36,2.73,33.08,-0.00078169,4.0,
0829190928-4USDT,V0_base,4USDT,2026-08-29T19:09:29.134292+09:00,2026-08-31T19:11:34.312099+09:00,0.015864,0.015433,48.04,48h만기,2.72,1.63,0.4289,12,-0.06,1.999,6.66,13.16,35.72,0.00011359,4.0,
0829190928-4USDT,V1_notrail,4USDT,2026-08-29T19:09:29.134327+09:00,2026-08-31T19:11:34.657782+09:00,0.015864,0.015433,48.04,48h만기,2.72,1.63,0.4289,12,-0.06,1.999,6.66,13.16,35.72,0.00011359,4.0,
0829190928-4USDT,V4_posfund,4USDT,2026-08-29T19:09:29.134350+09:00,2026-08-31T19:11:34.957076+09:00,0.015864,0.015433,48.04,48h만기,2.72,1.63,0.4289,12,-0.06,1.999,6.66,13.16,35.72,0.00011359,4.0,
0829215355-BTRUSDT,V1_notrail,BTRUSDT,2026-08-29T21:53:56.215971+09:00,2026-08-31T21:56:09.968784+09:00,0.21289,0.09929,48.04,48h만기,53.36,32.017,0.2637,12,-0.06,32.22,107.4,60.79,0.0,0.0005493,4.0,
0829215711-TACUSDT,V0_base,TACUSDT,2026-08-29T21:57:12.523828+09:00,2026-08-31T21:59:14.530050+09:00,0.002975,0.002163,48.04,48h만기,27.29,16.376,0.036,12,-0.06,16.352,54.51,27.87,0.0,5e-05,4.0,
0829215711-TACUSDT,V1_notrail,TACUSDT,2026-08-29T21:57:12.523863+09:00,2026-08-31T21:59:14.786982+09:00,0.002975,0.002163,48.04,48h만기,27.29,16.376,0.036,12,-0.06,16.352,54.51,27.87,0.0,5e-05,4.0,
0829215711-TACUSDT,V4_posfund,TACUSDT,2026-08-29T21:57:12.523884+09:00,2026-08-31T21:59:15.090304+09:00,0.002975,0.002163,48.04,48h만기,27.29,16.376,0.036,12,-0.06,16.352,54.51,27.87,0.0,5e-05,4.0,
0829215711-TACUSDT,V5_stop30,TACUSDT,2026-08-29T21:57:12.523891+09:00,2026-08-31T21:59:15.345293+09:00,0.002975,0.002163,48.04,48h만기,27.29,16.376,0.036,12,-0.06,16.352,54.51,27.87,0.0,5e-05,4.0,
0830012306-PROMUSDT,V0_base,PROMUSDT,2026-08-30T01:23:06.876451+09:00,2026-09-01T01:23:15.751476+09:00,6.502,5.578,48.0,48h만기,14.21,8.527,0.0144,12,-0.06,8.481,28.27,15.69,19.56,5e-05,4.0,
0830012306-PROMUSDT,V1_notrail,PROMUSDT,2026-08-30T01:23:06.876465+09:00,2026-09-01T01:23:16.038618+09:00,6.502,5.578,48.0,48h만기,14.21,8.527,0.0144,12,-0.06,8.481,28.27,15.69,19.56,5e-05,4.0,
0830012306-PROMUSDT,V4_posfund,PROMUSDT,2026-08-30T01:23:06.876474+09:00,2026-09-01T01:23:16.388476+09:00,6.502,5.578,48.0,48h만기,14.21,8.527,0.0144,12,-0.06,8.481,28.27,15.69,19.56,5e-05,4.0,
0830012306-PROMUSDT,V5_stop30,PROMUSDT,2026-08-30T01:23:06.876476+09:00,2026-09-01T01:23:16.670360+09:00,6.502,5.578,48.0,48h만기,14.21,8.527,0.0144,12,-0.06,8.481,28.27,15.69,19.56,5e-05,4.0,
0831023631-TNSRUSDT,V2_hold24,TNSRUSDT,2026-08-31T02:36:32.098985+09:00,2026-09-01T02:37:19.739679+09:00,0.04497,0.03626,24.01,24h만기,19.37,11.621,-0.103,6,-0.06,11.458,38.19,19.81,0.0,-0.00041491,4.0,
0831063258-HEMIUSDT,V2_hold24,HEMIUSDT,2026-08-31T06:32:59.054118+09:00,2026-09-01T06:35:32.220335+09:00,0.013735,0.016553,24.04,24h만기,-20.52,-12.31,0.0409,6,-0.06,-12.329,-41.1,1.88,22.05,5e-05,4.0,
0831115844-ZORAUSDT,V2_hold24,ZORAUSDT,2026-08-31T11:58:44.841827+09:00,2026-09-01T12:01:20.460470+09:00,0.009428,0.008623,24.04,24h만기,8.54,5.123,-1.9631,6,-0.06,3.1,10.33,10.42,18.16,-0.00216469,4.0,
0831154155-FLOCKUSDT,V2_hold24,FLOCKUSDT,2026-08-31T15:41:56.015936+09:00,2026-09-01T15:42:47.836158+09:00,0.04397,0.03826,24.02,24h만기,12.99,7.792,-1.4421,6,-0.06,6.29,20.97,14.4,10.37,-0.0034675,4.0,
0830164540-ZKCUSDT,V0_base,ZKCUSDT,2026-08-30T16:45:41.156648+09:00,2026-09-01T16:46:23.558532+09:00,0.05208,0.05254,48.01,48h만기,-0.88,-0.53,-4.1894,45,-0.06,-4.779,-15.93,2.73,33.08,-0.00078169,4.0,
0830164540-ZKCUSDT,V1_notrail,ZKCUSDT,2026-08-30T16:45:41.156661+09:00,2026-09-01T16:46:23.901355+09:00,0.05208,0.05254,48.01,48h만기,-0.88,-0.53,-4.1894,45,-0.06,-4.779,-15.93,2.73,33.08,-0.00078169,4.0,
0901171459-BTRUSDT,V0_base,BTRUSDT,2026-09-01T17:14:59.826425+09:00,2026-09-02T01:01:19.837742+09:00,0.17123,0.10349,7.77,트레일링(최고52%→40%),39.56,23.736,-0.0098,2,-0.06,23.667,78.89,51.7,0.0,5e-05,4.0,
0901171459-BTRUSDT,V2_hold24,BTRUSDT,2026-09-01T17:14:59.826444+09:00,2026-09-02T01:01:20.408032+09:00,0.17123,0.10349,7.77,트레일링(최고52%→40%),39.56,23.736,-0.0098,2,-0.06,23.667,78.89,51.7,0.0,5e-05,4.0,
0901171459-BTRUSDT,V4_posfund,BTRUSDT,2026-09-01T17:14:59.826451+09:00,2026-09-02T01:01:21.002077+09:00,0.17123,0.10349,7.77,트레일링(최고52%→40%),39.56,23.736,-0.0098,2,-0.06,23.667,78.89,51.7,0.0,5e-05,4.0,
0901171459-BTRUSDT,V5_stop30,BTRUSDT,2026-09-01T17:14:59.826453+09:00,2026-09-02T01:01:21.564335+09:00,0.17123,0.10349,7.77,트레일링(최고52%→40%),39.56,23.736,-0.0098,2,-0.06,23.667,78.89,51.7,0.0,5e-05,4.0,
0901014457-SKRUSDT,V2_hold24,SKRUSDT,2026-09-01T01:44:58.055502+09:00,2026-09-02T01:45:18.441403+09:00,0.029886,0.023235,24.01,24h만기,22.25,13.353,-5.4691,24,-0.06,7.824,26.08,22.8,6.29,-0.00687968,1.0,
0902013210-龙虾USDT,V0_base,龙虾USDT,2026-09-02T01:32:11.162588+09:00,2026-09-02T02:25:19.630966+09:00,0.086147,0.0711,0.89,트레일링(최고31%→17%),17.47,10.48,0.0,0,-0.06,10.42,34.73,31.41,0.58,0.00037054,4.0,
0901022503-USELESSUSDT,V2_hold24,USELESSUSDT,2026-09-01T02:25:03.448561+09:00,2026-09-02T02:25:20.140326+09:00,0.08828,0.10362,24.01,24h만기,-17.38,-10.426,-0.0597,6,-0.06,-10.546,-35.15,0.56,18.92,2.962e-05,4.0,
0902013210-龙虾USDT,V2_hold24,龙虾USDT,2026-09-02T01:32:11.162631+09:00,2026-09-02T02:25:20.631342+09:00,0.086147,0.0711,0.89,트레일링(최고31%→17%),17.47,10.48,0.0,0,-0.06,10.42,34.73,31.41,0.58,0.00037054,4.0,
0902013210-龙虾USDT,V4_posfund,龙虾USDT,2026-09-02T01:32:11.162639+09:00,2026-09-02T02:25:21.150442+09:00,0.086147,0.0711,0.89,트레일링(최고31%→17%),17.47,10.48,0.0,0,-0.06,10.42,34.73,31.41,0.58,0.00037054,4.0,
0902013210-龙虾USDT,V5_stop30,龙虾USDT,2026-09-02T01:32:11.162644+09:00,2026-09-02T02:25:21.687337+09:00,0.086147,0.0711,0.89,트레일링(최고31%→17%),17.47,10.48,0.0,0,-0.06,10.42,34.73,31.41,0.58,0.00037054,4.0,
0831023631-TNSRUSDT,V0_base,TNSRUSDT,2026-08-31T02:36:32.098948+09:00,2026-09-02T02:38:46.650178+09:00,0.04497,0.0345,48.04,48h만기,23.28,13.969,-0.085,12,-0.06,13.824,46.08,24.1,0.0,-0.00041491,4.0,
0831023631-TNSRUSDT,V1_notrail,TNSRUSDT,2026-08-31T02:36:32.098980+09:00,2026-09-02T02:38:47.207740+09:00,0.04497,0.0345,48.04,48h만기,23.28,13.969,-0.085,12,-0.06,13.824,46.08,24.1,0.0,-0.00041491,4.0,
0831023631-TNSRUSDT,V5_stop30,TNSRUSDT,2026-08-31T02:36:32.098992+09:00,2026-09-02T02:38:47.730301+09:00,0.04497,0.0345,48.04,48h만기,23.28,13.969,-0.085,12,-0.06,13.824,46.08,24.1,0.0,-0.00041491,4.0,
0831033057-牛来USDT,V1_notrail,牛来USDT,2026-08-31T03:30:58.090497+09:00,2026-09-02T03:31:22.526166+09:00,0.12958,0.078,48.01,48h만기,39.81,23.883,0.3166,12,-0.06,24.14,80.47,40.4,4.6,0.00062903,4.0,
0901022503-USELESSUSDT,V5_stop30,USELESSUSDT,2026-09-01T02:25:03.448568+09:00,2026-09-02T03:54:00.020483+09:00,0.08828,0.11532,25.48,스탑-30%,-30.63,-18.378,-0.0597,6,-0.06,-18.498,-61.66,0.56,30.63,2.962e-05,4.0,
0831063258-HEMIUSDT,V0_base,HEMIUSDT,2026-08-31T06:32:59.054100+09:00,2026-09-02T06:33:57.248923+09:00,0.013735,0.014797,48.02,48h만기,-7.73,-4.639,0.0627,12,-0.06,-4.637,-15.46,1.88,22.05,5e-05,4.0,
0831063258-HEMIUSDT,V1_notrail,HEMIUSDT,2026-08-31T06:32:59.054114+09:00,2026-09-02T06:33:57.822895+09:00,0.013735,0.014797,48.02,48h만기,-7.73,-4.639,0.0627,12,-0.06,-4.637,-15.46,1.88,22.05,5e-05,4.0,
0831063258-HEMIUSDT,V4_posfund,HEMIUSDT,2026-08-31T06:32:59.054124+09:00,2026-09-02T06:33:58.372394+09:00,0.013735,0.014797,48.02,48h만기,-7.73,-4.639,0.0627,12,-0.06,-4.637,-15.46,1.88,22.05,5e-05,4.0,
0831063258-HEMIUSDT,V5_stop30,HEMIUSDT,2026-08-31T06:32:59.054126+09:00,2026-09-02T06:33:58.973147+09:00,0.013735,0.014797,48.02,48h만기,-7.73,-4.639,0.0627,12,-0.06,-4.637,-15.46,1.88,22.05,5e-05,4.0,
0901014457-SKRUSDT,V0_base,SKRUSDT,2026-09-01T01:44:58.055482+09:00,2026-09-02T11:34:25.454067+09:00,0.029886,0.022494,33.83,트레일링(최고35%→25%),24.73,14.84,-6.1408,34,-0.06,8.64,28.8,35.23,6.29,-0.00687968,1.0,
0901014457-SKRUSDT,V5_stop30,SKRUSDT,2026-09-01T01:44:58.055510+09:00,2026-09-02T11:34:25.928306+09:00,0.029886,0.022494,33.83,트레일링(최고35%→25%),24.73,14.84,-6.1408,34,-0.06,8.64,28.8,35.23,6.29,-0.00687968,1.0,
0831115844-ZORAUSDT,V0_base,ZORAUSDT,2026-08-31T11:58:44.841811+09:00,2026-09-02T12:00:19.760324+09:00,0.009428,0.00786,48.03,48h만기,16.63,9.979,-2.3155,12,-0.06,7.603,25.34,21.09,18.16,-0.00216469,4.0,
0831115844-ZORAUSDT,V1_notrail,ZORAUSDT,2026-08-31T11:58:44.841824+09:00,2026-09-02T12:00:20.308479+09:00,0.009428,0.00786,48.03,48h만기,16.63,9.979,-2.3155,12,-0.06,7.603,25.34,21.09,18.16,-0.00216469,4.0,
0831115844-ZORAUSDT,V5_stop30,ZORAUSDT,2026-08-31T11:58:44.841834+09:00,2026-09-02T12:00:20.830208+09:00,0.009428,0.00786,48.03,48h만기,16.63,9.979,-2.3155,12,-0.06,7.603,25.34,21.09,18.16,-0.00216469,4.0,
0902112447-HEMIUSDT,V0_base,HEMIUSDT,2026-09-02T11:24:48.050246+09:00,2026-09-02T13:17:47.991618+09:00,0.019998,0.013629,1.89,트레일링(최고44%→32%),31.85,19.109,0.0036,1,-0.06,19.052,63.51,43.53,10.75,5e-05,4.0,
0902112447-HEMIUSDT,V2_hold24,HEMIUSDT,2026-09-02T11:24:48.050904+09:00,2026-09-02T13:17:48.529806+09:00,0.019998,0.013629,1.89,트레일링(최고44%→32%),31.85,19.109,0.0036,1,-0.06,19.052,63.51,43.53,10.75,5e-05,4.0,
0902112447-HEMIUSDT,V4_posfund,HEMIUSDT,2026-09-02T11:24:48.050918+09:00,2026-09-02T13:17:49.149050+09:00,0.019998,0.013629,1.89,트레일링(최고44%→32%),31.85,19.109,0.0036,1,-0.06,19.052,63.51,43.53,10.75,5e-05,4.0,
0902112447-HEMIUSDT,V5_stop30,HEMIUSDT,2026-09-02T11:24:48.050925+09:00,2026-09-02T13:17:49.724970+09:00,0.019998,0.013629,1.89,트레일링(최고44%→32%),31.85,19.109,0.0036,1,-0.06,19.052,63.51,43.53,10.75,5e-05,4.0,
0831154155-FLOCKUSDT,V0_base,FLOCKUSDT,2026-08-31T15:41:56.015737+09:00,2026-09-02T15:43:27.295877+09:00,0.04397,0.03437,48.03,48h만기,21.83,13.1,-1.6522,12,-0.06,11.388,37.96,22.65,10.37,-0.0034675,4.0,
0831154155-FLOCKUSDT,V1_notrail,FLOCKUSDT,2026-08-31T15:41:56.015747+09:00,2026-09-02T15:43:27.818613+09:00,0.04397,0.03437,48.03,48h만기,21.83,13.1,-1.6522,12,-0.06,11.388,37.96,22.65,10.37,-0.0034675,4.0,
0831154155-FLOCKUSDT,V5_stop30,FLOCKUSDT,2026-08-31T15:41:56.015943+09:00,2026-09-02T15:43:28.334421+09:00,0.04397,0.03437,48.03,48h만기,21.83,13.1,-1.6522,12,-0.06,11.388,37.96,22.65,10.37,-0.0034675,4.0,
0901195755-ONGUSDT,V2_hold24,ONGUSDT,2026-09-01T19:57:56.168637+09:00,2026-09-02T20:00:49.031547+09:00,0.1206,0.09813,24.05,24h만기,18.63,11.179,-2.6369,25,-0.06,8.482,28.27,19.05,0.0,-0.00446307,1.0,
0901022503-USELESSUSDT,V0_base,USELESSUSDT,2026-09-01T02:25:03.448547+09:00,2026-09-03T01:07:56.708935+09:00,0.08828,0.12508,46.72,스탑-40%,-41.69,-25.011,-0.0854,12,-0.06,-25.157,-83.86,2.41,41.69,2.962e-05,4.0,
0901022503-USELESSUSDT,V1_notrail,USELESSUSDT,2026-09-01T02:25:03.448558+09:00,2026-09-03T01:07:57.213154+09:00,0.08828,0.12508,46.72,스탑-40%,-41.69,-25.011,-0.0854,12,-0.06,-25.157,-83.86,2.41,41.69,2.962e-05,4.0,
0901022503-USELESSUSDT,V4_posfund,USELESSUSDT,2026-09-01T02:25:03.448566+09:00,2026-09-03T01:07:57.694301+09:00,0.08828,0.12508,46.72,스탑-40%,-41.69,-25.011,-0.0854,12,-0.06,-25.157,-83.86,0.56,41.69,2.962e-05,4.0,
0901014457-SKRUSDT,V1_notrail,SKRUSDT,2026-09-01T01:44:58.055497+09:00,2026-09-03T01:46:44.623261+09:00,0.029886,0.024171,48.03,48h만기,19.12,11.474,-6.8006,48,-0.06,4.613,15.38,35.23,6.29,-0.00687968,1.0,
0903010138-AKEUSDT,V5_stop30,AKEUSDT,2026-09-03T01:01:38.859104+09:00,2026-09-03T02:02:57.319835+09:00,0.010485,0.013792,1.02,스탑-30%,-31.54,-18.924,0.0,0,-0.06,-18.984,-63.28,0.0,31.54,0.00031125,4.0,
0903010138-AKEUSDT,V0_base,AKEUSDT,2026-09-03T01:01:38.858674+09:00,2026-09-03T02:41:45.523894+09:00,0.010485,0.014804,1.67,스탑-40%,-41.19,-24.715,0.0,0,-0.06,-24.775,-82.58,0.0,41.19,0.00031125,4.0,
0903010138-AKEUSDT,V1_notrail,AKEUSDT,2026-09-03T01:01:38.858710+09:00,2026-09-03T02:41:46.030206+09:00,0.010485,0.014804,1.67,스탑-40%,-41.19,-24.715,0.0,0,-0.06,-24.775,-82.58,0.0,41.19,0.00031125,4.0,
0903010138-AKEUSDT,V2_hold24,AKEUSDT,2026-09-03T01:01:38.859088+09:00,2026-09-03T02:41:46.501229+09:00,0.010485,0.014804,1.67,스탑-40%,-41.19,-24.715,0.0,0,-0.06,-24.775,-82.58,0.0,41.19,0.00031125,4.0,
0903010138-AKEUSDT,V4_posfund,AKEUSDT,2026-09-03T01:01:38.859098+09:00,2026-09-03T02:41:46.996872+09:00,0.010485,0.014804,1.67,스탑-40%,-41.19,-24.715,0.0,0,-0.06,-24.775,-82.58,0.0,41.19,0.00031125,4.0,
0902055824-UAIUSDT,V2_hold24,UAIUSDT,2026-09-02T05:58:25.299554+09:00,2026-09-03T05:59:29.458096+09:00,0.5679,0.4817,24.02,24h만기,15.18,9.107,0.1669,6,-0.06,9.214,30.71,15.3,4.46,0.00048535,4.0,
0903045439-BULLAUSDT,V0_base,BULLAUSDT,2026-09-03T04:54:40.342051+09:00,2026-09-03T08:46:23.641054+09:00,0.025557,0.021664,3.86,트레일링(최고26%→15%),15.23,9.14,0.0141,1,-0.06,9.094,30.31,26.32,13.19,5e-05,4.0,
0903045439-BULLAUSDT,V2_hold24,BULLAUSDT,2026-09-03T04:54:40.342104+09:00,2026-09-03T08:46:24.135419+09:00,0.025557,0.021664,3.86,트레일링(최고26%→15%),15.23,9.14,0.0141,1,-0.06,9.094,30.31,26.32,13.19,5e-05,4.0,
0903045439-BULLAUSDT,V4_posfund,BULLAUSDT,2026-09-03T04:54:40.342122+09:00,2026-09-03T08:46:24.656022+09:00,0.025557,0.021664,3.86,트레일링(최고26%→15%),15.23,9.14,0.0141,1,-0.06,9.094,30.31,26.32,13.19,5e-05,4.0,
0903045439-BULLAUSDT,V5_stop30,BULLAUSDT,2026-09-03T04:54:40.342171+09:00,2026-09-03T08:46:25.227332+09:00,0.025557,0.021664,3.86,트레일링(최고26%→15%),15.23,9.14,0.0141,1,-0.06,9.094,30.31,26.32,13.19,5e-05,4.0,
0902055824-UAIUSDT,V0_base,UAIUSDT,2026-09-02T05:58:25.298918+09:00,2026-09-03T16:16:41.064099+09:00,0.5679,0.3643,34.31,트레일링(최고46%→36%),35.85,21.511,0.1809,8,-0.06,21.632,72.11,46.03,4.46,0.00048535,4.0,
0902055824-UAIUSDT,V4_posfund,UAIUSDT,2026-09-02T05:58:25.299571+09:00,2026-09-03T16:16:41.545890+09:00,0.5679,0.3643,34.31,트레일링(최고46%→36%),35.85,21.511,0.1809,8,-0.06,21.632,72.11,46.03,4.46,0.00048535,4.0,
0902055824-UAIUSDT,V5_stop30,UAIUSDT,2026-09-02T05:58:25.299581+09:00,2026-09-03T16:16:42.069568+09:00,0.5679,0.3643,34.31,트레일링(최고46%→36%),35.85,21.511,0.1809,8,-0.06,21.632,72.11,46.03,4.46,0.00048535,4.0,
0903135909-MARSCOINUSDT,V5_stop30,MARSCOINUSDT,2026-09-03T13:59:10.133191+09:00,2026-09-03T16:23:18.561896+09:00,0.08364,0.10911,2.41,스탑-30%,-30.45,-18.271,0.0,0,-0.06,-18.331,-61.1,0.77,30.45,0.00047417,4.0,
0901171459-BTRUSDT,V1_notrail,BTRUSDT,2026-09-01T17:14:59.826441+09:00,2026-09-03T17:15:43.284046+09:00,0.17123,0.04417,48.01,48h만기,74.2,44.523,-0.5748,12,-0.06,43.888,146.29,74.7,0.0,5e-05,4.0,
0902191912-TUSDT,V2_hold24,TUSDT,2026-09-02T19:19:13.518623+09:00,2026-09-03T19:19:20.787196+09:00,0.004964,0.004384,24.0,24h만기,11.68,7.01,-6.0829,23,-0.06,0.868,2.89,11.89,14.59,-0.00986414,4.0,
0901195755-ONGUSDT,V0_base,ONGUSDT,2026-09-01T19:57:56.168621+09:00,2026-09-03T20:00:22.656738+09:00,0.1206,0.09479,48.04,48h만기,21.4,12.841,-3.454,49,-0.06,9.327,31.09,23.52,0.0,-0.00446307,1.0,
0901195755-ONGUSDT,V1_notrail,ONGUSDT,2026-09-01T19:57:56.168634+09:00,2026-09-03T20:00:23.179787+09:00,0.1206,0.09479,48.04,48h만기,21.4,12.841,-3.454,49,-0.06,9.327,31.09,23.52,0.0,-0.00446307,1.0,
0901195755-ONGUSDT,V5_stop30,ONGUSDT,2026-09-01T19:57:56.168644+09:00,2026-09-03T20:00:23.736773+09:00,0.1206,0.09479,48.04,48h만기,21.4,12.841,-3.454,49,-0.06,9.327,31.09,23.52,0.0,-0.00446307,1.0,
0903135909-MARSCOINUSDT,V0_base,MARSCOINUSDT,2026-09-03T13:59:10.133159+09:00,2026-09-03T23:01:20.056188+09:00,0.08364,0.11735,9.04,스탑-40%,-40.3,-24.182,0.0905,2,-0.06,-24.152,-80.51,0.77,40.3,0.00047417,4.0,
0903135909-MARSCOINUSDT,V1_notrail,MARSCOINUSDT,2026-09-03T13:59:10.133174+09:00,2026-09-03T23:01:20.601508+09:00,0.08364,0.11735,9.04,스탑-40%,-40.3,-24.182,0.0905,2,-0.06,-24.152,-80.51,0.77,40.3,0.00047417,4.0,
0903135909-MARSCOINUSDT,V2_hold24,MARSCOINUSDT,2026-09-03T13:59:10.133180+09:00,2026-09-03T23:01:21.063270+09:00,0.08364,0.11735,9.04,스탑-40%,-40.3,-24.182,0.0905,2,-0.06,-24.152,-80.51,0.77,40.3,0.00047417,4.0,
0903135909-MARSCOINUSDT,V4_posfund,MARSCOINUSDT,2026-09-03T13:59:10.133187+09:00,2026-09-03T23:01:21.570651+09:00,0.08364,0.11735,9.04,스탑-40%,-40.3,-24.182,0.0905,2,-0.06,-24.152,-80.51,0.77,40.3,0.00047417,4.0,
0903064847-BTWUSDT,V0_base,BTWUSDT,2026-09-03T06:48:48.419742+09:00,2026-09-03T23:54:34.576742+09:00,0.59974,0.46971,17.1,트레일링(최고33%→22%),21.68,13.009,0.1394,4,-0.06,13.088,43.63,33.12,0.0,0.00048624,4.0,
0903064847-BTWUSDT,V2_hold24,BTWUSDT,2026-09-03T06:48:48.419788+09:00,2026-09-03T23:54:35.004555+09:00,0.59974,0.46971,17.1,트레일링(최고33%→22%),21.68,13.009,0.1394,4,-0.06,13.088,43.63,33.12,0.0,0.00048624,4.0,
0903064847-BTWUSDT,V4_posfund,BTWUSDT,2026-09-03T06:48:48.419801+09:00,2026-09-03T23:54:35.431420+09:00,0.59974,0.46971,17.1,트레일링(최고33%→22%),21.68,13.009,0.1394,4,-0.06,13.088,43.63,33.12,0.0,0.00048624,4.0,
0903064847-BTWUSDT,V5_stop30,BTWUSDT,2026-09-03T06:48:48.419809+09:00,2026-09-03T23:54:35.876803+09:00,0.59974,0.46971,17.1,트레일링(최고33%→22%),21.68,13.009,0.1394,4,-0.06,13.088,43.63,33.12,0.0,0.00048624,4.0,
0903045439-BULLAUSDT,V1_notrail,BULLAUSDT,2026-09-03T04:54:40.342089+09:00,2026-09-04T00:25:46.587419+09:00,0.025557,0.037852,19.52,강제청산,-48.11,-28.865,0.0288,5,-0.06,-30.0,-100.0,26.32,48.11,5e-05,4.0,
0903231538-BULLAUSDT,V5_stop30,BULLAUSDT,2026-09-03T23:15:39.617289+09:00,2026-09-04T01:19:55.663733+09:00,0.032661,0.04269,2.08,스탑-30%,-30.71,-18.424,0.0431,1,-0.06,-18.441,-61.47,0.85,30.71,9.414e-05,4.0,
0902013210-龙虾USDT,V1_notrail,龙虾USDT,2026-09-02T01:32:11.162622+09:00,2026-09-04T01:34:41.314083+09:00,0.086147,0.073122,48.05,48h만기,15.12,9.072,0.2573,12,-0.06,9.269,30.9,31.41,0.58,0.00037054,4.0,
0904032538-AKEUSDT,V0_base,AKEUSDT,2026-09-04T03:25:38.760428+09:00,2026-09-04T04:04:23.072815+09:00,0.017283,0.016026,0.66,트레일링(최고18%→7%),7.27,4.364,0.0,0,-0.06,4.304,14.35,17.61,0.32,0.00011275,4.0,
0904032538-AKEUSDT,V2_hold24,AKEUSDT,2026-09-04T03:25:38.760472+09:00,2026-09-04T04:04:23.575619+09:00,0.017283,0.016026,0.66,트레일링(최고18%→7%),7.27,4.364,0.0,0,-0.06,4.304,14.35,17.61,0.32,0.00011275,4.0,
0904032538-AKEUSDT,V4_posfund,AKEUSDT,2026-09-04T03:25:38.760489+09:00,2026-09-04T04:04:24.040241+09:00,0.017283,0.016026,0.66,트레일링(최고18%→7%),7.27,4.364,0.0,0,-0.06,4.304,14.35,17.61,0.32,0.00011275,4.0,
0904032538-AKEUSDT,V5_stop30,AKEUSDT,2026-09-04T03:25:38.760499+09:00,2026-09-04T04:04:24.526417+09:00,0.017283,0.016026,0.66,트레일링(최고18%→7%),7.27,4.364,0.0,0,-0.06,4.304,14.35,17.61,0.32,0.00011275,4.0,
0902055824-UAIUSDT,V1_notrail,UAIUSDT,2026-09-02T05:58:25.299521+09:00,2026-09-04T05:59:02.975881+09:00,0.5679,0.3447,48.01,48h만기,39.3,23.582,0.2135,12,-0.06,23.735,79.12,46.03,4.46,0.00048535,4.0,
0903231538-BULLAUSDT,V0_base,BULLAUSDT,2026-09-03T23:15:39.617226+09:00,2026-09-04T07:32:18.319178+09:00,0.032661,0.030547,8.28,트레일링(최고19%→6%),6.47,3.884,0.0879,2,-0.06,3.911,13.04,18.57,30.71,9.414e-05,4.0,
0903231538-BULLAUSDT,V2_hold24,BULLAUSDT,2026-09-03T23:15:39.617267+09:00,2026-09-04T07:32:18.837120+09:00,0.032661,0.030547,8.28,트레일링(최고19%→6%),6.47,3.884,0.0879,2,-0.06,3.911,13.04,18.57,30.71,9.414e-05,4.0,
0903231538-BULLAUSDT,V4_posfund,BULLAUSDT,2026-09-03T23:15:39.617283+09:00,2026-09-04T07:32:19.372448+09:00,0.032661,0.030547,8.28,트레일링(최고19%→6%),6.47,3.884,0.0879,2,-0.06,3.911,13.04,18.57,30.71,9.414e-05,4.0,
0902112447-HEMIUSDT,V1_notrail,HEMIUSDT,2026-09-02T11:24:48.050878+09:00,2026-09-04T11:25:26.105789+09:00,0.019998,0.016158,48.01,48h만기,19.2,11.521,0.046,12,-0.06,11.507,38.36,43.53,10.75,5e-05,4.0,
0903132247-HEMIUSDT,V2_hold24,HEMIUSDT,2026-09-03T13:22:47.765203+09:00,2026-09-04T13:24:19.888628+09:00,0.020061,0.015756,24.03,24h만기,21.46,12.876,0.0274,6,-0.06,12.843,42.81,23.3,6.79,5e-05,4.0,
0904020625-USELESSUSDT,V5_stop30,USELESSUSDT,2026-09-04T02:06:25.536845+09:00,2026-09-04T17:56:25.322082+09:00,0.19984,0.26181,15.85,스탑-30%,-31.01,-18.606,0.0135,4,-0.06,-18.652,-62.17,8.1,31.01,5e-05,4.0,
0904020625-USELESSUSDT,V0_base,USELESSUSDT,2026-09-04T02:06:25.536814+09:00,2026-09-04T18:43:14.031142+09:00,0.19984,0.2836,16.63,스탑-40%,-41.91,-25.148,0.0135,4,-0.06,-25.195,-83.98,8.1,41.91,5e-05,4.0,
0904020625-USELESSUSDT,V1_notrail,USELESSUSDT,2026-09-04T02:06:25.536829+09:00,2026-09-04T18:43:14.428836+09:00,0.19984,0.2836,16.63,스탑-40%,-41.91,-25.148,0.0135,4,-0.06,-25.195,-83.98,8.1,41.91,5e-05,4.0,
0904020625-USELESSUSDT,V2_hold24,USELESSUSDT,2026-09-04T02:06:25.536834+09:00,2026-09-04T18:43:14.907876+09:00,0.19984,0.2836,16.63,스탑-40%,-41.91,-25.148,0.0135,4,-0.06,-25.195,-83.98,8.1,41.91,5e-05,4.0,
0904020625-USELESSUSDT,V4_posfund,USELESSUSDT,2026-09-04T02:06:25.536841+09:00,2026-09-04T18:43:15.374534+09:00,0.19984,0.2836,16.63,스탑-40%,-41.91,-25.148,0.0135,4,-0.06,-25.195,-83.98,8.1,41.91,5e-05,4.0,
0904104252-MARSCOINUSDT,V0_base,MARSCOINUSDT,2026-09-04T10:42:52.956689+09:00,2026-09-04T19:18:34.449257+09:00,0.13214,0.17012,8.6,트레일링(최고18%→-29%),-28.74,-17.245,0.0197,2,-0.06,-17.286,-57.62,17.83,28.74,0.0001615,4.0,
0904104252-MARSCOINUSDT,V2_hold24,MARSCOINUSDT,2026-09-04T10:42:52.956723+09:00,2026-09-04T19:18:34.949327+09:00,0.13214,0.17012,8.6,트레일링(최고18%→-29%),-28.74,-17.245,0.0197,2,-0.06,-17.286,-57.62,17.83,28.74,0.0001615,4.0,
0904104252-MARSCOINUSDT,V5_stop30,MARSCOINUSDT,2026-09-04T10:42:52.956732+09:00,2026-09-04T19:18:35.477221+09:00,0.13214,0.17012,8.6,트레일링(최고18%→-29%),-28.74,-17.245,0.0197,2,-0.06,-17.286,-57.62,17.83,28.74,0.0001615,4.0,
0902191912-TUSDT,V0_base,TUSDT,2026-09-02T19:19:13.518567+09:00,2026-09-04T19:22:08.172382+09:00,0.004964,0.004302,48.05,48h만기,13.34,8.002,-7.476,47,-0.06,0.466,1.55,13.54,14.59,-0.00986414,4.0,
0902191912-TUSDT,V1_notrail,TUSDT,2026-09-02T19:19:13.518613+09:00,2026-09-04T19:22:08.709918+09:00,0.004964,0.004302,48.05,48h만기,13.34,8.002,-7.476,47,-0.06,0.466,1.55,13.54,14.59,-0.00986414,4.0,
0902191912-TUSDT,V5_stop30,TUSDT,2026-09-02T19:19:13.518632+09:00,2026-09-04T19:22:09.214478+09:00,0.004964,0.004302,48.05,48h만기,13.34,8.002,-7.476,47,-0.06,0.466,1.55,13.54,14.59,-0.00986414,4.0,
0904104252-MARSCOINUSDT,V1_notrail,MARSCOINUSDT,2026-09-04T10:42:52.956715+09:00,2026-09-04T19:25:39.486914+09:00,0.13214,0.1892,8.72,강제청산,-43.18,-25.909,0.0197,2,-0.06,-30.0,-100.0,17.83,43.18,0.0001615,4.0,
0904104252-MARSCOINUSDT,V6_timestop,MARSCOINUSDT,2026-09-04T10:42:52.957134+09:00,2026-09-04T19:25:39.969922+09:00,0.13214,0.1892,8.72,강제청산,-43.18,-25.909,0.0197,2,-0.06,-30.0,-100.0,17.83,43.18,0.0001615,4.0,
0904104252-MARSCOINUSDT,V7_fundexit,MARSCOINUSDT,2026-09-04T10:42:52.957143+09:00,2026-09-04T19:25:40.465606+09:00,0.13214,0.1892,8.72,강제청산,-43.18,-25.909,0.0197,2,-0.06,-30.0,-100.0,17.83,43.18,0.0001615,4.0,
0904010536-EDGEUSDT,V2_hold24,EDGEUSDT,2026-09-04T01:05:37.458780+09:00,2026-09-05T01:05:56.871344+09:00,0.6785,0.6133,24.02,24h만기,9.61,5.766,0.0858,6,-0.06,5.791,19.3,12.62,1.9,0.00024918,4.0,
0904012753-APRUSDT,V2_hold24,APRUSDT,2026-09-04T01:27:53.720282+09:00,2026-09-05T01:28:19.585126+09:00,0.2648,0.218,24.02,24h만기,17.67,10.604,0.0347,6,-0.06,10.579,35.26,20.02,11.63,5e-05,4.0,
0904183257-USELESSUSDT,V5_stop30,USELESSUSDT,2026-09-04T18:32:57.999765+09:00,2026-09-05T05:48:43.404818+09:00,0.27013,0.25076,11.27,트레일링(최고17%→7%),7.17,4.302,0.0425,3,-0.06,4.285,14.28,17.19,4.99,5e-05,4.0,
0903064847-BTWUSDT,V1_notrail,BTWUSDT,2026-09-03T06:48:48.419776+09:00,2026-09-05T06:50:08.224587+09:00,0.59974,0.45072,48.03,48h만기,24.85,14.908,0.334,12,-0.06,15.183,50.61,34.1,0.0,0.00048624,4.0,
0905024211-4USDT,V5_stop30,4USDT,2026-09-05T02:42:12.171529+09:00,2026-09-05T11:19:53.361862+09:00,0.020389,0.026675,8.63,스탑-30%,-30.83,-18.498,0.0446,2,-0.06,-18.514,-61.71,0.0,30.83,0.0003457,4.0,
0903132247-HEMIUSDT,V0_base,HEMIUSDT,2026-09-03T13:22:47.763231+09:00,2026-09-05T13:25:25.953395+09:00,0.020061,0.014744,48.05,48h만기,26.5,15.902,0.0454,12,-0.06,15.888,52.96,31.75,6.79,5e-05,4.0,
0903132247-HEMIUSDT,V4_posfund,HEMIUSDT,2026-09-03T13:22:47.765229+09:00,2026-09-05T13:25:26.704845+09:00,0.020061,0.014744,48.05,48h만기,26.5,15.902,0.0454,12,-0.06,15.888,52.96,31.75,6.79,5e-05,4.0,
0903132247-HEMIUSDT,V5_stop30,HEMIUSDT,2026-09-03T13:22:47.765236+09:00,2026-09-05T13:25:27.374486+09:00,0.020061,0.014744,48.05,48h만기,26.5,15.902,0.0454,12,-0.06,15.888,52.96,31.75,6.79,5e-05,4.0,
0905015726-UAIUSDT,V0_base,UAIUSDT,2026-09-05T01:57:27.055772+09:00,2026-09-05T13:42:49.270207+09:00,0.4962,0.4696,11.76,트레일링(최고16%→5%),5.36,3.216,0.0649,3,-0.06,3.221,10.74,16.24,2.92,0.00025035,4.0,
0905015726-UAIUSDT,V2_hold24,UAIUSDT,2026-09-05T01:57:27.055820+09:00,2026-09-05T13:42:49.822531+09:00,0.4962,0.4696,11.76,트레일링(최고16%→5%),5.36,3.216,0.0649,3,-0.06,3.221,10.74,16.24,2.92,0.00025035,4.0,
0905015726-UAIUSDT,V5_stop30,UAIUSDT,2026-09-05T01:57:27.055839+09:00,2026-09-05T13:42:50.347292+09:00,0.4962,0.4696,11.76,트레일링(최고16%→5%),5.36,3.216,0.0649,3,-0.06,3.221,10.74,16.24,2.92,0.00025035,4.0,
0904012753-APRUSDT,V0_base,APRUSDT,2026-09-04T01:27:53.720269+09:00,2026-09-05T14:52:11.514285+09:00,0.2648,0.2202,37.41,트레일링(최고28%→17%),16.84,10.106,0.0437,9,-0.06,10.089,33.63,27.61,11.63,5e-05,4.0,
0904012753-APRUSDT,V4_posfund,APRUSDT,2026-09-04T01:27:53.720286+09:00,2026-09-05T14:52:12.014198+09:00,0.2648,0.2202,37.41,트레일링(최고28%→17%),16.84,10.106,0.0437,9,-0.06,10.089,33.63,27.61,11.63,5e-05,4.0,
0904012753-APRUSDT,V5_stop30,APRUSDT,2026-09-04T01:27:53.720288+09:00,2026-09-05T14:52:12.572545+09:00,0.2648,0.2202,37.41,트레일링(최고28%→17%),16.84,10.106,0.0437,9,-0.06,10.089,33.63,27.61,11.63,5e-05,4.0,
0904152202-TRIAUSDT,V2_hold24,TRIAUSDT,2026-09-04T15:22:03.026645+09:00,2026-09-05T15:23:32.876295+09:00,0.005172,0.004992,24.03,24h만기,3.48,2.088,0.0387,6,-0.06,2.067,6.89,11.12,7.77,6.55e-05,4.0,
0905142820-NOMUSDT,V0_base,NOMUSDT,2026-09-05T14:28:20.407381+09:00,2026-09-05T17:07:01.402197+09:00,0.002104,0.001931,2.65,트레일링(최고19%→8%),8.22,4.933,0.003,1,-0.06,4.876,16.25,18.96,1.43,-0.00073621,4.0,
0905142820-NOMUSDT,V2_hold24,NOMUSDT,2026-09-05T14:28:20.407423+09:00,2026-09-05T17:07:01.922667+09:00,0.002104,0.001931,2.65,트레일링(최고19%→8%),8.22,4.933,0.003,1,-0.06,4.876,16.25,18.96,1.43,-0.00073621,4.0,
0905142820-NOMUSDT,V5_stop30,NOMUSDT,2026-09-05T14:28:20.407443+09:00,2026-09-05T17:07:02.461796+09:00,0.002104,0.001931,2.65,트레일링(최고19%→8%),8.22,4.933,0.003,1,-0.06,4.876,16.25,18.96,1.43,-0.00073621,4.0,
0905014746-龙虾USDT,V0_base,龙虾USDT,2026-09-05T01:47:47.247214+09:00,2026-09-05T17:25:14.153630+09:00,0.099016,0.0892,15.63,트레일링(최고21%→10%),9.91,5.948,0.0662,4,-0.06,5.954,19.85,20.94,0.0,0.00070695,4.0,
0905014746-龙虾USDT,V2_hold24,龙虾USDT,2026-09-05T01:47:47.247266+09:00,2026-09-05T17:25:14.789363+09:00,0.099016,0.0892,15.63,트레일링(최고21%→10%),9.91,5.948,0.0662,4,-0.06,5.954,19.85,20.94,0.0,0.00070695,4.0,
0905014746-龙虾USDT,V5_stop30,龙虾USDT,2026-09-05T01:47:47.247307+09:00,2026-09-05T17:25:15.345920+09:00,0.099016,0.0892,15.63,트레일링(최고21%→10%),9.91,5.948,0.0662,4,-0.06,5.954,19.85,20.94,0.0,0.00070695,4.0,
0904225649-MARSCOINUSDT,V5_stop30,MARSCOINUSDT,2026-09-04T22:56:49.728771+09:00,2026-09-05T18:34:09.476868+09:00,0.17256,0.22497,19.63,스탑-30%,-30.37,-18.223,0.1198,5,-0.06,-18.163,-60.54,2.83,30.37,0.00025832,4.0,
0904225649-MARSCOINUSDT,V0_base,MARSCOINUSDT,2026-09-04T22:56:49.728701+09:00,2026-09-05T19:49:22.738834+09:00,0.17256,0.24273,20.88,스탑-40%,-40.66,-24.398,0.1198,5,-0.06,-24.339,-81.13,2.83,40.66,0.00025832,4.0,
0904225649-MARSCOINUSDT,V1_notrail,MARSCOINUSDT,2026-09-04T22:56:49.728744+09:00,2026-09-05T19:49:23.754049+09:00,0.17256,0.24273,20.88,스탑-40%,-40.66,-24.398,0.1198,5,-0.06,-24.339,-81.13,2.83,40.66,0.00025832,4.0,
0904225649-MARSCOINUSDT,V2_hold24,MARSCOINUSDT,2026-09-04T22:56:49.728753+09:00,2026-09-05T19:49:24.171617+09:00,0.17256,0.24273,20.88,스탑-40%,-40.66,-24.398,0.1198,5,-0.06,-24.339,-81.13,2.83,40.66,0.00025832,4.0,
0904225649-MARSCOINUSDT,V6_timestop,MARSCOINUSDT,2026-09-04T22:56:49.728778+09:00,2026-09-05T19:49:24.738860+09:00,0.17256,0.24273,20.88,스탑-40%,-40.66,-24.398,0.1198,5,-0.06,-24.339,-81.13,2.83,40.66,0.00025832,4.0,
0904225649-MARSCOINUSDT,V7_fundexit,MARSCOINUSDT,2026-09-04T22:56:49.728783+09:00,2026-09-05T19:49:25.182606+09:00,0.17256,0.24273,20.88,스탑-40%,-40.66,-24.398,0.1198,5,-0.06,-24.339,-81.13,2.83,40.66,0.00025832,4.0,
0904204009-AZTECUSDT,V2_hold24,AZTECUSDT,2026-09-04T20:40:10.066452+09:00,2026-09-05T20:42:26.629016+09:00,0.01832,0.01488,24.04,24h만기,18.78,11.266,0.0058,6,-0.06,11.212,37.37,21.72,0.0,5e-05,4.0,
0905190627-BULLAUSDT,V0_base,BULLAUSDT,2026-09-05T19:06:27.753562+09:00,2026-09-05T21:10:54.049619+09:00,0.066567,0.061748,2.08,트레일링(최고18%→7%),7.24,4.344,0.0571,1,-0.06,4.341,14.47,17.98,1.28,0.00118683,4.0,
0905190627-BULLAUSDT,V2_hold24,BULLAUSDT,2026-09-05T19:06:27.753586+09:00,2026-09-05T21:10:54.513784+09:00,0.066567,0.061748,2.08,트레일링(최고18%→7%),7.24,4.344,0.0571,1,-0.06,4.341,14.47,17.98,1.28,0.00118683,4.0,
0905190627-BULLAUSDT,V5_stop30,BULLAUSDT,2026-09-05T19:06:27.753594+09:00,2026-09-05T21:10:55.016492+09:00,0.066567,0.061748,2.08,트레일링(최고18%→7%),7.24,4.344,0.0571,1,-0.06,4.341,14.47,17.98,1.28,0.00118683,4.0,
0905000149-FLOCKUSDT,V2_hold24,FLOCKUSDT,2026-09-05T00:01:49.762426+09:00,2026-09-06T00:05:02.677092+09:00,0.05102,0.0551,24.06,24h만기,-8.0,-4.798,-0.0835,6,-0.06,-4.942,-16.47,3.1,25.93,-0.00125243,4.0,
0905000149-FLOCKUSDT,V6_timestop,FLOCKUSDT,2026-09-05T00:01:49.763143+09:00,2026-09-06T00:05:03.211762+09:00,0.05102,0.0551,24.06,시간손절(24h),-8.0,-4.798,-0.0835,6,-0.06,-4.942,-16.47,3.1,25.93,-0.00125243,4.0,
0905000149-FLOCKUSDT,V7_fundexit,FLOCKUSDT,2026-09-05T00:01:49.763157+09:00,2026-09-06T00:05:04.289941+09:00,0.05102,0.0551,24.06,펀딩청산(24h),-8.0,-4.798,-0.0835,6,-0.06,-4.942,-16.47,3.1,25.93,-0.00125243,4.0,
0904010536-EDGEUSDT,V0_base,EDGEUSDT,2026-09-04T01:05:37.458759+09:00,2026-09-06T01:07:43.127426+09:00,0.6785,0.6419,48.05,48h만기,5.39,3.237,0.1514,12,-0.06,3.328,11.09,13.53,1.9,0.00024918,4.0,
0904010536-EDGEUSDT,V1_notrail,EDGEUSDT,2026-09-04T01:05:37.458776+09:00,2026-09-06T01:07:43.638980+09:00,0.6785,0.6419,48.05,48h만기,5.39,3.237,0.1514,12,-0.06,3.328,11.09,13.53,1.9,0.00024918,4.0,
0904010536-EDGEUSDT,V4_posfund,EDGEUSDT,2026-09-04T01:05:37.458787+09:00,2026-09-06T01:07:44.167731+09:00,0.6785,0.6419,48.05,48h만기,5.39,3.237,0.1514,12,-0.06,3.328,11.09,13.53,1.9,0.00024918,4.0,
0904010536-EDGEUSDT,V5_stop30,EDGEUSDT,2026-09-04T01:05:37.458791+09:00,2026-09-06T01:07:44.692606+09:00,0.6785,0.6419,48.05,48h만기,5.39,3.237,0.1514,12,-0.06,3.328,11.09,13.53,1.9,0.00024918,4.0,
0905024211-4USDT,V0_base,4USDT,2026-09-05T02:42:12.171496+09:00,2026-09-06T01:25:53.329588+09:00,0.020389,0.029677,22.73,강제청산,-45.55,-27.332,0.1924,6,-0.06,-30.0,-100.0,0.0,45.55,0.0003457,4.0,
0905024211-4USDT,V1_notrail,4USDT,2026-09-05T02:42:12.171515+09:00,2026-09-06T01:25:53.914316+09:00,0.020389,0.029677,22.73,강제청산,-45.55,-27.332,0.1924,6,-0.06,-30.0,-100.0,0.0,45.55,0.0003457,4.0,
0905024211-4USDT,V2_hold24,4USDT,2026-09-05T02:42:12.171522+09:00,2026-09-06T01:25:54.483406+09:00,0.020389,0.029677,22.73,강제청산,-45.55,-27.332,0.1924,6,-0.06,-30.0,-100.0,0.0,45.55,0.0003457,4.0,
0905024211-4USDT,V6_timestop,4USDT,2026-09-05T02:42:12.171533+09:00,2026-09-06T01:25:55.069935+09:00,0.020389,0.029677,22.73,강제청산,-45.55,-27.332,0.1924,6,-0.06,-30.0,-100.0,0.0,45.55,0.0003457,4.0,
0905024211-4USDT,V7_fundexit,4USDT,2026-09-05T02:42:12.171538+09:00,2026-09-06T01:25:55.613700+09:00,0.020389,0.029677,22.73,강제청산,-45.55,-27.332,0.1924,6,-0.06,-30.0,-100.0,0.0,45.55,0.0003457,4.0,
0904012753-APRUSDT,V1_notrail,APRUSDT,2026-09-04T01:27:53.720279+09:00,2026-09-06T01:29:35.544389+09:00,0.2648,0.2457,48.04,48h만기,7.21,4.328,0.0527,12,-0.06,4.32,14.4,27.61,11.63,5e-05,4.0,
0904032538-AKEUSDT,V1_notrail,AKEUSDT,2026-09-04T03:25:38.760460+09:00,2026-09-06T03:26:54.395893+09:00,0.017283,0.018698,48.03,48h만기,-8.19,-4.912,-0.2699,12,-0.06,-5.242,-17.47,25.7,22.7,0.00011275,4.0,
0906063710-UAIUSDT,V0_base,UAIUSDT,2026-09-06T06:37:11.204315+09:00,2026-09-06T10:14:08.072819+09:00,0.6019,0.5703,3.63,트레일링(최고17%→5%),5.25,3.15,0.0343,1,-0.06,3.124,10.41,16.71,2.29,0.00057529,4.0,
0906063710-UAIUSDT,V2_hold24,UAIUSDT,2026-09-06T06:37:11.204725+09:00,2026-09-06T10:14:08.625458+09:00,0.6019,0.5703,3.63,트레일링(최고17%→5%),5.25,3.15,0.0343,1,-0.06,3.124,10.41,16.71,2.29,0.00057529,4.0,
0906063710-UAIUSDT,V5_stop30,UAIUSDT,2026-09-06T06:37:11.204763+09:00,2026-09-06T10:14:09.142810+09:00,0.6019,0.5703,3.63,트레일링(최고17%→5%),5.25,3.15,0.0343,1,-0.06,3.124,10.41,16.71,2.29,0.00057529,4.0,
0905103252-AKEUSDT,V2_hold24,AKEUSDT,2026-09-05T10:32:53.161556+09:00,2026-09-06T10:33:01.387677+09:00,0.017386,0.018062,24.01,24h만기,-3.89,-2.333,-0.3944,6,-0.06,-2.787,-9.29,9.92,21.97,0.00013505,4.0,
0905103252-AKEUSDT,V6_timestop,AKEUSDT,2026-09-05T10:32:53.161569+09:00,2026-09-06T10:33:01.911599+09:00,0.017386,0.018062,24.01,시간손절(24h),-3.89,-2.333,-0.3944,6,-0.06,-2.787,-9.29,9.92,21.97,0.00013505,4.0,
0905103252-AKEUSDT,V7_fundexit,AKEUSDT,2026-09-05T10:32:53.161574+09:00,2026-09-06T10:33:02.900723+09:00,0.017386,0.018062,24.01,펀딩청산(24h),-3.89,-2.333,-0.3944,6,-0.06,-2.787,-9.29,9.92,21.97,0.00013505,4.0,
0905000149-FLOCKUSDT,V5_stop30,FLOCKUSDT,2026-09-05T00:01:49.762474+09:00,2026-09-06T11:36:49.360405+09:00,0.05102,0.06992,35.59,스탑-30%,-37.04,-22.227,-0.1829,9,-0.06,-22.47,-74.9,3.1,37.04,-0.00125243,4.0,
0905000149-FLOCKUSDT,V0_base,FLOCKUSDT,2026-09-05T00:01:49.762323+09:00,2026-09-06T11:40:27.956635+09:00,0.05102,0.07232,35.65,스탑-40%,-41.75,-25.049,-0.1829,9,-0.06,-25.292,-84.31,3.1,41.75,-0.00125243,4.0,
0905000149-FLOCKUSDT,V1_notrail,FLOCKUSDT,2026-09-05T00:01:49.762403+09:00,2026-09-06T11:40:28.430765+09:00,0.05102,0.07232,35.65,스탑-40%,-41.75,-25.049,-0.1829,9,-0.06,-25.292,-84.31,3.1,41.75,-0.00125243,4.0,
0905150946-BUSDT,V2_hold24,BUSDT,2026-09-05T15:09:47.304723+09:00,2026-09-06T15:11:28.905438+09:00,0.1788,0.1822,24.03,24h만기,-1.9,-1.141,0.1369,6,-0.06,-1.064,-3.55,5.76,22.71,5e-05,4.0,
0905150946-BUSDT,V6_timestop,BUSDT,2026-09-05T15:09:47.304773+09:00,2026-09-06T15:11:29.480673+09:00,0.1788,0.1822,24.03,시간손절(24h),-1.9,-1.141,0.1369,6,-0.06,-1.064,-3.55,5.76,22.71,5e-05,4.0,
0904152202-TRIAUSDT,V0_base,TRIAUSDT,2026-09-04T15:22:03.026604+09:00,2026-09-06T15:21:57.616498+09:00,0.005172,0.004406,48.0,48h만기,14.81,8.886,0.064,12,-0.06,8.89,29.63,15.27,12.34,6.55e-05,4.0,
0904152202-TRIAUSDT,V1_notrail,TRIAUSDT,2026-09-04T15:22:03.026635+09:00,2026-09-06T15:21:58.118854+09:00,0.005172,0.004406,48.0,48h만기,14.81,8.886,0.064,12,-0.06,8.89,29.63,15.27,12.34,6.55e-05,4.0,
0904152202-TRIAUSDT,V5_stop30,TRIAUSDT,2026-09-04T15:22:03.026679+09:00,2026-09-06T15:21:58.631504+09:00,0.005172,0.004406,48.0,48h만기,14.81,8.886,0.064,12,-0.06,8.89,29.63,15.27,12.34,6.55e-05,4.0,
0904152202-TRIAUSDT,V6_timestop,TRIAUSDT,2026-09-04T15:22:03.026689+09:00,2026-09-06T15:21:59.171231+09:00,0.005172,0.004406,48.0,48h만기,14.81,8.886,0.064,12,-0.06,8.89,29.63,15.27,12.34,6.55e-05,4.0,
0904152202-TRIAUSDT,V7_fundexit,TRIAUSDT,2026-09-04T15:22:03.026699+09:00,2026-09-06T15:21:59.708040+09:00,0.005172,0.004406,48.0,48h만기,14.81,8.886,0.064,12,-0.06,8.89,29.63,15.27,12.34,6.55e-05,4.0,
0905171831-牛来USDT,V2_hold24,牛来USDT,2026-09-05T17:18:31.684388+09:00,2026-09-06T17:18:12.371347+09:00,0.10986,0.10893,24.0,24h만기,0.85,0.508,0.0788,6,-0.06,0.527,1.76,6.5,27.19,0.00028502,4.0,
0904183257-USELESSUSDT,V6_timestop,USELESSUSDT,2026-09-04T18:32:57.999786+09:00,2026-09-06T18:35:17.548865+09:00,0.27013,0.22743,48.05,48h만기,15.81,9.484,0.1565,12,-0.06,9.581,31.94,20.87,13.35,5e-05,4.0,
0904183257-USELESSUSDT,V7_fundexit,USELESSUSDT,2026-09-04T18:32:57.999793+09:00,2026-09-06T18:35:18.041570+09:00,0.27013,0.22743,48.05,48h만기,15.81,9.484,0.1565,12,-0.06,9.581,31.94,20.87,13.35,5e-05,4.0,
0905190627-BULLAUSDT,V6_timestop,BULLAUSDT,2026-09-05T19:06:27.753599+09:00,2026-09-06T19:08:25.572291+09:00,0.066567,0.076668,24.04,시간손절(24h),-15.17,-9.105,0.3542,6,-0.06,-8.81,-29.37,17.98,34.5,0.00118683,4.0,
0904204009-AZTECUSDT,V0_base,AZTECUSDT,2026-09-04T20:40:10.066413+09:00,2026-09-06T20:40:45.815974+09:00,0.01832,0.01488,48.02,48h만기,18.78,11.266,0.0238,12,-0.06,11.23,37.43,21.72,0.0,5e-05,4.0,
0904204009-AZTECUSDT,V1_notrail,AZTECUSDT,2026-09-04T20:40:10.066445+09:00,2026-09-06T20:40:46.081900+09:00,0.01832,0.01488,48.02,48h만기,18.78,11.266,0.0238,12,-0.06,11.23,37.43,21.72,0.0,5e-05,4.0,
0904204009-AZTECUSDT,V5_stop30,AZTECUSDT,2026-09-04T20:40:10.066457+09:00,2026-09-06T20:40:46.416543+09:00,0.01832,0.01488,48.02,48h만기,18.78,11.266,0.0238,12,-0.06,11.23,37.43,21.72,0.0,5e-05,4.0,
0904204009-AZTECUSDT,V6_timestop,AZTECUSDT,2026-09-04T20:40:10.066461+09:00,2026-09-06T20:40:46.700375+09:00,0.01832,0.01488,48.02,48h만기,18.78,11.266,0.0238,12,-0.06,11.23,37.43,21.72,0.0,5e-05,4.0,
0904204009-AZTECUSDT,V7_fundexit,AZTECUSDT,2026-09-04T20:40:10.066465+09:00,2026-09-06T20:40:46.936419+09:00,0.01832,0.01488,48.02,48h만기,18.78,11.266,0.0238,12,-0.06,11.23,37.43,21.72,0.0,5e-05,4.0,
0905233049-1000CATUSDT,V2_hold24,1000CATUSDT,2026-09-05T23:30:50.429897+09:00,2026-09-06T23:33:41.628093+09:00,0.00269,0.00213,24.05,24h만기,20.82,12.491,0.0098,6,-0.06,12.44,41.47,20.82,7.88,-2.378e-05,4.0,
0905014746-龙虾USDT,V1_notrail,龙虾USDT,2026-09-05T01:47:47.247253+09:00,2026-09-07T01:49:49.416481+09:00,0.099016,0.074673,48.04,48h만기,24.58,14.751,0.1065,12,-0.06,14.797,49.32,27.35,0.0,0.00070695,4.0,
0905014746-龙虾USDT,V6_timestop,龙虾USDT,2026-09-05T01:47:47.247318+09:00,2026-09-07T01:49:49.661022+09:00,0.099016,0.074673,48.04,48h만기,24.58,14.751,0.1065,12,-0.06,14.797,49.32,27.35,0.0,0.00070695,4.0,
0905014746-龙虾USDT,V7_fundexit,龙虾USDT,2026-09-05T01:47:47.247328+09:00,2026-09-07T01:49:49.889417+09:00,0.099016,0.074673,48.04,48h만기,24.58,14.751,0.1065,12,-0.06,14.797,49.32,27.35,0.0,0.00070695,4.0,
0905015726-UAIUSDT,V1_notrail,UAIUSDT,2026-09-05T01:57:27.055809+09:00,2026-09-07T01:59:33.905848+09:00,0.4962,0.5906,48.04,48h만기,-19.02,-11.415,0.2673,12,-0.06,-11.207,-37.36,16.24,37.51,0.00025035,4.0,
0905015726-UAIUSDT,V6_timestop,UAIUSDT,2026-09-05T01:57:27.055849+09:00,2026-09-07T01:59:34.175540+09:00,0.4962,0.5906,48.04,48h만기,-19.02,-11.415,0.2673,12,-0.06,-11.207,-37.36,16.24,37.51,0.00025035,4.0,
0905015726-UAIUSDT,V7_fundexit,UAIUSDT,2026-09-05T01:57:27.055857+09:00,2026-09-07T01:59:34.404205+09:00,0.4962,0.5906,48.04,48h만기,-19.02,-11.415,0.2673,12,-0.06,-11.207,-37.36,16.24,37.51,0.00025035,4.0,
0906032004-4USDT,V2_hold24,4USDT,2026-09-06T03:20:04.530549+09:00,2026-09-07T03:20:38.333526+09:00,0.034804,0.025632,24.02,24h만기,26.35,15.812,0.1725,6,-0.06,15.924,53.08,34.11,0.29,0.00062751,4.0,
0906041457-SUSHIUSDT,V2_hold24,SUSHIUSDT,2026-09-06T04:14:58.328477+09:00,2026-09-07T04:15:40.984811+09:00,0.2691,0.2563,24.01,24h만기,4.76,2.854,-0.0359,3,-0.06,2.758,9.19,13.08,3.9,5.576e-05,8.0,
0906041457-SUSHIUSDT,V7_fundexit,SUSHIUSDT,2026-09-06T04:14:58.328491+09:00,2026-09-07T04:15:41.570803+09:00,0.2691,0.2563,24.01,펀딩청산(24h),4.76,2.854,-0.0359,3,-0.06,2.758,9.19,13.08,3.9,5.576e-05,8.0,
0906071753-ARBUSDT,V2_hold24,ARBUSDT,2026-09-06T07:17:53.514112+09:00,2026-09-07T07:19:54.035135+09:00,0.18115,0.1887,24.04,24h만기,-4.17,-2.501,0.018,3,-0.06,-2.543,-8.48,2.8,11.34,9.828e-05,8.0,
0906071753-ARBUSDT,V6_timestop,ARBUSDT,2026-09-06T07:17:53.514126+09:00,2026-09-07T07:19:54.299240+09:00,0.18115,0.1887,24.04,시간손절(24h),-4.17,-2.501,0.018,3,-0.06,-2.543,-8.48,2.8,11.34,9.828e-05,8.0,
0905103252-AKEUSDT,V0_base,AKEUSDT,2026-09-05T10:32:53.161520+09:00,2026-09-07T10:32:40.313860+09:00,0.017386,0.013814,48.0,48h만기,20.55,12.327,-1.0779,12,-0.06,11.189,37.3,22.39,21.97,0.00013505,4.0,
0905103252-AKEUSDT,V5_stop30,AKEUSDT,2026-09-05T10:32:53.161565+09:00,2026-09-07T10:32:40.612676+09:00,0.017386,0.013814,48.0,48h만기,20.55,12.327,-1.0779,12,-0.06,11.189,37.3,22.39,21.97,0.00013505,4.0,
0906124930-RAYSOLUSDT,V2_hold24,RAYSOLUSDT,2026-09-06T12:49:31.541838+09:00,2026-09-07T12:51:40.290156+09:00,1.1569,1.2011,24.04,24h만기,-3.82,-2.292,-0.0268,6,-0.06,-2.379,-7.93,8.4,22.6,5e-05,4.0,
0906124930-RAYSOLUSDT,V6_timestop,RAYSOLUSDT,2026-09-06T12:49:31.541866+09:00,2026-09-07T12:51:40.625912+09:00,1.1569,1.2011,24.04,시간손절(24h),-3.82,-2.292,-0.0268,6,-0.06,-2.379,-7.93,8.4,22.6,5e-05,4.0,
0906124930-RAYSOLUSDT,V7_fundexit,RAYSOLUSDT,2026-09-06T12:49:31.541870+09:00,2026-09-07T12:51:41.197739+09:00,1.1569,1.2011,24.04,펀딩청산(24h),-3.82,-2.292,-0.0268,6,-0.06,-2.379,-7.93,8.4,22.6,5e-05,4.0,
0905142820-NOMUSDT,V1_notrail,NOMUSDT,2026-09-05T14:28:20.407417+09:00,2026-09-07T14:29:56.167756+09:00,0.002104,0.001823,48.03,48h만기,13.36,8.013,0.0392,12,-0.06,7.992,26.64,18.96,1.43,-0.00073621,4.0,
0905142820-NOMUSDT,V6_timestop,NOMUSDT,2026-09-05T14:28:20.407449+09:00,2026-09-07T14:29:56.421733+09:00,0.002104,0.001823,48.03,48h만기,13.36,8.013,0.0392,12,-0.06,7.992,26.64,18.96,1.43,-0.00073621,4.0,
0905142820-NOMUSDT,V7_fundexit,NOMUSDT,2026-09-05T14:28:20.407452+09:00,2026-09-07T14:29:56.660613+09:00,0.002104,0.001823,48.03,48h만기,13.36,8.013,0.0392,12,-0.06,7.992,26.64,18.96,1.43,-0.00073621,4.0,
0905150946-BUSDT,V0_base,BUSDT,2026-09-05T15:09:47.304697+09:00,2026-09-07T15:11:04.925828+09:00,0.1788,0.1774,48.03,48h만기,0.78,0.47,0.2058,12,-0.06,0.616,2.05,9.9,22.71,5e-05,4.0,
0905150946-BUSDT,V1_notrail,BUSDT,2026-09-05T15:09:47.304716+09:00,2026-09-07T15:11:05.224397+09:00,0.1788,0.1774,48.03,48h만기,0.78,0.47,0.2058,12,-0.06,0.616,2.05,9.9,22.71,5e-05,4.0,
0905150946-BUSDT,V5_stop30,BUSDT,2026-09-05T15:09:47.304766+09:00,2026-09-07T15:11:05.539905+09:00,0.1788,0.1774,48.03,48h만기,0.78,0.47,0.2058,12,-0.06,0.616,2.05,9.9,22.71,5e-05,4.0,
0905150946-BUSDT,V7_fundexit,BUSDT,2026-09-05T15:09:47.304778+09:00,2026-09-07T15:11:05.825954+09:00,0.1788,0.1774,48.03,48h만기,0.78,0.47,0.2058,12,-0.06,0.616,2.05,9.9,22.71,5e-05,4.0,
0905171831-牛来USDT,V0_base,牛来USDT,2026-09-05T17:18:31.684349+09:00,2026-09-07T17:18:00.091709+09:00,0.10986,0.08692,48.0,48h만기,20.88,12.529,0.2046,12,-0.06,12.673,42.24,23.58,27.19,0.00028502,4.0,
0905171831-牛来USDT,V1_notrail,牛来USDT,2026-09-05T17:18:31.684381+09:00,2026-09-07T17:18:00.377355+09:00,0.10986,0.08692,48.0,48h만기,20.88,12.529,0.2046,12,-0.06,12.673,42.24,23.58,27.19,0.00028502,4.0,
0905171831-牛来USDT,V5_stop30,牛来USDT,2026-09-05T17:18:31.684828+09:00,2026-09-07T17:18:00.637591+09:00,0.10986,0.08692,48.0,48h만기,20.88,12.529,0.2046,12,-0.06,12.673,42.24,23.58,27.19,0.00028502,4.0,
0905171831-牛来USDT,V6_timestop,牛来USDT,2026-09-05T17:18:31.684845+09:00,2026-09-07T17:18:00.894189+09:00,0.10986,0.08692,48.0,48h만기,20.88,12.529,0.2046,12,-0.06,12.673,42.24,23.58,27.19,0.00028502,4.0,
0905171831-牛来USDT,V7_fundexit,牛来USDT,2026-09-05T17:18:31.684850+09:00,2026-09-07T17:18:01.140027+09:00,0.10986,0.08692,48.0,48h만기,20.88,12.529,0.2046,12,-0.06,12.673,42.24,23.58,27.19,0.00028502,4.0,
0906032004-4USDT,V0_base,4USDT,2026-09-06T03:20:04.530535+09:00,2026-09-07T18:28:07.575114+09:00,0.034804,0.024823,39.14,트레일링(최고39%→29%),28.68,17.207,0.2011,10,-0.06,17.348,57.83,39.0,0.29,0.00062751,4.0,
0906032004-4USDT,V5_stop30,4USDT,2026-09-06T03:20:04.530552+09:00,2026-09-07T18:28:07.809492+09:00,0.034804,0.024823,39.14,트레일링(최고39%→29%),28.68,17.207,0.2011,10,-0.06,17.348,57.83,39.0,0.29,0.00062751,4.0,
0905190627-BULLAUSDT,V1_notrail,BULLAUSDT,2026-09-05T19:06:27.753581+09:00,2026-09-07T19:06:24.070378+09:00,0.066567,0.078662,48.0,48h만기,-18.17,-10.902,0.5134,12,-0.06,-10.448,-34.83,17.98,34.5,0.00118683,4.0,
0905190627-BULLAUSDT,V7_fundexit,BULLAUSDT,2026-09-05T19:06:27.753603+09:00,2026-09-07T19:06:24.351004+09:00,0.066567,0.078662,48.0,48h만기,-18.17,-10.902,0.5134,12,-0.06,-10.448,-34.83,17.98,34.5,0.00118683,4.0,
0905193145-MARSCOINUSDT,V5_stop30,MARSCOINUSDT,2026-09-05T19:31:46.641662+09:00,2026-09-07T19:31:50.933201+09:00,0.23795,0.17171,48.01,48h만기,27.84,16.703,0.192,12,-0.06,16.835,56.12,35.44,9.52,0.00041244,4.0,
0906225804-NAORISUSDT,V2_hold24,NAORISUSDT,2026-09-06T22:58:04.390500+09:00,2026-09-07T22:59:01.361761+09:00,0.03851,0.03881,24.02,24h만기,-0.78,-0.467,0.1193,6,-0.06,-0.408,-1.36,4.6,4.88,0.00039336,4.0,
0906225804-NAORISUSDT,V6_timestop,NAORISUSDT,2026-09-06T22:58:04.390507+09:00,2026-09-07T22:59:02.003450+09:00,0.03851,0.03881,24.02,시간손절(24h),-0.78,-0.467,0.1193,6,-0.06,-0.408,-1.36,4.6,4.88,0.00039336,4.0,
0905233049-1000CATUSDT,V0_base,1000CATUSDT,2026-09-05T23:30:50.428188+09:00,2026-09-07T23:33:26.885967+09:00,0.00269,0.002061,48.05,48h만기,23.38,14.03,-0.0056,12,-0.06,13.964,46.55,25.32,7.88,-2.378e-05,4.0,
0905233049-1000CATUSDT,V1_notrail,1000CATUSDT,2026-09-05T23:30:50.429864+09:00,2026-09-07T23:33:27.358488+09:00,0.00269,0.002061,48.05,48h만기,23.38,14.03,-0.0056,12,-0.06,13.964,46.55,25.32,7.88,-2.378e-05,4.0,
0905233049-1000CATUSDT,V5_stop30,1000CATUSDT,2026-09-05T23:30:50.431444+09:00,2026-09-07T23:33:27.660310+09:00,0.00269,0.002061,48.05,48h만기,23.38,14.03,-0.0056,12,-0.06,13.964,46.55,25.32,7.88,-2.378e-05,4.0,
0905233049-1000CATUSDT,V6_timestop,1000CATUSDT,2026-09-05T23:30:50.431473+09:00,2026-09-07T23:33:28.074492+09:00,0.00269,0.002061,48.05,48h만기,23.38,14.03,-0.0056,12,-0.06,13.964,46.55,25.32,7.88,-2.378e-05,4.0,
0905233049-1000CATUSDT,V7_fundexit,1000CATUSDT,2026-09-05T23:30:50.431485+09:00,2026-09-07T23:33:28.722665+09:00,0.00269,0.002061,48.05,48h만기,23.38,14.03,-0.0056,12,-0.06,13.964,46.55,25.32,7.88,-2.378e-05,4.0,
0906032004-4USDT,V1_notrail,4USDT,2026-09-06T03:20:04.530546+09:00,2026-09-08T03:20:01.737634+09:00,0.034804,0.023395,48.01,48h만기,32.78,19.668,0.2119,12,-0.06,19.82,66.07,39.0,0.29,0.00062751,4.0,
0906032004-4USDT,V6_timestop,4USDT,2026-09-06T03:20:04.530554+09:00,2026-09-08T03:20:02.268568+09:00,0.034804,0.023395,48.01,48h만기,32.78,19.668,0.2119,12,-0.06,19.82,66.07,39.0,0.29,0.00062751,4.0,
0906032004-4USDT,V7_fundexit,4USDT,2026-09-06T03:20:04.530560+09:00,2026-09-08T03:20:02.856875+09:00,0.034804,0.023395,48.01,48h만기,32.78,19.668,0.2119,12,-0.06,19.82,66.07,39.0,0.29,0.00062751,4.0,
0906041457-SUSHIUSDT,V0_base,SUSHIUSDT,2026-09-06T04:14:58.328436+09:00,2026-09-08T04:16:05.405693+09:00,0.2691,0.2403,48.02,48h만기,10.7,6.421,-0.0242,6,-0.06,6.337,21.12,13.08,3.9,5.576e-05,8.0,
0906041457-SUSHIUSDT,V1_notrail,SUSHIUSDT,2026-09-06T04:14:58.328470+09:00,2026-09-08T04:16:05.801014+09:00,0.2691,0.2403,48.02,48h만기,10.7,6.421,-0.0242,6,-0.06,6.337,21.12,13.08,3.9,5.576e-05,8.0,
0906041457-SUSHIUSDT,V5_stop30,SUSHIUSDT,2026-09-06T04:14:58.328483+09:00,2026-09-08T04:16:06.249329+09:00,0.2691,0.2403,48.02,48h만기,10.7,6.421,-0.0242,6,-0.06,6.337,21.12,13.08,3.9,5.576e-05,8.0,
0906041457-SUSHIUSDT,V6_timestop,SUSHIUSDT,2026-09-06T04:14:58.328487+09:00,2026-09-08T04:16:06.797721+09:00,0.2691,0.2403,48.02,48h만기,10.7,6.421,-0.0242,6,-0.06,6.337,21.12,13.08,3.9,5.576e-05,8.0,
0906071753-ARBUSDT,V0_base,ARBUSDT,2026-09-06T07:17:53.514092+09:00,2026-09-08T07:20:52.643199+09:00,0.18115,0.1691,48.05,48h만기,6.65,3.991,0.0211,6,-0.06,3.952,13.17,11.39,11.34,9.828e-05,8.0,
0906071753-ARBUSDT,V1_notrail,ARBUSDT,2026-09-06T07:17:53.514106+09:00,2026-09-08T07:20:53.168554+09:00,0.18115,0.1691,48.05,48h만기,6.65,3.991,0.0211,6,-0.06,3.952,13.17,11.39,11.34,9.828e-05,8.0,
0906071753-ARBUSDT,V5_stop30,ARBUSDT,2026-09-06T07:17:53.514120+09:00,2026-09-08T07:20:53.795504+09:00,0.18115,0.1691,48.05,48h만기,6.65,3.991,0.0211,6,-0.06,3.952,13.17,11.39,11.34,9.828e-05,8.0,
0906071753-ARBUSDT,V7_fundexit,ARBUSDT,2026-09-06T07:17:53.514130+09:00,2026-09-08T07:20:54.284111+09:00,0.18115,0.1691,48.05,48h만기,6.65,3.991,0.0211,6,-0.06,3.952,13.17,11.39,11.34,9.828e-05,8.0,
0906124930-RAYSOLUSDT,V0_base,RAYSOLUSDT,2026-09-06T12:49:31.541786+09:00,2026-09-08T12:50:54.072820+09:00,1.1569,1.2298,48.03,48h만기,-6.3,-3.781,-0.0626,12,-0.06,-3.903,-13.01,8.4,22.6,5e-05,4.0,
0906124930-RAYSOLUSDT,V1_notrail,RAYSOLUSDT,2026-09-06T12:49:31.541831+09:00,2026-09-08T12:50:54.596086+09:00,1.1569,1.2298,48.03,48h만기,-6.3,-3.781,-0.0626,12,-0.06,-3.903,-13.01,8.4,22.6,5e-05,4.0,
0906124930-RAYSOLUSDT,V5_stop30,RAYSOLUSDT,2026-09-06T12:49:31.541860+09:00,2026-09-08T12:50:55.170563+09:00,1.1569,1.2298,48.03,48h만기,-6.3,-3.781,-0.0626,12,-0.06,-3.903,-13.01,8.4,22.6,5e-05,4.0,
0908092033-SOPHUSDT,V5_stop30,SOPHUSDT,2026-09-08T09:20:34.455348+09:00,2026-09-08T12:50:55.797592+09:00,0.006318,0.008216,3.51,스탑-30%,-30.04,-18.025,0.0,0,-0.06,-18.085,-60.28,0.0,30.04,0.00045026,4.0,
0908092033-SOPHUSDT,V0_base,SOPHUSDT,2026-09-08T09:20:34.454781+09:00,2026-09-08T13:34:40.081839+09:00,0.006318,0.008866,4.24,스탑-40%,-40.33,-24.198,0.003,1,-0.06,-24.255,-80.85,0.0,40.33,0.00045026,4.0,
0908092033-SOPHUSDT,V1_notrail,SOPHUSDT,2026-09-08T09:20:34.455320+09:00,2026-09-08T13:34:40.587092+09:00,0.006318,0.008866,4.24,스탑-40%,-40.33,-24.198,0.003,1,-0.06,-24.255,-80.85,0.0,40.33,0.00045026,4.0,
0908092033-SOPHUSDT,V2_hold24,SOPHUSDT,2026-09-08T09:20:34.455336+09:00,2026-09-08T13:34:41.153748+09:00,0.006318,0.008866,4.24,스탑-40%,-40.33,-24.198,0.003,1,-0.06,-24.255,-80.85,0.0,40.33,0.00045026,4.0,
0908092033-SOPHUSDT,V6_timestop,SOPHUSDT,2026-09-08T09:20:34.455356+09:00,2026-09-08T13:34:41.694155+09:00,0.006318,0.008866,4.24,스탑-40%,-40.33,-24.198,0.003,1,-0.06,-24.255,-80.85,0.0,40.33,0.00045026,4.0,
0908092033-SOPHUSDT,V7_fundexit,SOPHUSDT,2026-09-08T09:20:34.455363+09:00,2026-09-08T13:34:42.218818+09:00,0.006318,0.008866,4.24,스탑-40%,-40.33,-24.198,0.003,1,-0.06,-24.255,-80.85,0.0,40.33,0.00045026,4.0,
0907191913-AKEUSDT,V2_hold24,AKEUSDT,2026-09-07T19:19:13.936640+09:00,2026-09-08T19:20:37.327673+09:00,0.016708,0.018661,24.03,24h만기,-11.69,-7.013,-0.0748,6,-0.06,-7.148,-23.83,6.84,18.39,-0.00175706,4.0,
0907191913-AKEUSDT,V6_timestop,AKEUSDT,2026-09-07T19:19:13.936646+09:00,2026-09-08T19:20:37.988471+09:00,0.016708,0.018661,24.03,시간손절(24h),-11.69,-7.013,-0.0748,6,-0.06,-7.148,-23.83,6.84,18.39,-0.00175706,4.0,
0907191913-AKEUSDT,V7_fundexit,AKEUSDT,2026-09-07T19:19:13.936649+09:00,2026-09-08T19:20:39.089757+09:00,0.016708,0.018661,24.03,펀딩청산(24h),-11.69,-7.013,-0.0748,6,-0.06,-7.148,-23.83,6.84,18.39,-0.00175706,4.0,
0906225804-NAORISUSDT,V0_base,NAORISUSDT,2026-09-06T22:58:04.390482+09:00,2026-09-08T22:58:23.717256+09:00,0.03851,0.04235,48.01,48h만기,-9.97,-5.983,0.178,12,-0.06,-5.865,-19.55,4.6,13.48,0.00039336,4.0,
0906225804-NAORISUSDT,V1_notrail,NAORISUSDT,2026-09-06T22:58:04.390496+09:00,2026-09-08T22:58:24.269087+09:00,0.03851,0.04235,48.01,48h만기,-9.97,-5.983,0.178,12,-0.06,-5.865,-19.55,4.6,13.48,0.00039336,4.0,
0906225804-NAORISUSDT,V5_stop30,NAORISUSDT,2026-09-06T22:58:04.390504+09:00,2026-09-08T22:58:24.871902+09:00,0.03851,0.04235,48.01,48h만기,-9.97,-5.983,0.178,12,-0.06,-5.865,-19.55,4.6,13.48,0.00039336,4.0,
0906225804-NAORISUSDT,V7_fundexit,NAORISUSDT,2026-09-06T22:58:04.390509+09:00,2026-09-08T22:58:25.457286+09:00,0.03851,0.04235,48.01,48h만기,-9.97,-5.983,0.178,12,-0.06,-5.865,-19.55,4.6,13.48,0.00039336,4.0,
0907191913-AKEUSDT,V0_base,AKEUSDT,2026-09-07T19:19:13.936624+09:00,2026-09-09T02:24:37.499229+09:00,0.016708,0.016507,31.09,트레일링(최고18%→1%),1.2,0.722,-0.0579,8,-0.06,0.604,2.01,17.78,25.47,-0.00175706,4.0,
0907191913-AKEUSDT,V5_stop30,AKEUSDT,2026-09-07T19:19:13.936644+09:00,2026-09-09T02:24:37.999979+09:00,0.016708,0.016507,31.09,트레일링(최고18%→1%),1.2,0.722,-0.0579,8,-0.06,0.604,2.01,17.78,25.47,-0.00175706,4.0,
0908141831-FORMUSDT,V0_base,FORMUSDT,2026-09-08T14:18:31.981984+09:00,2026-09-09T09:09:21.293325+09:00,0.351,0.3296,18.85,트레일링(최고17%→6%),6.1,3.658,0.0141,5,-0.06,3.612,12.04,16.95,10.03,5e-05,4.0,
0908141831-FORMUSDT,V2_hold24,FORMUSDT,2026-09-08T14:18:31.982009+09:00,2026-09-09T09:09:21.788903+09:00,0.351,0.3296,18.85,트레일링(최고17%→6%),6.1,3.658,0.0141,5,-0.06,3.612,12.04,16.95,10.03,5e-05,4.0,
0908141831-FORMUSDT,V5_stop30,FORMUSDT,2026-09-08T14:18:31.982017+09:00,2026-09-09T09:09:22.268136+09:00,0.351,0.3296,18.85,트레일링(최고17%→6%),6.1,3.658,0.0141,5,-0.06,3.612,12.04,16.95,10.03,5e-05,4.0,
0907191913-AKEUSDT,V1_notrail,AKEUSDT,2026-09-07T19:19:13.936636+09:00,2026-09-09T19:21:19.399302+09:00,0.016708,0.015508,48.04,48h만기,7.18,4.309,-0.4023,12,-0.06,3.847,12.82,17.78,25.47,-0.00175706,4.0,
0908234508-VVVUSDT,V2_hold24,VVVUSDT,2026-09-08T23:45:09.448812+09:00,2026-09-09T23:48:11.336649+09:00,23.228,25.699,24.05,24h만기,-10.64,-6.383,0.0888,6,-0.06,-6.354,-21.18,5.49,25.34,0.0002873,4.0,
0908234508-VVVUSDT,V6_timestop,VVVUSDT,2026-09-08T23:45:09.449259+09:00,2026-09-09T23:48:11.925175+09:00,23.228,25.699,24.05,시간손절(24h),-10.64,-6.383,0.0888,6,-0.06,-6.354,-21.18,5.49,25.34,0.0002873,4.0,
0909000146-USELESSUSDT,V2_hold24,USELESSUSDT,2026-09-09T00:01:47.343648+09:00,2026-09-10T00:04:39.429809+09:00,0.30383,0.29811,24.05,24h만기,1.88,1.13,0.0797,6,-0.06,1.149,3.83,11.58,10.42,5e-05,4.0,
0909161751-IOSTUSDT,V0_base,IOSTUSDT,2026-09-09T16:17:52.097489+09:00,2026-09-10T07:04:19.213621+09:00,0.0011839,0.0021343,14.77,강제청산,-80.28,-48.166,-0.2017,2,-0.06,-30.0,-100.0,4.05,80.28,0.0001,8.0,
0909161751-IOSTUSDT,V1_notrail,IOSTUSDT,2026-09-09T16:17:52.097792+09:00,2026-09-10T07:04:19.580465+09:00,0.0011839,0.0021343,14.77,강제청산,-80.28,-48.166,-0.2017,2,-0.06,-30.0,-100.0,4.05,80.28,0.0001,8.0,
0909161751-IOSTUSDT,V2_hold24,IOSTUSDT,2026-09-09T16:17:52.097811+09:00,2026-09-10T07:04:19.952330+09:00,0.0011839,0.0021343,14.77,강제청산,-80.28,-48.166,-0.2017,2,-0.06,-30.0,-100.0,4.05,80.28,0.0001,8.0,
0909161751-IOSTUSDT,V5_stop30,IOSTUSDT,2026-09-09T16:17:52.097824+09:00,2026-09-10T07:04:20.304051+09:00,0.0011839,0.0021343,14.77,강제청산,-80.28,-48.166,-0.2017,2,-0.06,-30.0,-100.0,4.05,80.28,0.0001,8.0,
0909161751-IOSTUSDT,V6_timestop,IOSTUSDT,2026-09-09T16:17:52.097832+09:00,2026-09-10T07:04:20.741768+09:00,0.0011839,0.0021343,14.77,강제청산,-80.28,-48.166,-0.2017,2,-0.06,-30.0,-100.0,4.05,80.28,0.0001,8.0,
0909161751-IOSTUSDT,V7_fundexit,IOSTUSDT,2026-09-09T16:17:52.097841+09:00,2026-09-10T07:04:21.265894+09:00,0.0011839,0.0021343,14.77,강제청산,-80.28,-48.166,-0.2017,2,-0.06,-30.0,-100.0,4.05,80.28,0.0001,8.0,
0909123326-KATUSDT,V2_hold24,KATUSDT,2026-09-09T12:33:26.852632+09:00,2026-09-10T12:34:45.780167+09:00,0.006252,0.005535,24.03,24h만기,11.47,6.881,-0.2009,6,-0.06,6.62,22.07,14.28,3.61,0.00017492,4.0,
0909123326-KATUSDT,V7_fundexit,KATUSDT,2026-09-09T12:33:26.852887+09:00,2026-09-10T12:34:46.796650+09:00,0.006252,0.005535,24.03,펀딩청산(24h),11.47,6.881,-0.2009,6,-0.06,6.62,22.07,14.28,3.61,0.00017492,4.0,
0908141831-FORMUSDT,V1_notrail,FORMUSDT,2026-09-08T14:18:31.982002+09:00,2026-09-10T14:21:14.402912+09:00,0.351,0.2623,48.05,48h만기,25.27,15.162,0.0351,12,-0.06,15.138,50.46,27.01,10.03,5e-05,4.0,
0908141831-FORMUSDT,V6_timestop,FORMUSDT,2026-09-08T14:18:31.982021+09:00,2026-09-10T14:21:14.821779+09:00,0.351,0.2623,48.05,48h만기,25.27,15.162,0.0351,12,-0.06,15.138,50.46,27.01,10.03,5e-05,4.0,
0908141831-FORMUSDT,V7_fundexit,FORMUSDT,2026-09-08T14:18:31.982024+09:00,2026-09-10T14:21:15.228113+09:00,0.351,0.2623,48.05,48h만기,25.27,15.162,0.0351,12,-0.06,15.138,50.46,27.01,10.03,5e-05,4.0,
0909000146-USELESSUSDT,V0_base,USELESSUSDT,2026-09-09T00:01:47.343571+09:00,2026-09-10T20:10:27.629512+09:00,0.30383,0.25408,44.15,트레일링(최고28%→16%),16.37,9.825,0.0972,11,-0.06,9.862,32.87,28.28,10.42,5e-05,4.0,
0909000146-USELESSUSDT,V5_stop30,USELESSUSDT,2026-09-09T00:01:47.343666+09:00,2026-09-10T20:10:28.197818+09:00,0.30383,0.25408,44.15,트레일링(최고28%→16%),16.37,9.825,0.0972,11,-0.06,9.862,32.87,28.28,10.42,5e-05,4.0,
0909203056-牛来USDT,V2_hold24,牛来USDT,2026-09-09T20:30:56.933563+09:00,2026-09-10T20:31:53.921615+09:00,0.14367,0.07806,24.02,24h만기,45.67,27.4,0.0302,6,-0.06,27.37,91.23,49.29,0.0,5e-05,4.0,
0908234508-VVVUSDT,V0_base,VVVUSDT,2026-09-08T23:45:09.448753+09:00,2026-09-10T23:47:19.364717+09:00,23.228,23.528,48.04,48h만기,-1.29,-0.775,0.1091,12,-0.06,-0.726,-2.42,5.49,25.34,0.0002873,4.0,
0908234508-VVVUSDT,V1_notrail,VVVUSDT,2026-09-08T23:45:09.448800+09:00,2026-09-10T23:47:19.609139+09:00,23.228,23.528,48.04,48h만기,-1.29,-0.775,0.1091,12,-0.06,-0.726,-2.42,5.49,25.34,0.0002873,4.0,
0908234508-VVVUSDT,V5_stop30,VVVUSDT,2026-09-08T23:45:09.449250+09:00,2026-09-10T23:47:19.871112+09:00,23.228,23.528,48.04,48h만기,-1.29,-0.775,0.1091,12,-0.06,-0.726,-2.42,5.49,25.34,0.0002873,4.0,
0908234508-VVVUSDT,V7_fundexit,VVVUSDT,2026-09-08T23:45:09.449265+09:00,2026-09-10T23:47:20.136207+09:00,23.228,23.528,48.04,48h만기,-1.29,-0.775,0.1091,12,-0.06,-0.726,-2.42,5.49,25.34,0.0002873,4.0,
0909000146-USELESSUSDT,V1_notrail,USELESSUSDT,2026-09-09T00:01:47.343631+09:00,2026-09-11T00:02:36.494331+09:00,0.30383,0.23086,48.02,48h만기,24.02,14.41,0.1002,12,-0.06,14.45,48.17,28.28,10.42,5e-05,4.0,
0909000146-USELESSUSDT,V6_timestop,USELESSUSDT,2026-09-09T00:01:47.343678+09:00,2026-09-11T00:02:36.748430+09:00,0.30383,0.23086,48.02,48h만기,24.02,14.41,0.1002,12,-0.06,14.45,48.17,28.28,10.42,5e-05,4.0,
0909000146-USELESSUSDT,V7_fundexit,USELESSUSDT,2026-09-09T00:01:47.343687+09:00,2026-09-11T00:02:36.996217+09:00,0.30383,0.23086,48.02,48h만기,24.02,14.41,0.1002,12,-0.06,14.45,48.17,28.28,10.42,5e-05,4.0,
0909203056-牛来USDT,V0_base,牛来USDT,2026-09-09T20:30:56.933499+09:00,2026-09-11T00:11:47.197268+09:00,0.14367,0.08783,27.69,트레일링(최고49%→39%),38.87,23.32,0.0392,7,-0.06,23.299,77.66,49.29,0.0,5e-05,4.0,
0909203056-牛来USDT,V5_stop30,牛来USDT,2026-09-09T20:30:56.933584+09:00,2026-09-11T00:11:47.448275+09:00,0.14367,0.08783,27.69,트레일링(최고49%→39%),38.87,23.32,0.0392,7,-0.06,23.299,77.66,49.29,0.0,5e-05,4.0,
