entry_time,exit_time,symbol,range_pos,whale_size,whale_ratio,entry_price,exit_price,peak_price,pnl_pct,hold_min,reason
2026-07-07T09:46:40.601105+09:00,2026-07-07T10:05:01.888454+09:00,BLUR,0.12,4625730,47.3,32.73,31.7,33.42,-3.15,18,손절-3.0%
2026-07-07T10:17:31.906134+09:00,2026-07-07T12:35:22.075157+09:00,YFI,0.11,4320173,118.7,3.812e+06,3.88e+06,4.087e+06,+1.78,138,트레일(고점+7.2%)
2026-07-07T11:20:18.159936+09:00,2026-07-07T12:38:08.299744+09:00,BLUR,0.09,3331043,61.0,29.95,28.89,30.54,-3.54,78,손절-3.0%
2026-07-07T10:39:55.901420+09:00,2026-07-07T13:02:16.501268+09:00,CAP,0.23,6492416,14.9,31.7,32.46,34.17,+2.40,142,트레일(고점+7.8%)
2026-07-07T12:03:18.417133+09:00,2026-07-07T13:06:04.056793+09:00,SC,0.11,3958077,16.9,1.007,1.03,1.082,+2.28,63,트레일(고점+7.4%)
2026-07-07T10:12:27.420467+09:00,2026-07-07T13:12:35.540501+09:00,EDGEX,0.21,4111272,8.5,465,491,517,+5.59,180,트레일(고점+11.2%)
2026-07-07T13:16:01.298621+09:00,2026-07-07T13:39:25.807449+09:00,YFI,0.06,4653302,158.8,3.608e+06,3.497e+06,3.65e+06,-3.08,23,손절-3.0%
2026-07-07T09:46:40.539658+09:00,2026-07-07T13:44:55.803895+09:00,NEAR,0.20,17653612,68.8,3097,3001,3124,-3.10,238,손절-3.0%
2026-07-07T11:47:27.241978+09:00,2026-07-07T13:57:42.656228+09:00,BEL,0.20,3547106,35.5,180,174,182,-3.33,130,손절-3.0%
2026-07-07T09:46:40.558516+09:00,2026-07-07T13:58:23.764489+09:00,MPLX,0.14,3162667,62.1,51.4,49.59,51.6,-3.52,252,손절-3.0%
2026-07-07T09:46:40.622187+09:00,2026-07-07T14:03:13.189048+09:00,RPL,0.22,3462536,74.1,2721,2637,2777,-3.09,257,손절-3.0%
2026-07-07T12:39:09.777227+09:00,2026-07-07T14:14:14.842363+09:00,SLX,0.30,6949981,69.3,304,293,306,-3.62,95,손절-3.0%
2026-07-07T09:46:40.393090+09:00,2026-07-07T14:15:16.403913+09:00,XLM,0.00,7615389,31.3,300,291,301,-3.00,269,손절-3.0%
2026-07-07T09:46:40.470108+09:00,2026-07-07T14:20:26.981739+09:00,WLD,0.21,5166801,24.5,607,588,611,-3.13,274,손절-3.0%
2026-07-07T11:13:25.615405+09:00,2026-07-07T15:16:55.280364+09:00,BASED,0.17,7457392,21.3,140,135,141,-3.57,243,손절-3.0%
2026-07-07T09:46:40.579973+09:00,2026-07-07T15:39:06.591837+09:00,ID,0.03,7582614,32.0,59.33,59.32,62.47,-0.02,352,트레일(고점+5.3%)
2026-07-07T14:15:16.342138+09:00,2026-07-07T16:06:08.867824+09:00,BEL,0.29,4720979,8.6,176,170,180,-3.41,111,손절-3.0%
2026-07-07T15:51:35.563602+09:00,2026-07-07T16:49:23.037834+09:00,ID,0.20,4058254,57.2,59.87,58.01,60.06,-3.11,58,손절-3.0%
2026-07-07T16:38:17.211937+09:00,2026-07-07T17:01:30.870645+09:00,OPG,0.15,6522208,31.1,223,215,223,-3.59,23,손절-3.0%
2026-07-07T10:44:00.579477+09:00,2026-07-07T17:20:54.457746+09:00,GNO,0.27,4032033,60.5,348300,336900,361700,-3.27,397,손절-3.0%
2026-07-07T10:07:43.621053+09:00,2026-07-07T17:34:24.184756+09:00,BILL,0.14,7358009,147.2,63.11,64.76,68,+2.61,447,트레일(고점+7.7%)
2026-07-07T12:05:22.509466+09:00,2026-07-07T17:34:45.148016+09:00,GWEI,0.25,5682106,12.2,204,197,206,-3.43,329,손절-3.0%
2026-07-07T17:44:46.280003+09:00,2026-07-07T18:04:48.096415+09:00,UP,0.22,5554539,217.8,93.97,91,93.97,-3.16,20,손절-3.0%
2026-07-07T12:42:15.736705+09:00,2026-07-07T18:18:16.786018+09:00,LIT,0.30,9708250,88.8,3785,3659,3910,-3.33,336,손절-3.0%
2026-07-07T10:47:45.209241+09:00,2026-07-07T19:47:32.221498+09:00,ADA,0.25,8250000,27.4,275,266,276,-3.27,540,손절-3.0%
2026-07-07T14:23:33.352181+09:00,2026-07-07T19:56:33.331828+09:00,SC,0.06,5130299,528.9,0.9768,0.9463,1.002,-3.12,333,손절-3.0%
2026-07-07T14:18:22.416076+09:00,2026-07-07T20:04:31.786894+09:00,ALICE,0.12,3120893,18.1,196,196,206,+0.00,346,트레일(고점+5.1%)
2026-07-07T14:42:13.670048+09:00,2026-07-07T20:13:53.061942+09:00,SLX,0.29,8000000,13.4,297,288,298,-3.03,332,손절-3.0%
2026-07-07T14:30:06.980458+09:00,2026-07-07T20:29:06.789315+09:00,EDGEX,0.30,4320690,8.4,474,476,505,+0.42,359,트레일(고점+6.5%)
2026-07-07T14:15:37.077644+09:00,2026-07-07T20:32:13.443199+09:00,RPL,0.03,3468109,53.0,2631,2757,2893,+4.79,377,트레일(고점+10.0%)
2026-07-07T14:20:47.569749+09:00,2026-07-07T20:33:57.156127+09:00,MPLX,0.13,5799090,604.3,48.22,48.92,51.56,+1.45,373,트레일(고점+6.9%)
2026-07-07T18:42:24.600760+09:00,2026-07-07T21:35:30.790582+09:00,SOMI,0.17,3537505,12.6,172,174,183,+1.16,173,트레일(고점+6.4%)
2026-07-07T20:55:00.208518+09:00,2026-07-07T22:11:33.016014+09:00,SLX,0.29,25032760,334.1,287,277,288,-3.48,77,손절-3.0%
2026-07-07T13:18:46.135680+09:00,2026-07-07T22:55:35.672232+09:00,CAP,0.25,3120660,21.2,32.2,33.67,35.3,+4.57,577,트레일(고점+9.6%)
2026-07-07T09:46:40.487099+09:00,2026-07-07T23:15:44.853418+09:00,VIRTUAL,0.17,21647845,151.2,829,804,830,-3.02,809,손절-3.0%
2026-07-07T17:37:09.806432+09:00,2026-07-07T23:19:34.871854+09:00,BILL,0.08,7106453,144.4,65.01,62.79,66.46,-3.41,342,손절-3.0%
2026-07-07T10:09:45.335912+09:00,2026-07-07T23:36:36.671446+09:00,XRP,0.15,17386143,1738.6,1716,1664,1718,-3.03,807,손절-3.0%
2026-07-07T10:25:40.045060+09:00,2026-07-07T23:36:36.729436+09:00,PENGU,0.10,6569896,23.1,10.08,9.75,10.15,-3.27,791,손절-3.0%
2026-07-07T12:49:09.847280+09:00,2026-07-07T23:36:57.681954+09:00,PYTH,0.09,3560410,35.3,65.32,65.94,69.22,+0.95,648,트레일(고점+6.0%)
2026-07-07T20:59:29.749431+09:00,2026-07-07T23:40:26.028640+09:00,GWEI,0.21,4287295,14.3,182,176,185,-3.30,161,손절-3.0%
2026-07-07T23:02:52.519041+09:00,2026-07-08T00:01:15.469980+09:00,OPG,0.14,4162247,66.6,197,191,197,-3.05,58,손절-3.0%
2026-07-07T12:24:40.143791+09:00,2026-07-08T00:18:56.926418+09:00,HFT,0.04,3858441,92.5,13.89,14.06,14.76,+1.22,714,트레일(고점+6.3%)
2026-07-07T22:56:37.755604+09:00,2026-07-08T00:27:16.641164+09:00,SLX,0.17,5289011,15.8,278,269,281,-3.24,91,손절-3.0%
2026-07-07T23:52:54.452995+09:00,2026-07-08T00:43:13.264388+09:00,EDGEX,0.24,11040935,56.7,485,509,537,+4.95,50,트레일(고점+10.7%)
2026-07-07T23:54:38.566483+09:00,2026-07-08T00:43:13.283151+09:00,CAP,0.25,4999998,425.1,33.66,32.65,33.83,-3.00,49,손절-3.0%
2026-07-07T11:10:20.566778+09:00,2026-07-08T00:44:35.887091+09:00,NEX,0.00,6000000,106.0,0.0041,0.0039,0.0043,-4.88,814,손절-3.0%
2026-07-07T18:11:22.285924+09:00,2026-07-08T00:56:00.517884+09:00,BEL,0.20,4540882,29.9,168,172,181,+2.38,405,트레일(고점+7.7%)
2026-07-07T22:29:56.586805+09:00,2026-07-08T01:01:11.061141+09:00,BLUR,0.03,5259720,83.3,35.2,35.12,37.16,-0.23,151,트레일(고점+5.6%)
2026-07-07T18:42:45.371871+09:00,2026-07-08T01:17:43.923143+09:00,ARX,0.17,6506908,15.0,327,317,333,-3.06,395,손절-3.0%
2026-07-07T21:51:05.519143+09:00,2026-07-08T01:17:44.000858+09:00,XAN,0.09,4064042,111.2,16.86,16.35,16.89,-3.02,207,손절-3.0%
2026-07-08T01:14:16.269645+09:00,2026-07-08T01:19:27.541273+09:00,BLUR,0.08,4337822,108.3,34.5,33.45,34.57,-3.04,5,손절-3.0%
2026-07-07T10:28:02.940371+09:00,2026-07-08T01:46:58.676265+09:00,ARPA,0.05,4237843,54.8,13.58,13.1,14.02,-3.53,919,손절-3.0%
2026-07-08T00:39:23.213010+09:00,2026-07-08T01:51:49.036925+09:00,SC,0.26,4301485,18.8,0.9813,0.951,0.9824,-3.09,72,손절-3.0%
2026-07-07T10:57:40.701700+09:00,2026-07-08T02:02:10.932272+09:00,JTO,0.27,6250940,20.4,1160,1121,1191,-3.36,905,손절-3.0%
2026-07-08T01:07:01.783453+09:00,2026-07-08T02:03:54.923330+09:00,MPLX,0.21,3003475,20.7,51.59,50,51.8,-3.08,57,손절-3.0%
2026-07-07T21:53:10.050833+09:00,2026-07-08T02:04:36.258088+09:00,RE,0.04,3700016,15.4,1035,1003,1073,-3.09,251,손절-3.0%
2026-07-07T15:41:52.658981+09:00,2026-07-08T02:05:18.623300+09:00,BASED,0.17,18762063,35.3,136,131,139,-3.68,623,손절-3.0%
2026-07-07T20:58:06.732384+09:00,2026-07-08T02:24:16.615466+09:00,CHIP,0.13,3928062,44.4,53.12,55.32,58,+4.14,326,트레일(고점+9.2%)
2026-07-07T22:06:19.772616+09:00,2026-07-08T02:24:16.653851+09:00,SOMI,0.08,22404550,29.2,173,167,175,-3.47,258,손절-3.0%
2026-07-08T02:27:42.641458+09:00,2026-07-08T02:28:45.348896+09:00,BASED,0.00,8266774,112.6,130,125,130,-3.85,1,손절-3.0%
2026-07-08T01:50:04.463468+09:00,2026-07-08T02:32:32.673991+09:00,OPG,0.17,11093832,30.0,188,182,188,-3.19,42,손절-3.0%
2026-07-07T19:48:55.048074+09:00,2026-07-08T02:44:56.502165+09:00,PYR,0.25,4694405,11.3,213,201,218,-5.63,416,손절-3.0%
2026-07-08T02:17:43.143625+09:00,2026-07-08T03:03:09.562009+09:00,BEL,0.11,5603250,54.6,164,159,164,-3.05,45,손절-3.0%
2026-07-07T20:11:26.775861+09:00,2026-07-08T03:03:30.019350+09:00,YFI,0.21,3043090,76.1,3.477e+06,3.492e+06,3.671e+06,+0.43,412,트레일(고점+5.6%)
2026-07-08T02:27:42.663338+09:00,2026-07-08T03:23:21.861591+09:00,CHIP,0.15,3835119,53.7,55.17,53.44,55.18,-3.14,56,손절-3.0%
2026-07-08T03:18:12.960474+09:00,2026-07-08T04:09:44.827385+09:00,ARX,0.00,4905551,10.1,303,292,304,-3.63,52,손절-3.0%
2026-07-07T10:12:07.133858+09:00,2026-07-08T04:10:46.265337+09:00,ALLO,0.25,6108865,24.0,623,604,648,-3.05,1079,손절-3.0%
2026-07-07T14:39:48.201361+09:00,2026-07-08T04:14:33.138171+09:00,MINA,0.23,3533901,68.2,73.2,70.58,74.3,-3.58,815,손절-3.0%
2026-07-08T03:55:17.975927+09:00,2026-07-08T04:24:10.790264+09:00,VERONA,0.14,3251049,11.8,202,195,205,-3.47,29,손절-3.0%
2026-07-07T21:42:04.630594+09:00,2026-07-08T04:36:51.109129+09:00,LIT,0.00,11650279,213.9,3825,3706,3978,-3.11,415,손절-3.0%
2026-07-07T09:46:40.508957+09:00,2026-07-08T05:10:43.508415+09:00,MON,0.19,5625811,123.1,36.74,36.71,38.9,-0.08,1164,트레일(고점+5.9%)
2026-07-08T04:27:35.780809+09:00,2026-07-08T05:18:14.827738+09:00,ALLO,0.16,3454284,12.9,609,590,609,-3.12,51,손절-3.0%
2026-07-07T18:00:59.780173+09:00,2026-07-08T05:42:48.861928+09:00,ID,0.10,8016730,76.6,57.38,57.8,60.75,+0.73,702,트레일(고점+5.9%)
2026-07-08T01:46:37.869989+09:00,2026-07-08T05:51:21.288023+09:00,GWEI,0.22,4525561,823.0,173,167,175,-3.47,245,손절-3.0%
2026-07-08T03:22:40.212642+09:00,2026-07-08T06:18:48.898464+09:00,RE,0.00,7001180,9.6,969,939,980,-3.10,176,손절-3.0%
2026-07-07T14:18:22.435742+09:00,2026-07-08T06:20:11.008025+09:00,XLM,0.20,10000000,14.6,292,283,296,-3.08,962,손절-3.0%
2026-07-07T09:46:40.358108+09:00,2026-07-08T06:24:39.230886+09:00,SUI,0.25,8922025,45.8,1127,1091,1130,-3.19,1238,손절-3.0%
2026-07-08T04:36:50.760575+09:00,2026-07-08T07:00:25.994397+09:00,CHIP,0.06,3336307,65.4,51.96,50.37,52.16,-3.06,144,손절-3.0%
2026-07-07T14:30:48.565124+09:00,2026-07-08T07:01:07.198667+09:00,WLD,0.19,5920190,8.1,590,571,604,-3.22,990,손절-3.0%
2026-07-08T03:31:14.268373+09:00,2026-07-08T07:01:07.360269+09:00,PENGU,0.09,6478894,40.6,9.93,9.62,9.95,-3.12,210,손절-3.0%
2026-07-07T17:57:53.579025+09:00,2026-07-08T07:25:11.862065+09:00,BONK,0.25,8126984,38.7,0.0064,0.0062,0.0065,-3.13,807,손절-3.0%
2026-07-08T06:11:57.030033+09:00,2026-07-08T08:21:42.508992+09:00,VERONA,0.12,3410709,50.0,190,202,212,+6.32,130,트레일(고점+11.6%)
2026-07-08T05:50:39.449767+09:00,2026-07-08T08:34:25.735115+09:00,ID,0.00,5109036,132.5,57.18,55.37,58.18,-3.17,164,손절-3.0%
2026-07-08T06:00:57.233459+09:00,2026-07-08T08:39:34.188875+09:00,BLUR,0.00,6739925,25.6,31.42,30.06,31.88,-4.33,159,손절-3.0%
2026-07-08T09:16:21.329185+09:00,2026-07-08T09:28:26.623007+09:00,GWEI,0.00,6696155,1094.0,167,161,167,-3.59,12,손절-3.0%
2026-07-08T08:57:24.331379+09:00,2026-07-08T09:35:20.784127+09:00,BLUR,0.06,4059826,16.5,30.06,29.11,31.4,-3.16,38,손절-3.0%
2026-07-08T08:51:54.031253+09:00,2026-07-08T09:38:27.006452+09:00,SLX,0.20,3467289,10.9,268,259,271,-3.36,47,손절-3.0%
2026-07-08T06:20:52.424320+09:00,2026-07-08T09:41:12.072262+09:00,AGLD,0.00,7840024,57.1,243,275,288,+13.17,200,트레일(고점+18.5%)
2026-07-07T09:46:40.377861+09:00,2026-07-08T09:46:41.874293+09:00,ETH,0.00,7958394,13.8,2.701e+06,2.671e+06,2.708e+06,-1.11,1440,타임아웃24h
2026-07-07T09:46:40.413780+09:00,2026-07-08T09:46:41.890965+09:00,SOL,0.00,5005646,8.3,123500,120700,123700,-2.27,1440,타임아웃24h
2026-07-07T09:46:40.435539+09:00,2026-07-08T09:46:41.909727+09:00,ONDO,0.12,9982789,110.7,504,496,506,-1.59,1440,타임아웃24h
2026-07-07T09:46:40.454112+09:00,2026-07-08T09:46:41.931611+09:00,BTC,0.05,15292575,10.4,9.6197e+07,9.5374e+07,9.6362e+07,-0.86,1440,타임아웃24h
2026-07-07T09:48:29.126391+09:00,2026-07-08T09:48:45.399683+09:00,TRX,0.00,3548550,50.1,496,498,498,+0.40,1440,타임아웃24h
2026-07-08T09:04:37.619146+09:00,2026-07-08T10:11:04.641719+09:00,ARX,0.12,12041454,12.0,293,284,297,-3.07,66,손절-3.0%
2026-07-08T09:27:02.908307+09:00,2026-07-08T10:12:26.938852+09:00,UP,0.12,3647774,20.7,97.02,94,98.21,-3.11,45,손절-3.0%
2026-07-08T07:22:05.489118+09:00,2026-07-08T10:13:49.168547+09:00,MPLX,0.02,4194026,23.9,49.83,48.33,50.19,-3.01,172,손절-3.0%
2026-07-08T04:06:59.166982+09:00,2026-07-08T10:15:52.432670+09:00,YFI,0.06,5513924,54.6,3.271e+06,3.166e+06,3.385e+06,-3.21,369,손절-3.0%
2026-07-07T10:24:18.660987+09:00,2026-07-08T10:24:26.007358+09:00,ENA,0.00,9725052,41.8,116,115,118,-0.86,1440,타임아웃24h
2026-07-07T10:26:00.453313+09:00,2026-07-08T10:26:08.331282+09:00,H,0.00,7949215,105.0,110,109,112,-0.91,1440,타임아웃24h
2026-07-07T13:09:29.635000+09:00,2026-07-08T10:36:23.199721+09:00,MEGA,0.13,10416656,26.7,71.49,72.64,76.23,+1.61,1287,트레일(고점+6.6%)
2026-07-08T02:37:21.155695+09:00,2026-07-08T10:36:43.865730+09:00,CAP,0.18,7955929,19.9,30.4,30.69,32.3,+0.95,479,트레일(고점+6.2%)
2026-07-07T11:47:27.259048+09:00,2026-07-08T10:37:04.159325+09:00,DOGE,0.00,3000000,15.0,113,109,114,-3.54,1370,손절-3.0%
2026-07-07T13:45:37.007101+09:00,2026-07-08T10:37:04.193941+09:00,NEAR,0.00,5665350,34.0,3001,2910,3100,-3.03,1251,손절-3.0%
2026-07-07T22:58:01.025398+09:00,2026-07-08T10:37:04.248315+09:00,IN,0.12,15387294,98.2,69.32,69.75,73.43,+0.62,699,트레일(고점+5.9%)
2026-07-08T10:06:56.804569+09:00,2026-07-08T10:37:24.952787+09:00,OPG,0.08,4652018,465.2,183,177,183,-3.28,30,손절-3.0%
2026-07-07T10:41:37.870059+09:00,2026-07-08T10:41:50.356163+09:00,BCH,0.06,3283272,18.7,361100,357300,366100,-1.05,1440,타임아웃24h
2026-07-07T11:47:47.961208+09:00,2026-07-08T10:53:07.230761+09:00,HBAR,0.00,16038233,21.4,109,105,109,-3.67,1385,손절-3.0%
2026-07-08T01:45:15.188128+09:00,2026-07-08T10:56:11.825775+09:00,ICNT,0.24,7603222,34.2,267,258,275,-3.37,551,손절-3.0%
2026-07-07T23:03:13.419426+09:00,2026-07-08T10:56:52.724711+09:00,ADA,0.25,25080334,250.8,266,258,268,-3.01,714,손절-3.0%
2026-07-08T07:12:47.992890+09:00,2026-07-08T11:00:58.224036+09:00,PENGU,0.30,3291629,33.1,9.69,9.392,9.758,-3.08,228,손절-3.0%
2026-07-08T10:43:12.054751+09:00,2026-07-08T11:04:22.794754+09:00,CAP,0.23,3119034,110.5,30.95,29.6,31.11,-4.36,21,손절-3.0%
2026-07-08T06:21:54.145826+09:00,2026-07-08T11:09:08.779595+09:00,RE,0.00,8016806,23.4,939,909,946,-3.19,287,손절-3.0%
2026-07-07T23:02:10.841085+09:00,2026-07-08T11:18:00.930116+09:00,PEPE,0.00,23999999,23.1,0.004,0.0038,0.0041,-5.00,736,손절-3.0%
2026-07-08T05:52:43.114250+09:00,2026-07-08T11:22:06.374785+09:00,BILL,0.28,3581410,12.8,59.08,56.77,60.72,-3.91,329,손절-3.0%
2026-07-08T10:53:27.712800+09:00,2026-07-08T11:23:28.400119+09:00,SLX,0.09,4480795,13.9,252,244,252,-3.17,30,손절-3.0%
2026-07-08T11:01:59.255088+09:00,2026-07-08T11:24:50.207608+09:00,AGLD,0.05,4280896,10.7,250,242,250,-3.20,23,손절-3.0%
2026-07-08T10:33:39.048450+09:00,2026-07-08T11:45:18.376731+09:00,H,0.20,6102622,18.1,108,113,119,+4.63,72,트레일(고점+10.2%)
2026-07-08T10:40:07.992133+09:00,2026-07-08T12:41:55.894295+09:00,BASED,0.14,9521106,95.2,123,119,125,-3.25,122,손절-3.0%
2026-07-08T06:46:38.471402+09:00,2026-07-08T12:48:04.350318+09:00,BEL,0.20,5372000,17.5,158,168,176,+6.33,361,트레일(고점+11.4%)
2026-07-08T12:25:52.697143+09:00,2026-07-08T12:50:07.411504+09:00,GRASS,0.03,10938253,24.6,562,545,566,-3.02,24,손절-3.0%
2026-07-08T09:12:54.456922+09:00,2026-07-08T13:06:13.839679+09:00,VERONA,0.08,5034257,20.9,201,239,250,+18.91,233,트레일(고점+24.4%)
2026-07-08T11:36:05.082314+09:00,2026-07-08T13:12:03.882138+09:00,GWEI,0.29,3154842,124.1,155,150,158,-3.23,96,손절-3.0%
2026-07-08T13:22:43.243234+09:00,2026-07-08T13:34:04.868896+09:00,CHIP,0.16,16722635,184.6,52.59,50.96,52.59,-3.10,11,손절-3.0%
2026-07-08T12:30:39.492396+09:00,2026-07-08T13:37:31.293251+09:00,UP,0.20,4445838,72.2,90.09,87.1,93.75,-3.32,67,손절-3.0%
2026-07-07T14:10:47.688484+09:00,2026-07-08T14:10:59.850669+09:00,KAIA,0.28,3355490,33.6,51.4,51.59,53,+0.37,1440,타임아웃24h
2026-07-08T07:21:44.788879+09:00,2026-07-08T15:17:37.549559+09:00,WLD,0.18,5008818,31.5,569,551,583,-3.16,476,손절-3.0%
2026-07-08T09:50:28.191728+09:00,2026-07-08T15:19:41.377446+09:00,SOL,0.00,4987544,62.7,120500,116800,120600,-3.07,329,손절-3.0%
2026-07-08T06:34:36.606846+09:00,2026-07-08T15:20:22.560869+09:00,JTO,0.23,4987553,41.3,1082,1048,1113,-3.14,526,손절-3.0%
2026-07-08T05:42:28.147031+09:00,2026-07-08T15:22:26.243025+09:00,XRP,0.30,9607329,1601.5,1674,1623,1680,-3.05,580,손절-3.0%
2026-07-08T08:43:19.736644+09:00,2026-07-08T15:29:18.755381+09:00,EDGEX,0.28,3720433,29.4,589,659,694,+11.88,406,트레일(고점+17.8%)
2026-07-07T16:40:01.114598+09:00,2026-07-08T15:32:03.580114+09:00,SHIB,0.00,4987531,16.6,0.0065,0.0063,0.0068,-3.08,1372,손절-3.0%
2026-07-08T10:40:48.866898+09:00,2026-07-08T15:35:09.286959+09:00,ONDO,0.17,3724561,8.7,489,474,495,-3.07,294,손절-3.0%
2026-07-08T15:56:28.945522+09:00,2026-07-08T16:02:29.143081+09:00,EDGEX,0.24,7688987,70.5,649,628,652,-3.24,6,손절-3.0%
2026-07-08T11:41:12.152008+09:00,2026-07-08T17:24:13.886837+09:00,ADA,0.22,24022187,241.2,257,249,259,-3.11,343,손절-3.0%
2026-07-08T11:24:08.986191+09:00,2026-07-08T17:29:02.282634+09:00,ICNT,0.21,8945931,178.7,259,251,264,-3.09,365,손절-3.0%
2026-07-08T06:46:38.486759+09:00,2026-07-08T17:34:11.343988+09:00,SUI,0.17,3797500,11.7,1086,1051,1098,-3.22,648,손절-3.0%
2026-07-08T10:38:05.426916+09:00,2026-07-08T17:36:35.670195+09:00,ENA,0.25,6149418,272.1,113,109,114,-3.54,419,손절-3.0%
2026-07-08T07:06:16.096336+09:00,2026-07-08T17:37:16.764155+09:00,XLM,0.25,16064196,12.8,283,274,286,-3.18,631,손절-3.0%
2026-07-07T23:26:31.426328+09:00,2026-07-08T17:39:40.603256+09:00,VIRTUAL,0.00,12090000,61.8,804,778,823,-3.23,1093,손절-3.0%
2026-07-08T12:55:35.039899+09:00,2026-07-08T17:40:01.286411+09:00,CAP,0.17,6410515,27.6,29.34,30.41,31.88,+3.65,284,트레일(고점+8.7%)
2026-07-08T13:54:25.178759+09:00,2026-07-08T17:53:02.974641+09:00,GWEI,0.12,3453858,23.2,148,143,152,-3.38,239,손절-3.0%
2026-07-08T13:02:47.214500+09:00,2026-07-08T17:56:49.433557+09:00,BASED,0.08,5834649,50.7,114,119,125,+4.39,294,트레일(고점+9.6%)
2026-07-08T13:00:22.879590+09:00,2026-07-08T18:01:17.016498+09:00,BEL,0.20,5684253,27.0,168,162,172,-3.57,301,손절-3.0%
2026-07-08T17:28:41.412409+09:00,2026-07-08T18:01:17.300027+09:00,JTO,0.05,4970372,108.4,936,906,937,-3.21,33,손절-3.0%
2026-07-08T06:41:08.121670+09:00,2026-07-08T18:12:15.715007+09:00,ALLO,0.06,3656463,16.9,588,590,620,+0.34,691,트레일(고점+5.4%)
2026-07-08T14:01:19.310367+09:00,2026-07-08T18:21:33.750261+09:00,AGLD,0.19,3070829,148.9,238,229,241,-3.78,260,손절-3.0%
2026-07-08T11:39:09.253808+09:00,2026-07-08T18:26:42.551109+09:00,LIT,0.18,3000935,35.3,3542,3428,3667,-3.22,408,손절-3.0%
2026-07-08T18:46:17.982733+09:00,2026-07-08T19:44:16.950159+09:00,ID,0.02,3338276,67.3,55.57,53.88,55.61,-3.04,58,손절-3.0%
2026-07-08T18:21:12.861751+09:00,2026-07-08T20:15:12.211672+09:00,NEX,0.00,3010312,17.4,0.0038,0.0038,0.004,+0.00,114,트레일(고점+5.3%)
2026-07-08T17:40:21.687075+09:00,2026-07-08T20:22:03.510665+09:00,CAP,0.28,5205104,11.4,30.54,29.6,31.13,-3.08,162,손절-3.0%
2026-07-08T17:04:40.244949+09:00,2026-07-08T20:46:24.138629+09:00,KAITO,0.11,4440610,8.1,911,1210,1257,+32.82,222,트레일(고점+38.0%)
2026-07-08T17:23:32.486038+09:00,2026-07-08T21:41:52.416196+09:00,RE,0.27,4688814,13.3,925,896,937,-3.14,258,손절-3.0%
2026-07-08T14:44:51.016330+09:00,2026-07-08T22:00:32.162654+09:00,MEGA,0.00,7602304,50.4,74,71.75,75.32,-3.04,436,손절-3.0%
2026-07-08T12:54:53.916532+09:00,2026-07-08T22:03:17.933974+09:00,BILL,0.04,6994947,153.2,55.26,53.44,56.2,-3.29,548,손절-3.0%
2026-07-08T21:52:12.656768+09:00,2026-07-08T22:23:44.876723+09:00,GWEI,0.17,12124853,52.1,128,124,130,-3.12,32,손절-3.0%
2026-07-08T18:55:14.926385+09:00,2026-07-08T23:24:18.539146+09:00,BEL,0.12,7618685,15.7,159,160,168,+0.63,269,트레일(고점+5.7%)
2026-07-08T21:50:49.743382+09:00,2026-07-08T23:32:17.004902+09:00,ALLO,0.16,9777356,24.3,570,552,570,-3.16,101,손절-3.0%
2026-07-08T13:16:10.323379+09:00,2026-07-08T23:39:54.013334+09:00,H,0.22,6584344,14.3,111,107,115,-3.60,624,손절-3.0%
2026-07-08T18:23:36.823259+09:00,2026-07-08T23:46:08.545771+09:00,AGLD,0.25,5610362,10.2,231,224,237,-3.03,323,손절-3.0%
2026-07-08T23:40:35.426601+09:00,2026-07-08T23:48:55.253466+09:00,EDGEX,0.09,6569237,21.0,661,638,674,-3.48,8,손절-3.0%
2026-07-08T21:12:32.222987+09:00,2026-07-09T00:07:42.707908+09:00,GRASS,0.06,5406713,48.0,520,548,575,+5.38,175,트레일(고점+10.6%)
2026-07-08T12:11:53.640700+09:00,2026-07-09T00:10:08.502416+09:00,SC,0.29,3584793,393.9,0.91,0.9254,0.9724,+1.69,718,트레일(고점+6.9%)
2026-07-08T13:36:49.536565+09:00,2026-07-09T00:10:50.352472+09:00,BLUR,0.09,3087198,66.6,28.5,27.62,29.76,-3.09,634,손절-3.0%
2026-07-08T11:09:49.579107+09:00,2026-07-09T00:16:25.575859+09:00,PENGU,0.00,4961666,19.5,9.355,9.071,9.431,-3.04,787,손절-3.0%
2026-07-08T21:14:15.454545+09:00,2026-07-09T00:23:01.948028+09:00,UP,0.18,4420036,109.8,86.03,83.13,87.34,-3.37,189,손절-3.0%
2026-07-08T23:05:55.363798+09:00,2026-07-09T00:26:30.800031+09:00,ORBS,0.15,3121960,99.3,9.385,9.566,10.04,+1.93,81,트레일(고점+7.0%)
2026-07-08T17:49:15.855837+09:00,2026-07-09T00:28:56.399713+09:00,ICNT,0.14,9378049,20.8,252,244,255,-3.17,400,손절-3.0%
2026-07-08T11:14:15.604925+09:00,2026-07-09T00:30:40.007733+09:00,NEAR,0.06,7970695,76.6,2843,2757,2900,-3.02,796,손절-3.0%
2026-07-08T23:06:57.827630+09:00,2026-07-09T00:40:03.243253+09:00,AI,0.09,3993154,46.0,37.82,39.5,41.48,+4.44,93,트레일(고점+9.7%)
2026-07-08T23:34:21.255858+09:00,2026-07-09T00:53:14.021695+09:00,CHIP,0.00,5125082,75.4,48.17,46.68,48.3,-3.09,79,손절-3.0%
2026-07-08T11:16:18.483599+09:00,2026-07-09T01:27:22.986937+09:00,MPLX,0.20,3950297,20.7,47.38,45.66,48.36,-3.63,851,손절-3.0%
2026-07-09T02:23:19.526868+09:00,2026-07-09T03:47:55.038186+09:00,EDGEX,0.13,8721657,42.1,638,618,659,-3.13,85,손절-3.0%
2026-07-09T02:10:51.939884+09:00,2026-07-09T05:08:54.469968+09:00,GWEI,0.29,3520019,399.5,142,137,144,-3.52,178,손절-3.0%
2026-07-09T04:50:53.110859+09:00,2026-07-09T05:39:44.728289+09:00,EDGEX,0.16,6426938,14.3,616,595,622,-3.41,49,손절-3.0%
2026-07-08T21:22:12.889993+09:00,2026-07-09T06:03:56.850027+09:00,CAP,0.13,4106237,128.8,29.4,30.85,32.48,+4.93,522,트레일(고점+10.5%)
2026-07-08T20:41:56.090566+09:00,2026-07-09T06:13:16.525131+09:00,JTO,0.05,5745002,30.6,905,924,970,+2.10,571,트레일(고점+7.2%)
2026-07-09T05:43:32.420228+09:00,2026-07-09T08:43:01.452407+09:00,GWEI,0.22,9063333,113.3,135,130,139,-3.70,179,손절-3.0%
2026-07-08T22:09:13.709224+09:00,2026-07-09T09:05:31.208714+09:00,MEGA,0.06,4931937,114.9,71.65,69.46,73.08,-3.06,656,손절-3.0%
2026-07-08T20:34:44.047380+09:00,2026-07-09T09:29:02.692682+09:00,EDGE,0.00,3545548,150.7,107,103,109,-3.74,774,손절-3.0%
2026-07-09T00:58:44.731479+09:00,2026-07-09T09:36:40.051219+09:00,AGLD,0.11,3233131,8.5,225,218,229,-3.11,518,손절-3.0%
2026-07-08T13:31:19.109158+09:00,2026-07-09T09:53:09.891115+09:00,BOUNTY,0.10,3863771,386.4,22.15,22.35,23.55,+0.90,1222,트레일(고점+6.3%)
2026-07-09T04:34:37.382311+09:00,2026-07-09T09:58:01.163193+09:00,BLUR,0.03,5823695,9.6,27.75,26.91,28.28,-3.03,323,손절-3.0%
2026-07-09T05:22:45.972171+09:00,2026-07-09T10:21:57.123178+09:00,ORBS,0.24,3222571,75.4,9.233,9.267,9.75,+0.37,299,트레일(고점+5.6%)
2026-07-08T12:57:17.773678+09:00,2026-07-09T10:25:04.088254+09:00,YFI,0.00,5322952,20.9,3.083e+06,3.278e+06,3.446e+06,+6.33,1288,트레일(고점+11.8%)
2026-07-08T11:07:46.803113+09:00,2026-07-09T11:07:57.818421+09:00,BTC,0.08,6706509,52.8,9.4297e+07,9.2586e+07,9.444e+07,-1.81,1440,타임아웃24h
2026-07-08T11:30:37.235665+09:00,2026-07-09T11:30:47.617472+09:00,TRX,0.20,5000298,31.8,494,491,496,-0.61,1440,타임아웃24h
2026-07-09T11:02:25.539146+09:00,2026-07-09T12:02:00.951024+09:00,MAV,0.00,4413659,87.9,14.79,14.3,15.07,-3.31,60,손절-3.0%
2026-07-08T15:53:20.986923+09:00,2026-07-09T12:44:26.468033+09:00,OPG,0.25,3754288,39.9,176,170,180,-3.41,1251,손절-3.0%
2026-07-08T13:01:45.175369+09:00,2026-07-09T13:01:46.591144+09:00,ETH,0.29,9975060,9.8,2.621e+06,2.582e+06,2.63e+06,-1.49,1440,타임아웃24h
2026-07-08T13:02:26.470837+09:00,2026-07-09T13:02:28.249175+09:00,SIGN,0.04,5647407,113.0,12.28,12.79,12.86,+4.15,1440,타임아웃24h
2026-07-09T11:41:31.344281+09:00,2026-07-09T13:15:59.122825+09:00,EDGEX,0.09,4154510,16.3,616,597,644,-3.08,94,손절-3.0%
2026-07-08T13:18:34.357445+09:00,2026-07-09T13:18:44.481922+09:00,DOGE,0.00,4987530,28.1,109,107,109,-1.83,1440,타임아웃24h
2026-07-09T00:35:31.538593+09:00,2026-07-09T13:25:18.714341+09:00,ICNT,0.18,5710991,25.4,245,237,249,-3.27,770,손절-3.0%
2026-07-08T13:51:39.406031+09:00,2026-07-09T13:51:52.892275+09:00,ARX,0.20,5480000,132.5,270,272,278,+0.74,1440,타임아웃24h
2026-07-09T13:48:25.723216+09:00,2026-07-09T14:08:09.225363+09:00,TAIKO,0.17,5796552,13.6,212,205,214,-3.30,20,손절-3.0%
2026-07-09T11:13:08.956836+09:00,2026-07-09T14:30:35.732587+09:00,BLUR,0.21,11474876,238.0,27.21,26.37,27.31,-3.09,197,손절-3.0%
2026-07-08T21:09:47.061883+09:00,2026-07-09T14:31:37.464166+09:00,SLX,0.06,6836882,27.1,276,275,290,-0.36,1042,트레일(고점+5.1%)
2026-07-09T12:25:37.485733+09:00,2026-07-09T15:20:48.144574+09:00,OGN,0.15,3079123,16.0,26.92,26.1,27.71,-3.05,175,손절-3.0%
2026-07-08T15:26:12.944572+09:00,2026-07-09T15:26:23.124288+09:00,XRP,0.11,68944048,1634.4,1625,1638,1639,+0.80,1440,타임아웃24h
2026-07-08T15:26:33.607387+09:00,2026-07-09T15:26:44.203578+09:00,SOL,0.14,16740489,25.0,116800,116700,117300,-0.09,1440,타임아웃24h
2026-07-08T15:45:06.265274+09:00,2026-07-09T15:45:10.509040+09:00,ONDO,0.07,3990023,16.8,475,476,483,+0.21,1440,타임아웃24h
2026-07-09T09:28:20.750544+09:00,2026-07-09T16:02:50.187643+09:00,ALLO,0.25,5938271,55.7,608,589,619,-3.12,394,손절-3.0%
2026-07-09T15:24:59.311726+09:00,2026-07-09T16:02:50.396731+09:00,MAV,0.06,5868306,39.1,13.95,13.49,14.05,-3.30,38,손절-3.0%
2026-07-08T19:03:10.419786+09:00,2026-07-09T16:32:09.588483+09:00,PEPE,0.00,9995957,78.0,0.0038,0.0038,0.004,+0.00,1289,트레일(고점+5.3%)
2026-07-09T07:34:13.213770+09:00,2026-07-09T16:35:15.876160+09:00,VERONA,0.17,3450029,32.1,193,194,204,+0.52,541,트레일(고점+5.7%)
2026-07-09T14:32:39.420948+09:00,2026-07-09T17:13:32.786253+09:00,SLX,0.07,8135993,110.8,273,263,279,-3.66,161,손절-3.0%
2026-07-08T17:25:35.974327+09:00,2026-07-09T17:25:56.477163+09:00,BONK,0.00,8137931,13.8,0.0059,0.006,0.0061,+1.69,1440,타임아웃24h
2026-07-08T17:28:20.766012+09:00,2026-07-09T17:28:21.253938+09:00,ADA,0.20,39893793,135.0,250,252,254,+0.80,1440,타임아웃24h
2026-07-09T16:56:16.670683+09:00,2026-07-09T17:34:13.328539+09:00,GNO,0.01,3052670,42.7,321700,323700,340000,+0.62,38,트레일(고점+5.7%)
2026-07-09T14:08:49.976585+09:00,2026-07-09T17:35:15.111685+09:00,CAP,0.12,6969379,21.7,32.45,32.84,34.49,+1.20,206,트레일(고점+6.3%)
2026-07-09T16:40:46.498536+09:00,2026-07-09T17:36:58.430896+09:00,TAIKO,0.11,5089211,72.5,195,189,199,-3.08,56,손절-3.0%
2026-07-08T17:45:50.508446+09:00,2026-07-09T17:45:53.478493+09:00,VIRTUAL,0.29,4182241,81.8,783,784,788,+0.13,1440,타임아웃24h
2026-07-09T01:58:46.726925+09:00,2026-07-09T17:46:34.850182+09:00,MPLX,0.21,5946768,214.3,46,48.8,51.1,+6.09,948,트레일(고점+11.1%)
2026-07-08T17:57:51.019462+09:00,2026-07-09T17:57:53.455053+09:00,ENA,0.25,9503272,220.0,109,114,116,+4.59,1440,타임아웃24h
2026-07-08T18:08:08.502549+09:00,2026-07-09T18:08:11.280566+09:00,SHIB,0.00,6723003,62.8,0.0062,0.0065,0.0065,+4.84,1440,타임아웃24h
2026-07-08T18:08:08.519511+09:00,2026-07-09T18:08:11.299341+09:00,WLD,0.25,8860711,173.5,548,574,588,+4.74,1440,타임아웃24h
2026-07-08T18:12:36.328799+09:00,2026-07-09T18:12:38.734516+09:00,SUI,0.08,13419324,220.4,1052,1079,1090,+2.57,1440,타임아웃24h
2026-07-09T06:50:15.285001+09:00,2026-07-09T18:29:27.813907+09:00,ENSO,0.03,5379742,19.2,1015,1046,1097,+3.05,699,트레일(고점+8.1%)
2026-07-09T18:44:14.479572+09:00,2026-07-09T18:49:24.855126+09:00,NEX,0.10,5487072,15.5,0.0045,0.0043,0.0045,-4.44,5,손절-3.0%
2026-07-08T19:16:58.309287+09:00,2026-07-09T19:16:58.606529+09:00,SAHARA,0.11,5577282,46.1,14.47,15.62,15.89,+7.95,1440,타임아웃24h
2026-07-09T18:53:31.998891+09:00,2026-07-09T19:25:57.706858+09:00,EDGEX,0.11,7720624,31.1,642,654,690,+1.87,32,트레일(고점+7.5%)
2026-07-09T18:26:21.999738+09:00,2026-07-09T19:59:15.785104+09:00,CAP,0.08,3531419,11.1,32.29,31.24,33.6,-3.25,93,손절-3.0%
2026-07-09T10:16:01.674800+09:00,2026-07-09T21:17:59.588227+09:00,GWEI,0.30,4757094,37.9,128,132,139,+3.12,662,트레일(고점+8.6%)
2026-07-09T00:11:52.842653+09:00,2026-07-09T21:20:03.202496+09:00,KAITO,0.19,3147396,22.7,946,990,1038,+4.65,1268,트레일(고점+9.7%)
2026-07-08T23:14:35.487187+09:00,2026-07-09T21:21:25.694861+09:00,BASED,0.00,3015723,36.8,121,150,157,+23.97,1327,트레일(고점+29.8%)
2026-07-09T17:35:55.964614+09:00,2026-07-09T21:28:17.944425+09:00,SLX,0.16,3981168,21.3,263,254,270,-3.42,232,손절-3.0%
2026-07-09T21:40:19.471577+09:00,2026-07-09T21:45:29.699614+09:00,NEX,0.00,3628591,361.8,0.0035,0.0033,0.0036,-5.71,5,손절-3.0%
2026-07-09T21:03:53.628471+09:00,2026-07-09T22:01:21.696913+09:00,EDGEX,0.21,4622391,16.4,627,627,659,+0.00,57,트레일(고점+5.1%)
2026-07-08T22:03:38.538198+09:00,2026-07-09T22:03:45.553323+09:00,XLM,0.00,15999723,160.2,272,271,276,-0.37,1440,타임아웃24h
2026-07-09T21:59:58.461771+09:00,2026-07-09T22:16:49.188870+09:00,SLX,0.10,6679390,33.4,252,244,252,-3.17,17,손절-3.0%
2026-07-09T00:34:49.890697+09:00,2026-07-09T22:23:02.600076+09:00,GRASS,0.29,6995912,27.3,554,558,586,+0.72,1308,트레일(고점+5.8%)
2026-07-08T22:45:29.203812+09:00,2026-07-09T22:45:48.270541+09:00,SOON,0.00,5180558,31.0,249,247,251,-0.80,1440,타임아웃24h
2026-07-08T23:07:39.379335+09:00,2026-07-09T23:07:51.607853+09:00,SPURS,0.26,3341029,14.3,244,239,249,-2.05,1440,타임아웃24h
2026-07-08T23:23:36.536471+09:00,2026-07-09T23:23:43.033290+09:00,IN,0.21,6198474,82.8,66.49,67.98,70.08,+2.24,1440,타임아웃24h
2026-07-08T23:50:17.680334+09:00,2026-07-09T23:50:33.895931+09:00,KAIA,0.29,3451911,115.1,50.96,52.23,52.59,+2.49,1440,타임아웃24h
2026-07-09T21:42:43.836142+09:00,2026-07-09T23:54:41.948315+09:00,THE,0.11,12156450,106.5,94.14,94.86,99.75,+0.76,132,트레일(고점+6.0%)
2026-07-09T16:48:42.003163+09:00,2026-07-10T00:07:45.081664+09:00,VERONA,0.14,3649309,26.2,192,220,231,+14.58,439,트레일(고점+20.3%)
2026-07-09T00:27:11.895892+09:00,2026-07-10T00:27:16.632960+09:00,PENGU,0.09,3659826,46.8,9.087,9.247,9.33,+1.76,1440,타임아웃24h
2026-07-09T15:53:07.917404+09:00,2026-07-10T00:30:01.430061+09:00,OGN,0.09,19061546,397.4,26.09,25.24,26.93,-3.26,517,손절-3.0%
2026-07-09T01:13:13.658798+09:00,2026-07-10T01:13:24.685934+09:00,AI,0.22,4976818,49.0,38.58,37.94,40.04,-1.66,1440,타임아웃24h
2026-07-09T23:37:09.637226+09:00,2026-07-10T01:27:47.373217+09:00,EDGEX,0.18,3998903,11.3,604,604,635,+0.00,111,트레일(고점+5.1%)
2026-07-09T01:43:55.246529+09:00,2026-07-10T01:44:13.774225+09:00,CHIP,0.24,3929103,18.6,47.14,47.86,49.58,+1.53,1440,타임아웃24h
2026-07-09T16:03:10.465095+09:00,2026-07-10T01:49:42.657411+09:00,ALLO,0.00,8058197,11.3,590,649,679,+10.00,587,트레일(고점+15.1%)
2026-07-09T03:16:18.118853+09:00,2026-07-10T03:16:32.083399+09:00,MMT,0.22,4370000,14.6,230,244,250,+6.09,1440,타임아웃24h
2026-07-09T23:55:22.849830+09:00,2026-07-10T03:21:20.813201+09:00,CAP,0.09,4317713,35.1,31.59,31.9,33.51,+0.98,206,트레일(고점+6.1%)
2026-07-09T06:41:57.126001+09:00,2026-07-10T06:41:59.852105+09:00,HBAR,0.00,5200000,59.8,103,105,107,+1.94,1440,타임아웃24h
2026-07-10T06:40:57.586827+09:00,2026-07-10T06:57:35.303470+09:00,TAIKO,0.21,6045950,24.9,204,197,205,-3.43,17,손절-3.0%
2026-07-10T01:14:05.729541+09:00,2026-07-10T08:14:23.646319+09:00,SLX,0.30,3123085,13.4,239,240,252,+0.42,420,트레일(고점+5.4%)
2026-07-10T05:34:43.271046+09:00,2026-07-10T08:44:18.707502+09:00,SENT,0.20,3191049,10.4,26.01,25.15,26.46,-3.31,190,손절-3.0%
2026-07-10T01:25:43.744209+09:00,2026-07-10T09:04:36.834944+09:00,GNO,0.28,3000560,297.4,315700,362800,379200,+14.92,459,트레일(고점+20.1%)
2026-07-09T09:28:20.769071+09:00,2026-07-10T09:28:41.369569+09:00,BILL,0.28,4166470,84.2,55.58,55.99,57.52,+0.74,1440,타임아웃24h
2026-07-09T20:06:07.893421+09:00,2026-07-10T09:32:31.063782+09:00,SAHARA,0.06,4455789,33.3,15.45,14.96,15.55,-3.17,806,손절-3.0%
2026-07-09T09:46:33.687353+09:00,2026-07-10T09:46:40.909003+09:00,AGLD,0.25,3212312,43.2,220,220,228,+0.00,1440,타임아웃24h
2026-07-09T09:51:46.253764+09:00,2026-07-10T09:51:51.057270+09:00,MEGA,0.18,3660586,19.6,69.28,70.79,73.11,+2.18,1440,타임아웃24h
2026-07-09T13:14:14.512809+09:00,2026-07-10T09:56:06.448199+09:00,ORBS,0.00,3740672,56.8,9.106,9.243,9.87,+1.50,1242,트레일(고점+8.4%)
2026-07-10T01:22:38.743879+09:00,2026-07-10T10:04:26.513584+09:00,KAITO,0.00,7379284,437.0,999,961,1014,-3.80,522,손절-3.0%
2026-07-09T10:53:46.944338+09:00,2026-07-10T10:54:01.247758+09:00,JTO,0.19,7058108,34.4,944,975,978,+3.28,1440,타임아웃24h
2026-07-09T11:58:10.678866+09:00,2026-07-10T11:58:21.379966+09:00,BTC,0.05,4792840,57.7,9.2208e+07,9.5447e+07,9.5465e+07,+3.51,1440,타임아웃24h
2026-07-09T18:33:35.041120+09:00,2026-07-10T12:03:52.589245+09:00,H,0.00,3082443,24.3,109,105,111,-3.67,1050,손절-3.0%
2026-07-09T12:15:32.001100+09:00,2026-07-10T12:15:32.577366+09:00,INJ,0.23,5769435,61.1,7125,7230,7310,+1.47,1440,타임아웃24h
2026-07-10T10:04:05.471093+09:00,2026-07-10T12:58:50.600707+09:00,SENT,0.00,3167507,40.6,23.92,23.2,24.59,-3.01,175,손절-3.0%
2026-07-10T10:23:20.578114+09:00,2026-07-10T13:03:39.515033+09:00,GNO,0.18,3424612,25.4,337000,326200,347300,-3.20,160,손절-3.0%
2026-07-09T13:23:34.719330+09:00,2026-07-10T13:23:53.501680+09:00,DOGE,0.00,3907671,52.2,107,110,111,+2.80,1440,타임아웃24h
2026-07-09T14:14:41.766429+09:00,2026-07-10T14:15:01.805524+09:00,OPG,0.20,3420000,160.0,170,189,196,+11.18,1440,타임아웃24h
2026-07-09T18:39:04.898340+09:00,2026-07-10T15:04:10.724601+09:00,BLUR,0.27,5052880,209.1,27.42,26.53,28.74,-3.25,1225,손절-3.0%
2026-07-10T04:48:48.336081+09:00,2026-07-10T15:14:29.573146+09:00,ALLO,0.21,10082245,36.9,636,615,656,-3.30,626,손절-3.0%
2026-07-10T13:11:32.357057+09:00,2026-07-10T15:21:01.300454+09:00,TAIKO,0.27,3074597,305.8,183,177,187,-3.28,129,손절-3.0%
2026-07-10T01:38:24.192169+09:00,2026-07-10T15:38:54.046338+09:00,EDGEX,0.29,4609531,60.0,601,684,715,+13.81,840,트레일(고점+19.0%)
2026-07-10T15:40:57.185848+09:00,2026-07-10T15:49:52.921270+09:00,EDGEX,0.17,10667106,35.0,650,624,650,-4.00,9,손절-3.0%
2026-07-10T11:51:08.136062+09:00,2026-07-10T15:54:41.215334+09:00,TT,0.12,3431663,72.5,0.9829,0.953,0.9862,-3.04,244,손절-3.0%
2026-07-10T13:30:05.162852+09:00,2026-07-10T16:16:40.177587+09:00,DEXE,0.00,3704654,11.1,49600,51250,53750,+3.33,167,트레일(고점+8.4%)
2026-07-10T10:17:50.594472+09:00,2026-07-10T16:31:45.178283+09:00,GWEI,0.00,5000000,80.3,118,114,122,-3.39,374,손절-3.0%
2026-07-10T03:23:03.245329+09:00,2026-07-10T17:01:57.790591+09:00,CAP,0.00,6461074,36.3,31.68,30.64,32.93,-3.28,819,손절-3.0%
2026-07-10T17:00:14.219253+09:00,2026-07-10T17:13:39.513977+09:00,H,0.21,3065038,11.4,89.85,86.58,91.93,-3.64,13,손절-3.0%
2026-07-10T16:44:25.675002+09:00,2026-07-10T17:15:01.996378+09:00,EDGEX,0.16,5893076,13.9,630,610,635,-3.17,31,손절-3.0%
2026-07-10T10:12:00.045022+09:00,2026-07-10T17:20:52.531899+09:00,BASED,0.08,4174693,30.9,145,149,157,+2.76,429,트레일(고점+8.3%)
2026-07-09T17:26:17.132900+09:00,2026-07-10T17:26:22.171867+09:00,ONDO,0.17,13388663,11.1,475,480,484,+1.05,1440,타임아웃24h
2026-07-09T17:46:55.192721+09:00,2026-07-10T17:46:58.002913+09:00,ADA,0.00,5931936,82.1,250,250,254,+0.00,1440,타임아웃24h
2026-07-10T15:20:19.467431+09:00,2026-07-10T17:52:48.249259+09:00,RVN,0.22,5313822,64.8,6.042,6.294,6.6,+4.17,152,트레일(고점+9.2%)
2026-07-10T14:10:54.603184+09:00,2026-07-10T17:54:30.983222+09:00,KAITO,0.08,6179664,19.1,996,965,1001,-3.11,224,손절-3.0%
2026-07-09T17:56:30.942533+09:00,2026-07-10T17:56:33.700917+09:00,SOL,0.22,4088505,10.6,116800,118200,118500,+1.20,1440,타임아웃24h
2026-07-09T18:28:04.945268+09:00,2026-07-10T18:28:05.527082+09:00,XRP,0.18,3990023,200.1,1635,1660,1661,+1.53,1440,타임아웃24h
2026-07-10T14:16:03.455902+09:00,2026-07-10T18:32:33.445226+09:00,OPG,0.12,5769739,8.0,189,183,192,-3.17,256,손절-3.0%
2026-07-09T18:55:35.995616+09:00,2026-07-10T18:55:53.624987+09:00,LSK,0.00,7154851,75.7,127,131,135,+3.15,1440,타임아웃24h
2026-07-10T17:02:38.766451+09:00,2026-07-10T19:07:34.342102+09:00,CAP,0.07,6442033,22.3,30.61,29.62,31.04,-3.23,125,손절-3.0%
2026-07-10T19:12:22.226454+09:00,2026-07-10T19:22:21.124036+09:00,H,0.20,6577523,39.4,75.91,73.3,76.16,-3.44,10,손절-3.0%
2026-07-10T18:12:59.309269+09:00,2026-07-10T19:43:40.446547+09:00,RVN,0.24,4505857,59.6,6.256,6.059,6.307,-3.15,91,손절-3.0%
2026-07-09T19:45:51.507401+09:00,2026-07-10T19:46:04.170865+09:00,SUI,0.00,3092269,14.7,1078,1115,1115,+3.43,1440,타임아웃24h
2026-07-09T20:03:22.809102+09:00,2026-07-10T20:03:33.544501+09:00,ETH,0.22,14099400,47.2,2.612e+06,2.679e+06,2.683e+06,+2.57,1440,타임아웃24h
2026-07-10T18:06:08.435088+09:00,2026-07-10T20:05:58.002333+09:00,GWEI,0.25,5594574,272.6,114,110,115,-3.51,120,손절-3.0%
2026-07-10T09:10:07.648848+09:00,2026-07-10T20:26:54.132356+09:00,SLX,0.29,6223972,31.2,241,265,279,+9.96,677,트레일(고점+15.8%)
2026-07-10T00:24:11.913550+09:00,2026-07-10T20:40:37.184353+09:00,NEX,0.00,7383209,39.5,0.0035,0.0033,0.0036,-5.71,1216,손절-3.0%
2026-07-09T21:11:48.100483+09:00,2026-07-10T21:11:52.711209+09:00,SHIB,0.00,10000000,125.0,0.0064,0.0066,0.0066,+3.12,1440,타임아웃24h
2026-07-09T21:20:03.094906+09:00,2026-07-10T21:20:06.564901+09:00,ENA,0.00,3037118,39.4,113,118,119,+4.42,1440,타임아웃24h
2026-07-10T17:47:59.614332+09:00,2026-07-10T21:26:17.187560+09:00,BASED,0.14,3805508,354.2,149,144,151,-3.36,218,손절-3.0%
2026-07-10T20:02:31.741624+09:00,2026-07-10T21:44:50.563032+09:00,KAT,0.01,4286814,85.8,8.427,8.453,8.892,+0.31,102,트레일(고점+5.5%)
2026-07-09T21:54:48.768863+09:00,2026-07-10T21:55:08.318609+09:00,WLD,0.12,4987530,12.6,575,585,590,+1.74,1440,타임아웃24h
2026-07-10T21:40:01.226134+09:00,2026-07-10T22:15:22.431375+09:00,EDGEX,0.10,6772948,1132.6,615,595,617,-3.25,35,손절-3.0%
2026-07-09T22:24:04.488867+09:00,2026-07-10T22:24:16.910444+09:00,MPLX,0.30,4109227,24.2,46.24,46.5,47.95,+0.56,1440,타임아웃24h
2026-07-10T16:54:44.170253+09:00,2026-07-10T22:28:23.944043+09:00,UP,0.07,3243903,24.5,91.33,95.07,99.97,+4.10,334,트레일(고점+9.5%)
2026-07-10T21:02:57.056404+09:00,2026-07-10T22:40:02.630575+09:00,SKL,0.14,3193638,17.7,8.483,8.22,8.9,-3.10,97,손절-3.0%
2026-07-10T18:05:27.345284+09:00,2026-07-11T00:02:45.830426+09:00,GNO,0.19,7080354,136.3,315300,322100,339400,+2.16,357,트레일(고점+7.6%)
2026-07-11T00:02:24.843545+09:00,2026-07-11T00:03:47.876176+09:00,F,0.18,3256409,20.3,5.292,5.131,5.313,-3.04,1,손절-3.0%
2026-07-10T12:56:04.916027+09:00,2026-07-11T00:05:30.273448+09:00,UNI,0.04,8253591,12.4,5135,5205,5465,+1.36,669,트레일(고점+6.4%)
2026-07-10T22:57:08.900757+09:00,2026-07-11T00:21:58.319617+09:00,GWEI,0.25,4987530,190.7,110,106,111,-3.64,85,손절-3.0%
2026-07-10T23:10:51.902154+09:00,2026-07-11T01:01:46.455661+09:00,SLX,0.23,7470184,58.2,265,257,273,-3.02,111,손절-3.0%
2026-07-10T01:13:45.203131+09:00,2026-07-11T01:13:47.265673+09:00,IN,0.19,4829347,180.9,67.85,69.91,71.2,+3.04,1440,타임아웃24h
2026-07-10T01:21:16.497307+09:00,2026-07-11T01:21:20.341383+09:00,VIRTUAL,0.25,9774717,25.1,787,805,821,+2.29,1440,타임아웃24h
2026-07-10T18:34:36.597349+09:00,2026-07-11T01:35:45.159964+09:00,DEXE,0.04,4554540,158.6,49140,52400,55000,+6.63,421,트레일(고점+11.9%)
2026-07-11T00:17:50.521609+09:00,2026-07-11T01:38:29.728615+09:00,H,0.21,3553500,10.1,77.77,75.32,78,-3.15,81,손절-3.0%
2026-07-10T01:53:07.930336+09:00,2026-07-11T01:53:14.068892+09:00,EDEN,0.10,3091799,41.4,62.95,62.43,65.01,-0.83,1440,타임아웃24h
2026-07-10T08:17:49.570830+09:00,2026-07-11T01:53:14.172644+09:00,PEPE,0.00,16076128,58.5,0.0039,0.0041,0.0043,+5.13,1055,트레일(고점+10.3%)
2026-07-10T10:22:18.618018+09:00,2026-07-11T02:09:19.429994+09:00,BIRB,0.06,7918863,16.6,92.6,92.78,97.44,+0.19,947,트레일(고점+5.2%)
2026-07-11T03:00:29.165987+09:00,2026-07-11T03:26:21.944411+09:00,GWEI,0.00,4000000,32.8,106,102,106,-3.77,26,손절-3.0%
2026-07-10T22:31:28.287976+09:00,2026-07-11T03:53:52.394341+09:00,UP,0.24,3132704,33.9,94.98,92.05,96.89,-3.08,322,손절-3.0%
2026-07-10T19:17:31.310015+09:00,2026-07-11T03:54:12.854342+09:00,CAP,0.27,3673839,15.8,30,29.01,30.23,-3.30,517,손절-3.0%
2026-07-10T15:23:46.138057+09:00,2026-07-11T03:54:33.321125+09:00,ALLO,0.06,3047310,26.1,615,595,622,-3.25,751,손절-3.0%
2026-07-10T04:04:32.349909+09:00,2026-07-11T04:04:50.458843+09:00,BLAST,0.25,3321495,73.9,0.4146,0.4165,0.4223,+0.46,1440,타임아웃24h
2026-07-11T03:17:21.397098+09:00,2026-07-11T04:14:26.372867+09:00,SLX,0.11,9030000,46.6,258,250,259,-3.10,57,손절-3.0%
2026-07-11T03:28:46.241118+09:00,2026-07-11T04:17:31.170516+09:00,PYR,0.28,3225973,32.0,244,252,265,+3.28,49,트레일(고점+8.6%)
2026-07-10T04:31:15.158335+09:00,2026-07-11T04:31:33.320636+09:00,TRX,0.00,3797234,29.4,495,494,497,-0.20,1440,타임아웃24h
2026-07-11T02:14:27.106687+09:00,2026-07-11T04:52:30.570152+09:00,SKL,0.29,4693497,234.7,7.739,7.8,8.187,+0.79,158,트레일(고점+5.8%)
2026-07-11T04:53:52.306516+09:00,2026-07-11T05:03:29.907420+09:00,H,0.07,12434356,17.3,68.57,65.71,69.96,-4.17,10,손절-3.0%
2026-07-11T05:01:25.570514+09:00,2026-07-11T05:10:23.035648+09:00,SKL,0.05,3176831,54.2,7.79,7.554,7.79,-3.03,9,손절-3.0%
2026-07-10T23:54:30.541123+09:00,2026-07-11T06:23:20.479295+09:00,BICO,0.20,4190828,49.5,21.75,22.17,23.35,+1.93,389,트레일(고점+7.4%)
2026-07-10T06:26:47.849544+09:00,2026-07-11T06:27:06.132500+09:00,XLM,0.20,5090574,10.2,277,284,290,+2.53,1440,타임아웃24h
2026-07-11T05:00:03.183412+09:00,2026-07-11T06:51:05.789749+09:00,F,0.20,3992109,9.5,5.382,5.22,5.407,-3.01,111,손절-3.0%
2026-07-10T07:01:43.303831+09:00,2026-07-11T07:02:02.937117+09:00,OGN,0.26,3756171,148.8,25.13,24.65,25.52,-1.91,1440,타임아웃24h
2026-07-11T05:42:56.727235+09:00,2026-07-11T07:13:41.941565+09:00,EDGEX,0.26,4272276,85.2,605,586,606,-3.14,91,손절-3.0%
2026-07-11T06:19:54.734993+09:00,2026-07-11T07:20:12.814587+09:00,XPLA,0.01,3162799,10.5,8.004,7.76,8.054,-3.05,60,손절-3.0%
2026-07-11T00:27:06.740741+09:00,2026-07-11T08:19:05.066386+09:00,KAT,0.18,6245218,97.5,8.117,8.126,8.548,+0.11,472,트레일(고점+5.3%)
2026-07-11T08:25:14.536196+09:00,2026-07-11T09:14:23.408752+09:00,KAT,0.26,5523923,74.5,8.165,7.919,8.33,-3.01,49,손절-3.0%
2026-07-11T09:55:15.549803+09:00,2026-07-11T10:06:14.650229+09:00,KAT,0.29,3576937,9.8,7.998,7.754,7.998,-3.05,11,손절-3.0%
2026-07-11T07:08:53.705759+09:00,2026-07-11T10:13:27.083767+09:00,H,0.06,6632442,18.7,63.4,64.55,67.96,+1.81,185,트레일(고점+7.2%)
2026-07-11T04:22:39.705495+09:00,2026-07-11T11:29:33.619552+09:00,CAP,0.29,3136510,12.2,29.18,28.26,29.45,-3.15,427,손절-3.0%
2026-07-11T07:55:06.148190+09:00,2026-07-11T11:50:40.436438+09:00,EDGEX,0.19,4124197,18.4,585,589,619,+0.68,236,트레일(고점+5.8%)
2026-07-11T10:25:07.721989+09:00,2026-07-11T12:10:02.795607+09:00,PYR,0.29,3594742,31.7,263,262,277,-0.38,105,트레일(고점+5.3%)
2026-07-11T11:06:03.139023+09:00,2026-07-11T12:23:35.141052+09:00,SKL,0.18,14543852,52.6,7.215,7.434,7.823,+3.04,78,트레일(고점+8.4%)
2026-07-11T09:35:41.070451+09:00,2026-07-11T12:25:18.747916+09:00,BASED,0.00,3795722,8.9,149,143,152,-4.03,170,손절-3.0%
2026-07-10T18:57:57.072589+09:00,2026-07-11T12:28:04.201622+09:00,OPG,0.25,5000000,14.3,182,176,184,-3.30,1050,손절-3.0%
2026-07-10T12:38:52.224450+09:00,2026-07-11T12:39:08.137282+09:00,MEGA,0.06,3666320,105.9,70.3,70.91,71.54,+0.87,1440,타임아웃24h
2026-07-11T11:05:01.142318+09:00,2026-07-11T12:46:43.977279+09:00,MMT,0.06,6131634,139.6,279,270,289,-3.23,102,손절-3.0%
2026-07-11T06:53:49.667657+09:00,2026-07-11T13:19:16.131580+09:00,ALLO,0.11,13806149,25.1,586,596,626,+1.71,385,트레일(고점+6.8%)
2026-07-10T20:23:28.370189+09:00,2026-07-11T14:00:34.603487+09:00,THE,0.10,8270131,73.8,85.47,82.87,86.28,-3.04,1057,손절-3.0%
2026-07-11T12:10:43.697669+09:00,2026-07-11T14:36:01.125780+09:00,CTR,0.26,3041740,26.1,13.36,13.42,14.09,+0.45,145,트레일(고점+5.5%)
2026-07-11T12:56:47.899470+09:00,2026-07-11T14:43:40.889537+09:00,FRAX,0.27,5397102,9.1,381,369,381,-3.15,107,손절-3.0%
2026-07-11T13:22:23.109880+09:00,2026-07-11T14:48:54.095788+09:00,BASED,0.20,5985037,43.8,144,139,145,-3.47,87,손절-3.0%
2026-07-11T03:21:51.973709+09:00,2026-07-11T14:55:29.818618+09:00,NEX,0.00,9163400,148.9,0.0032,0.0032,0.0034,+0.00,694,트레일(고점+6.2%)
2026-07-11T11:38:32.151528+09:00,2026-07-11T15:41:56.641044+09:00,H,0.25,6562025,90.4,65.05,62.7,66.49,-3.61,243,손절-3.0%
2026-07-10T15:42:39.993936+09:00,2026-07-11T15:42:58.485516+09:00,BTC,0.03,4296046,53.7,9.5213e+07,9.5728e+07,9.6256e+07,+0.54,1440,타임아웃24h
2026-07-10T15:49:31.776556+09:00,2026-07-11T15:49:32.257977+09:00,PROMPT,0.17,3428322,617.2,31.8,31.17,32.76,-1.98,1440,타임아웃24h
2026-07-10T15:56:44.143029+09:00,2026-07-11T15:56:48.173740+09:00,TT,0.22,3348339,141.7,0.9594,0.9501,0.9745,-0.97,1440,타임아웃24h
2026-07-11T01:41:13.454960+09:00,2026-07-11T16:10:16.744160+09:00,VIRTUAL,0.21,16000000,29.2,800,916,962,+14.50,869,트레일(고점+20.2%)
2026-07-11T16:11:39.244162+09:00,2026-07-11T16:41:43.832429+09:00,SKL,0.21,3217521,10.0,7.904,7.657,7.909,-3.12,30,손절-3.0%
2026-07-11T16:01:37.854419+09:00,2026-07-11T17:09:23.675246+09:00,GWEI,0.09,4053496,32.5,86,89.03,93.66,+3.52,68,트레일(고점+8.9%)
2026-07-11T16:31:41.241277+09:00,2026-07-11T17:22:32.318864+09:00,PARTI,0.00,3060096,17.1,57.5,55.6,57.76,-3.30,51,손절-3.0%
2026-07-11T11:12:56.737263+09:00,2026-07-11T17:50:06.047456+09:00,BIRB,0.18,3146387,18.0,94.54,91.68,94.94,-3.03,397,손절-3.0%
2026-07-10T18:16:04.708865+09:00,2026-07-11T18:16:15.838319+09:00,ONDO,0.29,29507328,62.1,480,495,496,+3.12,1440,타임아웃24h
2026-07-11T14:36:21.444892+09:00,2026-07-11T18:17:18.114394+09:00,ALLO,0.14,5206382,8.8,595,577,604,-3.03,221,손절-3.0%
2026-07-11T18:10:04.104863+09:00,2026-07-11T18:19:22.213421+09:00,PYR,0.06,8073692,54.3,245,235,245,-4.08,9,손절-3.0%
2026-07-11T12:13:50.235369+09:00,2026-07-11T18:22:07.250744+09:00,CAP,0.09,5987225,78.6,27.63,26.79,27.85,-3.04,368,손절-3.0%
2026-07-11T18:26:16.580539+09:00,2026-07-11T18:48:04.759720+09:00,CAP,0.19,3126044,17.3,26.63,25.77,26.66,-3.23,22,손절-3.0%
2026-07-11T16:21:18.517519+09:00,2026-07-11T19:00:09.378174+09:00,B3,0.04,3791612,244.3,0.8622,0.8287,0.9015,-3.89,159,손절-3.0%
2026-07-11T00:08:14.334033+09:00,2026-07-11T19:07:03.459597+09:00,RVN,0.16,7897860,93.9,5.972,5.785,6.2,-3.13,1139,손절-3.0%
2026-07-10T19:25:27.482753+09:00,2026-07-11T19:25:31.564857+09:00,DOGE,0.00,36873867,145.2,111,111,112,+0.00,1440,타임아웃24h
2026-07-11T16:57:37.292923+09:00,2026-07-11T19:39:24.917650+09:00,H,0.25,5239660,13.1,62.82,60.8,63.77,-3.22,162,손절-3.0%
2026-07-11T13:59:11.433610+09:00,2026-07-11T19:48:01.421509+09:00,HBAR,0.00,5915260,61.8,105,101,106,-3.81,349,손절-3.0%
2026-07-11T12:49:10.436601+09:00,2026-07-11T20:02:11.101531+09:00,CSPR,0.01,3447190,17.4,2.823,2.725,2.843,-3.47,433,손절-3.0%
2026-07-11T19:47:40.235954+09:00,2026-07-11T20:19:46.023578+09:00,SKL,0.16,6423634,112.8,7.395,7.17,7.395,-3.04,32,손절-3.0%
2026-07-10T20:41:18.283837+09:00,2026-07-11T20:41:29.017353+09:00,SOL,0.29,5535999,126.6,118100,116300,118500,-1.52,1440,타임아웃24h
2026-07-10T20:45:26.959772+09:00,2026-07-11T20:45:36.612975+09:00,XRP,0.09,6995617,313.6,1655,1653,1660,-0.12,1440,타임아웃24h
2026-07-11T07:18:08.892596+09:00,2026-07-11T20:53:51.795474+09:00,GNO,0.27,4568330,45.7,325600,315000,332900,-3.26,816,손절-3.0%
2026-07-10T21:27:59.510536+09:00,2026-07-11T21:28:13.926103+09:00,ADA,0.00,12376581,1940.5,250,251,252,+0.40,1440,타임아웃24h
2026-07-10T21:52:23.878686+09:00,2026-07-11T21:52:36.154888+09:00,ETH,0.00,6142563,24.2,2.674e+06,2.683e+06,2.695e+06,+0.34,1440,타임아웃24h
2026-07-10T21:58:34.070045+09:00,2026-07-11T21:58:46.264596+09:00,SHIB,0.00,3650763,18.3,0.0065,0.0066,0.0066,+1.54,1440,타임아웃24h
2026-07-10T22:01:39.182301+09:00,2026-07-11T22:01:51.280588+09:00,WLD,0.29,5810000,14.5,582,605,611,+3.95,1440,타임아웃24h
2026-07-11T08:54:04.810155+09:00,2026-07-11T22:05:16.837994+09:00,SLX,0.29,4940000,78.9,247,239,255,-3.24,791,손절-3.0%
2026-07-11T19:35:56.120443+09:00,2026-07-11T22:16:54.016139+09:00,ELSA,0.09,5044062,31.3,78.44,75.9,79.43,-3.24,161,손절-3.0%
2026-07-11T13:15:48.549873+09:00,2026-07-11T22:48:22.820375+09:00,MMT,0.11,6455701,20.2,272,279,294,+2.57,573,트레일(고점+8.1%)
2026-07-11T22:42:51.902921+09:00,2026-07-11T23:12:44.800052+09:00,PYR,0.14,3188563,8.7,259,251,265,-3.09,30,손절-3.0%
2026-07-10T23:25:39.536156+09:00,2026-07-11T23:25:47.678822+09:00,ARB,0.25,5558317,10.8,136,143,144,+5.15,1440,타임아웃24h
2026-07-11T13:25:09.827569+09:00,2026-07-11T23:43:27.685499+09:00,EDGEX,0.13,3703576,21.2,559,540,573,-3.40,618,손절-3.0%
2026-07-11T23:53:42.474716+09:00,2026-07-12T00:02:56.776355+09:00,H,0.25,3516493,288.8,60.9,58.9,62.45,-3.28,9,손절-3.0%
2026-07-11T00:14:04.053485+09:00,2026-07-12T00:14:14.573457+09:00,UNI,0.04,3688850,96.2,5210,5510,5570,+5.76,1440,타임아웃24h
2026-07-12T00:05:40.595438+09:00,2026-07-12T00:20:46.001820+09:00,PARTI,0.23,5147670,11.4,48.96,49.13,51.73,+0.35,15,트레일(고점+5.7%)
2026-07-11T01:33:20.794688+09:00,2026-07-12T01:33:21.637233+09:00,ALT,0.29,3241253,15.4,9.848,9.667,9.979,-1.84,1440,타임아웃24h
2026-07-11T22:18:36.395497+09:00,2026-07-12T01:39:55.453540+09:00,SLX,0.11,4156511,90.9,241,233,241,-3.32,201,손절-3.0%
2026-07-12T00:02:35.802033+09:00,2026-07-12T02:12:17.030071+09:00,SKL,0.27,9345154,135.4,7.088,6.87,7.367,-3.08,130,손절-3.0%
2026-07-11T02:16:09.849678+09:00,2026-07-12T02:16:23.985929+09:00,DEXE,0.09,3815320,11.6,50850,56250,56550,+10.62,1440,타임아웃24h
2026-07-11T02:17:11.534089+09:00,2026-07-12T02:17:25.789632+09:00,SUI,0.29,3478007,44.0,1096,1109,1124,+1.19,1440,타임아웃24h
2026-07-11T03:48:42.961196+09:00,2026-07-12T03:48:56.686824+09:00,ENA,0.00,6550000,275.2,117,124,125,+5.98,1440,타임아웃24h
2026-07-11T18:24:12.326532+09:00,2026-07-12T04:04:46.967245+09:00,ALLO,0.05,5181903,8.2,574,556,592,-3.14,581,손절-3.0%
2026-07-12T02:10:12.667210+09:00,2026-07-12T04:20:36.285470+09:00,SUNDOG,0.15,3570490,140.0,7.105,7.156,7.517,+0.72,130,트레일(고점+5.8%)
2026-07-11T15:34:40.617756+09:00,2026-07-12T05:41:26.437507+09:00,BASED,0.11,9547503,9.6,137,143,150,+4.38,847,트레일(고점+9.5%)
2026-07-11T20:41:49.616053+09:00,2026-07-12T06:08:08.064113+09:00,BEL,0.17,9252956,78.3,161,156,162,-3.11,566,손절-3.0%
2026-07-12T04:58:50.401438+09:00,2026-07-12T06:28:34.155481+09:00,SXT,0.27,7703860,91.0,14.35,14.33,15.1,-0.14,90,트레일(고점+5.2%)
2026-07-12T04:58:50.384045+09:00,2026-07-12T06:42:04.443055+09:00,SUNDOG,0.25,3104656,84.1,7.17,7.25,7.615,+1.12,103,트레일(고점+6.2%)
2026-07-12T03:11:20.715524+09:00,2026-07-12T07:04:46.843398+09:00,GWEI,0.01,3004908,205.9,88.77,94.51,99.33,+6.47,233,트레일(고점+11.9%)
2026-07-11T10:08:38.129677+09:00,2026-07-12T07:13:21.525959+09:00,TAIKO,0.18,3046463,9.6,175,169,182,-3.43,1265,손절-3.0%
2026-07-12T05:01:57.479325+09:00,2026-07-12T07:21:36.118016+09:00,ALLO,0.24,3581267,15.9,545,527,545,-3.30,140,손절-3.0%
2026-07-12T07:27:25.484285+09:00,2026-07-12T07:43:58.648672+09:00,SUNDOG,0.06,3190117,39.9,7.101,6.866,7.162,-3.31,17,손절-3.0%
2026-07-11T23:11:01.279302+09:00,2026-07-12T07:50:08.842157+09:00,CAP,0.20,3700823,15.8,24.98,24.18,25.4,-3.20,519,손절-3.0%
2026-07-12T07:52:53.313593+09:00,2026-07-12T08:06:17.649517+09:00,SUNDOG,0.01,3299375,21.5,6.831,6.602,6.859,-3.35,13,손절-3.0%
2026-07-11T08:13:56.721609+09:00,2026-07-12T08:14:10.786398+09:00,PEPE,0.00,8195121,11.0,0.0041,0.0042,0.0043,+2.44,1440,타임아웃24h
2026-07-11T12:41:12.340894+09:00,2026-07-12T08:17:36.673463+09:00,OPG,0.29,5039988,24.5,177,171,179,-3.39,1176,손절-3.0%
2026-07-12T00:34:27.626669+09:00,2026-07-12T08:22:04.373732+09:00,MOODENG,0.27,4172115,26.0,62.49,60.3,64,-3.50,468,손절-3.0%
2026-07-11T09:24:22.150128+09:00,2026-07-12T08:22:24.668713+09:00,F,0.01,5396599,18.7,5.199,5.04,5.24,-3.06,1378,손절-3.0%
2026-07-11T19:34:53.373139+09:00,2026-07-12T08:32:20.916174+09:00,C98,0.22,4114502,33.9,20.51,19.88,21.09,-3.07,777,손절-3.0%
2026-07-12T01:27:50.133623+09:00,2026-07-12T08:46:42.454517+09:00,BOB,0.07,6999135,140.0,6.15,6.48,6.806,+5.37,439,트레일(고점+10.7%)
2026-07-12T03:51:21.962355+09:00,2026-07-12T08:56:56.718718+09:00,ADA,0.25,7266019,17.0,255,247,257,-3.14,306,손절-3.0%
2026-07-11T10:11:43.672604+09:00,2026-07-12T08:57:16.870201+09:00,TRUST,0.09,3229875,17.0,76.82,74.37,76.89,-3.19,1366,손절-3.0%
2026-07-12T02:15:01.463719+09:00,2026-07-12T08:58:39.129228+09:00,H,0.20,3130475,13.3,55.89,65.37,68.95,+16.96,404,트레일(고점+23.4%)
2026-07-12T03:51:21.978576+09:00,2026-07-12T09:00:21.611890+09:00,ANKR,0.13,3105878,62.1,5.613,5.609,5.908,-0.07,309,트레일(고점+5.3%)
2026-07-12T07:12:19.562707+09:00,2026-07-12T09:02:44.816365+09:00,B3,0.21,3981524,55.0,0.8044,0.7802,0.807,-3.01,110,손절-3.0%
2026-07-12T01:12:39.047355+09:00,2026-07-12T09:07:51.733097+09:00,PENGU,0.11,6072829,14.5,9.3,9.02,9.383,-3.01,475,손절-3.0%
2026-07-11T13:02:40.437675+09:00,2026-07-12T09:08:52.974855+09:00,XLM,0.00,13222948,42.3,284,275,288,-3.17,1206,손절-3.0%
2026-07-11T12:12:06.546454+09:00,2026-07-12T09:15:22.366975+09:00,IN,0.11,4525376,60.0,71.47,69.32,72.93,-3.01,1263,손절-3.0%
2026-07-12T01:12:39.064316+09:00,2026-07-12T09:25:57.277584+09:00,MMT,0.00,3479640,27.5,271,259,279,-4.43,493,손절-3.0%
2026-07-11T23:49:36.184230+09:00,2026-07-12T09:34:50.944412+09:00,EDGEX,0.04,3240248,88.9,541,523,564,-3.33,585,손절-3.0%
2026-07-12T08:19:19.431818+09:00,2026-07-12T09:42:24.495610+09:00,GWEI,0.17,9965837,148.6,93.35,101,106,+8.19,83,트레일(고점+13.6%)
2026-07-12T03:58:14.376122+09:00,2026-07-12T09:42:44.938987+09:00,KAT,0.20,3563157,27.2,8.03,7.726,8.173,-3.79,345,손절-3.0%
2026-07-12T00:13:53.960501+09:00,2026-07-12T09:51:17.431587+09:00,ELSA,0.18,5000000,112.5,74.37,74.74,78.46,+0.50,577,트레일(고점+5.5%)
2026-07-11T10:41:17.693858+09:00,2026-07-12T10:41:28.604911+09:00,TRX,0.00,4987530,19.5,492,493,495,+0.20,1440,타임아웃24h
2026-07-12T10:32:55.052849+09:00,2026-07-12T10:52:05.595083+09:00,H,0.30,3175546,25.4,63.98,62.04,64.43,-3.03,19,손절-3.0%
2026-07-12T11:00:17.351168+09:00,2026-07-12T11:02:41.574970+09:00,GWEI,0.16,5081794,10.2,97.99,95,98,-3.05,2,손절-3.0%
2026-07-12T10:11:10.972163+09:00,2026-07-12T11:35:51.069762+09:00,B3,0.17,4812584,18.9,0.8013,0.8336,0.8757,+4.03,85,트레일(고점+9.3%)
2026-07-12T09:49:34.660644+09:00,2026-07-12T12:50:36.717072+09:00,PYR,0.29,3104624,15.2,245,237,254,-3.27,181,손절-3.0%
2026-07-12T11:10:32.849778+09:00,2026-07-12T14:30:41.129446+09:00,ARDR,0.27,6432860,80.4,34,32.87,35.36,-3.32,200,손절-3.0%
2026-07-12T13:27:07.484370+09:00,2026-07-12T14:48:49.735546+09:00,ALLO,0.06,7955719,15.8,538,520,539,-3.35,82,손절-3.0%
2026-07-12T14:10:23.244718+09:00,2026-07-12T15:01:08.781170+09:00,T,0.11,5441539,11.0,8.142,7.8,8.291,-4.20,51,손절-3.0%
2026-07-12T13:05:57.830417+09:00,2026-07-12T15:14:11.225625+09:00,B3,0.16,9245388,98.4,0.8292,0.8003,0.849,-3.49,128,손절-3.0%
2026-07-11T15:57:08.829596+09:00,2026-07-12T15:57:29.457030+09:00,LIT,0.07,8487295,54.0,3833,3919,4047,+2.24,1440,타임아웃24h
2026-07-11T16:36:11.005112+09:00,2026-07-12T16:36:30.790165+09:00,VIRTUAL,0.00,4251195,10.0,906,895,936,-1.21,1440,타임아웃24h
2026-07-12T13:39:07.248604+09:00,2026-07-12T16:37:53.244337+09:00,SUNDOG,0.05,3299090,30.2,6.578,6.365,6.622,-3.24,179,손절-3.0%
2026-07-12T13:31:34.532886+09:00,2026-07-12T17:00:13.350242+09:00,H,0.27,5391454,235.8,60.81,58.66,62.2,-3.54,209,손절-3.0%
2026-07-12T15:25:48.697986+09:00,2026-07-12T17:27:02.224177+09:00,GWEI,0.01,3869703,23.5,91.14,88.1,92.99,-3.34,121,손절-3.0%
2026-07-12T06:01:32.369614+09:00,2026-07-12T17:54:57.765156+09:00,BASED,0.25,8524747,62.3,144,146,154,+1.39,713,트레일(고점+6.9%)
2026-07-12T15:42:37.536905+09:00,2026-07-12T18:00:06.719138+09:00,ALLO,0.04,4204820,13.0,510,494,514,-3.14,137,손절-3.0%
2026-07-12T09:40:00.458693+09:00,2026-07-12T18:24:31.214087+09:00,CTR,0.11,3347002,50.7,11.94,12.83,13.43,+7.45,525,트레일(고점+12.5%)
2026-07-12T02:19:08.631420+09:00,2026-07-12T18:47:51.598620+09:00,SKL,0.26,3477015,13.4,6.986,6.774,7.166,-3.03,989,손절-3.0%
2026-07-12T17:14:59.064252+09:00,2026-07-12T19:32:35.473595+09:00,PYR,0.14,6065022,12.1,229,237,249,+3.49,138,트레일(고점+8.7%)
2026-07-12T19:32:14.103705+09:00,2026-07-12T19:49:07.803814+09:00,HIGH,0.29,8474235,25.5,73,73.72,77.95,+0.99,17,트레일(고점+6.8%)
2026-07-11T19:55:58.086621+09:00,2026-07-12T19:55:59.958372+09:00,BTC,0.16,6660679,26.2,9.567e+07,9.531e+07,9.609e+07,-0.38,1440,타임아웃24h
2026-07-11T20:06:59.869432+09:00,2026-07-12T20:07:20.251624+09:00,HBAR,0.20,12423000,11.4,101,102,105,+0.99,1440,타임아웃24h
2026-07-11T20:23:53.566569+09:00,2026-07-12T20:24:10.543691+09:00,FRAX,0.29,3386489,11.3,371,383,390,+3.23,1440,타임아웃24h
2026-07-12T15:12:07.472685+09:00,2026-07-12T20:59:13.076112+09:00,ELSA,0.08,5567637,104.1,79.94,77.26,82.23,-3.35,347,손절-3.0%
2026-07-12T20:27:36.547780+09:00,2026-07-12T21:32:49.189747+09:00,ALLO,0.26,5401282,21.0,522,543,571,+4.02,65,트레일(고점+9.4%)
2026-07-12T19:27:02.601947+09:00,2026-07-12T21:57:09.918075+09:00,EDGEX,0.24,8525559,212.2,575,583,612,+1.39,150,트레일(고점+6.4%)
2026-07-11T21:59:06.836509+09:00,2026-07-12T21:59:13.243899+09:00,XRP,0.25,3881902,194.1,1652,1640,1666,-0.73,1440,타임아웃24h
2026-07-11T22:14:50.293909+09:00,2026-07-12T22:14:59.010232+09:00,ONDO,0.25,8016759,13.7,495,492,502,-0.61,1440,타임아웃24h
2026-07-11T22:42:31.290045+09:00,2026-07-12T22:42:49.421584+09:00,DOGE,0.00,38463064,384.6,111,110,113,-0.90,1440,타임아웃24h
2026-07-12T21:36:55.157125+09:00,2026-07-12T23:14:35.527782+09:00,T,0.10,3334005,27.5,8.37,8.075,8.473,-3.52,98,손절-3.0%
2026-07-12T23:13:31.549016+09:00,2026-07-12T23:27:41.844990+09:00,DEXE,0.21,5671897,23.2,67300,65100,68550,-3.27,14,손절-3.0%
2026-07-12T15:40:33.313420+09:00,2026-07-13T00:01:46.642125+09:00,AGLD,0.30,3242276,22.5,238,280,292,+17.65,501,트레일(고점+22.7%)
2026-07-12T00:04:38.975122+09:00,2026-07-13T00:04:52.125525+09:00,BILL,0.24,3422757,53.5,58.14,69.67,70.01,+19.83,1440,타임아웃24h
2026-07-12T16:59:52.447405+09:00,2026-07-13T00:10:39.334406+09:00,SUNDOG,0.28,4909982,47.4,6.318,6.496,6.832,+2.82,431,트레일(고점+8.1%)
2026-07-12T21:14:18.682463+09:00,2026-07-13T00:11:20.439504+09:00,PYR,0.28,5970662,9.4,238,230,240,-3.36,177,손절-3.0%
2026-07-12T20:59:12.743754+09:00,2026-07-13T00:14:04.665574+09:00,B3,0.06,3003463,49.1,0.7947,0.7689,0.8027,-3.25,195,손절-3.0%
2026-07-12T09:03:25.416306+09:00,2026-07-13T00:16:28.373283+09:00,CAP,0.30,3767055,70.1,23.77,24.99,26.28,+5.13,913,트레일(고점+10.6%)
2026-07-12T00:46:07.777788+09:00,2026-07-13T00:46:13.350585+09:00,SOL,0.10,3803387,16.3,116600,115400,116900,-1.03,1440,타임아웃24h
2026-07-12T07:50:08.620362+09:00,2026-07-13T00:58:09.389960+09:00,PARTI,0.25,3021574,57.2,48.64,47.15,50.1,-3.06,1028,손절-3.0%
2026-07-12T21:56:07.761481+09:00,2026-07-13T00:59:31.754368+09:00,ELSA,0.06,3525292,47.0,77.4,75.07,77.4,-3.01,183,손절-3.0%
2026-07-12T01:04:43.366035+09:00,2026-07-13T01:04:58.557653+09:00,WLD,0.00,7393824,30.9,604,637,645,+5.46,1440,타임아웃24h
2026-07-12T02:07:48.390660+09:00,2026-07-13T01:05:19.046984+09:00,SLX,0.10,7217152,96.2,232,224,242,-3.45,1378,손절-3.0%
2026-07-13T01:05:59.837223+09:00,2026-07-13T01:28:53.044649+09:00,PYR,0.22,7632329,23.0,220,213,220,-3.18,23,손절-3.0%
2026-07-13T01:23:03.429716+09:00,2026-07-13T01:30:15.087707+09:00,ES,0.27,3881993,388.2,51.53,49.79,52.37,-3.38,7,손절-3.0%
2026-07-12T23:42:28.609021+09:00,2026-07-13T01:41:31.861864+09:00,SXT,0.24,4127219,55.0,13.35,14.49,15.2,+8.54,119,트레일(고점+13.9%)
2026-07-13T02:45:05.593008+09:00,2026-07-13T02:58:26.746482+09:00,EPT,0.28,3431040,74.4,0.7995,0.77,0.8077,-3.69,13,손절-3.0%
2026-07-12T18:48:12.010152+09:00,2026-07-13T04:07:16.428782+09:00,SKL,0.01,7565419,53.2,6.774,6.549,6.92,-3.32,559,손절-3.0%
2026-07-12T04:26:05.880312+09:00,2026-07-13T04:26:26.085648+09:00,ETH,0.30,3000000,30.0,2.718e+06,2.714e+06,2.723e+06,-0.15,1440,타임아웃24h
2026-07-12T09:09:13.467940+09:00,2026-07-13T05:00:41.823564+09:00,BOB,0.11,3428580,76.3,6.212,6.732,7.049,+8.37,1191,트레일(고점+13.5%)
2026-07-13T02:57:24.660210+09:00,2026-07-13T05:24:40.963933+09:00,SXT,0.04,3270713,39.3,13.37,12.92,13.65,-3.37,147,손절-3.0%
2026-07-12T20:36:12.198304+09:00,2026-07-13T05:35:59.745060+09:00,ARDR,0.13,4651684,33.8,32.64,32.4,34.39,-0.74,540,트레일(고점+5.4%)
2026-07-13T05:41:48.430398+09:00,2026-07-13T06:46:21.553594+09:00,SXT,0.05,3340814,66.4,12.61,12.22,12.72,-3.09,65,손절-3.0%
2026-07-12T09:05:48.471866+09:00,2026-07-13T07:00:26.326349+09:00,MOODENG,0.05,3098642,29.1,59.81,57.25,60.53,-4.28,1315,손절-3.0%
2026-07-12T16:56:46.659671+09:00,2026-07-13T07:04:32.604736+09:00,VIRTUAL,0.17,10493873,12.5,891,863,919,-3.14,848,손절-3.0%
2026-07-13T01:14:11.392111+09:00,2026-07-13T07:10:21.576510+09:00,SLX,0.21,4987546,119.6,227,220,227,-3.08,356,손절-3.0%
2026-07-13T02:29:22.457587+09:00,2026-07-13T07:18:54.493665+09:00,WLD,0.30,3769911,30.2,637,617,656,-3.14,290,손절-3.0%
2026-07-12T09:05:07.502151+09:00,2026-07-13T07:20:37.030522+09:00,ADA,0.14,5009349,13.3,248,240,249,-3.23,1335,손절-3.0%
2026-07-13T04:49:03.521848+09:00,2026-07-13T07:38:10.918648+09:00,CAP,0.21,3937839,97.4,25.77,24.99,26.02,-3.03,169,손절-3.0%
2026-07-13T06:24:22.427438+09:00,2026-07-13T07:38:11.105922+09:00,AGLD,0.00,6030324,12.1,271,261,274,-3.69,74,손절-3.0%
2026-07-13T00:08:14.898592+09:00,2026-07-13T07:39:34.658697+09:00,BLAST,0.00,3859637,14.7,0.4817,0.6321,0.6607,+31.22,451,트레일(고점+37.2%)
2026-07-12T20:25:12.237116+09:00,2026-07-13T07:40:16.014926+09:00,RPL,0.24,8521754,69.5,2667,2586,2796,-3.04,675,손절-3.0%
2026-07-13T05:02:45.277807+09:00,2026-07-13T07:47:07.093325+09:00,NEX,0.00,4043479,40.1,0.0027,0.0026,0.0028,-3.70,164,손절-3.0%
2026-07-12T22:32:30.884931+09:00,2026-07-13T08:00:05.298517+09:00,ALLO,0.29,6511482,38.6,538,554,581,+2.97,568,트레일(고점+8.0%)
2026-07-13T07:11:02.412213+09:00,2026-07-13T08:00:25.942725+09:00,T,0.00,3754288,9.8,8.1,7.821,8.249,-3.44,49,손절-3.0%
2026-07-12T08:56:35.967822+09:00,2026-07-13T08:56:45.546858+09:00,SUI,0.04,3437499,9.1,1089,1098,1115,+0.83,1440,타임아웃24h
2026-07-12T08:58:18.299435+09:00,2026-07-13T08:58:27.883767+09:00,ENA,0.20,3806929,39.0,119,119,123,+0.00,1440,타임아웃24h
2026-07-13T07:25:44.732299+09:00,2026-07-13T09:07:40.391162+09:00,ELSA,0.17,8008598,8.0,74.86,72.59,74.86,-3.03,102,손절-3.0%
2026-07-12T21:59:13.222814+09:00,2026-07-13T09:10:04.132121+09:00,EDGEX,0.16,6953532,53.3,585,564,608,-3.59,671,손절-3.0%
2026-07-12T09:11:57.429351+09:00,2026-07-13T09:12:06.751923+09:00,PENGU,0.08,3284630,15.1,9.042,9.067,9.146,+0.28,1440,타임아웃24h
2026-07-12T09:27:59.756562+09:00,2026-07-13T09:28:09.609402+09:00,XLM,0.18,3324000,66.5,277,281,286,+1.44,1440,타임아웃24h
2026-07-13T08:26:21.110761+09:00,2026-07-13T09:31:14.189170+09:00,EPT,0.20,4550486,30.5,0.7768,0.7509,0.7962,-3.33,65,손절-3.0%
2026-07-13T09:36:22.949447+09:00,2026-07-13T09:44:35.727589+09:00,BOB,0.18,3080368,60.5,6.887,6.66,6.887,-3.30,8,손절-3.0%
2026-07-13T09:06:59.224359+09:00,2026-07-13T10:02:21.302165+09:00,BLAST,0.20,3834698,48.5,0.553,0.5274,0.5682,-4.63,55,손절-3.0%
2026-07-13T09:06:59.205241+09:00,2026-07-13T10:20:06.500062+09:00,AGLD,0.12,5007276,8.7,259,251,261,-3.09,73,손절-3.0%
2026-07-13T07:53:15.208436+09:00,2026-07-13T10:43:45.077130+09:00,GWEI,0.27,3142463,47.0,82.44,83.23,87.42,+0.96,170,트레일(고점+6.0%)
2026-07-13T01:57:35.184362+09:00,2026-07-13T12:09:38.586703+09:00,ONDO,0.00,8167769,20.7,488,473,489,-3.07,612,손절-3.0%
2026-07-13T11:25:58.944125+09:00,2026-07-13T12:21:38.552307+09:00,GWEI,0.07,3000000,183.5,82.56,79.99,83.38,-3.11,56,손절-3.0%
2026-07-13T08:42:45.860630+09:00,2026-07-13T12:34:20.606587+09:00,VIRTUAL,0.26,6944476,8.4,859,833,870,-3.03,232,손절-3.0%
2026-07-13T10:29:00.930740+09:00,2026-07-13T12:44:19.168132+09:00,ENA,0.25,5355000,50.4,119,115,120,-3.36,135,손절-3.0%
2026-07-13T12:38:48.566465+09:00,2026-07-13T14:23:40.253601+09:00,EPT,0.05,3297747,23.6,0.7766,0.7839,0.8279,+0.94,105,트레일(고점+6.6%)
2026-07-13T12:24:22.568043+09:00,2026-07-13T14:28:09.638560+09:00,XEC,0.17,4631362,19.3,0.0082,0.0086,0.0091,+4.88,124,트레일(고점+11.0%)
2026-07-13T13:31:09.891335+09:00,2026-07-13T14:56:25.774358+09:00,T,0.14,4245854,87.9,7.551,7.3,7.609,-3.32,85,손절-3.0%
2026-07-13T14:58:08.570206+09:00,2026-07-13T14:58:29.946925+09:00,HIGH,0.14,3822739,17.6,36.19,34.93,36.19,-3.48,0,손절-3.0%
2026-07-13T09:03:55.068314+09:00,2026-07-13T15:13:05.010331+09:00,PYR,0.17,3001694,9.5,210,203,212,-3.33,369,손절-3.0%
2026-07-13T10:05:05.955461+09:00,2026-07-13T15:20:40.436332+09:00,SXT,0.11,3223779,12.8,11.85,11.47,12.3,-3.21,316,손절-3.0%
2026-07-13T12:38:48.583344+09:00,2026-07-13T15:25:09.377643+09:00,PARTI,0.26,3726365,66.1,50.43,48.64,51.35,-3.55,166,손절-3.0%
2026-07-13T04:04:11.198221+09:00,2026-07-13T15:42:24.815284+09:00,STRAX,0.02,4732043,35.0,14.2,13.76,14.38,-3.10,698,손절-3.0%
2026-07-13T11:19:48.444573+09:00,2026-07-13T15:43:47.794359+09:00,B3,0.01,4360003,134.1,0.7327,0.71,0.7335,-3.10,264,손절-3.0%
2026-07-13T15:22:44.090500+09:00,2026-07-13T16:20:26.313245+09:00,ES,0.17,3380902,9.2,53.39,51.68,54.96,-3.20,58,손절-3.0%
2026-07-13T04:22:59.813070+09:00,2026-07-13T16:30:43.918202+09:00,DEXE,0.27,5643872,43.9,69650,67400,72650,-3.23,728,손절-3.0%
2026-07-13T13:02:53.102952+09:00,2026-07-13T16:41:22.613097+09:00,SKL,0.00,4544980,30.7,6.312,6.56,6.884,+3.93,218,트레일(고점+9.1%)
2026-07-13T11:33:32.656576+09:00,2026-07-13T16:50:16.984764+09:00,BILL,0.27,3443211,32.7,74.84,72.57,78.14,-3.03,317,손절-3.0%
2026-07-13T09:59:37.205599+09:00,2026-07-13T17:51:03.221641+09:00,EDGEX,0.26,3426000,16.6,568,571,603,+0.53,471,트레일(고점+6.2%)
2026-07-13T07:38:10.552027+09:00,2026-07-13T18:15:58.387661+09:00,SLX,0.00,5887309,168.2,217,210,221,-3.23,638,손절-3.0%
2026-07-13T17:15:38.587967+09:00,2026-07-13T18:51:17.907089+09:00,GWEI,0.15,4054073,44.7,76.84,74.5,77.22,-3.05,96,손절-3.0%
2026-07-13T17:45:53.520563+09:00,2026-07-13T18:59:52.078024+09:00,DEXE,0.30,5454536,15.6,67550,65300,67700,-3.33,74,손절-3.0%
2026-07-13T12:50:30.009919+09:00,2026-07-13T19:33:23.502729+09:00,AGLD,0.29,3000000,30.0,248,248,261,+0.00,403,트레일(고점+5.2%)
2026-07-12T19:49:27.902837+09:00,2026-07-13T19:49:48.034493+09:00,H,0.01,6239450,92.9,59.02,58.25,61.86,-1.30,1440,타임아웃24h
2026-07-13T17:15:59.130748+09:00,2026-07-13T19:54:35.961127+09:00,XEC,0.08,5481299,35.2,0.0097,0.0097,0.0102,+0.00,159,트레일(고점+5.2%)
2026-07-12T20:03:33.368413+09:00,2026-07-13T20:03:49.514410+09:00,BTC,0.11,5251983,52.5,9.53e+07,9.33e+07,9.582e+07,-2.10,1440,타임아웃24h
2026-07-13T17:20:06.144050+09:00,2026-07-13T20:15:28.720066+09:00,ELSA,0.08,3604670,48.1,81.98,79.51,82.75,-3.01,175,손절-3.0%
2026-07-13T16:59:53.188891+09:00,2026-07-13T20:50:47.282451+09:00,BLAST,0.24,4186598,20.7,0.5394,0.5228,0.5533,-3.08,231,손절-3.0%
2026-07-13T15:37:13.523305+09:00,2026-07-13T21:04:09.311604+09:00,T,0.02,5003634,17.9,6.885,7.156,7.501,+3.94,327,트레일(고점+8.9%)
2026-07-13T01:48:01.004863+09:00,2026-07-13T21:37:04.091621+09:00,XRP,0.17,13466343,2244.8,1640,1590,1642,-3.05,1189,손절-3.0%
2026-07-13T20:52:29.525059+09:00,2026-07-13T21:46:21.313914+09:00,BLAST,0.03,3700055,58.0,0.524,0.508,0.524,-3.05,54,손절-3.0%
2026-07-13T06:28:08.771798+09:00,2026-07-13T22:15:12.922111+09:00,ETH,0.14,5465459,54.7,2.705e+06,2.623e+06,2.742e+06,-3.03,947,손절-3.0%
2026-07-13T19:46:02.341378+09:00,2026-07-13T23:06:29.846797+09:00,DEXE,0.13,5474655,16.5,64700,62650,67000,-3.17,200,손절-3.0%
2026-07-13T21:44:17.405326+09:00,2026-07-13T23:17:07.594948+09:00,KITE,0.09,3085168,33.5,200,194,209,-3.00,93,손절-3.0%
2026-07-13T23:36:17.898587+09:00,2026-07-13T23:37:20.195718+09:00,EPT,0.00,6189927,19.6,0.7479,0.713,0.7479,-4.67,1,손절-3.0%
2026-07-13T23:18:29.369667+09:00,2026-07-13T23:45:31.917509+09:00,DEXE,0.13,7245549,22.0,62850,60900,62850,-3.10,27,손절-3.0%
2026-07-13T23:57:10.113428+09:00,2026-07-14T00:12:58.174502+09:00,PYR,0.14,3805561,12.0,205,198,206,-3.41,16,손절-3.0%
2026-07-13T23:31:09.614211+09:00,2026-07-14T00:20:31.906564+09:00,COS,0.19,3900607,43.4,0.4035,0.43,0.4579,+6.57,49,트레일(고점+13.5%)
2026-07-13T00:21:15.521771+09:00,2026-07-14T00:21:33.233471+09:00,DOGE,0.00,9995011,90.9,109,108,111,-0.92,1440,타임아웃24h
2026-07-13T20:06:13.156270+09:00,2026-07-14T00:31:30.369405+09:00,XEC,0.17,4181036,19.7,0.0097,0.0098,0.0103,+1.03,265,트레일(고점+6.2%)
2026-07-13T13:01:30.281561+09:00,2026-07-14T00:39:46.801280+09:00,XTER,0.08,6557980,131.2,14.38,14.68,15.4,+2.09,698,트레일(고점+7.1%)
2026-07-13T11:07:25.770371+09:00,2026-07-14T00:53:09.720371+09:00,SUNDOG,0.25,3575287,52.8,6.287,6.078,6.433,-3.32,826,손절-3.0%
2026-07-14T00:33:33.552469+09:00,2026-07-14T01:00:22.503707+09:00,XEC,0.25,3938691,10.6,0.0098,0.0094,0.0098,-4.08,27,손절-3.0%
2026-07-13T18:01:21.477383+09:00,2026-07-14T01:13:44.503950+09:00,EDGEX,0.14,5627103,17.3,570,620,652,+8.77,432,트레일(고점+14.4%)
2026-07-13T07:29:31.446819+09:00,2026-07-14T01:20:34.809073+09:00,WLD,0.27,43108252,45.6,623,604,641,-3.05,1071,손절-3.0%
2026-07-13T01:25:26.967762+09:00,2026-07-14T01:25:42.605763+09:00,HBAR,0.00,7469878,70.7,100,98.96,102,-1.04,1440,타임아웃24h
2026-07-13T10:46:48.583615+09:00,2026-07-14T01:52:04.931287+09:00,XLM,0.20,7968168,41.5,278,269,278,-3.24,905,손절-3.0%
2026-07-13T21:25:43.708904+09:00,2026-07-14T02:20:51.157595+09:00,ES,0.18,5045854,40.5,53.38,51.66,55.63,-3.22,295,손절-3.0%
2026-07-14T02:17:25.108485+09:00,2026-07-14T02:27:41.873135+09:00,THQ,0.17,6657713,17.9,20.36,19.7,20.42,-3.24,10,손절-3.0%
2026-07-14T01:26:44.137949+09:00,2026-07-14T02:33:30.622966+09:00,WLD,0.12,83485577,68.7,608,589,608,-3.12,67,손절-3.0%
2026-07-13T10:18:03.252511+09:00,2026-07-14T02:37:15.978352+09:00,ADA,0.17,12100000,13.9,241,233,242,-3.32,979,손절-3.0%
2026-07-13T23:05:06.931989+09:00,2026-07-14T02:37:16.213642+09:00,CAP,0.17,3848364,102.6,27.64,27.38,29.23,-0.94,212,트레일(고점+5.8%)
2026-07-13T10:57:29.540211+09:00,2026-07-14T02:57:47.463738+09:00,BASED,0.17,3186096,33.5,147,142,152,-3.40,960,손절-3.0%
2026-07-14T00:40:27.634444+09:00,2026-07-14T03:12:10.742070+09:00,KITE,0.25,6729489,123.9,197,191,198,-3.05,152,손절-3.0%
2026-07-13T07:26:25.849240+09:00,2026-07-14T03:16:38.209358+09:00,PEPE,0.00,8200000,12.1,0.0041,0.0039,0.0042,-4.88,1190,손절-3.0%
2026-07-13T19:49:06.844392+09:00,2026-07-14T03:22:27.702598+09:00,SLX,0.25,6330000,24.8,210,213,224,+1.43,453,트레일(고점+6.7%)
2026-07-13T23:58:52.895083+09:00,2026-07-14T03:33:25.947888+09:00,BLAST,0.05,7129755,186.0,0.492,0.4712,0.4945,-4.23,215,손절-3.0%
2026-07-14T01:31:51.812023+09:00,2026-07-14T03:46:26.689416+09:00,DEXE,0.04,3008544,10.0,58650,62750,66200,+6.99,135,트레일(고점+12.9%)
2026-07-14T02:54:42.683190+09:00,2026-07-14T03:52:57.770012+09:00,XEC,0.25,6156497,19.9,0.0096,0.0093,0.0097,-3.12,58,손절-3.0%
2026-07-13T08:16:06.609161+09:00,2026-07-14T04:26:33.079032+09:00,ALLO,0.15,14326164,26.1,554,752,780,+35.74,1210,트레일(고점+40.8%)
2026-07-14T00:52:28.272949+09:00,2026-07-14T05:07:35.840865+09:00,H,0.20,3135144,14.1,56.04,54.31,57.07,-3.09,255,손절-3.0%
2026-07-13T20:17:31.675446+09:00,2026-07-14T06:05:42.930121+09:00,PARTI,0.04,4938966,145.6,46.84,45.42,48.1,-3.03,588,손절-3.0%
2026-07-13T07:56:40.130184+09:00,2026-07-14T06:09:50.715555+09:00,SOL,0.24,4349549,30.8,114400,110900,116300,-3.06,1333,손절-3.0%
2026-07-13T18:16:18.817057+09:00,2026-07-14T06:12:35.351801+09:00,VIRTUAL,0.11,7772559,99.6,837,811,843,-3.11,716,손절-3.0%
2026-07-13T12:23:41.397387+09:00,2026-07-14T06:18:04.441644+09:00,BOB,0.00,7669780,37.3,6.441,6.242,6.629,-3.09,1074,손절-3.0%
2026-07-13T06:22:19.211675+09:00,2026-07-14T06:22:31.756143+09:00,AVAX,0.00,3920679,8.6,9610,9545,9905,-0.68,1440,타임아웃24h
2026-07-14T01:49:40.836835+09:00,2026-07-14T06:35:13.962142+09:00,JTO,0.17,4970249,49.1,935,905,938,-3.21,286,손절-3.0%
2026-07-14T04:09:26.351678+09:00,2026-07-14T06:37:38.434249+09:00,ES,0.19,3381700,22.8,50.14,48.1,51.19,-4.07,148,손절-3.0%
2026-07-13T10:36:33.855154+09:00,2026-07-14T06:38:19.200547+09:00,SUI,0.27,39699722,234.9,1096,1056,1098,-3.65,1202,손절-3.0%
2026-07-14T02:49:35.455653+09:00,2026-07-14T06:49:18.328590+09:00,GWEI,0.00,10000000,43.3,73,73.79,77.49,+1.08,240,트레일(고점+6.2%)
2026-07-14T06:47:14.519401+09:00,2026-07-14T07:15:28.598886+09:00,ES,0.17,3115949,43.9,47.69,47.69,50.13,+0.00,28,트레일(고점+5.1%)
2026-07-14T03:44:22.711717+09:00,2026-07-14T08:16:51.802588+09:00,EDGEX,0.23,8458331,103.0,627,608,644,-3.03,272,손절-3.0%
2026-07-14T04:58:20.438934+09:00,2026-07-14T09:18:30.800432+09:00,DEXE,0.28,12664256,61.5,60650,61650,64750,+1.65,260,트레일(고점+6.8%)
2026-07-13T21:36:02.322629+09:00,2026-07-14T09:25:02.601242+09:00,T,0.09,3193234,11.1,7.081,7.512,7.956,+6.09,709,트레일(고점+12.4%)
2026-07-14T09:36:02.987632+09:00,2026-07-14T09:38:07.559154+09:00,DEXE,0.02,3859021,15.5,60350,58500,60350,-3.07,2,손절-3.0%
2026-07-14T06:33:51.063286+09:00,2026-07-14T10:23:17.305127+09:00,ALLO,0.07,5251777,9.6,676,651,699,-3.70,229,손절-3.0%
2026-07-14T10:10:29.593669+09:00,2026-07-14T10:29:30.130604+09:00,VANA,0.29,3475608,21.1,2935,2841,2980,-3.20,19,손절-3.0%
2026-07-14T10:29:08.834280+09:00,2026-07-14T10:46:03.810597+09:00,ALLO,0.07,6450000,18.2,642,622,647,-3.12,17,손절-3.0%
2026-07-14T05:41:37.116591+09:00,2026-07-14T10:55:42.477320+09:00,PYR,0.07,3528000,117.6,196,194,206,-1.02,314,트레일(고점+5.1%)
2026-07-13T10:57:09.056201+09:00,2026-07-14T10:57:25.468153+09:00,EDEN,0.00,3078384,61.1,63.27,61.73,63.92,-2.43,1440,타임아웃24h
2026-07-14T06:49:18.117608+09:00,2026-07-14T11:00:31.644486+09:00,CAP,0.00,4492542,27.3,27.94,28.87,30.29,+3.33,251,트레일(고점+8.4%)
2026-07-13T21:37:45.225514+09:00,2026-07-14T11:37:43.530642+09:00,AGLD,0.20,3000000,20.0,240,238,252,-0.83,840,트레일(고점+5.0%)
2026-07-14T03:01:33.124303+09:00,2026-07-14T11:46:00.084754+09:00,BILL,0.16,4035040,26.9,83.99,84.99,90.14,+1.19,524,트레일(고점+7.3%)
2026-07-13T12:20:15.807920+09:00,2026-07-14T11:54:16.279839+09:00,ONDO,0.09,4999999,36.0,471,456,476,-3.18,1414,손절-3.0%
2026-07-14T11:52:53.417695+09:00,2026-07-14T11:59:27.079228+09:00,BILL,0.14,8678310,86.6,84.05,80.08,84.06,-4.72,7,손절-3.0%
2026-07-14T11:36:41.429571+09:00,2026-07-14T12:04:36.661954+09:00,XEC,0.20,3958762,19.8,0.0096,0.0091,0.0096,-5.21,28,손절-3.0%
2026-07-14T09:33:58.700431+09:00,2026-07-14T12:05:38.559827+09:00,BLAST,0.08,3614141,53.8,0.4597,0.5534,0.5788,+20.38,152,트레일(고점+25.9%)
2026-07-14T07:41:17.570194+09:00,2026-07-14T12:08:23.536253+09:00,BSV,0.04,11482867,24.6,21160,20500,21330,-3.12,267,손절-3.0%
2026-07-13T20:16:29.977313+09:00,2026-07-14T12:14:54.679562+09:00,ELSA,0.00,3364180,38.3,79.32,79.9,83.9,+0.73,958,트레일(고점+5.8%)
2026-07-14T04:04:38.452156+09:00,2026-07-14T12:25:53.542855+09:00,WLD,0.19,15000202,70.4,586,568,590,-3.07,501,손절-3.0%
2026-07-14T09:41:33.276167+09:00,2026-07-14T12:30:44.107718+09:00,T,0.07,3527963,28.0,7.028,7.211,7.57,+2.60,169,트레일(고점+7.7%)
2026-07-13T12:37:46.713274+09:00,2026-07-14T12:37:56.239420+09:00,LINK,0.15,3305490,16.5,11790,11650,11870,-1.19,1440,타임아웃24h
2026-07-13T12:53:35.593316+09:00,2026-07-14T12:53:43.218694+09:00,ENA,0.00,6514184,17.1,115,118,120,+2.61,1440,타임아웃24h
2026-07-14T12:38:57.963588+09:00,2026-07-14T13:06:04.364269+09:00,T,0.15,11502943,49.6,7.2,6.964,7.2,-3.28,27,손절-3.0%
2026-07-14T00:04:22.251419+09:00,2026-07-14T13:07:05.522657+09:00,GRACY,0.23,3709074,52.7,8.195,7.946,8.246,-3.04,783,손절-3.0%
2026-07-14T13:16:20.060048+09:00,2026-07-14T13:19:25.670350+09:00,CAP,0.03,8084378,195.3,28.31,27.38,28.31,-3.29,3,손절-3.0%
2026-07-14T13:15:59.493571+09:00,2026-07-14T14:09:30.085983+09:00,DEXE,0.03,5069857,130.2,60350,58400,60550,-3.23,54,손절-3.0%
2026-07-14T08:23:23.774935+09:00,2026-07-14T15:04:41.602544+09:00,EDGEX,0.06,3649883,657.0,604,610,641,+0.99,401,트레일(고점+6.1%)
2026-07-14T04:18:40.791156+09:00,2026-07-14T15:11:15.782539+09:00,SXT,0.17,4449144,74.1,11.26,12.32,12.91,+9.41,653,트레일(고점+14.7%)
2026-07-14T15:17:50.629550+09:00,2026-07-14T15:26:30.748547+09:00,CAP,0.00,3072004,73.7,25.78,24.94,25.78,-3.26,9,손절-3.0%
2026-07-14T11:07:03.435608+09:00,2026-07-14T15:28:35.087018+09:00,ZBT,0.10,5749911,25.8,199,207,217,+4.02,262,트레일(고점+9.0%)
2026-07-14T03:39:35.048944+09:00,2026-07-14T15:32:22.510828+09:00,KITE,0.10,4826153,36.4,190,184,198,-3.16,713,손절-3.0%
2026-07-14T15:42:03.904647+09:00,2026-07-14T16:07:37.405791+09:00,KITE,0.00,5490000,30.5,183,177,183,-3.28,26,손절-3.0%
2026-07-14T15:06:24.888101+09:00,2026-07-14T16:40:03.120082+09:00,BLAST,0.25,3023568,13.0,0.5046,0.4892,0.5048,-3.05,94,손절-3.0%
2026-07-14T14:34:19.255266+09:00,2026-07-14T16:46:14.234704+09:00,XEC,0.25,8795747,276.3,0.0089,0.0086,0.009,-3.37,132,손절-3.0%
2026-07-14T16:48:37.825136+09:00,2026-07-14T16:51:44.459592+09:00,VANA,0.17,3030733,29.6,3394,3227,3394,-4.92,3,손절-3.0%
2026-07-14T13:02:37.924314+09:00,2026-07-14T17:12:03.147434+09:00,ELSA,0.00,4401586,47.2,78.51,76.07,79.7,-3.11,249,손절-3.0%
2026-07-14T17:11:42.083318+09:00,2026-07-14T17:20:37.187947+09:00,BILL,0.29,9814117,9.8,90.77,84.54,92.57,-6.86,9,손절-3.0%
2026-07-14T12:26:13.953779+09:00,2026-07-14T17:21:38.686349+09:00,SLX,0.25,4636174,38.6,212,205,215,-3.30,295,손절-3.0%
2026-07-14T09:49:28.217661+09:00,2026-07-14T17:55:52.873174+09:00,PARTI,0.22,7670683,25.0,45.56,44,46.21,-3.42,486,손절-3.0%
2026-07-14T13:15:59.478917+09:00,2026-07-14T18:33:14.939282+09:00,ES,0.20,3411554,25.9,46.47,47.84,50.3,+2.95,317,트레일(고점+8.2%)
2026-07-14T06:25:57.588577+09:00,2026-07-14T18:43:11.318660+09:00,SOON,0.12,3159984,42.2,253,245,258,-3.16,737,손절-3.0%
2026-07-14T19:12:00.372738+09:00,2026-07-14T19:13:44.285972+09:00,COS,0.17,3622598,11.4,0.5139,0.4954,0.5139,-3.60,2,손절-3.0%
2026-07-14T19:09:35.946165+09:00,2026-07-14T19:28:50.789517+09:00,VANA,0.27,9152772,145.8,2340,2416,2551,+3.25,19,트레일(고점+9.0%)
2026-07-14T13:22:09.496563+09:00,2026-07-14T19:47:03.721163+09:00,ALLO,0.13,7534777,45.8,563,542,574,-3.73,385,손절-3.0%
2026-07-14T19:32:36.882429+09:00,2026-07-14T20:11:50.346336+09:00,ZBT,0.25,3168258,21.0,195,189,196,-3.08,39,손절-3.0%
2026-07-14T18:28:47.146532+09:00,2026-07-14T20:30:03.480663+09:00,SXT,0.26,12120504,129.0,13.96,14.09,14.81,+0.93,121,트레일(고점+6.1%)
2026-07-14T14:15:20.677886+09:00,2026-07-14T20:55:30.879589+09:00,GWEI,0.07,11661251,37.4,71.26,84.65,88.75,+18.79,400,트레일(고점+24.5%)
2026-07-14T19:05:28.788544+09:00,2026-07-14T20:56:53.561900+09:00,BLEND,0.17,3111838,18.0,93.86,91,94.18,-3.05,111,손절-3.0%
2026-07-14T21:08:55.560613+09:00,2026-07-14T21:17:11.286891+09:00,DRV,0.21,3758585,18.4,253,245,256,-3.16,8,손절-3.0%
2026-07-13T21:23:19.861140+09:00,2026-07-14T21:23:21.400457+09:00,BTC,0.06,5174469,17.4,9.3065e+07,9.309e+07,9.3359e+07,+0.03,1440,타임아웃24h
2026-07-14T17:59:38.660713+09:00,2026-07-14T21:40:52.316457+09:00,BLAST,0.08,3850460,9.1,0.4492,0.4355,0.4596,-3.05,221,손절-3.0%
2026-07-14T21:31:14.792787+09:00,2026-07-14T22:06:36.616958+09:00,DEXE,0.16,5718093,65.0,60800,58950,60800,-3.04,35,손절-3.0%
2026-07-14T21:23:42.014733+09:00,2026-07-14T22:06:57.225382+09:00,GWEI,0.24,7848846,19.6,76.67,74.24,78.1,-3.17,43,손절-3.0%
2026-07-13T22:09:01.311914+09:00,2026-07-14T22:09:20.817049+09:00,XRP,0.29,40781429,4075.7,1591,1603,1609,+0.75,1440,타임아웃24h
2026-07-14T20:48:36.505716+09:00,2026-07-14T22:41:00.745449+09:00,SXT,0.20,3684706,30.8,13.87,13.45,14.09,-3.03,112,손절-3.0%
2026-07-13T22:53:04.326592+09:00,2026-07-14T22:53:23.725823+09:00,TRX,0.00,5208832,53.7,484,480,485,-0.83,1440,타임아웃24h
2026-07-14T17:39:05.761257+09:00,2026-07-14T23:06:48.049803+09:00,SLX,0.20,4640829,8.3,206,199,208,-3.40,328,손절-3.0%
2026-07-14T22:53:03.079997+09:00,2026-07-14T23:09:33.113854+09:00,VANA,0.11,3231272,41.6,2151,2086,2191,-3.02,17,손절-3.0%
2026-07-14T22:19:58.984801+09:00,2026-07-14T23:10:55.463083+09:00,BILL,0.02,9647409,71.6,76.23,73.55,79.76,-3.52,51,손절-3.0%
2026-07-14T23:27:04.753570+09:00,2026-07-15T00:01:54.079854+09:00,DRV,0.08,6910931,32.3,223,214,228,-4.04,35,손절-3.0%
2026-07-14T19:35:01.056980+09:00,2026-07-15T00:03:16.611640+09:00,D,0.16,3279422,19.1,4.029,4.08,4.297,+1.27,268,트레일(고점+6.7%)
2026-07-14T22:48:55.507838+09:00,2026-07-15T00:07:45.286110+09:00,ALLO,0.27,5630000,39.5,558,541,562,-3.05,79,손절-3.0%
2026-07-14T14:48:48.761403+09:00,2026-07-15T00:28:47.139739+09:00,H,0.14,6030632,535.3,56.34,54.6,58.24,-3.09,580,손절-3.0%
2026-07-14T07:46:28.308973+09:00,2026-07-15T00:30:51.229270+09:00,EPT,0.13,4563813,25.7,0.601,0.736,0.7667,+22.46,1004,트레일(고점+27.6%)
2026-07-15T00:09:28.712584+09:00,2026-07-15T00:34:18.392184+09:00,GWEI,0.06,8137658,20.6,72,76.02,79.8,+5.58,25,트레일(고점+10.8%)
2026-07-14T22:33:45.529330+09:00,2026-07-15T00:41:32.920046+09:00,ZBT,0.08,5200000,10.1,176,170,178,-3.41,128,손절-3.0%
2026-07-14T01:05:09.931610+09:00,2026-07-15T01:05:18.243614+09:00,DOGE,0.00,12803248,338.7,106,110,111,+3.77,1440,타임아웃24h
2026-07-14T23:45:40.157398+09:00,2026-07-15T01:23:54.672845+09:00,CAP,0.00,7393714,29.3,25.2,24.25,25.31,-3.77,98,손절-3.0%
2026-07-14T01:26:23.615905+09:00,2026-07-15T01:26:39.079355+09:00,ETH,0.23,3737230,13.4,2.629e+06,2.766e+06,2.775e+06,+5.21,1440,타임아웃24h
2026-07-15T01:28:42.909627+09:00,2026-07-15T02:02:54.597339+09:00,BILL,0.22,5396953,187.1,59.85,60.16,63.93,+0.52,34,트레일(고점+6.8%)
2026-07-15T00:48:45.737801+09:00,2026-07-15T02:07:46.963155+09:00,H,0.06,3257107,19.9,54.2,52.02,54.8,-4.02,79,손절-3.0%
2026-07-14T16:48:58.454332+09:00,2026-07-15T02:26:26.311427+09:00,EDGEX,0.29,11099885,232.0,614,592,641,-3.58,577,손절-3.0%
2026-07-14T02:58:07.915881+09:00,2026-07-15T02:58:21.300247+09:00,NEAR,0.25,3612399,361.1,2867,3006,3034,+4.85,1440,타임아웃24h
2026-07-15T01:05:38.839034+09:00,2026-07-15T03:16:22.353308+09:00,ZBT,0.30,3408217,19.0,172,166,173,-3.49,131,손절-3.0%
2026-07-15T02:40:18.043929+09:00,2026-07-15T03:17:45.201644+09:00,EDGEX,0.17,5041960,458.7,592,573,592,-3.21,37,손절-3.0%
2026-07-14T20:41:23.607106+09:00,2026-07-15T03:20:30.322336+09:00,BASED,0.00,8765407,24.9,131,126,136,-3.82,399,손절-3.0%
2026-07-14T03:23:49.673217+09:00,2026-07-15T03:23:58.789202+09:00,PENGU,0.22,4034837,74.8,8.66,8.615,8.818,-0.52,1440,타임아웃24h
2026-07-15T01:28:22.226822+09:00,2026-07-15T03:37:47.878068+09:00,ALLO,0.27,16230000,67.8,544,525,553,-3.49,129,손절-3.0%
2026-07-14T03:41:38.212414+09:00,2026-07-15T03:41:58.387698+09:00,HBAR,0.21,4745930,13.2,98.35,97.67,99.74,-0.69,1440,타임아웃24h
2026-07-14T03:44:43.352046+09:00,2026-07-15T03:44:43.988740+09:00,XLM,0.00,3884484,70.9,269,272,275,+1.12,1440,타임아웃24h
2026-07-14T23:11:36.168823+09:00,2026-07-15T03:49:13.383744+09:00,SXT,0.13,4066011,11.6,13.38,14.06,14.73,+5.08,278,트레일(고점+10.1%)
2026-07-15T03:21:11.383133+09:00,2026-07-15T03:53:01.199908+09:00,ZBT,0.00,4533796,82.8,166,161,166,-3.01,32,손절-3.0%
2026-07-14T23:43:56.931957+09:00,2026-07-15T04:34:53.241916+09:00,SLX,0.20,4819444,12.4,199,199,209,+0.00,291,트레일(고점+5.0%)
2026-07-14T15:20:15.756970+09:00,2026-07-15T04:40:57.876283+09:00,THE,0.03,3514011,40.0,83.48,80.86,87.05,-3.14,801,손절-3.0%
2026-07-14T16:47:56.620353+09:00,2026-07-15T05:18:25.974994+09:00,XEC,0.20,5151124,51.5,0.0087,0.0084,0.0089,-3.45,750,손절-3.0%
2026-07-15T02:30:55.573652+09:00,2026-07-15T06:19:25.785901+09:00,GWEI,0.25,3146730,59.8,75.58,75.61,79.44,+0.04,229,트레일(고점+5.1%)
2026-07-14T06:19:47.141757+09:00,2026-07-15T06:20:07.156383+09:00,VIRTUAL,0.25,4060000,19.2,814,867,877,+6.51,1440,타임아웃24h
2026-07-14T06:21:50.547787+09:00,2026-07-15T06:21:51.640985+09:00,THQ,0.10,3000000,13.0,17.72,17.31,18.32,-2.31,1440,타임아웃24h
2026-07-15T02:22:16.966270+09:00,2026-07-15T06:22:34.154461+09:00,COS,0.21,5777849,173.3,0.4383,0.4387,0.4665,+0.09,240,트레일(고점+6.4%)
2026-07-14T06:23:53.993824+09:00,2026-07-15T06:23:57.361765+09:00,SOL,0.17,5226273,261.3,111000,113800,114500,+2.52,1440,타임아웃24h
2026-07-15T00:10:51.541558+09:00,2026-07-15T06:27:26.161450+09:00,TOWNS,0.08,4058265,43.1,2.998,2.907,3.138,-3.04,377,손절-3.0%
2026-07-14T06:31:26.775290+09:00,2026-07-15T06:31:35.793671+09:00,SHIB,0.00,3578704,117.3,0.0061,0.0062,0.0063,+1.64,1440,타임아웃24h
2026-07-14T06:40:43.155797+09:00,2026-07-15T06:40:59.204958+09:00,SUI,0.21,3696000,18.4,1058,1122,1128,+6.05,1440,타임아웃24h
2026-07-15T04:12:41.336007+09:00,2026-07-15T07:00:25.824896+09:00,SXT,0.14,3160471,92.3,14.11,13.66,14.11,-3.19,168,손절-3.0%
2026-07-14T07:02:01.577867+09:00,2026-07-15T07:02:09.364664+09:00,PEPE,0.00,10970637,50.2,0.004,0.0041,0.0043,+2.50,1440,타임아웃24h
2026-07-14T08:02:01.430805+09:00,2026-07-15T08:02:21.289251+09:00,MEGA,0.24,5027994,90.4,69.08,71.07,72.02,+2.88,1440,타임아웃24h
2026-07-15T03:21:32.101389+09:00,2026-07-15T08:22:38.000586+09:00,XAN,0.20,5368987,103.3,16.95,17.55,18.41,+3.54,301,트레일(고점+8.6%)
2026-07-14T08:44:43.279244+09:00,2026-07-15T08:44:58.087891+09:00,ADA,0.00,4590100,153.0,232,242,247,+4.31,1440,타임아웃24h
2026-07-15T08:29:57.874890+09:00,2026-07-15T08:50:12.697656+09:00,B3,0.27,3611740,15.0,0.9884,0.958,1.001,-3.08,20,손절-3.0%
2026-07-15T06:20:48.968481+09:00,2026-07-15T08:52:39.148465+09:00,VANA,0.22,5751338,118.8,1791,1850,1940,+3.29,152,트레일(고점+8.3%)
2026-07-15T08:22:58.546940+09:00,2026-07-15T08:54:03.043620+09:00,XAN,0.20,5368987,103.3,17.56,16.99,17.58,-3.25,31,손절-3.0%
2026-07-15T05:21:53.166337+09:00,2026-07-15T09:05:13.157527+09:00,ZBT,0.00,5834779,88.4,161,156,164,-3.11,223,손절-3.0%
2026-07-15T04:29:16.424763+09:00,2026-07-15T09:29:18.854038+09:00,BLAST,0.12,7876390,216.6,0.4432,0.4558,0.4789,+2.84,300,트레일(고점+8.1%)
2026-07-15T08:04:26.682001+09:00,2026-07-15T10:47:49.078040+09:00,SXT,0.10,3200278,20.4,13.62,13.09,13.85,-3.89,163,손절-3.0%
2026-07-15T09:14:16.336174+09:00,2026-07-15T10:48:51.829419+09:00,ZBT,0.00,9456187,82.2,154,149,155,-3.25,95,손절-3.0%
2026-07-15T01:45:58.259934+09:00,2026-07-15T11:26:08.155709+09:00,CAP,0.07,3603801,36.0,24.25,23.49,24.73,-3.13,580,손절-3.0%
2026-07-14T11:38:04.110296+09:00,2026-07-15T11:38:17.805484+09:00,KAIA,0.18,5099950,10.2,49.95,50.34,50.83,+0.78,1440,타임아웃24h
2026-07-15T11:42:07.041036+09:00,2026-07-15T11:42:49.558809+09:00,GNO,0.27,4032033,60.5,316500,307000,316500,-3.00,1,손절-3.0%
2026-07-15T11:20:33.950930+09:00,2026-07-15T11:52:12.151322+09:00,ZBT,0.00,8770239,117.7,148,143,148,-3.38,32,손절-3.0%
2026-07-15T07:50:51.320720+09:00,2026-07-15T12:03:38.932724+09:00,GWEI,0.03,3356767,45.2,74.15,71.74,76.78,-3.25,253,손절-3.0%
2026-07-14T12:19:22.088338+09:00,2026-07-15T12:19:38.933516+09:00,ONDO,0.08,5876000,47.1,452,471,472,+4.20,1440,타임아웃24h
2026-07-14T12:23:49.584148+09:00,2026-07-15T12:23:50.453148+09:00,JTO,0.00,18679104,157.4,928,929,973,+0.11,1440,타임아웃24h
2026-07-15T12:09:11.598557+09:00,2026-07-15T12:53:54.790695+09:00,GWEI,0.06,3993118,11.2,71.5,69.28,71.62,-3.10,45,손절-3.0%
2026-07-15T08:37:17.408934+09:00,2026-07-15T13:03:20.885342+09:00,T,0.05,4099700,47.3,6.273,6.077,6.557,-3.12,266,손절-3.0%
2026-07-15T12:05:43.098234+09:00,2026-07-15T13:06:53.336269+09:00,B3,0.19,5706189,73.3,0.86,0.9187,0.9624,+6.83,61,트레일(고점+11.9%)
2026-07-15T03:31:55.029232+09:00,2026-07-15T13:09:19.460437+09:00,BASED,0.10,3158764,16.4,127,130,137,+2.36,577,트레일(고점+7.9%)
2026-07-15T04:51:44.131469+09:00,2026-07-15T13:09:40.502865+09:00,EDGEX,0.13,3983662,75.3,563,565,597,+0.36,498,트레일(고점+6.0%)
2026-07-15T10:53:43.581966+09:00,2026-07-15T13:10:02.044749+09:00,BILL,0.14,7358009,147.2,58.21,56.35,59.01,-3.20,136,손절-3.0%
2026-07-15T05:28:28.276375+09:00,2026-07-15T13:16:19.677288+09:00,XEC,0.00,16609776,36.7,0.0084,0.0097,0.0102,+15.48,468,트레일(고점+21.4%)
2026-07-15T13:11:46.186896+09:00,2026-07-15T13:18:05.645598+09:00,COS,0.13,6976347,383.6,0.4974,0.4805,0.4974,-3.40,6,손절-3.0%
2026-07-15T07:20:13.401540+09:00,2026-07-15T13:18:26.344093+09:00,ID,0.03,7582614,32.0,50.35,48.78,51.01,-3.12,358,손절-3.0%
2026-07-15T08:57:31.433762+09:00,2026-07-15T13:19:29.321416+09:00,HEMI,0.30,6140700,139.1,6.81,6.599,6.978,-3.10,262,손절-3.0%
2026-07-15T11:26:28.762350+09:00,2026-07-15T13:24:22.262464+09:00,CAP,0.07,3603801,36.0,23.58,22.82,23.62,-3.22,118,손절-3.0%
2026-07-15T12:50:24.121683+09:00,2026-07-15T13:29:15.532150+09:00,NEX,0.00,6000000,106.0,0.0027,0.0026,0.0027,-3.70,39,손절-3.0%
2026-07-15T12:43:45.114746+09:00,2026-07-15T13:39:43.105920+09:00,SXT,0.25,4139319,138.9,12.8,12.37,12.8,-3.36,56,손절-3.0%
2026-07-15T13:11:46.166386+09:00,2026-07-15T13:53:21.419667+09:00,BASED,0.17,7457392,21.3,131,127,131,-3.05,42,손절-3.0%
2026-07-14T14:01:15.317083+09:00,2026-07-15T14:01:25.713163+09:00,PYR,0.00,4411166,10.4,193,195,201,+1.04,1440,타임아웃24h
2026-07-15T03:42:19.094610+09:00,2026-07-15T14:38:09.335223+09:00,ALLO,0.19,9449081,9.4,526,533,561,+1.33,656,트레일(고점+6.7%)
2026-07-15T00:22:14.156180+09:00,2026-07-15T15:10:19.055615+09:00,MPLX,0.14,5995466,64.5,37.75,44,47.27,+16.56,888,트레일(고점+25.2%)
2026-07-15T13:10:22.342218+09:00,2026-07-15T15:10:19.629537+09:00,BILL,0.14,7358009,147.2,56.34,56.34,59.86,+0.00,120,트레일(고점+6.2%)
2026-07-15T14:50:44.405626+09:00,2026-07-15T15:11:22.925179+09:00,NEX,0.00,6000000,106.0,0.0027,0.0026,0.0027,-3.70,21,손절-3.0%
2026-07-15T15:10:39.899430+09:00,2026-07-15T15:11:22.943088+09:00,MPLX,0.14,5995466,64.5,42.87,40.15,42.87,-6.34,1,손절-3.0%
2026-07-15T00:30:51.009686+09:00,2026-07-15T15:12:45.980341+09:00,DEXE,0.14,5562731,27.4,58900,57000,61650,-3.23,882,손절-3.0%
2026-07-15T15:10:39.917536+09:00,2026-07-15T15:43:39.299459+09:00,BILL,0.14,7358009,147.2,56.17,54.34,57.52,-3.26,33,손절-3.0%
2026-07-15T14:38:30.014120+09:00,2026-07-15T15:47:51.598164+09:00,ALLO,0.25,6108865,24.0,536,519,537,-3.17,69,손절-3.0%
2026-07-15T14:14:41.621348+09:00,2026-07-15T15:50:18.794137+09:00,VANA,0.11,4101727,8.7,1956,1893,2001,-3.22,96,손절-3.0%
2026-07-15T15:42:12.087246+09:00,2026-07-15T15:59:46.351792+09:00,COS,0.17,3345287,131.2,0.4603,0.4455,0.4657,-3.22,18,손절-3.0%
2026-07-15T12:24:11.458896+09:00,2026-07-15T16:07:07.513780+09:00,JTO,0.27,6250940,20.4,929,898,929,-3.34,223,손절-3.0%
2026-07-15T13:42:08.680836+09:00,2026-07-15T16:08:10.752277+09:00,GNO,0.27,4032033,60.5,314200,290000,342100,-7.70,146,손절-3.0%
2026-07-15T14:25:11.970152+09:00,2026-07-15T16:10:37.973541+09:00,GWEI,0.25,5682106,12.2,69.74,67.56,70.03,-3.13,105,손절-3.0%
2026-07-15T16:08:31.024045+09:00,2026-07-15T16:34:47.293698+09:00,GNO,0.27,4032033,60.5,215900,208900,224000,-3.24,26,손절-3.0%
2026-07-15T16:50:57.789747+09:00,2026-07-15T16:52:23.416124+09:00,NEX,0.00,6000000,106.0,0.0027,0.0026,0.0027,-3.70,1,손절-3.0%
2026-07-15T15:12:03.997235+09:00,2026-07-15T17:00:29.408021+09:00,BASED,0.17,7457392,21.3,131,127,133,-3.05,108,손절-3.0%
2026-07-15T06:48:16.648835+09:00,2026-07-15T17:08:35.371358+09:00,H,0.29,4065552,32.0,52.93,51.2,53.79,-3.27,620,손절-3.0%
2026-07-15T17:10:41.801396+09:00,2026-07-15T17:33:18.305949+09:00,MPLX,0.14,5995466,64.5,48.85,47.3,49.19,-3.17,23,손절-3.0%
2026-07-15T17:12:48.947494+09:00,2026-07-15T17:36:07.491618+09:00,EPT,0.30,4427786,39.7,0.7665,0.7432,0.7785,-3.04,23,손절-3.0%
2026-07-15T15:26:25.123693+09:00,2026-07-15T17:41:23.891332+09:00,DEXE,0.04,6111831,27.7,55650,53600,57300,-3.68,135,손절-3.0%
2026-07-15T17:10:41.834527+09:00,2026-07-15T17:45:16.201990+09:00,BILL,0.14,7358009,147.2,53.65,51.95,53.79,-3.17,35,손절-3.0%
2026-07-15T17:08:56.104389+09:00,2026-07-15T18:11:57.693185+09:00,H,0.00,7949215,105.0,51.3,49.65,51.85,-3.22,63,손절-3.0%
2026-07-15T16:25:18.642901+09:00,2026-07-15T18:32:41.251106+09:00,GWEI,0.25,5682106,12.2,67.44,65,67.9,-3.62,127,손절-3.0%
2026-07-15T18:51:14.666151+09:00,2026-07-15T18:55:49.421631+09:00,NEX,0.00,6000000,106.0,0.0027,0.0026,0.0027,-3.70,5,손절-3.0%
2026-07-14T18:57:13.829605+09:00,2026-07-15T18:57:33.384012+09:00,WLD,0.07,7682777,12.7,595,604,617,+1.51,1440,타임아웃24h
2026-07-15T15:13:27.643369+09:00,2026-07-15T19:00:02.628873+09:00,XEC,0.20,9808071,81.9,0.0093,0.0099,0.0104,+6.45,227,트레일(고점+11.8%)
2026-07-15T04:35:19.560351+09:00,2026-07-15T19:11:57.304202+09:00,SLX,0.25,5080743,12.0,199,192,206,-3.52,877,손절-3.0%
2026-07-15T19:10:53.625586+09:00,2026-07-15T19:33:01.665569+09:00,MPLX,0.14,5995466,64.5,49.72,48.19,50.39,-3.08,22,손절-3.0%
2026-07-14T19:35:01.071973+09:00,2026-07-15T19:35:06.879444+09:00,INJ,0.29,4931159,31.1,7325,7265,7535,-0.82,1440,타임아웃24h
2026-07-15T19:12:18.171063+09:00,2026-07-15T19:39:43.468516+09:00,SLX,0.25,5080743,12.0,193,187,193,-3.11,27,손절-3.0%
2026-07-15T19:10:53.674623+09:00,2026-07-15T19:55:30.604257+09:00,BILL,0.14,7358009,147.2,51.69,49.82,52.64,-3.62,45,손절-3.0%
2026-07-15T16:38:39.008955+09:00,2026-07-15T20:48:45.607571+09:00,ALLO,0.25,6108865,24.0,536,519,536,-3.17,250,손절-3.0%
2026-07-15T20:51:32.989641+09:00,2026-07-15T21:04:11.495303+09:00,NEX,0.00,6000000,106.0,0.0026,0.0025,0.0026,-3.85,13,손절-3.0%
2026-07-15T19:23:11.207318+09:00,2026-07-15T21:10:52.605252+09:00,B3,0.30,6103595,43.0,0.9697,0.94,0.98,-3.06,108,손절-3.0%
2026-07-15T06:05:30.647922+09:00,2026-07-15T21:28:08.924457+09:00,KAITO,0.00,3010467,13.3,1112,1133,1191,+1.89,923,트레일(고점+7.1%)
2026-07-14T21:59:44.277311+09:00,2026-07-15T21:59:57.169680+09:00,SOON,0.25,5622281,8.3,244,243,246,-0.41,1440,타임아웃24h
2026-07-14T22:01:47.763168+09:00,2026-07-15T22:02:03.615697+09:00,KITE,0.25,5135874,192.6,175,181,182,+3.43,1440,타임아웃24h
2026-07-15T22:16:28.397596+09:00,2026-07-15T22:24:12.879433+09:00,B3,0.09,3338813,32.6,0.9266,0.8933,0.9269,-3.59,8,손절-3.0%
2026-07-14T22:34:06.243246+09:00,2026-07-15T22:34:23.563599+09:00,BTC,0.01,3995723,21.3,9.4112e+07,9.6294e+07,9.64e+07,+2.32,1440,타임아웃24h
2026-07-15T21:04:31.591711+09:00,2026-07-15T22:45:17.400224+09:00,XEC,0.20,8082474,14.5,0.0099,0.0101,0.0106,+2.02,101,트레일(고점+7.1%)
2026-07-15T22:19:37.721250+09:00,2026-07-15T22:53:21.237256+09:00,0G,0.27,6188965,83.6,296,287,297,-3.04,34,손절-3.0%
2026-07-15T22:51:35.146632+09:00,2026-07-15T23:05:16.719793+09:00,NEX,0.00,6000000,106.0,0.0026,0.0025,0.0026,-3.85,14,손절-3.0%
2026-07-15T21:11:12.846648+09:00,2026-07-15T23:08:26.166184+09:00,MPLX,0.14,5995466,64.5,42.24,43.04,45.2,+1.89,117,트레일(고점+7.0%)
2026-07-15T22:30:11.179593+09:00,2026-07-15T23:17:33.505584+09:00,KAITO,0.03,6142356,34.3,1115,1080,1120,-3.14,47,손절-3.0%
2026-07-14T23:20:32.927943+09:00,2026-07-15T23:20:41.953311+09:00,ENA,0.00,4365098,301.9,122,125,126,+2.46,1440,타임아웃24h
2026-07-15T07:05:58.465745+09:00,2026-07-15T23:31:13.571256+09:00,PEPE,0.00,4632299,46.3,0.0041,0.0041,0.0044,+0.00,985,트레일(고점+7.3%)
2026-07-14T23:35:00.713921+09:00,2026-07-15T23:35:04.197610+09:00,TRX,0.25,6896626,118.4,479,483,485,+0.84,1440,타임아웃24h
2026-07-15T18:08:47.004964+09:00,2026-07-15T23:59:56.788706+09:00,GNO,0.27,4032033,60.5,189100,183300,192600,-3.07,351,손절-3.0%
2026-07-15T23:11:13.592995+09:00,2026-07-16T00:04:52.348198+09:00,MPLX,0.14,5995466,64.5,43.33,42,44.5,-3.07,54,손절-3.0%
2026-07-16T00:00:17.225923+09:00,2026-07-16T00:11:14.123549+09:00,GNO,0.27,4032033,60.5,185200,186600,196600,+0.76,11,트레일(고점+6.2%)
2026-07-15T07:57:28.147612+09:00,2026-07-16T00:28:07.753423+09:00,D,0.28,3157787,18.5,3.967,4.523,4.789,+14.02,991,트레일(고점+20.7%)
2026-07-15T01:26:59.693016+09:00,2026-07-16T05:43:15.353253+09:00,ETH,0.12,564433043,11288.7,2.764e+06,2.829e+06,2.861e+06,+2.35,1696,타임아웃24h
2026-07-15T02:16:03.368149+09:00,2026-07-16T05:43:15.378574+09:00,LINK,0.21,4908578,31.2,12140,12540,12700,+3.29,1647,타임아웃24h
2026-07-15T02:16:24.103166+09:00,2026-07-16T05:43:15.397537+09:00,RPL,0.05,7819037,193.5,2556,2682,2682,+4.93,1647,타임아웃24h
2026-07-15T02:34:24.946394+09:00,2026-07-16T05:43:15.415961+09:00,XRP,0.20,3827077,638.0,1620,1635,1662,+0.93,1629,타임아웃24h
2026-07-15T02:45:09.613756+09:00,2026-07-16T05:43:15.433756+09:00,BCH,0.09,5158210,35.7,349100,336200,350400,-3.70,1618,손절-3.0%
2026-07-15T03:27:46.115894+09:00,2026-07-16T05:43:15.450389+09:00,DOGE,0.00,3396014,388.2,109,109,111,+0.00,1575,타임아웃24h
2026-07-15T03:28:06.903857+09:00,2026-07-16T05:43:15.469126+09:00,ARX,0.12,4133442,57.5,240,236,251,-1.67,1575,타임아웃24h
2026-07-15T03:45:04.708263+09:00,2026-07-16T05:43:15.487424+09:00,XLM,0.17,24368064,406.1,272,276,283,+1.47,1558,타임아웃24h
2026-07-15T04:31:43.992722+09:00,2026-07-16T05:43:15.505593+09:00,HBAR,0.14,3618644,44.9,97.95,99.14,101,+1.21,1512,타임아웃24h
2026-07-15T04:32:05.009567+09:00,2026-07-16T05:43:15.523392+09:00,NEAR,0.23,17653612,77.7,2970,3012,3097,+1.41,1511,타임아웃24h
2026-07-15T16:02:33.572286+09:00,2026-07-16T05:43:15.936424+09:00,LIT,0.30,9708250,88.8,3750,3575,3814,-4.67,821,손절-3.0%
2026-07-15T18:13:42.256985+09:00,2026-07-16T05:43:16.068016+09:00,DEXE,0.28,3647270,36.7,53850,51500,56050,-4.36,690,손절-3.0%
2026-07-15T18:33:01.521280+09:00,2026-07-16T05:43:16.082630+09:00,GWEI,0.25,5682106,12.2,65,61.36,66.59,-5.60,670,손절-3.0%
2026-07-15T19:09:08.507975+09:00,2026-07-16T05:43:16.153397+09:00,H,0.00,7949215,105.0,48.72,46,50.3,-5.58,634,손절-3.0%
2026-07-15T20:25:38.608581+09:00,2026-07-16T05:43:16.193544+09:00,SXT,0.16,8012364,15.7,12.96,12.5,13.37,-3.55,558,손절-3.0%
2026-07-15T21:12:39.502330+09:00,2026-07-16T05:43:16.314747+09:00,SLX,0.25,5080743,12.0,186,178,188,-4.30,511,손절-3.0%
2026-07-15T20:49:05.884454+09:00,2026-07-16T05:53:44.437789+09:00,COS,0.26,5543259,99.3,0.4169,0.4041,0.4372,-3.07,545,손절-3.0%
2026-07-15T05:57:11.751198+09:00,2026-07-16T05:57:18.552185+09:00,MON,0.19,5625811,123.1,32.97,32.71,33.99,-0.79,1440,타임아웃24h
2026-07-15T16:01:51.442884+09:00,2026-07-16T06:17:05.277059+09:00,ZBT,0.14,3015540,243.0,136,131,140,-3.68,855,손절-3.0%
2026-07-15T06:19:25.217808+09:00,2026-07-16T06:19:35.621469+09:00,EDEN,0.00,3437149,21.9,63.18,62.67,63.46,-0.81,1440,타임아웃24h
2026-07-15T23:29:06.881421+09:00,2026-07-16T06:19:36.409638+09:00,BONK,0.25,8126984,38.7,0.0056,0.0054,0.0057,-3.57,410,손절-3.0%
2026-07-15T06:20:28.137997+09:00,2026-07-16T06:20:40.119074+09:00,VIRTUAL,0.17,21647845,151.2,867,913,922,+5.31,1440,타임아웃24h
2026-07-16T05:43:15.331725+09:00,2026-07-16T06:21:02.518234+09:00,NEX,0.00,6000000,106.0,0.0026,0.0025,0.0027,-3.85,38,손절-3.0%
2026-07-15T06:21:09.862103+09:00,2026-07-16T06:21:23.158919+09:00,BLEND,0.00,3573805,82.6,89.76,90.18,91.7,+0.47,1440,타임아웃24h
2026-07-15T06:24:18.153245+09:00,2026-07-16T06:24:36.966647+09:00,SOL,0.21,12725414,127.6,113800,113800,116200,+0.00,1440,타임아웃24h
2026-07-16T05:43:15.291860+09:00,2026-07-16T06:36:23.480099+09:00,MPLX,0.14,5995466,64.5,42,40.42,42,-3.76,53,손절-3.0%
2026-07-15T22:41:03.587693+09:00,2026-07-16T06:39:26.437657+09:00,UP,0.22,5554539,217.8,89.09,88.67,94.24,-0.47,478,트레일(고점+5.8%)
2026-07-15T06:41:20.035055+09:00,2026-07-16T06:41:35.772828+09:00,SUI,0.06,8922025,45.8,1122,1105,1130,-1.52,1440,타임아웃24h
2026-07-15T20:59:58.194385+09:00,2026-07-16T06:50:32.092909+09:00,SKL,0.08,6000732,15.0,6.013,6.974,7.29,+15.98,591,트레일(고점+21.2%)
2026-07-15T21:11:12.861693+09:00,2026-07-16T06:53:23.141452+09:00,BILL,0.14,7358009,147.2,48.67,48.75,51.38,+0.16,582,트레일(고점+5.6%)
2026-07-15T13:26:48.076224+09:00,2026-07-16T07:24:05.231835+09:00,CAP,0.07,3603801,36.0,23.02,26.25,27.44,+14.03,1077,트레일(고점+19.2%)
2026-07-16T07:43:36.614974+09:00,2026-07-16T07:47:13.477899+09:00,NEX,0.00,6000000,106.0,0.0026,0.0025,0.0026,-3.85,4,손절-3.0%
2026-07-15T07:51:12.209155+09:00,2026-07-16T07:51:29.260347+09:00,BLUR,0.12,4625730,47.3,23.85,24.02,24.35,+0.71,1440,타임아웃24h
2026-07-15T23:45:34.164863+09:00,2026-07-16T08:20:45.241246+09:00,XEC,0.29,3134219,62.7,0.0101,0.0097,0.0101,-3.96,515,손절-3.0%
2026-07-16T06:39:47.598675+09:00,2026-07-16T08:46:25.377636+09:00,UP,0.22,5554539,217.8,88.67,89.08,93.68,+0.46,127,트레일(고점+5.7%)
2026-07-16T05:43:37.059775+09:00,2026-07-16T08:59:50.453319+09:00,H,0.00,7949215,105.0,46,48,50.35,+4.35,196,트레일(고점+9.5%)
2026-07-15T09:03:27.708776+09:00,2026-07-16T09:03:45.898395+09:00,THE,0.00,4277659,12.2,79.2,84.11,85.89,+6.20,1440,타임아웃24h
2026-07-16T06:53:22.568648+09:00,2026-07-16T09:04:29.892244+09:00,COS,0.00,3379663,67.5,0.402,0.4205,0.4447,+4.60,131,트레일(고점+10.6%)
2026-07-16T07:21:13.638262+09:00,2026-07-16T09:04:51.396399+09:00,SKL,0.10,3863062,98.5,6.871,6.662,6.946,-3.04,104,손절-3.0%
2026-07-16T05:43:36.953580+09:00,2026-07-16T09:24:07.231834+09:00,BCH,0.09,5158210,35.7,336200,325900,336300,-3.06,221,손절-3.0%
2026-07-16T05:43:36.928837+09:00,2026-07-16T09:37:08.067852+09:00,SLX,0.25,5080743,12.0,178,172,180,-3.37,234,손절-3.0%
2026-07-15T23:21:02.994163+09:00,2026-07-16T09:48:19.497121+09:00,ENA,0.00,9725052,41.8,125,121,125,-3.20,627,손절-3.0%
2026-07-16T09:43:39.372092+09:00,2026-07-16T09:58:42.589497+09:00,NEX,0.00,6000000,106.0,0.0026,0.0025,0.0026,-3.85,15,손절-3.0%
2026-07-16T09:01:37.166697+09:00,2026-07-16T10:10:53.439943+09:00,XEC,0.25,7542589,24.6,0.0097,0.0094,0.0098,-3.09,69,손절-3.0%
2026-07-15T10:23:02.991217+09:00,2026-07-16T10:13:43.981764+09:00,XAN,0.20,5368987,103.3,16.4,16.77,17.65,+2.26,1431,트레일(고점+7.6%)
2026-07-16T06:52:18.290259+09:00,2026-07-16T10:28:46.741019+09:00,PYR,0.25,4694405,11.3,192,186,192,-3.12,216,손절-3.0%
2026-07-15T16:14:49.124851+09:00,2026-07-16T10:35:10.749342+09:00,BLAST,0.07,5941086,168.8,0.4486,0.4331,0.4573,-3.46,1100,손절-3.0%
2026-07-16T10:48:41.091982+09:00,2026-07-16T10:56:55.699655+09:00,SPURS,0.25,3444637,41.7,285,275,290,-3.51,8,손절-3.0%
2026-07-16T06:53:44.023398+09:00,2026-07-16T10:57:16.870166+09:00,BILL,0.14,7358009,147.2,48.99,47.2,49.83,-3.65,244,손절-3.0%
2026-07-16T09:46:53.564482+09:00,2026-07-16T10:59:25.727639+09:00,HOME,0.28,3005328,25.4,24.58,23.81,24.74,-3.13,73,손절-3.0%
2026-07-15T11:04:32.035916+09:00,2026-07-16T11:04:45.899446+09:00,YFI,0.11,4320173,118.7,3.087e+06,3.083e+06,3.129e+06,-0.13,1440,타임아웃24h
2026-07-15T16:51:40.102351+09:00,2026-07-16T11:10:07.651767+09:00,MEGA,0.13,10416656,26.7,69.7,72.64,76.82,+4.22,1098,트레일(고점+10.2%)
2026-07-15T11:13:37.122193+09:00,2026-07-16T11:13:42.042475+09:00,PENGU,0.10,6569896,23.1,8.86,9.09,9.248,+2.60,1440,타임아웃24h
2026-07-15T11:20:54.804409+09:00,2026-07-16T11:21:12.624709+09:00,ARPA,0.05,4237843,54.8,12.65,12.63,12.82,-0.16,1440,타임아웃24h
2026-07-16T07:43:33.749483+09:00,2026-07-16T11:24:26.806063+09:00,MPLX,0.14,5995466,64.5,40.14,43.43,45.49,+8.20,221,트레일(고점+13.3%)
2026-07-15T17:12:06.541050+09:00,2026-07-16T11:38:44.979723+09:00,BASED,0.17,7457392,21.3,126,127,134,+0.79,1107,트레일(고점+6.3%)
2026-07-16T11:24:47.516809+09:00,2026-07-16T11:40:54.767322+09:00,MPLX,0.14,5995466,64.5,43.1,41.73,43.57,-3.18,16,손절-3.0%
2026-07-16T07:18:22.600318+09:00,2026-07-16T11:43:05.552922+09:00,FLOCK,0.23,3268991,20.0,51.38,49.81,51.82,-3.06,265,손절-3.0%
2026-07-15T11:55:39.368294+09:00,2026-07-16T11:55:58.072852+09:00,ADA,0.20,17150095,218.9,239,243,249,+1.67,1440,타임아웃24h
2026-07-16T10:57:37.500986+09:00,2026-07-16T12:06:00.501731+09:00,BILL,0.14,7358009,147.2,47.22,45.67,47.47,-3.28,68,손절-3.0%
2026-07-16T05:43:37.139297+09:00,2026-07-16T12:11:46.000708+09:00,GWEI,0.25,5682106,12.2,61.36,61.51,64.6,+0.24,388,트레일(고점+5.3%)
2026-07-15T12:19:59.877308+09:00,2026-07-16T12:20:21.176258+09:00,ONDO,0.11,19186648,76.4,471,534,546,+13.38,1440,타임아웃24h
2026-07-15T12:38:30.459636+09:00,2026-07-16T12:38:35.498840+09:00,SHIB,0.00,8131147,37.7,0.0061,0.0062,0.0064,+1.64,1440,타임아웃24h
2026-07-16T10:29:29.283778+09:00,2026-07-16T12:39:40.768442+09:00,DEXE,0.04,5440150,15.5,53000,51400,53750,-3.02,130,손절-3.0%
2026-07-16T12:09:58.130175+09:00,2026-07-16T12:47:12.198380+09:00,HOME,0.23,3584445,18.6,23.7,22.85,23.83,-3.59,37,손절-3.0%
2026-07-15T13:10:01.369482+09:00,2026-07-16T13:10:03.751418+09:00,EDGEX,0.21,4111272,8.5,566,631,638,+11.48,1440,타임아웃24h
2026-07-16T12:57:54.585474+09:00,2026-07-16T13:15:06.604899+09:00,BILL,0.14,7358009,147.2,45.43,43.72,45.5,-3.76,17,손절-3.0%
2026-07-15T13:18:46.740604+09:00,2026-07-16T13:19:00.959540+09:00,ID,0.03,7582614,32.0,48.68,50.3,50.92,+3.33,1440,타임아웃24h
2026-07-16T07:24:26.625786+09:00,2026-07-16T13:25:50.940359+09:00,CAP,0.07,3603801,36.0,26.42,26.94,28.49,+1.97,361,트레일(고점+7.8%)
2026-07-16T13:03:16.456478+09:00,2026-07-16T13:33:51.972320+09:00,DEXE,0.11,3677184,55.1,51350,49800,53200,-3.02,31,손절-3.0%
2026-07-16T11:08:20.068868+09:00,2026-07-16T13:59:16.681256+09:00,XEC,0.25,3983402,39.1,0.0095,0.0096,0.0101,+1.05,171,트레일(고점+6.3%)
2026-07-15T14:04:34.310664+09:00,2026-07-16T14:04:39.792146+09:00,BEL,0.20,3547106,35.5,162,161,165,-0.62,1440,타임아웃24h
2026-07-16T09:00:11.398442+09:00,2026-07-16T14:09:23.633059+09:00,H,0.00,7949215,105.0,47.53,49.07,51.47,+3.24,309,트레일(고점+8.3%)
2026-07-15T14:24:08.848785+09:00,2026-07-16T14:24:29.092679+09:00,SC,0.11,3958077,16.9,0.89,0.8904,0.9242,+0.04,1440,타임아웃24h
2026-07-16T14:06:51.722143+09:00,2026-07-16T14:42:56.120164+09:00,TAIKO,0.09,3316942,15.3,171,174,183,+1.75,36,트레일(고점+7.0%)
2026-07-15T14:49:41.530064+09:00,2026-07-16T14:49:41.580284+09:00,HFT,0.04,3858441,92.5,12.88,13.02,13.32,+1.09,1440,타임아웃24h
2026-07-16T12:06:42.514528+09:00,2026-07-16T14:54:20.920809+09:00,VANA,0.27,3615708,9.0,1926,1865,1936,-3.17,168,손절-3.0%
2026-07-16T12:12:06.958636+09:00,2026-07-16T15:23:58.707650+09:00,GWEI,0.25,5682106,12.2,61.54,59.05,61.66,-4.05,192,손절-3.0%
2026-07-15T18:57:54.456408+09:00,2026-07-16T15:42:04.551840+09:00,WLD,0.23,7460504,17.5,603,584,621,-3.15,1244,손절-3.0%
2026-07-16T11:10:28.876126+09:00,2026-07-16T15:44:37.827083+09:00,MEGA,0.13,10416656,26.7,72.31,70.05,72.69,-3.13,274,손절-3.0%
2026-07-16T14:58:15.273014+09:00,2026-07-16T15:48:15.748728+09:00,BILL,0.14,7358009,147.2,44.09,42.55,44.66,-3.49,50,손절-3.0%
2026-07-16T13:25:07.065953+09:00,2026-07-16T15:52:36.896125+09:00,MPLX,0.14,5995466,64.5,40.6,43.59,45.64,+7.36,147,트레일(고점+12.4%)
2026-07-15T16:07:27.872866+09:00,2026-07-16T16:07:28.889265+09:00,JTO,0.27,6250940,20.4,897,881,925,-1.78,1440,타임아웃24h
2026-07-16T15:52:57.476190+09:00,2026-07-16T16:07:30.313781+09:00,MPLX,0.14,5995466,64.5,43.59,42.06,43.6,-3.51,15,손절-3.0%
2026-07-15T16:19:22.010051+09:00,2026-07-16T16:19:27.912805+09:00,PYTH,0.09,3560410,35.3,69.61,73.89,74.33,+6.15,1440,타임아웃24h
2026-07-16T06:19:57.137979+09:00,2026-07-16T16:23:49.484720+09:00,BONK,0.25,8126984,38.7,0.0054,0.0052,0.0055,-3.70,604,손절-3.0%
2026-07-16T10:29:07.605109+09:00,2026-07-16T16:26:44.796942+09:00,PYR,0.25,4694405,11.3,186,207,218,+11.29,358,트레일(고점+17.2%)
2026-07-15T16:28:48.471742+09:00,2026-07-16T16:29:01.312638+09:00,HEMI,0.00,4552672,285.1,6.503,6.604,6.778,+1.55,1440,타임아웃24h
2026-07-16T05:43:37.167411+09:00,2026-07-16T16:29:01.627485+09:00,LIT,0.30,9708250,88.8,3575,3450,3611,-3.50,645,손절-3.0%
2026-07-16T14:09:44.526716+09:00,2026-07-16T16:30:08.107962+09:00,H,0.00,7949215,105.0,49.07,47.5,50.24,-3.20,140,손절-3.0%
2026-07-16T16:30:29.168249+09:00,2026-07-16T16:34:10.246074+09:00,H,0.00,7949215,105.0,48.06,46.6,48.06,-3.04,4,손절-3.0%
2026-07-16T13:07:55.151674+09:00,2026-07-16T16:37:29.205632+09:00,B3,0.15,4057541,47.3,0.9544,0.925,0.9862,-3.08,210,손절-3.0%
2026-07-16T15:35:54.326998+09:00,2026-07-16T16:42:33.045503+09:00,HOME,0.14,3210938,15.7,21.97,21.3,22.07,-3.05,67,손절-3.0%
2026-07-16T16:27:06.270671+09:00,2026-07-16T16:44:00.550868+09:00,PYR,0.25,4694405,11.3,210,203,219,-3.33,17,손절-3.0%
2026-07-16T09:37:28.928921+09:00,2026-07-16T17:04:23.673185+09:00,SLX,0.25,5080743,12.0,172,166,177,-3.49,447,손절-3.0%
2026-07-16T16:28:17.153193+09:00,2026-07-16T17:05:07.248217+09:00,GRACY,0.16,3128502,62.2,7.508,7.201,7.543,-4.09,37,손절-3.0%
2026-07-16T06:13:29.612473+09:00,2026-07-16T17:10:51.486970+09:00,SOMI,0.17,3537505,12.6,152,147,152,-3.29,657,손절-3.0%
2026-07-16T11:14:03.538942+09:00,2026-07-16T17:10:51.764828+09:00,PENGU,0.10,6569896,23.1,9.1,8.822,9.17,-3.05,357,손절-3.0%
2026-07-16T08:33:12.866628+09:00,2026-07-16T17:11:35.924768+09:00,KAITO,0.13,3259388,9.5,1114,1078,1122,-3.23,518,손절-3.0%
2026-07-16T13:10:25.180834+09:00,2026-07-16T17:14:28.344663+09:00,EDGEX,0.21,4111272,8.5,631,606,633,-3.96,244,손절-3.0%
2026-07-16T09:21:36.557171+09:00,2026-07-16T17:16:15.632459+09:00,CHIP,0.13,3928062,44.4,45.67,44.24,46.05,-3.13,475,손절-3.0%
2026-07-16T17:20:34.770838+09:00,2026-07-16T17:37:54.508296+09:00,SPURS,0.16,7608522,109.0,314,331,349,+5.41,17,트레일(고점+11.1%)
2026-07-16T14:06:51.694362+09:00,2026-07-16T17:44:01.076003+09:00,D,0.15,6491988,217.8,3.974,3.85,4.008,-3.12,217,손절-3.0%
2026-07-16T17:00:48.408315+09:00,2026-07-16T17:54:18.431928+09:00,TAIKO,0.21,4675383,24.5,170,169,179,-0.59,54,트레일(고점+5.3%)
2026-07-16T16:24:54.330217+09:00,2026-07-16T18:01:00.170670+09:00,DRV,0.20,4481038,8.7,201,194,203,-3.48,96,손절-3.0%
2026-07-16T18:00:38.093940+09:00,2026-07-16T18:04:10.983950+09:00,GRACY,0.16,3034633,42.7,6.449,6.211,6.449,-3.69,4,손절-3.0%
2026-07-16T06:13:08.049130+09:00,2026-07-16T18:05:55.873127+09:00,EPT,0.22,3886089,61.8,0.6563,0.6851,0.7269,+4.39,713,트레일(고점+10.8%)
2026-07-16T15:44:58.722690+09:00,2026-07-16T18:09:48.078226+09:00,MEGA,0.13,10416656,26.7,70.03,67.86,70.5,-3.10,145,손절-3.0%
2026-07-16T15:20:01.814450+09:00,2026-07-16T18:11:12.479183+09:00,SKL,0.09,4531140,21.7,6.617,6.415,6.761,-3.05,171,손절-3.0%
2026-07-16T09:25:56.897640+09:00,2026-07-16T18:19:38.620200+09:00,COS,0.07,3567726,31.9,0.4081,0.3951,0.4227,-3.19,534,손절-3.0%
2026-07-16T17:48:18.013059+09:00,2026-07-16T18:27:24.808178+09:00,PYR,0.25,4694405,11.3,194,187,194,-3.61,39,손절-3.0%
2026-07-16T17:44:00.254179+09:00,2026-07-16T18:30:13.307223+09:00,HOME,0.01,3477544,24.9,20.2,19.56,20.59,-3.17,46,손절-3.0%
2026-07-16T18:19:17.100459+09:00,2026-07-16T18:42:11.098694+09:00,SPURS,0.15,3086303,17.7,288,276,293,-4.17,23,손절-3.0%
2026-07-15T18:42:28.718633+09:00,2026-07-16T18:42:31.201107+09:00,KAIA,0.28,3355490,33.6,50.16,49.47,51.02,-1.38,1440,타임아웃24h
2026-07-16T13:26:12.236612+09:00,2026-07-16T18:48:54.144264+09:00,CAP,0.07,3603801,36.0,26.51,26.67,28.01,+0.60,323,트레일(고점+5.7%)
2026-07-15T19:03:53.247239+09:00,2026-07-16T19:04:06.157874+09:00,ALICE,0.12,3120893,18.1,170,173,178,+1.76,1440,타임아웃24h
2026-07-16T15:24:19.276806+09:00,2026-07-16T19:23:16.258694+09:00,GWEI,0.25,5682106,12.2,58.85,57.06,59.4,-3.04,239,손절-3.0%
2026-07-15T19:46:01.054267+09:00,2026-07-16T19:46:12.228334+09:00,MINA,0.23,3533901,68.2,65.66,65.32,66.11,-0.52,1440,타임아웃24h
2026-07-16T19:06:34.724008+09:00,2026-07-16T19:49:01.924700+09:00,KAITO,0.05,6839056,87.8,1058,1026,1065,-3.02,42,손절-3.0%
2026-07-16T18:49:14.719487+09:00,2026-07-16T19:55:03.524682+09:00,CAP,0.07,3603801,36.0,26.72,25.88,26.85,-3.14,66,손절-3.0%
2026-07-16T18:15:04.096564+09:00,2026-07-16T20:06:39.429326+09:00,EPT,0.07,3122161,25.8,0.6684,0.69,0.725,+3.23,112,트레일(고점+8.5%)
2026-07-16T18:58:26.075662+09:00,2026-07-16T20:13:41.065502+09:00,XEC,0.25,3069616,36.9,0.0095,0.0092,0.0095,-3.16,75,손절-3.0%
2026-07-15T20:49:05.866714+09:00,2026-07-16T20:49:13.210430+09:00,ALLO,0.25,6108865,24.0,519,576,589,+10.98,1440,타임아웃24h
2026-07-15T20:49:26.922605+09:00,2026-07-16T20:49:34.514226+09:00,OPG,0.15,6522208,31.1,159,164,166,+3.14,1440,타임아웃24h
2026-07-16T17:05:49.129619+09:00,2026-07-16T20:55:35.080687+09:00,B3,0.00,3933361,89.2,0.9062,0.876,0.919,-3.33,230,손절-3.0%
2026-07-16T19:03:44.802577+09:00,2026-07-16T21:30:37.429321+09:00,HOME,0.05,5041613,40.9,19.43,18.75,19.52,-3.50,147,손절-3.0%
2026-07-16T16:58:18.028031+09:00,2026-07-16T21:49:33.796076+09:00,BILL,0.14,7358009,147.2,42.78,41.2,44.75,-3.69,291,손절-3.0%
2026-07-16T12:38:57.002251+09:00,2026-07-16T21:59:46.868967+09:00,SHIB,0.00,4987531,16.6,0.0062,0.006,0.0063,-3.23,561,손절-3.0%
2026-07-16T11:39:06.219349+09:00,2026-07-16T22:09:59.291594+09:00,BASED,0.17,7457392,21.3,127,137,145,+7.87,631,트레일(고점+14.2%)
2026-07-16T21:39:43.136612+09:00,2026-07-16T22:30:57.097215+09:00,SPURS,0.24,3342761,26.1,266,258,270,-3.01,51,손절-3.0%
2026-07-15T22:34:44.557197+09:00,2026-07-16T22:34:50.479840+09:00,BTC,0.01,3995723,21.3,9.6292e+07,9.441e+07,9.6348e+07,-1.95,1440,타임아웃24h
2026-07-16T17:48:17.996440+09:00,2026-07-16T23:02:38.367011+09:00,H,0.00,7949215,105.0,46.12,46.44,48.99,+0.69,314,트레일(고점+6.2%)
2026-07-16T19:23:36.804832+09:00,2026-07-16T23:12:58.562613+09:00,GWEI,0.25,5682106,12.2,57.36,55.6,57.59,-3.07,229,손절-3.0%
2026-07-16T22:46:56.035936+09:00,2026-07-16T23:32:29.931707+09:00,HOME,0.18,3174344,8.1,18.55,17.88,18.81,-3.61,46,손절-3.0%
2026-07-15T23:35:25.338590+09:00,2026-07-16T23:35:40.421526+09:00,TRX,0.00,3548550,50.1,483,476,483,-1.45,1440,타임아웃24h
2026-07-16T18:16:07.459249+09:00,2026-07-16T23:44:33.140403+09:00,SKL,0.00,5991137,39.2,6.39,6.19,6.396,-3.13,328,손절-3.0%
2026-07-16T21:41:28.346491+09:00,2026-07-16T23:57:20.271467+09:00,DEXE,0.00,12672974,381.8,49440,47850,50300,-3.22,136,손절-3.0%
2026-07-16T21:18:35.362672+09:00,2026-07-17T00:05:30.816065+09:00,TAIKO,0.14,3331449,25.6,164,164,173,+0.00,167,트레일(고점+5.5%)
2026-07-16T17:36:48.288185+09:00,2026-07-17T00:11:31.464240+09:00,AGLD,0.00,7840024,57.1,239,244,256,+2.09,395,트레일(고점+7.1%)
2026-07-16T23:13:18.983389+09:00,2026-07-17T00:14:00.142847+09:00,GWEI,0.25,5682106,12.2,56.02,54.13,56.89,-3.37,61,손절-3.0%
2026-07-16T20:36:09.729397+09:00,2026-07-17T00:15:46.199200+09:00,EPT,0.20,5503869,81.3,0.6825,0.729,0.7689,+6.81,220,트레일(고점+12.7%)
2026-07-17T00:22:29.159909+09:00,2026-07-17T00:22:51.629743+09:00,EPT,0.05,3535377,25.2,0.684,0.6619,0.684,-3.23,0,손절-3.0%
2026-07-16T20:59:06.117358+09:00,2026-07-17T00:26:44.301727+09:00,B3,0.06,3378389,46.1,0.8721,0.9295,0.9749,+6.58,208,트레일(고점+11.8%)
2026-07-16T20:49:34.462089+09:00,2026-07-17T00:27:47.874088+09:00,CAP,0.07,3603801,36.0,25.22,25.63,26.99,+1.63,218,트레일(고점+7.0%)
2026-07-16T17:48:17.977330+09:00,2026-07-17T00:28:30.218137+09:00,MPLX,0.14,5995466,64.5,40.79,42.55,45.21,+4.31,400,트레일(고점+10.8%)
2026-07-16T20:49:34.488315+09:00,2026-07-17T00:28:51.497812+09:00,ALLO,0.25,6108865,24.0,576,558,593,-3.12,219,손절-3.0%
2026-07-17T00:28:50.685383+09:00,2026-07-17T00:32:24.083336+09:00,MPLX,0.14,5995466,64.5,42.35,41.02,42.54,-3.14,4,손절-3.0%
2026-07-16T21:45:20.314510+09:00,2026-07-17T00:34:31.089410+09:00,D,0.12,6688786,49.2,3.869,3.75,3.93,-3.08,169,손절-3.0%
2026-07-16T23:02:58.850746+09:00,2026-07-17T00:38:45.357636+09:00,H,0.00,7949215,105.0,46.46,44.91,47.86,-3.34,96,손절-3.0%
2026-07-17T00:04:26.029630+09:00,2026-07-17T01:15:20.280241+09:00,DEXE,0.16,5432514,16.4,48260,46400,49830,-3.85,71,손절-3.0%
2026-07-16T16:07:50.643446+09:00,2026-07-17T01:21:02.516126+09:00,JTO,0.27,6250940,20.4,881,854,884,-3.06,553,손절-3.0%
2026-07-17T00:58:54.626913+09:00,2026-07-17T01:23:32.911129+09:00,HOME,0.23,4285798,353.9,17.49,16.9,17.53,-3.37,25,손절-3.0%
2026-07-16T23:35:40.403432+09:00,2026-07-17T01:39:36.345147+09:00,AI,0.05,3225154,294.2,38.21,36.93,38.78,-3.35,124,손절-3.0%
2026-07-16T05:43:36.864680+09:00,2026-07-17T02:18:37.097430+09:00,ETH,0.12,564433043,11288.7,2.829e+06,2.744e+06,2.833e+06,-3.00,1235,손절-3.0%
2026-07-16T07:51:50.678654+09:00,2026-07-17T02:18:37.295361+09:00,BLUR,0.12,4625730,47.3,24.02,23.25,24.98,-3.21,1107,손절-3.0%
2026-07-16T05:57:40.038941+09:00,2026-07-17T02:21:48.343879+09:00,MON,0.19,5625811,123.1,32.71,31.64,32.91,-3.27,1224,손절-3.0%
2026-07-17T01:13:31.967101+09:00,2026-07-17T02:45:59.387891+09:00,GWEI,0.25,5682106,12.2,52.76,51.14,53.25,-3.07,92,손절-3.0%
2026-07-16T05:43:36.905834+09:00,2026-07-17T02:58:46.910923+09:00,RPL,0.05,7819037,193.5,2682,2598,2803,-3.13,1275,손절-3.0%
2026-07-17T03:13:44.423343+09:00,2026-07-17T03:18:02.929456+09:00,GWEI,0.25,5682106,12.2,53.7,52.07,53.7,-3.04,4,손절-3.0%
2026-07-17T00:13:59.177120+09:00,2026-07-17T03:24:49.113564+09:00,COS,0.27,3774912,679.3,0.3952,0.3829,0.4,-3.11,191,손절-3.0%
2026-07-16T16:24:10.760444+09:00,2026-07-17T03:43:42.990111+09:00,BONK,0.25,8126984,38.7,0.0052,0.005,0.0054,-3.85,680,손절-3.0%
2026-07-17T00:18:35.083482+09:00,2026-07-17T03:51:13.071735+09:00,GRACY,0.08,3687874,22.9,5.456,5.501,5.78,+0.82,213,트레일(고점+5.9%)
2026-07-16T12:20:42.778146+09:00,2026-07-17T04:00:06.694541+09:00,ONDO,0.11,19186648,76.4,534,549,578,+2.81,939,트레일(고점+8.2%)
2026-07-16T22:10:20.109952+09:00,2026-07-17T04:07:36.524081+09:00,BASED,0.17,7457392,21.3,137,132,142,-3.65,357,손절-3.0%
2026-07-17T01:24:57.249001+09:00,2026-07-17T04:15:49.260206+09:00,MANTRA,0.04,3946224,35.8,10.62,10.28,10.8,-3.20,171,손절-3.0%
2026-07-16T09:51:09.950415+09:00,2026-07-17T04:17:35.707999+09:00,RE,0.04,3700016,15.4,704,744,781,+5.68,1106,트레일(고점+10.9%)
2026-07-16T16:29:01.282800+09:00,2026-07-17T05:14:19.693443+09:00,0G,0.12,4962329,496.2,273,264,274,-3.30,765,손절-3.0%
2026-07-17T03:03:25.004706+09:00,2026-07-17T05:18:59.506673+09:00,BOB,0.04,4338946,34.3,6.559,7.092,7.43,+8.13,136,트레일(고점+13.3%)
2026-07-16T05:43:15.312266+09:00,2026-07-17T05:43:18.459429+09:00,GNO,0.27,4032033,60.5,168300,170700,176700,+1.43,1440,타임아웃24h
2026-07-16T05:43:36.884510+09:00,2026-07-17T05:43:39.930021+09:00,XLM,0.17,24368064,406.1,276,280,283,+1.45,1440,타임아웃24h
2026-07-16T05:43:36.980931+09:00,2026-07-17T05:43:39.947557+09:00,XRP,0.12,17428884,670.4,1636,1613,1644,-1.41,1440,타임아웃24h
2026-07-16T05:43:37.009156+09:00,2026-07-17T05:43:39.965297+09:00,ARX,0.12,4133442,57.5,236,234,240,-0.85,1440,타임아웃24h
2026-07-16T05:43:37.035022+09:00,2026-07-17T05:43:39.985111+09:00,NEAR,0.23,17653612,77.7,3012,2985,3066,-0.90,1440,타임아웃24h
2026-07-16T05:43:37.085988+09:00,2026-07-17T05:43:40.002300+09:00,DOGE,0.00,3000000,15.0,108,107,109,-0.93,1440,타임아웃24h
2026-07-16T05:43:37.112346+09:00,2026-07-17T05:43:40.021434+09:00,HBAR,0.00,16038233,21.4,99.14,98.79,101,-0.35,1440,타임아웃24h
2026-07-16T10:14:05.357088+09:00,2026-07-17T06:06:22.896631+09:00,XAN,0.20,5368987,103.3,16.8,17.86,18.76,+6.31,1192,트레일(고점+11.7%)
2026-07-17T01:03:54.623399+09:00,2026-07-17T06:11:42.110454+09:00,GRASS,0.03,10938253,24.6,559,542,559,-3.04,308,손절-3.0%
2026-07-16T06:21:01.675789+09:00,2026-07-17T06:21:14.987256+09:00,VIRTUAL,0.17,21647845,151.2,913,951,976,+4.16,1440,타임아웃24h
2026-07-16T06:24:58.382148+09:00,2026-07-17T06:25:08.844493+09:00,SOL,0.21,12725414,127.6,113800,111600,114200,-1.93,1440,타임아웃24h
2026-07-16T06:41:57.188239+09:00,2026-07-17T06:42:08.769975+09:00,SUI,0.06,8922025,45.8,1105,1101,1123,-0.36,1440,타임아웃24h
2026-07-16T16:29:23.241713+09:00,2026-07-17T07:15:32.067395+09:00,LIT,0.30,9708250,88.8,3450,3485,3662,+1.01,886,트레일(고점+6.1%)
2026-07-17T04:45:01.950157+09:00,2026-07-17T07:20:10.164989+09:00,HOME,0.23,3756262,45.6,16.25,15.74,16.9,-3.14,155,손절-3.0%
2026-07-17T04:00:27.734589+09:00,2026-07-17T07:24:46.539728+09:00,ONDO,0.11,19186648,76.4,552,535,555,-3.08,204,손절-3.0%
2026-07-16T21:49:54.241441+09:00,2026-07-17T07:27:36.110500+09:00,BILL,0.14,7358009,147.2,41.52,40,43.44,-3.66,578,손절-3.0%
2026-07-17T01:21:23.302893+09:00,2026-07-17T07:28:18.778384+09:00,JTO,0.27,6250940,20.4,854,826,870,-3.28,367,손절-3.0%
2026-07-17T04:17:56.812904+09:00,2026-07-17T07:28:40.293893+09:00,RE,0.04,3700016,15.4,744,720,747,-3.23,191,손절-3.0%
2026-07-16T16:08:34.118370+09:00,2026-07-17T07:41:11.508004+09:00,INJ,0.29,6157964,33.3,7510,7275,7510,-3.13,933,손절-3.0%
2026-07-17T00:11:51.947363+09:00,2026-07-17T07:50:30.243642+09:00,AGLD,0.00,7840024,57.1,244,236,255,-3.28,459,손절-3.0%
2026-07-17T07:15:53.075328+09:00,2026-07-17T07:54:06.482537+09:00,LIT,0.30,9708250,88.8,3485,3368,3485,-3.36,38,손절-3.0%
2026-07-16T17:11:12.569371+09:00,2026-07-17T08:20:37.206833+09:00,PENGU,0.10,6569896,23.1,8.839,8.9,9.36,+0.69,909,트레일(고점+5.9%)
2026-07-17T05:44:01.464517+09:00,2026-07-17T08:20:37.981266+09:00,NEAR,0.23,17653612,77.7,2985,2894,3006,-3.05,157,손절-3.0%
2026-07-17T06:21:36.174747+09:00,2026-07-17T08:22:46.705770+09:00,VIRTUAL,0.17,21647845,151.2,951,921,952,-3.15,121,손절-3.0%
2026-07-16T11:56:19.503911+09:00,2026-07-17T08:23:07.229963+09:00,ADA,0.25,8250000,27.4,243,235,244,-3.29,1227,손절-3.0%
2026-07-16T19:04:27.371663+09:00,2026-07-17T08:24:33.512219+09:00,ALICE,0.12,3120893,18.1,173,167,174,-3.47,800,손절-3.0%
2026-07-17T03:37:38.726200+09:00,2026-07-17T08:34:57.211802+09:00,ZTX,0.00,3011084,24.7,0.2436,0.235,0.2501,-3.53,297,손절-3.0%
2026-07-16T19:46:33.260718+09:00,2026-07-17T08:39:35.233789+09:00,MINA,0.23,3533901,68.2,65.32,66.21,70.02,+1.36,773,트레일(고점+7.2%)
2026-07-17T08:17:44.690986+09:00,2026-07-17T08:42:06.134553+09:00,HOME,0.21,3833233,46.8,15.81,15.31,15.82,-3.16,24,손절-3.0%
2026-07-16T08:46:45.828678+09:00,2026-07-17T08:47:03.434982+09:00,UP,0.22,5554539,217.8,89.08,87.26,89.98,-2.04,1440,타임아웃24h
2026-07-17T07:27:56.878028+09:00,2026-07-17T08:59:56.573006+09:00,BILL,0.14,7358009,147.2,39.95,38.74,40.28,-3.03,92,손절-3.0%
2026-07-17T05:44:01.393516+09:00,2026-07-17T09:02:04.780133+09:00,XLM,0.17,24368064,406.1,280,271,282,-3.21,198,손절-3.0%
2026-07-17T07:47:16.419886+09:00,2026-07-17T09:07:26.835462+09:00,BOB,0.15,5114098,46.3,7.123,7.339,7.722,+3.03,80,트레일(고점+8.4%)
2026-07-17T03:34:04.593398+09:00,2026-07-17T09:09:33.448468+09:00,AI,0.02,4042525,128.5,35.67,34.45,35.86,-3.42,335,손절-3.0%
2026-07-17T08:00:31.682006+09:00,2026-07-17T09:10:58.325276+09:00,KAITO,0.11,4440610,8.1,1264,1225,1264,-3.09,70,손절-3.0%
2026-07-16T21:42:10.429454+09:00,2026-07-17T09:22:14.257195+09:00,XEC,0.00,8087912,16.2,0.0092,0.0093,0.0098,+1.09,700,트레일(고점+6.5%)
2026-07-16T09:24:28.078561+09:00,2026-07-17T09:24:41.876905+09:00,BCH,0.09,5158210,35.7,326100,328500,331800,+0.74,1440,타임아웃24h
2026-07-16T09:48:40.410742+09:00,2026-07-17T09:48:41.328626+09:00,ENA,0.00,9725052,41.8,121,122,127,+0.83,1440,타임아웃24h
2026-07-16T19:48:18.582571+09:00,2026-07-17T10:00:43.318601+09:00,PYR,0.25,4694405,11.3,185,178,191,-3.78,852,손절-3.0%
2026-07-17T03:24:26.870677+09:00,2026-07-17T10:05:41.693279+09:00,FLOCK,0.01,3229917,16.0,52.84,54.28,56.95,+2.73,401,트레일(고점+7.8%)
2026-07-17T06:06:44.033781+09:00,2026-07-17T10:09:14.626177+09:00,XAN,0.20,5368987,103.3,17.84,17.3,18.2,-3.03,243,손절-3.0%
2026-07-17T10:00:42.989987+09:00,2026-07-17T10:14:54.714776+09:00,KAITO,0.11,4440610,8.1,1257,1218,1260,-3.10,14,손절-3.0%
2026-07-17T02:11:51.370371+09:00,2026-07-17T10:24:28.379536+09:00,DEXE,0.01,7572347,32.5,45620,50500,52850,+10.70,493,트레일(고점+15.8%)
2026-07-16T17:04:44.623933+09:00,2026-07-17T10:26:14.080835+09:00,SLX,0.25,5080743,12.0,166,180,189,+8.43,1041,트레일(고점+13.9%)
2026-07-17T09:15:53.392549+09:00,2026-07-17T10:40:21.760807+09:00,LIT,0.30,9708250,88.8,3298,3189,3320,-3.31,84,손절-3.0%
2026-07-17T09:28:13.339613+09:00,2026-07-17T10:41:25.277862+09:00,BILL,0.14,7358009,147.2,39.4,38.1,39.8,-3.30,73,손절-3.0%
2026-07-17T10:26:35.134883+09:00,2026-07-17T10:46:01.063915+09:00,SLX,0.25,5080743,12.0,179,173,180,-3.35,19,손절-3.0%
2026-07-16T10:49:02.556841+09:00,2026-07-17T10:49:10.775517+09:00,IN,0.12,15387294,98.2,66.39,66.77,67.87,+0.57,1440,타임아웃24h
2026-07-16T23:23:15.284703+09:00,2026-07-17T10:52:42.030131+09:00,KAT,0.05,5293310,49.1,7.378,7.122,7.501,-3.47,689,손절-3.0%
2026-07-16T15:42:26.227014+09:00,2026-07-17T11:02:33.168106+09:00,WLD,0.23,7460504,17.5,585,567,595,-3.08,1160,손절-3.0%
2026-07-16T11:05:07.280098+09:00,2026-07-17T11:05:22.043549+09:00,YFI,0.11,4320173,118.7,3.083e+06,3.123e+06,3.174e+06,+1.30,1440,타임아웃24h
2026-07-16T17:14:49.086472+09:00,2026-07-17T11:09:36.289084+09:00,EDGEX,0.21,4111272,8.5,606,585,634,-3.47,1075,손절-3.0%
2026-07-17T00:28:08.266941+09:00,2026-07-17T11:11:21.992066+09:00,CAP,0.07,3603801,36.0,25.68,26.03,27.36,+1.36,643,트레일(고점+6.5%)
2026-07-17T09:49:02.498333+09:00,2026-07-17T11:11:43.707535+09:00,ENA,0.00,9725052,41.8,122,118,122,-3.28,83,손절-3.0%
2026-07-16T11:12:59.096527+09:00,2026-07-17T11:13:07.347836+09:00,PEPE,0.00,23999999,23.1,0.004,0.004,0.0041,+0.00,1440,타임아웃24h
2026-07-17T10:58:40.657898+09:00,2026-07-17T11:17:22.069335+09:00,FLOCK,0.21,5859736,72.4,53.16,51.5,53.34,-3.12,19,손절-3.0%
2026-07-16T11:21:34.068090+09:00,2026-07-17T11:21:34.668684+09:00,ARPA,0.05,4237843,54.8,12.63,12.48,12.71,-1.19,1440,타임아웃24h
2026-07-17T04:16:09.689212+09:00,2026-07-17T11:22:38.287426+09:00,B3,0.26,4024401,65.4,0.9223,0.8935,0.96,-3.12,426,손절-3.0%
2026-07-17T00:29:11.887867+09:00,2026-07-17T11:29:41.229648+09:00,ALLO,0.25,6108865,24.0,557,579,607,+3.95,660,트레일(고점+9.0%)
2026-07-17T11:22:58.983575+09:00,2026-07-17T11:38:10.329357+09:00,CUDIS,0.17,4931809,209.1,7.381,7.109,7.525,-3.69,15,손절-3.0%
2026-07-17T02:40:16.931169+09:00,2026-07-17T11:43:27.900608+09:00,BOUNTY,0.10,3863771,386.4,21.66,20.99,21.66,-3.09,543,손절-3.0%
2026-07-16T11:43:47.832001+09:00,2026-07-17T11:43:48.786383+09:00,NEX,0.00,6000000,106.0,0.0025,0.0026,0.0026,+4.00,1440,타임아웃24h
2026-07-17T07:29:00.695622+09:00,2026-07-17T11:52:18.808309+09:00,RE,0.04,3700016,15.4,720,697,722,-3.19,263,손절-3.0%
2026-07-17T05:13:57.543260+09:00,2026-07-17T12:05:06.325023+09:00,GWEI,0.25,5682106,12.2,53.34,51.71,54.42,-3.06,411,손절-3.0%
2026-07-17T11:11:00.474501+09:00,2026-07-17T12:06:12.468584+09:00,BOB,0.00,6915335,78.4,6.679,6.458,6.769,-3.31,55,손절-3.0%
2026-07-17T10:01:04.263957+09:00,2026-07-17T12:08:19.476140+09:00,PYR,0.25,4694405,11.3,178,172,179,-3.37,127,손절-3.0%
2026-07-17T11:44:09.994671+09:00,2026-07-17T12:13:38.416183+09:00,NEX,0.00,6000000,106.0,0.0026,0.0025,0.0026,-3.85,29,손절-3.0%
2026-07-17T02:28:53.524907+09:00,2026-07-17T12:17:52.131007+09:00,MPLX,0.14,5995466,64.5,40.2,38.8,40.8,-3.48,589,손절-3.0%
2026-07-17T01:03:11.889337+09:00,2026-07-17T12:29:31.969424+09:00,H,0.00,7949215,105.0,45.14,53.07,55.86,+17.57,686,트레일(고점+23.7%)
2026-07-17T02:48:06.242087+09:00,2026-07-17T12:41:10.351247+09:00,EPT,0.16,3574513,123.1,0.669,0.647,0.6926,-3.29,593,손절-3.0%
2026-07-16T22:43:43.957576+09:00,2026-07-17T12:51:48.053893+09:00,VANA,0.30,4286638,27.9,1829,1770,1865,-3.23,848,손절-3.0%
2026-07-17T12:29:52.871184+09:00,2026-07-17T12:51:48.881387+09:00,H,0.00,7949215,105.0,53.95,54.41,58.15,+0.85,22,트레일(고점+7.8%)
2026-07-16T15:51:08.634421+09:00,2026-07-17T13:05:32.764114+09:00,VERONA,0.14,3251049,11.8,179,173,182,-3.35,1274,손절-3.0%
2026-07-17T11:28:16.309192+09:00,2026-07-17T13:13:40.661086+09:00,BILL,0.14,7358009,147.2,38.5,37.31,38.92,-3.09,105,손절-3.0%
2026-07-16T13:14:22.666648+09:00,2026-07-17T13:14:43.206089+09:00,ICNT,0.24,7603222,34.2,230,235,243,+2.17,1440,타임아웃24h
2026-07-16T13:19:22.369921+09:00,2026-07-17T13:19:41.334053+09:00,ID,0.03,7582614,32.0,50.3,52,52.41,+3.38,1440,타임아웃24h
2026-07-17T05:43:39.905455+09:00,2026-07-17T13:20:24.647507+09:00,GNO,0.27,4032033,60.5,170700,165000,172500,-3.34,457,손절-3.0%
2026-07-17T11:38:09.228836+09:00,2026-07-17T13:20:25.277313+09:00,HOME,0.18,3860817,38.7,14.35,13.84,14.77,-3.55,102,손절-3.0%
2026-07-17T03:44:03.819291+09:00,2026-07-17T13:27:09.362333+09:00,BONK,0.25,8126984,38.7,0.005,0.0048,0.0052,-4.00,583,손절-3.0%
2026-07-17T13:44:12.602584+09:00,2026-07-17T13:47:48.104057+09:00,NEX,0.00,6000000,106.0,0.0026,0.0025,0.0026,-3.85,4,손절-3.0%
2026-07-17T09:48:41.311515+09:00,2026-07-17T13:55:17.994271+09:00,AVL,0.04,3674219,47.2,33.53,33.86,35.57,+0.98,247,트레일(고점+6.1%)
2026-07-16T14:05:01.309810+09:00,2026-07-17T14:05:14.931466+09:00,BEL,0.20,3547106,35.5,161,160,165,-0.62,1440,타임아웃24h
2026-07-17T12:05:27.138798+09:00,2026-07-17T14:07:24.397502+09:00,GWEI,0.25,5682106,12.2,51.66,50.11,52.82,-3.00,122,손절-3.0%
2026-07-17T13:15:04.344847+09:00,2026-07-17T14:13:50.603380+09:00,ICNT,0.24,7603222,34.2,235,226,235,-3.83,59,손절-3.0%
2026-07-17T14:07:01.775633+09:00,2026-07-17T14:24:33.004755+09:00,HOME,0.15,3000000,41.7,13.83,13.35,13.89,-3.47,18,손절-3.0%
2026-07-16T14:24:50.685758+09:00,2026-07-17T14:24:53.131062+09:00,SC,0.11,3958077,16.9,0.8904,0.8921,0.9067,+0.19,1440,타임아웃24h
2026-07-17T14:29:52.954550+09:00,2026-07-17T14:38:48.802022+09:00,H,0.00,7949215,105.0,55.66,53.7,55.66,-3.52,9,손절-3.0%
2026-07-16T14:50:02.996786+09:00,2026-07-17T14:46:37.796175+09:00,HFT,0.04,3858441,92.5,13.02,12.6,13.03,-3.23,1437,손절-3.0%
2026-07-17T13:20:02.980235+09:00,2026-07-17T15:31:09.756326+09:00,ID,0.03,7582614,32.0,52,50.28,52.25,-3.31,131,손절-3.0%
2026-07-17T15:44:20.328759+09:00,2026-07-17T15:51:08.248270+09:00,NEX,0.00,6000000,106.0,0.0026,0.0025,0.0026,-3.85,7,손절-3.0%
2026-07-17T04:07:57.239235+09:00,2026-07-17T15:54:40.797699+09:00,BASED,0.17,7457392,21.3,132,128,137,-3.03,707,손절-3.0%
2026-07-17T13:28:34.477675+09:00,2026-07-17T15:55:24.496737+09:00,BILL,0.14,7358009,147.2,36.33,35.17,37.28,-3.19,147,손절-3.0%
2026-07-17T15:29:21.739140+09:00,2026-07-17T16:01:27.488804+09:00,CUDIS,0.24,4493565,21.5,6.562,6.326,6.82,-3.60,32,손절-3.0%
2026-07-17T11:52:39.421581+09:00,2026-07-17T16:11:24.783435+09:00,RE,0.04,3700016,15.4,697,676,699,-3.01,259,손절-3.0%
2026-07-17T16:11:45.315745+09:00,2026-07-17T16:12:50.689732+09:00,ES,0.10,7903329,66.3,80.87,74,80.96,-8.50,1,손절-3.0%
2026-07-17T09:52:12.867763+09:00,2026-07-17T16:18:53.452650+09:00,AI,0.12,4510464,266.6,34.57,33.51,35.38,-3.07,387,손절-3.0%
2026-07-17T16:14:14.984892+09:00,2026-07-17T16:19:15.466698+09:00,STAT,0.21,13674774,350.5,34.76,36.23,38.48,+4.23,5,트레일(고점+10.7%)
2026-07-16T16:19:49.711811+09:00,2026-07-17T16:19:56.833296+09:00,PYTH,0.09,3560410,35.3,73.52,72.57,76.2,-1.29,1440,타임아웃24h
2026-07-17T10:42:27.797954+09:00,2026-07-17T16:38:07.346439+09:00,SAHARA,0.11,5577282,46.1,13.92,13.5,13.94,-3.02,356,손절-3.0%
2026-07-17T15:55:44.834355+09:00,2026-07-17T16:41:19.968778+09:00,BILL,0.14,7358009,147.2,35.11,34,35.29,-3.16,46,손절-3.0%
2026-07-17T12:26:42.158074+09:00,2026-07-17T16:47:22.614683+09:00,SLX,0.25,5080743,12.0,173,167,176,-3.47,261,손절-3.0%
2026-07-17T08:47:24.787820+09:00,2026-07-17T16:57:20.890256+09:00,UP,0.22,5554539,217.8,87.26,84.3,89.57,-3.39,490,손절-3.0%
2026-07-17T11:23:20.130394+09:00,2026-07-17T17:01:59.427305+09:00,EDGE,0.00,3545548,150.7,96.39,103,108,+6.86,339,트레일(고점+12.0%)
2026-07-17T17:02:20.077884+09:00,2026-07-17T17:07:21.402501+09:00,EDGE,0.00,3545548,150.7,104,100,106,-3.85,5,손절-3.0%
2026-07-16T17:11:12.597554+09:00,2026-07-17T17:11:16.190259+09:00,SOMI,0.17,3537505,12.6,147,144,150,-2.04,1440,타임아웃24h
2026-07-16T17:16:36.835830+09:00,2026-07-17T17:16:39.619641+09:00,CHIP,0.13,3928062,44.4,44.06,43.58,45.62,-1.09,1440,타임아웃24h
2026-07-16T18:10:08.444568+09:00,2026-07-17T17:19:31.762938+09:00,MEGA,0.13,10416656,26.7,67.86,65.8,69.12,-3.04,1389,손절-3.0%
2026-07-17T12:08:39.891558+09:00,2026-07-17T17:32:49.717799+09:00,PYR,0.25,4694405,11.3,175,169,181,-3.43,324,손절-3.0%
2026-07-17T08:20:58.402888+09:00,2026-07-17T17:36:24.679343+09:00,NEAR,0.23,17653612,77.7,2894,2802,2954,-3.18,555,손절-3.0%
2026-07-16T20:49:55.715751+09:00,2026-07-17T17:47:32.850751+09:00,OPG,0.15,6522208,31.1,164,159,168,-3.05,1258,손절-3.0%
2026-07-17T05:44:01.435851+09:00,2026-07-17T17:51:52.506605+09:00,ARX,0.12,4133442,57.5,234,247,259,+5.56,728,트레일(고점+10.7%)
2026-07-17T08:05:54.914177+09:00,2026-07-17T18:04:04.894795+09:00,MANTRA,0.00,5207447,66.1,10.07,9.749,10.25,-3.19,598,손절-3.0%
2026-07-17T14:05:36.313163+09:00,2026-07-17T18:33:10.197243+09:00,BEL,0.20,3547106,35.5,160,155,160,-3.12,268,손절-3.0%
2026-07-16T18:42:52.432218+09:00,2026-07-17T18:43:14.138234+09:00,KAIA,0.28,3355490,33.6,49.5,49.17,50.95,-0.67,1440,타임아웃24h
2026-07-17T17:52:57.177197+09:00,2026-07-17T19:06:22.156420+09:00,ZTX,0.21,5721250,84.3,0.2674,0.2585,0.2717,-3.33,73,손절-3.0%
2026-07-17T12:27:03.358426+09:00,2026-07-17T19:06:43.085334+09:00,DEXE,0.09,4454602,24.8,49600,50300,52900,+1.41,400,트레일(고점+6.7%)
2026-07-17T12:37:17.383067+09:00,2026-07-17T19:19:21.837921+09:00,B3,0.04,5460970,90.6,0.8664,0.8372,0.8972,-3.37,402,손절-3.0%
2026-07-17T14:07:23.255272+09:00,2026-07-17T19:26:31.088633+09:00,SPURS,0.26,3341029,14.3,225,218,235,-3.11,319,손절-3.0%
2026-07-17T10:58:19.594200+09:00,2026-07-17T19:55:31.203697+09:00,SKL,0.03,3294740,43.9,6.14,5.95,6.286,-3.09,537,손절-3.0%
2026-07-17T16:29:55.758261+09:00,2026-07-17T19:56:14.681253+09:00,H,0.00,7949215,105.0,49.38,45.66,51.28,-7.53,206,손절-3.0%
2026-07-17T15:02:59.831974+09:00,2026-07-17T20:14:10.440110+09:00,AVL,0.28,6536273,201.9,32.4,32.7,34.36,+0.93,311,트레일(고점+6.0%)
2026-07-17T16:11:45.298381+09:00,2026-07-17T20:30:58.192316+09:00,RE,0.04,3700016,15.4,676,652,681,-3.55,259,손절-3.0%
2026-07-17T17:54:23.734665+09:00,2026-07-17T20:34:54.162324+09:00,FITFI,0.04,3608405,11.1,0.3852,0.3878,0.4079,+0.67,161,트레일(고점+5.9%)
2026-07-17T07:50:51.065885+09:00,2026-07-17T20:42:44.356432+09:00,AGLD,0.00,7840024,57.1,236,237,250,+0.42,772,트레일(고점+5.9%)
2026-07-17T11:11:42.870618+09:00,2026-07-17T21:09:15.189014+09:00,CAP,0.07,3603801,36.0,26.03,27.29,28.64,+4.84,598,트레일(고점+10.0%)
2026-07-17T18:07:39.718538+09:00,2026-07-17T21:14:16.756188+09:00,MANTRA,0.19,10861938,82.7,9.837,9.54,9.882,-3.02,187,손절-3.0%
2026-07-17T17:55:49.684016+09:00,2026-07-17T21:29:18.620074+09:00,BILL,0.14,7358009,147.2,34.68,39.87,41.67,+14.97,213,트레일(고점+20.2%)
2026-07-17T21:29:38.870124+09:00,2026-07-17T21:31:27.471208+09:00,BILL,0.14,7358009,147.2,39.85,37.98,39.85,-4.69,2,손절-3.0%
2026-07-17T20:44:30.993070+09:00,2026-07-17T21:52:29.621491+09:00,FITFI,0.29,3160000,44.5,0.392,0.411,0.4323,+4.85,68,트레일(고점+10.3%)
2026-07-16T22:00:07.523061+09:00,2026-07-17T22:00:18.265956+09:00,SHIB,0.00,4987531,16.6,0.006,0.0061,0.0062,+1.67,1440,타임아웃24h
2026-07-17T15:31:30.092605+09:00,2026-07-17T22:07:05.894316+09:00,ID,0.03,7582614,32.0,50.28,48.71,50.49,-3.12,396,손절-3.0%
2026-07-17T06:12:02.662139+09:00,2026-07-17T22:07:48.154233+09:00,GRASS,0.03,10938253,24.6,542,525,548,-3.14,956,손절-3.0%
2026-07-17T22:12:26.087320+09:00,2026-07-17T22:18:10.788286+09:00,STAT,0.23,3205236,646.9,36.89,35.69,36.89,-3.25,6,손절-3.0%
2026-07-17T19:02:22.903448+09:00,2026-07-17T22:18:53.461730+09:00,EDGE,0.00,3545548,150.7,98.78,95.17,99.53,-3.65,197,손절-3.0%
2026-07-17T18:33:30.900090+09:00,2026-07-17T22:25:21.299427+09:00,BEL,0.20,3547106,35.5,156,151,157,-3.21,232,손절-3.0%
2026-07-16T22:35:11.863069+09:00,2026-07-17T22:35:20.240171+09:00,BTC,0.01,3995723,21.3,9.4404e+07,9.2848e+07,9.5239e+07,-1.65,1440,타임아웃24h
2026-07-17T07:28:39.433796+09:00,2026-07-17T22:35:20.472347+09:00,JTO,0.27,6250940,20.4,826,800,835,-3.15,907,손절-3.0%
2026-07-17T16:50:55.292728+09:00,2026-07-17T22:36:04.026659+09:00,AERO,0.14,9519210,71.4,736,712,737,-3.26,345,손절-3.0%
2026-07-17T11:05:43.244619+09:00,2026-07-17T22:36:46.264724+09:00,YFI,0.11,4320173,118.7,3.123e+06,3.015e+06,3.15e+06,-3.46,691,손절-3.0%
2026-07-17T14:07:44.855704+09:00,2026-07-17T22:37:29.458580+09:00,GWEI,0.25,5682106,12.2,50,48.34,51.78,-3.32,510,손절-3.0%
2026-07-17T17:19:53.347118+09:00,2026-07-17T22:39:16.825421+09:00,MEGA,0.13,10416656,26.7,65.86,63.8,66.21,-3.13,319,손절-3.0%
2026-07-17T11:02:54.106212+09:00,2026-07-17T22:45:21.296161+09:00,WLD,0.23,7460504,17.5,568,550,569,-3.17,702,손절-3.0%
2026-07-16T23:36:01.715796+09:00,2026-07-17T23:36:02.782998+09:00,TRX,0.00,3548550,50.1,476,478,479,+0.42,1440,타임아웃24h
2026-07-17T23:29:59.093508+09:00,2026-07-17T23:45:41.398949+09:00,BILL,0.14,7358009,147.2,37.09,35.87,37.21,-3.29,16,손절-3.0%
2026-07-17T20:41:18.570698+09:00,2026-07-18T00:02:03.226125+09:00,XEC,0.20,3165992,31.7,0.0115,0.0119,0.0125,+3.48,201,트레일(고점+8.7%)
2026-07-17T23:03:16.116095+09:00,2026-07-18T00:04:54.114162+09:00,ES,0.10,4446151,169.9,73.93,80.05,84.75,+8.28,62,트레일(고점+14.6%)
2026-07-17T13:50:16.332885+09:00,2026-07-18T00:05:14.767054+09:00,EPT,0.09,4858326,48.6,0.6462,0.6523,0.6852,+0.94,615,트레일(고점+6.0%)
2026-07-17T08:20:58.423463+09:00,2026-07-18T00:06:39.362186+09:00,PENGU,0.10,6569896,23.1,8.908,8.639,9.285,-3.02,946,손절-3.0%
2026-07-17T13:05:53.807389+09:00,2026-07-18T00:07:22.356753+09:00,VERONA,0.14,3251049,11.8,173,182,192,+5.20,661,트레일(고점+11.0%)
2026-07-17T09:25:03.002218+09:00,2026-07-18T00:11:59.460941+09:00,BCH,0.09,5158210,35.7,328500,317700,330500,-3.29,887,손절-3.0%
2026-07-17T12:18:12.993770+09:00,2026-07-18T00:12:42.382287+09:00,MPLX,0.14,5995466,64.5,39.15,39.75,41.81,+1.53,714,트레일(고점+6.8%)
2026-07-18T00:13:03.280232+09:00,2026-07-18T00:13:25.779151+09:00,MPLX,0.14,5995466,64.5,39.35,38,39.35,-3.43,0,손절-3.0%
2026-07-18T00:07:43.321923+09:00,2026-07-18T00:21:58.250596+09:00,VERONA,0.14,3251049,11.8,180,179,189,-0.56,14,트레일(고점+5.0%)
2026-07-17T15:36:51.131188+09:00,2026-07-18T00:30:29.450338+09:00,BOB,0.04,3598096,23.5,5.915,6,6.296,+1.44,534,트레일(고점+6.4%)
2026-07-17T12:00:50.811686+09:00,2026-07-18T00:31:54.519703+09:00,KAITO,0.11,4440610,8.1,1234,1319,1381,+6.89,751,트레일(고점+11.9%)
2026-07-17T20:12:43.961107+09:00,2026-07-18T00:36:31.954006+09:00,ZTX,0.21,3674109,45.0,0.2554,0.2548,0.274,-0.23,264,트레일(고점+7.3%)
2026-07-17T19:26:51.790361+09:00,2026-07-18T00:40:25.878761+09:00,SPURS,0.26,3341029,14.3,218,222,233,+1.83,314,트레일(고점+6.9%)
2026-07-18T00:40:46.268607+09:00,2026-07-18T00:51:25.405449+09:00,SPURS,0.26,3341029,14.3,226,219,228,-3.10,11,손절-3.0%
2026-07-17T17:36:02.711228+09:00,2026-07-18T01:03:27.534247+09:00,T,0.00,8003958,96.6,6.06,6.267,6.587,+3.42,447,트레일(고점+8.7%)
2026-07-18T00:32:15.460972+09:00,2026-07-18T01:05:14.106290+09:00,KAITO,0.11,4440610,8.1,1315,1275,1323,-3.04,33,손절-3.0%
2026-07-17T13:04:29.106823+09:00,2026-07-18T01:08:24.165644+09:00,FLOCK,0.13,3033018,29.1,50.93,51.42,55.32,+0.96,724,트레일(고점+8.6%)
2026-07-17T10:09:35.101339+09:00,2026-07-18T01:26:43.232195+09:00,XAN,0.20,5368987,103.3,17.32,16.76,18.08,-3.23,917,손절-3.0%
2026-07-17T19:56:35.150932+09:00,2026-07-18T01:30:39.654609+09:00,H,0.00,7949215,105.0,46.86,50.77,53.14,+8.34,334,트레일(고점+13.4%)
2026-07-17T01:41:00.831527+09:00,2026-07-18T01:41:01.920301+09:00,SIGN,0.04,5647407,113.0,12.4,12.64,12.82,+1.94,1440,타임아웃24h
2026-07-18T01:31:00.163550+09:00,2026-07-18T01:46:47.389999+09:00,H,0.00,7949215,105.0,51.98,50.37,52.78,-3.10,16,손절-3.0%
2026-07-17T11:09:57.188678+09:00,2026-07-18T01:50:21.266147+09:00,EDGEX,0.21,4111272,8.5,582,595,625,+2.23,880,트레일(고점+7.4%)
2026-07-17T22:37:50.174076+09:00,2026-07-18T01:50:43.634747+09:00,GWEI,0.25,5682106,12.2,48.1,46.65,49.96,-3.01,193,손절-3.0%
2026-07-18T01:27:04.332883+09:00,2026-07-18T01:56:27.459527+09:00,XAN,0.20,5368987,103.3,16.76,16.15,16.76,-3.64,29,손절-3.0%
2026-07-17T17:52:13.913293+09:00,2026-07-18T01:59:18.867361+09:00,ARX,0.12,4133442,57.5,248,266,279,+7.26,487,트레일(고점+12.5%)
2026-07-18T01:51:03.962448+09:00,2026-07-18T02:00:02.190583+09:00,GWEI,0.25,5682106,12.2,46.64,45.24,46.67,-3.00,9,손절-3.0%
2026-07-17T02:18:58.280013+09:00,2026-07-18T02:18:58.798386+09:00,ETH,0.12,564433043,11288.7,2.748e+06,2.724e+06,2.765e+06,-0.87,1440,타임아웃24h
2026-07-17T02:18:58.295569+09:00,2026-07-18T02:18:58.852899+09:00,BLUR,0.12,4625730,47.3,23.25,23.3,23.66,+0.22,1440,타임아웃24h
2026-07-17T02:22:09.461433+09:00,2026-07-18T02:22:12.706953+09:00,MON,0.19,5625811,123.1,31.64,32.22,32.22,+1.83,1440,타임아웃24h
2026-07-17T16:19:14.233445+09:00,2026-07-18T02:55:57.809762+09:00,AI,0.09,3993154,46.0,33.51,33.92,35.6,+1.22,637,트레일(고점+6.2%)
2026-07-18T02:44:07.422584+09:00,2026-07-18T02:57:46.839430+09:00,D,0.11,5773224,226.4,3.598,3.47,3.609,-3.56,14,손절-3.0%
2026-07-17T02:59:08.217567+09:00,2026-07-18T02:59:11.591677+09:00,RPL,0.05,7819037,193.5,2598,2665,2705,+2.58,1440,타임아웃24h
2026-07-18T02:32:16.440094+09:00,2026-07-18T03:12:09.958628+09:00,KAITO,0.11,4440610,8.1,1284,1245,1284,-3.04,40,손절-3.0%
2026-07-18T01:59:39.517937+09:00,2026-07-18T03:18:15.597712+09:00,ARX,0.12,4133442,57.5,266,258,277,-3.01,79,손절-3.0%
2026-07-18T02:38:00.753327+09:00,2026-07-18T03:20:02.915062+09:00,STAT,0.00,3496621,37.1,33.3,32.3,33.34,-3.00,42,손절-3.0%
2026-07-18T03:31:07.179281+09:00,2026-07-18T04:22:13.371638+09:00,H,0.00,7949215,105.0,51.4,49.84,52.95,-3.04,51,손절-3.0%
2026-07-17T20:49:10.394844+09:00,2026-07-18T04:22:55.658587+09:00,ENSO,0.03,5379742,19.2,1088,1055,1092,-3.03,454,손절-3.0%
2026-07-18T01:35:40.152786+09:00,2026-07-18T05:05:42.304820+09:00,XEC,0.14,3052359,25.5,0.0113,0.0125,0.0131,+10.62,210,트레일(고점+15.9%)
2026-07-17T15:15:06.774620+09:00,2026-07-18T05:19:16.361996+09:00,ICNT,0.24,7603222,34.2,236,228,240,-3.39,844,손절-3.0%
2026-07-18T03:59:51.051948+09:00,2026-07-18T05:23:33.632436+09:00,ARX,0.12,4133442,57.5,250,242,252,-3.20,84,손절-3.0%
2026-07-18T03:51:20.698235+09:00,2026-07-18T05:32:28.718267+09:00,GWEI,0.25,5682106,12.2,44.98,43.5,45.37,-3.29,101,손절-3.0%
2026-07-17T05:44:01.415749+09:00,2026-07-18T05:44:17.547959+09:00,XRP,0.12,17428884,670.4,1614,1605,1616,-0.56,1440,타임아웃24h
2026-07-17T05:44:01.485158+09:00,2026-07-18T05:44:17.572507+09:00,DOGE,0.00,3000000,15.0,107,107,108,+0.00,1440,타임아웃24h
2026-07-17T05:44:01.506867+09:00,2026-07-18T05:44:17.594096+09:00,HBAR,0.00,16038233,21.4,98.79,97.38,99.7,-1.43,1440,타임아웃24h
2026-07-18T01:19:55.047685+09:00,2026-07-18T05:53:21.658327+09:00,HOME,0.14,3107846,59.4,12.08,11.69,12.5,-3.23,273,손절-3.0%
2026-07-18T02:19:20.328114+09:00,2026-07-18T06:01:40.766268+09:00,BLUR,0.12,4625730,47.3,23.3,23.51,24.75,+0.90,222,트레일(고점+6.2%)
2026-07-18T02:07:53.029594+09:00,2026-07-18T06:21:08.967477+09:00,VERONA,0.14,3251049,11.8,179,179,188,+0.00,253,트레일(고점+5.0%)
2026-07-17T06:25:30.028319+09:00,2026-07-18T06:25:48.916389+09:00,SOL,0.21,12725414,127.6,111600,110900,111800,-0.63,1440,타임아웃24h
2026-07-18T05:31:23.133404+09:00,2026-07-18T06:38:48.224688+09:00,H,0.00,7949215,105.0,49.22,50.78,53.3,+3.17,67,트레일(고점+8.3%)
2026-07-17T06:42:30.064358+09:00,2026-07-18T06:42:31.424007+09:00,SUI,0.06,8922025,45.8,1101,1091,1106,-0.91,1440,타임아웃24h
2026-07-17T20:43:05.464619+09:00,2026-07-18T07:04:54.235089+09:00,AGLD,0.00,7840024,57.1,237,229,242,-3.38,622,손절-3.0%
2026-07-17T17:26:42.201021+09:00,2026-07-18T07:05:37.328970+09:00,MMT,0.22,4370000,14.6,259,251,265,-3.09,819,손절-3.0%
2026-07-17T07:25:06.931542+09:00,2026-07-18T07:25:18.383305+09:00,ONDO,0.11,19186648,76.4,535,548,568,+2.43,1440,타임아웃24h
2026-07-17T07:41:54.021403+09:00,2026-07-18T07:42:16.546579+09:00,INJ,0.00,6894277,41.8,7275,7455,7470,+2.47,1440,타임아웃24h
2026-07-18T07:31:26.530988+09:00,2026-07-18T07:49:29.232560+09:00,H,0.00,7949215,105.0,53.88,52.05,54.35,-3.40,18,손절-3.0%
2026-07-18T04:52:06.057179+09:00,2026-07-18T07:59:05.652607+09:00,AERO,0.10,8022695,107.1,707,685,707,-3.11,187,손절-3.0%
2026-07-17T08:23:07.062800+09:00,2026-07-18T08:23:12.013156+09:00,VIRTUAL,0.17,21647845,151.2,921,917,951,-0.43,1440,타임아웃24h
2026-07-17T08:23:28.629062+09:00,2026-07-18T08:23:33.336081+09:00,ADA,0.25,8250000,27.4,236,246,246,+4.24,1440,타임아웃24h
2026-07-17T08:24:54.665234+09:00,2026-07-18T08:24:58.879873+09:00,ALICE,0.12,3120893,18.1,167,168,171,+0.60,1440,타임아웃24h
2026-07-17T08:39:56.278975+09:00,2026-07-18T08:40:01.126918+09:00,MINA,0.23,3533901,68.2,66.21,66.44,67.97,+0.35,1440,타임아웃24h
2026-07-18T07:39:40.337435+09:00,2026-07-18T09:00:19.201540+09:00,HPP,0.29,3546507,33.6,33.04,34.81,36.67,+5.36,81,트레일(고점+11.0%)
2026-07-17T09:02:25.374979+09:00,2026-07-18T09:02:26.025943+09:00,XLM,0.17,24368064,406.1,271,274,278,+1.11,1440,타임아웃24h
2026-07-17T17:44:40.481753+09:00,2026-07-18T09:14:52.855168+09:00,NEX,0.00,6000000,106.0,0.0025,0.0024,0.0026,-4.00,930,손절-3.0%
2026-07-18T00:03:48.884948+09:00,2026-07-18T09:22:00.676457+09:00,B3,0.14,4515551,110.3,0.8405,0.8499,0.8977,+1.12,558,트레일(고점+6.8%)
2026-07-17T12:55:19.024179+09:00,2026-07-18T09:22:21.467928+09:00,VANA,0.03,8036178,166.0,1771,1717,1781,-3.05,1227,손절-3.0%
2026-07-17T13:27:30.420579+09:00,2026-07-18T09:33:20.923532+09:00,BONK,0.25,8126984,38.7,0.0048,0.005,0.0053,+4.17,1206,트레일(고점+10.4%)
2026-07-17T22:19:13.732576+09:00,2026-07-18T09:35:50.396264+09:00,EDGE,0.00,3545548,150.7,97.31,94.36,97.31,-3.03,677,손절-3.0%
2026-07-18T01:50:42.463903+09:00,2026-07-18T09:40:09.722385+09:00,EDGEX,0.21,4111272,8.5,596,661,691,+10.91,469,트레일(고점+15.9%)
2026-07-17T16:47:43.101911+09:00,2026-07-18T09:50:07.920057+09:00,SLX,0.25,5080743,12.0,168,168,177,+0.00,1022,트레일(고점+5.4%)
2026-07-18T09:40:30.404682+09:00,2026-07-18T09:54:45.831201+09:00,EDGEX,0.21,4111272,8.5,664,643,671,-3.16,14,손절-3.0%
2026-07-18T09:33:42.082733+09:00,2026-07-18T09:59:23.946784+09:00,BONK,0.25,8126984,38.7,0.005,0.0055,0.0058,+10.00,26,트레일(고점+16.0%)
2026-07-18T08:24:58.865500+09:00,2026-07-18T10:32:20.269942+09:00,HOME,0.27,4158342,127.6,11.99,11.61,12.09,-3.17,127,손절-3.0%
2026-07-18T09:18:05.080115+09:00,2026-07-18T10:39:29.934215+09:00,ES,0.05,3238777,20.7,62.7,57.99,65.59,-7.51,81,손절-3.0%
2026-07-17T10:49:31.843361+09:00,2026-07-18T10:49:34.682319+09:00,IN,0.12,15387294,98.2,66.77,66.66,68,-0.16,1440,타임아웃24h
2026-07-17T13:20:45.615969+09:00,2026-07-18T10:51:22.992806+09:00,GNO,0.27,4032033,60.5,165000,166000,174300,+0.61,1291,트레일(고점+5.6%)
2026-07-18T01:30:17.280984+09:00,2026-07-18T10:52:28.491260+09:00,BILL,0.14,7358009,147.2,34.92,33.66,36.17,-3.61,562,손절-3.0%
2026-07-17T17:47:54.375846+09:00,2026-07-18T10:53:54.519833+09:00,OPG,0.15,6522208,31.1,159,154,161,-3.14,1026,손절-3.0%
2026-07-18T09:31:34.581001+09:00,2026-07-18T10:58:15.270501+09:00,H,0.00,7949215,105.0,50.35,48.68,50.85,-3.32,87,손절-3.0%
2026-07-18T10:33:02.013633+09:00,2026-07-18T11:06:34.061913+09:00,HPP,0.21,3514532,15.8,31.65,31.4,33.5,-0.79,34,트레일(고점+5.8%)
2026-07-18T10:38:02.620997+09:00,2026-07-18T11:12:19.310377+09:00,FANC,0.18,5525775,198.7,0.8908,0.9119,0.957,+2.37,34,트레일(고점+7.4%)
2026-07-17T11:13:28.480312+09:00,2026-07-18T11:13:44.297386+09:00,PEPE,0.00,23999999,23.1,0.004,0.0041,0.0041,+2.50,1440,타임아웃24h
2026-07-17T11:15:56.488833+09:00,2026-07-18T11:16:15.481173+09:00,LIT,0.30,9708250,88.8,3190,3354,3379,+5.14,1440,타임아웃24h
2026-07-17T11:21:55.823181+09:00,2026-07-18T11:22:00.899913+09:00,ARPA,0.05,4237843,54.8,12.48,12.33,12.51,-1.20,1440,타임아웃24h
2026-07-17T11:30:02.075311+09:00,2026-07-18T11:30:15.442004+09:00,ALLO,0.25,6108865,24.0,581,573,600,-1.38,1440,타임아웃24h
2026-07-18T09:46:33.510779+09:00,2026-07-18T11:38:10.233212+09:00,XEC,0.12,3304501,23.2,0.0116,0.0112,0.0116,-3.45,112,손절-3.0%
2026-07-18T10:50:17.718278+09:00,2026-07-18T11:39:36.339698+09:00,EGG,0.23,3207403,36.3,0.7994,0.7682,0.8367,-3.90,49,손절-3.0%
2026-07-18T11:33:50.422683+09:00,2026-07-18T11:40:40.985509+09:00,BONK,0.25,8126984,38.7,0.0054,0.0055,0.0058,+1.85,7,트레일(고점+7.4%)
2026-07-17T11:43:48.770445+09:00,2026-07-18T11:43:53.305282+09:00,BOUNTY,0.10,3863771,386.4,20.99,21.3,21.47,+1.48,1440,타임아웃24h
2026-07-17T11:49:07.170343+09:00,2026-07-18T11:49:16.057440+09:00,ENA,0.00,9725052,41.8,118,123,123,+4.24,1440,타임아웃24h
2026-07-18T10:52:49.413824+09:00,2026-07-18T12:08:18.357031+09:00,BILL,0.14,7358009,147.2,33.63,32.24,33.91,-4.13,75,손절-3.0%
2026-07-18T02:59:33.158168+09:00,2026-07-18T12:37:41.979234+09:00,RPL,0.05,7819037,193.5,2665,2582,2669,-3.11,578,손절-3.0%
2026-07-18T05:39:36.322559+09:00,2026-07-18T12:44:44.272473+09:00,TAIKO,0.17,5796552,13.6,165,167,176,+1.21,425,트레일(고점+6.7%)
2026-07-18T11:30:36.867674+09:00,2026-07-18T13:04:40.212466+09:00,ALLO,0.25,6108865,24.0,574,556,574,-3.14,94,손절-3.0%
2026-07-18T12:58:43.917935+09:00,2026-07-18T13:06:49.356899+09:00,HOME,0.26,3036988,35.9,11.44,11.07,11.49,-3.23,8,손절-3.0%
2026-07-17T20:31:18.704667+09:00,2026-07-18T13:09:19.138963+09:00,RE,0.04,3700016,15.4,652,632,673,-3.07,998,손절-3.0%
2026-07-18T09:50:28.959530+09:00,2026-07-18T13:34:26.646243+09:00,SLX,0.25,5080743,12.0,168,162,168,-3.57,224,손절-3.0%
2026-07-18T06:02:01.206840+09:00,2026-07-18T13:37:19.807118+09:00,BLUR,0.12,4625730,47.3,23.51,22.79,23.57,-3.06,455,손절-3.0%
2026-07-17T16:38:28.105436+09:00,2026-07-18T13:37:40.535565+09:00,SAHARA,0.11,5577282,46.1,13.5,13.07,13.65,-3.19,1259,손절-3.0%
2026-07-17T13:38:52.985233+09:00,2026-07-18T13:39:05.828767+09:00,SOON,0.00,5180558,31.0,238,240,250,+0.84,1440,타임아웃24h
2026-07-18T13:18:17.189673+09:00,2026-07-18T13:44:06.618393+09:00,STAT,0.00,4321332,24.7,35.6,36.66,38.86,+2.98,26,트레일(고점+9.2%)
2026-07-18T05:59:51.279847+09:00,2026-07-18T13:55:52.254845+09:00,ARX,0.12,4133442,57.5,240,232,248,-3.33,476,손절-3.0%
2026-07-17T14:01:19.745819+09:00,2026-07-18T14:01:34.475441+09:00,ORBS,0.15,3121960,99.3,8.724,8.681,8.782,-0.49,1440,타임아웃24h
2026-07-18T13:56:12.923039+09:00,2026-07-18T14:02:18.744861+09:00,ARX,0.12,4133442,57.5,232,225,233,-3.02,6,손절-3.0%
2026-07-17T22:25:41.656051+09:00,2026-07-18T14:15:09.899706+09:00,BEL,0.20,3547106,35.5,151,151,159,+0.00,949,트레일(고점+5.3%)
2026-07-18T13:09:40.329197+09:00,2026-07-18T14:22:01.368539+09:00,RE,0.04,3700016,15.4,631,609,631,-3.49,72,손절-3.0%
2026-07-17T14:25:14.568993+09:00,2026-07-18T14:25:25.964047+09:00,SC,0.11,3958077,16.9,0.8921,0.8802,0.8921,-1.33,1440,타임아웃24h
2026-07-17T16:48:25.710173+09:00,2026-07-18T14:28:40.664048+09:00,KAT,0.03,3570031,35.7,6.985,6.763,7.153,-3.18,1300,손절-3.0%
2026-07-18T05:51:31.701400+09:00,2026-07-18T14:33:23.278527+09:00,GWEI,0.25,5682106,12.2,43.84,44.23,46.46,+0.89,522,트레일(고점+6.0%)
2026-07-17T14:46:59.255970+09:00,2026-07-18T14:47:18.597782+09:00,HFT,0.04,3858441,92.5,12.6,12.45,12.89,-1.19,1440,타임아웃24h
2026-07-18T14:39:31.316282+09:00,2026-07-18T14:53:49.411148+09:00,BIRB,0.03,11975519,40.3,85.47,82.25,86.13,-3.77,14,손절-3.0%
2026-07-17T15:04:03.845951+09:00,2026-07-18T15:04:16.647824+09:00,LINK,0.05,3602792,64.0,12050,12160,12240,+0.91,1440,타임아웃24h
2026-07-17T21:09:36.162178+09:00,2026-07-18T15:11:14.902850+09:00,CAP,0.07,3603801,36.0,27.25,26.32,28.31,-3.41,1082,손절-3.0%
2026-07-18T14:33:44.261214+09:00,2026-07-18T15:14:30.670056+09:00,GWEI,0.25,5682106,12.2,44.34,42.83,44.47,-3.41,41,손절-3.0%
2026-07-18T04:32:31.966783+09:00,2026-07-18T15:31:37.820055+09:00,KAITO,0.11,4440610,8.1,1242,1203,1276,-3.14,659,손절-3.0%
2026-07-17T16:57:41.764978+09:00,2026-07-18T15:38:34.543400+09:00,UP,0.22,5554539,217.8,84.3,90.41,95,+7.25,1361,트레일(고점+12.7%)
2026-07-17T15:55:01.984296+09:00,2026-07-18T15:55:11.544237+09:00,BASED,0.17,7457392,21.3,129,137,139,+6.20,1440,타임아웃24h
2026-07-18T13:31:12.682873+09:00,2026-07-18T16:15:50.260951+09:00,MANTRA,0.18,3052191,63.7,9.695,9.38,9.742,-3.25,165,손절-3.0%
2026-07-17T16:20:18.104318+09:00,2026-07-18T16:18:41.913602+09:00,PYTH,0.09,3560410,35.3,72.57,70,73.5,-3.54,1438,손절-3.0%
2026-07-18T11:49:37.556794+09:00,2026-07-18T16:20:31.155372+09:00,ENA,0.00,9725052,41.8,123,119,123,-3.25,271,손절-3.0%
2026-07-18T02:13:14.656659+09:00,2026-07-18T16:23:00.795139+09:00,MPLX,0.14,5995466,64.5,38.98,37.7,39.5,-3.28,850,손절-3.0%
2026-07-18T10:49:56.158415+09:00,2026-07-18T16:25:52.957668+09:00,IN,0.12,15387294,98.2,66.66,64.6,66.73,-3.09,336,손절-3.0%
2026-07-18T01:41:23.351389+09:00,2026-07-18T16:43:49.158674+09:00,SIGN,0.04,5647407,113.0,12.64,12.25,12.68,-3.09,902,손절-3.0%
2026-07-18T11:31:41.460855+09:00,2026-07-18T17:04:46.599360+09:00,H,0.00,7949215,105.0,49.08,47.6,49.67,-3.02,333,손절-3.0%
2026-07-17T17:11:37.702639+09:00,2026-07-18T17:11:38.889575+09:00,SOMI,0.17,3537505,12.6,144,144,147,+0.00,1440,타임아웃24h
2026-07-17T17:17:01.102478+09:00,2026-07-18T17:17:05.213464+09:00,CHIP,0.13,3928062,44.4,43.58,45,45.28,+3.26,1440,타임아웃24h
2026-07-18T15:38:56.100602+09:00,2026-07-18T17:24:01.161416+09:00,UP,0.22,5554539,217.8,90.3,87.5,91.97,-3.10,105,손절-3.0%
2026-07-17T17:33:10.491264+09:00,2026-07-18T17:33:23.712013+09:00,PYR,0.25,4694405,11.3,169,168,176,-0.59,1440,타임아웃24h
2026-07-17T17:36:45.747934+09:00,2026-07-18T17:37:00.367477+09:00,NEAR,0.23,17653612,77.7,2792,2834,2882,+1.50,1440,타임아웃24h
2026-07-18T17:20:44.530393+09:00,2026-07-18T17:40:39.310977+09:00,MLK,0.06,3383251,42.6,53.9,52.27,53.9,-3.02,20,손절-3.0%
2026-07-18T11:16:37.083846+09:00,2026-07-18T18:07:24.451114+09:00,LIT,0.30,9708250,88.8,3347,3243,3368,-3.11,411,손절-3.0%
2026-07-18T07:25:40.016490+09:00,2026-07-18T18:08:29.963452+09:00,ONDO,0.11,19186648,76.4,548,529,569,-3.47,643,손절-3.0%
2026-07-17T22:08:09.341448+09:00,2026-07-18T18:09:12.441216+09:00,GRASS,0.03,10938253,24.6,525,508,549,-3.24,1201,손절-3.0%
2026-07-18T12:52:58.719338+09:00,2026-07-18T18:10:18.013970+09:00,BILL,0.14,7358009,147.2,32.69,32.97,34.65,+0.86,317,트레일(고점+6.0%)
2026-07-18T18:08:50.885376+09:00,2026-07-18T18:18:33.894801+09:00,ONDO,0.11,19186648,76.4,529,513,531,-3.02,10,손절-3.0%
2026-07-17T18:43:35.861043+09:00,2026-07-18T18:43:50.778966+09:00,KAIA,0.28,3355490,33.6,49.17,48.55,50.2,-1.26,1440,타임아웃24h
2026-07-18T00:07:00.582854+09:00,2026-07-18T18:48:10.943561+09:00,PENGU,0.10,6569896,23.1,8.64,8.73,9.167,+1.04,1121,트레일(고점+6.1%)
2026-07-18T15:56:16.398214+09:00,2026-07-18T18:53:58.782286+09:00,ARX,0.12,4133442,57.5,223,216,223,-3.14,178,손절-3.0%
2026-07-18T13:34:04.379566+09:00,2026-07-18T19:57:51.237356+09:00,BONK,0.25,8126984,38.7,0.0052,0.005,0.0054,-3.85,384,손절-3.0%
2026-07-18T19:58:12.056123+09:00,2026-07-18T20:10:51.169093+09:00,BONK,0.25,8126984,38.7,0.0051,0.0049,0.0051,-3.92,13,손절-3.0%
2026-07-18T13:34:47.047385+09:00,2026-07-18T20:33:19.314988+09:00,SLX,0.25,5080743,12.0,162,157,166,-3.09,419,손절-3.0%
2026-07-18T09:36:11.347637+09:00,2026-07-18T21:09:17.010303+09:00,EDGE,0.00,3545548,150.7,94.36,91.51,94.41,-3.02,693,손절-3.0%
2026-07-18T19:00:28.821196+09:00,2026-07-18T21:21:39.639529+09:00,HPP,0.09,3493795,52.3,30.92,31.19,32.93,+0.87,141,트레일(고점+6.5%)
2026-07-17T22:45:42.420026+09:00,2026-07-18T21:27:05.668793+09:00,WLD,0.23,7460504,17.5,551,533,574,-3.27,1361,손절-3.0%
2026-07-18T16:33:47.104275+09:00,2026-07-18T21:29:39.829652+09:00,GWEI,0.25,5682106,12.2,43.48,45.71,47.91,+5.13,296,트레일(고점+10.2%)
2026-07-18T18:10:38.871228+09:00,2026-07-18T21:31:50.884395+09:00,BILL,0.14,7358009,147.2,32.9,34.56,36.28,+5.05,201,트레일(고점+10.3%)
2026-07-18T10:12:59.277657+09:00,2026-07-18T21:50:55.018723+09:00,B3,0.07,3580142,44.1,0.8208,0.7926,0.8304,-3.44,698,손절-3.0%
2026-07-17T22:00:39.494339+09:00,2026-07-18T22:00:58.877237+09:00,SHIB,0.00,4987531,16.6,0.0061,0.0062,0.0062,+1.64,1440,타임아웃24h
2026-07-17T22:07:26.628148+09:00,2026-07-18T22:07:27.306392+09:00,ID,0.03,7582614,32.0,48.71,49.61,50.83,+1.85,1440,타임아웃24h
2026-07-18T20:08:18.240556+09:00,2026-07-18T22:09:38.476317+09:00,TOSHI,0.18,11810141,40.9,0.1704,0.1755,0.1841,+2.99,121,트레일(고점+8.0%)
2026-07-17T22:13:52.087464+09:00,2026-07-18T22:14:00.039371+09:00,ENS,0.23,4005642,50.8,6650,6840,6935,+2.86,1440,타임아웃24h
2026-07-17T22:35:41.700814+09:00,2026-07-18T22:35:53.807788+09:00,BTC,0.01,3995723,21.3,9.2848e+07,9.4702e+07,9.4941e+07,+2.00,1440,타임아웃24h
2026-07-17T22:35:41.721178+09:00,2026-07-18T22:35:53.829374+09:00,JTO,0.27,6250940,20.4,800,800,835,+0.00,1440,타임아웃24h
2026-07-17T22:37:07.340546+09:00,2026-07-18T22:37:21.177466+09:00,YFI,0.11,4320173,118.7,3.01e+06,3.01e+06,3.053e+06,+0.00,1440,타임아웃24h
2026-07-17T22:39:37.401741+09:00,2026-07-18T22:39:54.190288+09:00,MEGA,0.13,10416656,26.7,64,65.56,66.05,+2.44,1440,타임아웃24h
2026-07-18T13:23:41.329727+09:00,2026-07-18T22:43:12.232923+09:00,THE,0.11,12156450,106.5,80.45,78.02,80.67,-3.02,560,손절-3.0%
2026-07-18T15:09:46.919338+09:00,2026-07-18T22:48:40.757896+09:00,RE,0.04,3700016,15.4,604,583,613,-3.48,459,손절-3.0%
2026-07-18T04:19:21.631114+09:00,2026-07-18T22:51:54.988332+09:00,OGN,0.15,3079123,16.0,25.59,24.82,25.83,-3.01,1113,손절-3.0%
2026-07-18T21:58:27.385426+09:00,2026-07-18T23:12:09.308439+09:00,BONK,0.25,8126984,38.7,0.0051,0.0049,0.0051,-3.92,74,손절-3.0%
2026-07-18T03:27:10.948326+09:00,2026-07-18T23:24:27.235355+09:00,XAN,0.20,5368987,103.3,16.34,17.42,18.26,+6.61,1197,트레일(고점+11.8%)
2026-07-17T23:36:24.130042+09:00,2026-07-18T23:36:34.999554+09:00,TRX,0.00,3548550,50.1,477,479,479,+0.42,1440,타임아웃24h
2026-07-18T17:30:51.928779+09:00,2026-07-18T23:49:29.452274+09:00,MANTRA,0.18,11706273,58.7,9.26,8.977,9.343,-3.06,379,손절-3.0%
2026-07-18T11:40:39.553388+09:00,2026-07-18T23:59:43.662655+09:00,EDGEX,0.21,4111272,8.5,625,637,676,+1.92,739,트레일(고점+8.2%)
2026-07-18T18:57:34.404270+09:00,2026-07-19T00:01:12.203742+09:00,EGG,0.04,3589073,46.9,0.72,0.6904,0.7472,-4.11,304,손절-3.0%
2026-07-18T13:30:51.181020+09:00,2026-07-19T00:01:33.523241+09:00,ALLO,0.25,6108865,24.0,563,664,695,+17.94,631,트레일(고점+23.4%)
2026-07-18T10:54:15.844149+09:00,2026-07-19T00:04:09.632496+09:00,OPG,0.15,6522208,31.1,154,149,154,-3.25,790,손절-3.0%
2026-07-18T14:30:28.432913+09:00,2026-07-19T00:07:46.999039+09:00,CUDIS,0.13,12470191,131.1,6.3,6.575,6.897,+4.37,577,트레일(고점+9.5%)
2026-07-18T23:24:48.727964+09:00,2026-07-19T00:09:57.462541+09:00,XAN,0.20,5368987,103.3,17.42,16.89,17.68,-3.04,45,손절-3.0%
2026-07-18T05:29:36.194028+09:00,2026-07-19T00:11:44.707068+09:00,D,0.10,4538621,13.3,3.413,3.443,3.63,+0.88,1122,트레일(고점+6.4%)
2026-07-18T14:46:56.842288+09:00,2026-07-19T00:12:06.916494+09:00,TRUMP,0.06,3754219,8.9,2388,2403,2529,+0.63,565,트레일(고점+5.9%)
2026-07-18T00:12:20.520459+09:00,2026-07-19T00:12:27.850143+09:00,BCH,0.09,5158210,35.7,317700,326500,327500,+2.77,1440,타임아웃24h
2026-07-18T21:30:00.438061+09:00,2026-07-19T00:14:39.273228+09:00,GWEI,0.25,5682106,12.2,45.4,43.96,47.03,-3.17,165,손절-3.0%
2026-07-18T00:15:11.002222+09:00,2026-07-19T00:15:21.404027+09:00,MAV,0.00,4413659,87.9,13.33,12.99,13.5,-2.55,1440,타임아웃24h
2026-07-18T15:55:33.218910+09:00,2026-07-19T00:21:50.300665+09:00,BASED,0.17,7457392,21.3,137,132,138,-3.65,506,손절-3.0%
2026-07-18T15:52:39.480212+09:00,2026-07-19T00:38:06.660286+09:00,STAT,0.08,3053406,30.5,35.73,34.62,37.37,-3.11,525,손절-3.0%
2026-07-18T13:37:40.425736+09:00,2026-07-19T00:45:41.485232+09:00,BLUR,0.12,4625730,47.3,22.79,22.53,24.04,-1.14,668,트레일(고점+5.5%)
2026-07-18T02:22:34.365286+09:00,2026-07-19T01:04:08.661108+09:00,MON,0.19,5625811,123.1,32.22,31.24,32.55,-3.04,1362,손절-3.0%
2026-07-19T01:08:50.080316+09:00,2026-07-19T01:14:38.151211+09:00,ES,0.04,3194753,197.5,33.52,31.5,34.25,-6.03,6,손절-3.0%
2026-07-18T22:40:38.013759+09:00,2026-07-19T01:33:32.055155+09:00,XEC,0.14,3876131,17.3,0.0141,0.0141,0.0149,+0.00,173,트레일(고점+5.7%)
2026-07-18T22:49:01.567838+09:00,2026-07-19T01:33:32.095152+09:00,RE,0.04,3700016,15.4,584,566,585,-3.08,165,손절-3.0%
2026-07-18T17:33:45.307890+09:00,2026-07-19T01:38:37.384128+09:00,PYR,0.25,4694405,11.3,170,163,172,-4.12,485,손절-3.0%
2026-07-18T21:32:11.913186+09:00,2026-07-19T01:45:30.475664+09:00,BILL,0.14,7358009,147.2,34.56,36.61,38.55,+5.93,253,트레일(고점+11.5%)
2026-07-18T02:40:52.895606+09:00,2026-07-19T01:54:10.332048+09:00,SPURS,0.26,3341029,14.3,220,213,224,-3.18,1393,손절-3.0%
2026-07-18T15:02:27.531396+09:00,2026-07-19T01:59:59.892849+09:00,HOME,0.28,4321761,37.8,10.39,10.74,11.3,+3.37,658,트레일(고점+8.8%)
2026-07-18T17:05:07.599589+09:00,2026-07-19T02:09:27.131032+09:00,H,0.00,7949215,105.0,47.6,46,48.49,-3.36,544,손절-3.0%
2026-07-18T02:19:20.306578+09:00,2026-07-19T02:19:38.171821+09:00,ETH,0.12,564433043,11288.7,2.724e+06,2.727e+06,2.733e+06,+0.11,1440,타임아웃24h
2026-07-19T01:45:51.069019+09:00,2026-07-19T02:25:06.900932+09:00,BILL,0.14,7358009,147.2,36.63,36.74,38.69,+0.30,39,트레일(고점+5.6%)
2026-07-18T02:26:53.843928+09:00,2026-07-19T02:26:54.495957+09:00,DEXE,0.27,3632056,21.5,50800,51700,53650,+1.77,1440,타임아웃24h
2026-07-18T02:28:19.669593+09:00,2026-07-19T02:28:21.927029+09:00,STABLE,0.18,6930893,22.5,52.74,52.41,53.27,-0.63,1440,타임아웃24h
2026-07-19T00:00:05.022718+09:00,2026-07-19T02:42:13.663787+09:00,EDGEX,0.21,4111272,8.5,633,611,647,-3.48,162,손절-3.0%
2026-07-18T12:43:38.959451+09:00,2026-07-19T02:51:55.784776+09:00,BOB,0.12,3984454,321.9,5.727,5.76,6.064,+0.58,848,트레일(고점+5.9%)
2026-07-18T02:56:18.732421+09:00,2026-07-19T02:56:34.971277+09:00,AI,0.09,3993154,46.0,33.99,34.14,35.43,+0.44,1440,타임아웃24h
2026-07-19T01:57:03.840512+09:00,2026-07-19T03:18:32.198920+09:00,ACE,0.23,3202837,10.8,105,101,105,-3.81,81,손절-3.0%
2026-07-18T16:21:56.304703+09:00,2026-07-19T03:43:48.828331+09:00,EDEN,0.10,3091799,41.4,61.74,59.87,61.74,-3.03,682,손절-3.0%
2026-07-19T00:14:59.780286+09:00,2026-07-19T04:19:56.104305+09:00,GWEI,0.25,5682106,12.2,44.04,44.31,46.96,+0.61,245,트레일(고점+6.6%)
2026-07-18T04:23:16.301986+09:00,2026-07-19T04:23:31.008852+09:00,ENSO,0.03,5379742,19.2,1055,1042,1066,-1.23,1440,타임아웃24h
2026-07-18T05:19:37.354773+09:00,2026-07-19T05:19:49.495550+09:00,ICNT,0.24,7603222,34.2,228,227,230,-0.44,1440,타임아웃24h
2026-07-19T03:45:57.958101+09:00,2026-07-19T05:32:39.657482+09:00,BILL,0.14,7358009,147.2,37.09,35.65,37.72,-3.88,107,손절-3.0%
2026-07-19T05:07:01.221370+09:00,2026-07-19T05:37:25.184341+09:00,ZBT,0.09,5529329,124.5,146,141,146,-3.42,30,손절-3.0%
2026-07-19T05:22:01.224531+09:00,2026-07-19T05:37:25.231881+09:00,ES,0.24,4504439,892.0,28.02,27.09,28.26,-3.32,15,손절-3.0%
2026-07-18T05:44:39.361722+09:00,2026-07-19T05:44:41.463518+09:00,XRP,0.12,17428884,670.4,1605,1613,1616,+0.50,1440,타임아웃24h
2026-07-18T05:44:39.380190+09:00,2026-07-19T05:44:41.480002+09:00,DOGE,0.00,3000000,15.0,107,107,108,+0.00,1440,타임아웃24h
2026-07-18T05:44:39.402294+09:00,2026-07-19T05:44:41.504045+09:00,HBAR,0.00,16038233,21.4,97.38,98.78,98.78,+1.44,1440,타임아웃24h
2026-07-18T06:21:29.466266+09:00,2026-07-19T06:21:39.448110+09:00,VERONA,0.14,3251049,11.8,179,177,183,-1.12,1440,타임아웃24h
2026-07-18T06:26:10.516045+09:00,2026-07-19T06:26:21.652174+09:00,SOL,0.21,12725414,127.6,110900,111300,111500,+0.36,1440,타임아웃24h
2026-07-19T05:27:51.817484+09:00,2026-07-19T06:27:28.114398+09:00,ACE,0.07,4543228,27.6,98.74,95.07,98.8,-3.72,60,손절-3.0%
2026-07-18T06:42:52.987799+09:00,2026-07-19T06:42:59.193472+09:00,SUI,0.06,8922025,45.8,1092,1092,1100,+0.00,1440,타임아웃24h
2026-07-19T06:44:47.777909+09:00,2026-07-19T07:02:11.620341+09:00,XEC,0.22,5585948,20.8,0.0133,0.0129,0.0133,-3.01,17,손절-3.0%
2026-07-18T07:05:15.147894+09:00,2026-07-19T07:05:25.086478+09:00,AGLD,0.00,7840024,57.1,229,231,238,+0.87,1440,타임아웃24h
2026-07-18T07:05:58.357244+09:00,2026-07-19T07:06:08.132810+09:00,MMT,0.22,4370000,14.6,251,267,272,+6.37,1440,타임아웃24h
2026-07-19T03:02:40.987271+09:00,2026-07-19T07:40:49.397106+09:00,HOME,0.04,12471773,85.1,10.51,10.18,10.75,-3.14,278,손절-3.0%
2026-07-18T07:42:39.207010+09:00,2026-07-19T07:42:58.960061+09:00,INJ,0.23,5769435,61.1,7450,7530,7640,+1.07,1440,타임아웃24h
2026-07-19T02:09:48.165119+09:00,2026-07-19T08:10:46.249467+09:00,H,0.00,7949215,105.0,46,49.06,51.5,+6.65,361,트레일(고점+12.0%)
2026-07-18T23:58:37.338709+09:00,2026-07-19T08:21:15.929246+09:00,BONK,0.25,8126984,38.7,0.005,0.005,0.0053,+0.00,503,트레일(고점+6.0%)
2026-07-18T08:23:33.318767+09:00,2026-07-19T08:23:46.671178+09:00,VIRTUAL,0.17,21647845,151.2,917,911,958,-0.65,1440,타임아웃24h
2026-07-18T08:23:54.636470+09:00,2026-07-19T08:24:08.347563+09:00,ADA,0.25,8250000,27.4,246,246,249,+0.00,1440,타임아웃24h
2026-07-18T08:25:20.265890+09:00,2026-07-19T08:25:35.091357+09:00,ALICE,0.12,3120893,18.1,168,171,174,+1.79,1440,타임아웃24h
2026-07-18T08:40:22.370721+09:00,2026-07-19T08:40:41.832748+09:00,MINA,0.23,3533901,68.2,66.44,66.11,67.59,-0.50,1440,타임아웃24h
2026-07-18T09:02:47.370034+09:00,2026-07-19T09:03:02.637830+09:00,XLM,0.17,24368064,406.1,274,276,280,+0.73,1440,타임아웃24h
2026-07-19T08:11:06.712108+09:00,2026-07-19T09:03:04.086415+09:00,H,0.00,7949215,105.0,49.95,48.35,51.78,-3.20,52,손절-3.0%
2026-07-18T19:26:40.264212+09:00,2026-07-19T09:07:44.266500+09:00,MLK,0.02,3431517,13.2,50.85,54.45,57.2,+7.08,821,트레일(고점+12.5%)
2026-07-18T09:15:13.773221+09:00,2026-07-19T09:15:17.917509+09:00,NEX,0.00,6000000,106.0,0.0024,0.0025,0.0025,+4.17,1440,타임아웃24h
2026-07-19T09:10:35.777616+09:00,2026-07-19T09:16:24.079705+09:00,FANC,0.23,4380429,25.9,1.272,1.102,1.272,-13.36,6,손절-3.0%
2026-07-19T09:15:39.479123+09:00,2026-07-19T09:19:16.487756+09:00,NEX,0.00,6000000,106.0,0.0025,0.0024,0.0025,-4.00,4,손절-3.0%
2026-07-19T08:36:22.666131+09:00,2026-07-19T09:34:02.493018+09:00,CUDIS,0.12,3148117,26.2,6.731,6.522,6.836,-3.11,58,손절-3.0%
2026-07-18T22:40:16.021227+09:00,2026-07-19T09:53:11.232678+09:00,MEGA,0.13,10416656,26.7,65.56,63.59,66.45,-3.00,673,손절-3.0%
2026-07-19T01:33:52.557142+09:00,2026-07-19T09:55:42.779258+09:00,RE,0.04,3700016,15.4,566,548,588,-3.18,502,손절-3.0%
2026-07-18T10:02:57.313644+09:00,2026-07-19T10:03:17.493254+09:00,LSK,0.00,7154851,75.7,123,125,125,+1.63,1440,타임아웃24h
2026-07-18T10:03:40.299908+09:00,2026-07-19T10:04:00.767375+09:00,FLOCK,0.07,5896499,24.0,47.48,46.09,47.86,-2.93,1440,타임아웃24h
2026-07-18T22:15:49.442576+09:00,2026-07-19T10:27:53.330008+09:00,TOSHI,0.25,3159672,63.8,0.1737,0.1684,0.1815,-3.05,732,손절-3.0%
2026-07-19T10:13:02.859792+09:00,2026-07-19T10:30:04.055357+09:00,ES,0.21,3821582,46.9,24.79,25,26.34,+0.85,17,트레일(고점+6.3%)
2026-07-19T08:20:31.895182+09:00,2026-07-19T10:43:23.034948+09:00,AZIT,0.16,3851256,119.8,3.568,3.807,3.999,+6.70,143,트레일(고점+12.1%)
2026-07-18T10:51:44.615044+09:00,2026-07-19T10:52:01.282526+09:00,GNO,0.27,4032033,60.5,166100,163400,166800,-1.63,1440,타임아웃24h
2026-07-18T22:07:48.964410+09:00,2026-07-19T10:53:27.972998+09:00,ID,0.03,7582614,32.0,49.61,48,49.78,-3.25,766,손절-3.0%
2026-07-18T11:14:05.965358+09:00,2026-07-19T11:14:16.067194+09:00,PEPE,0.00,23999999,23.1,0.0041,0.004,0.0041,-2.44,1440,타임아웃24h
2026-07-19T11:15:42.202425+09:00,2026-07-19T11:16:05.221875+09:00,NEX,0.00,6000000,106.0,0.0025,0.0024,0.0025,-4.00,0,손절-3.0%
2026-07-18T11:22:22.406254+09:00,2026-07-19T11:22:32.104970+09:00,ARPA,0.05,4237843,54.8,12.34,12.14,12.34,-1.62,1440,타임아웃24h
2026-07-18T11:44:14.937087+09:00,2026-07-19T11:44:18.232325+09:00,BOUNTY,0.10,3863771,386.4,21.3,21.39,21.55,+0.42,1440,타임아웃24h
2026-07-19T05:46:09.342956+09:00,2026-07-19T12:09:05.103105+09:00,BILL,0.14,7358009,147.2,35.76,39.53,41.79,+10.54,383,트레일(고점+16.9%)
2026-07-19T12:09:25.643317+09:00,2026-07-19T12:26:28.435747+09:00,BILL,0.14,7358009,147.2,39.64,38.24,39.82,-3.53,17,손절-3.0%
2026-07-18T12:38:02.740794+09:00,2026-07-19T12:38:04.747767+09:00,RPL,0.05,7819037,193.5,2582,2573,2631,-0.35,1440,타임아웃24h
2026-07-18T12:45:05.061747+09:00,2026-07-19T12:45:19.191218+09:00,TAIKO,0.17,5796552,13.6,168,167,171,-0.60,1440,타임아웃24h
2026-07-19T01:54:32.015251+09:00,2026-07-19T12:46:46.495836+09:00,SPURS,0.26,3341029,14.3,213,221,232,+3.76,652,트레일(고점+8.9%)
2026-07-18T22:01:20.377862+09:00,2026-07-19T12:51:48.799366+09:00,SHIB,0.00,4987531,16.6,0.0062,0.006,0.0062,-3.23,890,손절-3.0%
2026-07-19T00:01:54.793296+09:00,2026-07-19T12:59:23.810971+09:00,ALLO,0.25,6108865,24.0,664,635,674,-4.37,777,손절-3.0%
2026-07-19T04:20:16.552255+09:00,2026-07-19T13:25:27.629505+09:00,GWEI,0.25,5682106,12.2,44.31,45.12,47.36,+1.83,545,트레일(고점+6.9%)
2026-07-19T08:21:36.611291+09:00,2026-07-19T13:28:20.842814+09:00,BONK,0.25,8126984,38.7,0.005,0.0051,0.0054,+2.00,307,트레일(고점+8.0%)
2026-07-19T13:28:41.378364+09:00,2026-07-19T13:31:14.619381+09:00,BONK,0.25,8126984,38.7,0.0052,0.005,0.0052,-3.85,3,손절-3.0%
2026-07-18T13:38:01.752752+09:00,2026-07-19T13:38:05.186956+09:00,SAHARA,0.11,5577282,46.1,13.07,13.12,13.49,+0.38,1440,타임아웃24h
2026-07-18T13:39:27.160432+09:00,2026-07-19T13:39:31.988214+09:00,SOON,0.00,5180558,31.0,240,240,243,+0.00,1440,타임아웃24h
2026-07-18T13:56:12.939425+09:00,2026-07-19T13:56:32.438578+09:00,BLAST,0.00,5158485,153.9,0.4196,0.4238,0.44,+1.00,1440,타임아웃24h
2026-07-18T14:01:55.968485+09:00,2026-07-19T14:01:57.352545+09:00,ORBS,0.15,3121960,99.3,8.681,8.731,8.825,+0.58,1440,타임아웃24h
2026-07-18T21:09:38.135396+09:00,2026-07-19T14:01:57.748160+09:00,EDGE,0.00,3545548,150.7,91.51,101,106,+10.37,1012,트레일(고점+15.8%)
2026-07-18T14:15:31.170842+09:00,2026-07-19T14:15:39.865131+09:00,BEL,0.20,3547106,35.5,152,151,155,-0.66,1440,타임아웃24h
2026-07-19T14:02:18.992571+09:00,2026-07-19T14:20:24.526177+09:00,EDGE,0.00,3545548,150.7,106,112,121,+5.66,18,트레일(고점+14.2%)
2026-07-18T14:25:47.896027+09:00,2026-07-19T14:25:48.697329+09:00,SC,0.11,3958077,16.9,0.8802,0.8713,0.8883,-1.01,1440,타임아웃24h
2026-07-19T14:24:21.831432+09:00,2026-07-19T14:37:25.746928+09:00,FANC,0.14,4092000,13.4,1.027,0.9895,1.033,-3.65,13,손절-3.0%
2026-07-18T14:47:40.291108+09:00,2026-07-19T14:48:01.531229+09:00,HFT,0.04,3858441,92.5,12.45,12.75,12.9,+2.41,1440,타임아웃24h
2026-07-18T15:11:36.483974+09:00,2026-07-19T15:11:48.921071+09:00,CAP,0.07,3603801,36.0,26.26,28.14,28.28,+7.16,1440,타임아웃24h
2026-07-19T07:06:29.582022+09:00,2026-07-19T15:23:05.569517+09:00,MMT,0.22,4370000,14.6,267,258,267,-3.37,497,손절-3.0%
2026-07-18T15:31:59.230151+09:00,2026-07-19T15:32:08.882637+09:00,KAITO,0.11,4440610,8.1,1203,1305,1339,+8.48,1440,타임아웃24h
2026-07-19T12:45:40.858591+09:00,2026-07-19T15:35:26.146878+09:00,TAIKO,0.17,5796552,13.6,167,161,167,-3.59,170,손절-3.0%
2026-07-19T14:37:45.883118+09:00,2026-07-19T15:36:53.155438+09:00,TEMCO,0.17,4660717,93.2,0.5321,0.5293,0.5588,-0.53,59,트레일(고점+5.0%)
2026-07-19T02:27:16.353351+09:00,2026-07-19T15:49:13.163714+09:00,DEXE,0.00,3704654,11.1,51700,50000,53000,-3.29,802,손절-3.0%
2026-07-19T07:05:46.670728+09:00,2026-07-19T16:03:50.637859+09:00,AGLD,0.00,7840024,57.1,231,224,231,-3.03,538,손절-3.0%
2026-07-18T23:05:37.504547+09:00,2026-07-19T16:05:39.618046+09:00,BIRB,0.06,7918863,16.6,82.35,83.5,87.92,+1.40,1020,트레일(고점+6.8%)
2026-07-19T07:52:21.397328+09:00,2026-07-19T16:10:03.554979+09:00,HOME,0.04,4056701,45.7,10.17,11.57,12.08,+13.77,498,트레일(고점+18.8%)
2026-07-18T16:19:03.651222+09:00,2026-07-19T16:19:11.460768+09:00,PYTH,0.09,3560410,35.3,70,70.58,71.53,+0.83,1440,타임아웃24h
2026-07-18T16:20:51.700896+09:00,2026-07-19T16:21:01.216700+09:00,ENA,0.00,9725052,41.8,119,118,120,-0.84,1440,타임아웃24h
2026-07-18T16:23:21.959488+09:00,2026-07-19T16:23:34.351592+09:00,MPLX,0.14,5995466,64.5,38.1,38.36,39.54,+0.68,1440,타임아웃24h
2026-07-18T16:26:13.643479+09:00,2026-07-19T16:26:30.007265+09:00,IN,0.12,15387294,98.2,64.5,63.8,65.5,-1.09,1440,타임아웃24h
2026-07-19T16:02:22.102953+09:00,2026-07-19T16:30:10.192938+09:00,EDGE,0.00,3545548,150.7,98.59,95.15,99.92,-3.49,28,손절-3.0%
2026-07-19T16:06:01.069892+09:00,2026-07-19T16:33:06.452213+09:00,BIRB,0.06,7918863,16.6,83.5,80.72,83.5,-3.33,27,손절-3.0%
2026-07-19T15:28:52.007751+09:00,2026-07-19T16:40:25.235253+09:00,BONK,0.25,8126984,38.7,0.0051,0.0049,0.0051,-3.92,72,손절-3.0%
2026-07-18T16:44:10.395641+09:00,2026-07-19T16:44:24.420495+09:00,SIGN,0.04,5647407,113.0,12.25,12.39,12.41,+1.14,1440,타임아웃24h
2026-07-19T12:18:06.685633+09:00,2026-07-19T16:53:12.357421+09:00,MLK,0.15,3966859,69.9,51.82,50.2,52.08,-3.13,275,손절-3.0%
2026-07-18T17:12:00.568921+09:00,2026-07-19T17:12:12.481401+09:00,SOMI,0.17,3537505,12.6,144,144,146,+0.00,1440,타임아웃24h
2026-07-18T17:17:27.180569+09:00,2026-07-19T17:17:40.498431+09:00,CHIP,0.13,3928062,44.4,45,44.68,46.94,-0.71,1440,타임아웃24h
2026-07-19T00:04:30.758421+09:00,2026-07-19T17:19:08.457407+09:00,OPG,0.15,6522208,31.1,149,154,162,+3.36,1035,트레일(고점+8.7%)
2026-07-18T17:37:22.019115+09:00,2026-07-19T17:37:23.530678+09:00,NEAR,0.23,17653612,77.7,2834,2854,2867,+0.71,1440,타임아웃24h
2026-07-18T17:39:10.563294+09:00,2026-07-19T17:39:13.035755+09:00,UP,0.22,5554539,217.8,89.38,90.7,92,+1.48,1440,타임아웃24h
2026-07-19T12:47:07.278824+09:00,2026-07-19T17:51:39.832982+09:00,SPURS,0.26,3341029,14.3,220,213,224,-3.18,305,손절-3.0%
2026-07-18T18:07:45.228345+09:00,2026-07-19T18:08:03.602824+09:00,LIT,0.30,9708250,88.8,3243,3232,3314,-0.34,1440,타임아웃24h
2026-07-18T18:09:33.950284+09:00,2026-07-19T18:09:53.688212+09:00,GRASS,0.03,10938253,24.6,508,524,531,+3.15,1440,타임아웃24h
2026-07-19T08:21:58.211890+09:00,2026-07-19T18:11:01.399506+09:00,T,0.20,8937314,114.7,5.892,5.714,5.954,-3.02,589,손절-3.0%
2026-07-19T01:38:58.252985+09:00,2026-07-19T18:14:43.420812+09:00,PYR,0.25,4694405,11.3,163,169,178,+3.68,996,트레일(고점+9.2%)
2026-07-19T09:56:03.449339+09:00,2026-07-19T18:24:21.690695+09:00,RE,0.04,3700016,15.4,548,611,639,+11.50,508,트레일(고점+16.6%)
2026-07-19T12:45:40.878724+09:00,2026-07-19T18:24:44.065501+09:00,XEC,0.12,4326017,34.5,0.0124,0.012,0.013,-3.23,339,손절-3.0%
2026-07-18T18:44:12.625682+09:00,2026-07-19T18:44:23.720323+09:00,KAIA,0.28,3355490,33.6,48.54,48.38,48.77,-0.33,1440,타임아웃24h
2026-07-18T18:48:32.376417+09:00,2026-07-19T18:48:48.594953+09:00,PENGU,0.10,6569896,23.1,8.733,9.023,9.212,+3.32,1440,타임아웃24h
2026-07-18T18:52:09.023291+09:00,2026-07-19T18:52:27.618645+09:00,SENT,0.20,3191049,10.4,19.51,20.28,20.31,+3.95,1440,타임아웃24h
2026-07-19T17:32:58.728324+09:00,2026-07-19T18:53:56.801300+09:00,ZBT,0.18,8854961,90.8,145,140,147,-3.45,81,손절-3.0%
2026-07-18T18:54:19.366727+09:00,2026-07-19T18:54:39.048357+09:00,ARX,0.12,4133442,57.5,217,216,226,-0.46,1440,타임아웃24h
2026-07-18T19:15:22.809898+09:00,2026-07-19T19:15:23.600428+09:00,VVV,0.17,3787768,272.7,16790,17220,17500,+2.56,1440,타임아웃24h
2026-07-19T18:24:42.885749+09:00,2026-07-19T19:26:45.114887+09:00,RE,0.04,3700016,15.4,611,592,615,-3.11,62,손절-3.0%
2026-07-19T12:59:44.808061+09:00,2026-07-19T19:38:07.475511+09:00,ALLO,0.25,6108865,24.0,636,670,703,+5.35,398,트레일(고점+10.5%)
2026-07-19T11:03:51.411176+09:00,2026-07-19T19:43:16.862018+09:00,SKL,0.14,3193638,17.7,5.705,6.09,6.425,+6.75,519,트레일(고점+12.6%)
2026-07-19T19:35:31.694853+09:00,2026-07-19T20:06:47.774711+09:00,HOME,0.00,3163610,11.6,12.04,11.67,12.14,-3.07,31,손절-3.0%
2026-07-19T19:50:15.397155+09:00,2026-07-19T20:07:31.822895+09:00,TRAC,0.04,3656131,34.6,457,431,463,-5.69,17,손절-3.0%
2026-07-18T20:09:01.620325+09:00,2026-07-19T20:09:19.629808+09:00,ONDO,0.11,19186648,76.4,514,519,526,+0.97,1440,타임아웃24h
2026-07-19T19:43:38.057314+09:00,2026-07-19T20:24:46.344387+09:00,SKL,0.14,3193638,17.7,6.111,5.926,6.145,-3.03,41,손절-3.0%
2026-07-19T17:39:35.009883+09:00,2026-07-19T20:30:38.356205+09:00,UP,0.22,5554539,217.8,90.7,87.87,90.99,-3.12,171,손절-3.0%
2026-07-18T20:33:40.188761+09:00,2026-07-19T20:33:56.116871+09:00,SLX,0.25,5080743,12.0,158,156,165,-1.27,1440,타임아웃24h
2026-07-19T20:15:54.731933+09:00,2026-07-19T20:34:42.318856+09:00,G,0.28,5818009,53.9,5.66,5.488,5.741,-3.04,19,손절-3.0%
2026-07-19T19:38:28.615722+09:00,2026-07-19T21:25:47.895157+09:00,ALLO,0.25,6108865,24.0,671,649,673,-3.28,107,손절-3.0%
2026-07-18T21:27:27.638260+09:00,2026-07-19T21:27:36.734614+09:00,WLD,0.23,7460504,17.5,536,546,558,+1.87,1440,타임아웃24h
2026-07-19T14:09:31.629759+09:00,2026-07-19T21:39:17.684306+09:00,BILL,0.14,7358009,147.2,35.87,38.43,40.25,+7.14,450,트레일(고점+12.2%)
2026-07-18T22:18:22.644641+09:00,2026-07-19T22:18:38.485833+09:00,POKT,0.03,4536463,195.7,11.75,11.57,12,-1.53,1440,타임아웃24h
2026-07-19T15:32:30.766562+09:00,2026-07-19T22:27:00.598730+09:00,KAITO,0.11,4440610,8.1,1311,1350,1425,+2.97,414,트레일(고점+8.7%)
2026-07-18T22:36:15.653977+09:00,2026-07-19T22:36:26.783865+09:00,BTC,0.01,3995723,21.3,9.4702e+07,9.4864e+07,9.5611e+07,+0.17,1440,타임아웃24h
2026-07-18T22:36:15.672362+09:00,2026-07-19T22:36:26.812310+09:00,JTO,0.27,6250940,20.4,800,815,815,+1.88,1440,타임아웃24h
2026-07-18T22:37:43.077313+09:00,2026-07-19T22:37:54.116789+09:00,YFI,0.11,4320173,118.7,3.01e+06,3.121e+06,3.153e+06,+3.69,1440,타임아웃24h
2026-07-18T22:43:33.366089+09:00,2026-07-19T22:43:43.307833+09:00,THE,0.11,12156450,106.5,78.02,77.67,80.67,-0.45,1440,타임아웃24h
2026-07-18T22:52:16.542611+09:00,2026-07-19T22:52:27.758384+09:00,OGN,0.15,3079123,16.0,24.82,25.12,25.96,+1.21,1440,타임아웃24h
2026-07-19T22:27:21.391749+09:00,2026-07-19T23:01:37.028989+09:00,KAITO,0.11,4440610,8.1,1347,1303,1351,-3.27,34,손절-3.0%
2026-07-18T23:15:44.607143+09:00,2026-07-19T23:15:49.946563+09:00,ENS,0.20,3023730,64.4,6750,6715,6840,-0.52,1440,타임아웃24h
2026-07-19T15:49:34.391659+09:00,2026-07-19T23:24:16.829816+09:00,DEXE,0.00,3704654,11.1,50000,48420,50750,-3.16,455,손절-3.0%
2026-07-18T23:30:39.562132+09:00,2026-07-19T23:30:54.103134+09:00,TT,0.12,3431663,72.5,0.9217,0.9205,0.9567,-0.13,1440,타임아웃24h
2026-07-18T23:36:59.676677+09:00,2026-07-19T23:37:09.871508+09:00,TRX,0.00,3548550,50.1,479,482,483,+0.63,1440,타임아웃24h
2026-07-19T13:25:48.313949+09:00,2026-07-20T00:03:36.623556+09:00,GWEI,0.25,5682106,12.2,45.33,43.93,46.19,-3.09,638,손절-3.0%
2026-07-19T18:37:21.448866+09:00,2026-07-20T00:03:37.205962+09:00,FANC,0.20,5513780,128.2,0.9819,0.949,1.006,-3.35,326,손절-3.0%
2026-07-19T08:41:03.379830+09:00,2026-07-20T00:03:58.143090+09:00,MINA,0.23,3533901,68.2,66.11,64.09,66.11,-3.06,923,손절-3.0%
2026-07-19T16:23:56.190169+09:00,2026-07-20T00:05:25.513630+09:00,AZIT,0.29,3016141,101.8,3.547,3.44,3.68,-3.02,461,손절-3.0%
2026-07-19T22:13:06.936993+09:00,2026-07-20T00:05:47.768241+09:00,XPLA,0.01,3162799,10.5,7.022,7.305,7.689,+4.03,113,트레일(고점+9.5%)
2026-07-19T00:12:49.500891+09:00,2026-07-20T00:13:01.779544+09:00,BCH,0.09,5158210,35.7,326500,318100,326600,-2.57,1440,타임아웃24h
2026-07-19T00:13:11.144300+09:00,2026-07-20T00:13:23.416869+09:00,D,0.17,3246336,188.2,3.47,3.554,3.607,+2.42,1440,타임아웃24h
2026-07-19T18:26:33.697909+09:00,2026-07-20T00:14:29.826031+09:00,TEMCO,0.01,3875582,14.7,0.5028,0.4876,0.5202,-3.02,348,손절-3.0%
2026-07-19T00:18:36.365939+09:00,2026-07-20T00:18:49.565384+09:00,UNI,0.04,8253591,12.4,5175,5140,5250,-0.68,1440,타임아웃24h
2026-07-19T16:04:11.515886+09:00,2026-07-20T00:20:38.959112+09:00,AGLD,0.00,7840024,57.1,224,217,225,-3.12,496,손절-3.0%
2026-07-20T00:13:23.399888+09:00,2026-07-20T00:21:45.358257+09:00,XPLA,0.01,3162799,10.5,7.62,7.335,7.928,-3.74,8,손절-3.0%
2026-07-19T00:22:11.225667+09:00,2026-07-20T00:22:27.310594+09:00,BASED,0.17,7457392,21.3,131,135,138,+3.05,1440,타임아웃24h
2026-07-19T16:47:41.842191+09:00,2026-07-20T00:28:39.724754+09:00,HPP,0.14,3953072,33.0,25.24,31.91,33.31,+26.43,461,트레일(고점+32.0%)
2026-07-19T00:15:42.983661+09:00,2026-07-20T06:18:24.703041+09:00,MAV,0.00,4413659,87.9,12.99,12.72,13.15,-2.08,1803,타임아웃24h
2026-07-19T00:46:02.769932+09:00,2026-07-20T06:18:24.781141+09:00,BLUR,0.12,4625730,47.3,22.62,22.68,23.57,+0.27,1772,타임아웃24h
2026-07-19T01:04:30.474341+09:00,2026-07-20T06:18:24.824186+09:00,MON,0.19,5625811,123.1,31.24,30.77,31.52,-1.50,1754,타임아웃24h
2026-07-19T01:25:09.683726+09:00,2026-07-20T06:18:24.848374+09:00,XAN,0.20,5368987,103.3,16.88,17.67,18.15,+4.68,1733,타임아웃24h
2026-07-19T02:06:53.660356+09:00,2026-07-20T06:18:24.875361+09:00,RVN,0.22,5313822,64.8,5.563,5.532,5.617,-0.56,1692,타임아웃24h
2026-07-19T02:19:59.966441+09:00,2026-07-20T06:18:24.898617+09:00,ETH,0.12,564433043,11288.7,2.727e+06,2.744e+06,2.764e+06,+0.62,1678,타임아웃24h
2026-07-19T02:19:59.989305+09:00,2026-07-20T06:18:24.921601+09:00,TRUMP,0.14,3614422,19.2,2382,2385,2470,+0.13,1678,타임아웃24h
2026-07-19T02:42:34.115645+09:00,2026-07-20T06:18:24.943916+09:00,EDGEX,0.21,4111272,8.5,612,596,634,-2.61,1656,타임아웃24h
2026-07-19T02:56:56.643046+09:00,2026-07-20T06:18:24.972567+09:00,AI,0.09,3993154,46.0,34.14,34.16,35.58,+0.06,1641,타임아웃24h
2026-07-19T03:04:07.065329+09:00,2026-07-20T06:18:24.994275+09:00,PROMPT,0.17,3428322,617.2,28.3,28.41,28.72,+0.39,1634,타임아웃24h
2026-07-19T03:44:09.873007+09:00,2026-07-20T06:18:25.064895+09:00,EDEN,0.10,3091799,41.4,59.91,63.5,64.69,+5.99,1594,타임아웃24h
2026-07-19T04:23:52.622047+09:00,2026-07-20T06:18:25.090930+09:00,ENSO,0.03,5379742,19.2,1042,1026,1043,-1.54,1555,타임아웃24h
2026-07-19T05:20:11.383602+09:00,2026-07-20T06:18:25.122990+09:00,ICNT,0.24,7603222,34.2,227,249,249,+9.69,1498,타임아웃24h
2026-07-19T05:45:03.290594+09:00,2026-07-20T06:18:25.142380+09:00,XRP,0.12,17428884,670.4,1614,1613,1620,-0.06,1473,타임아웃24h
2026-07-19T05:45:03.311260+09:00,2026-07-20T06:18:25.162111+09:00,DOGE,0.00,3000000,15.0,107,106,108,-0.93,1473,타임아웃24h
2026-07-19T05:45:03.336883+09:00,2026-07-20T06:18:25.180728+09:00,HBAR,0.00,16038233,21.4,98.73,97.91,99.45,-0.83,1473,타임아웃24h
2026-07-19T14:48:45.327345+09:00,2026-07-20T06:18:25.886014+09:00,BICO,0.20,4190828,49.5,19.95,19.2,20.65,-3.76,930,손절-3.0%
2026-07-19T18:52:49.482797+09:00,2026-07-20T06:18:26.561315+09:00,SENT,0.20,3191049,10.4,20.28,19.67,20.5,-3.01,686,손절-3.0%
2026-07-19T21:39:38.768587+09:00,2026-07-20T06:18:26.778672+09:00,BILL,0.14,7358009,147.2,38.51,37.06,39.71,-3.77,519,손절-3.0%
2026-07-19T23:00:07.929530+09:00,2026-07-20T06:18:26.993527+09:00,HOME,0.18,10278141,109.3,11.85,11.18,12.23,-5.65,438,손절-3.0%
2026-07-20T00:03:57.739376+09:00,2026-07-20T06:18:27.145189+09:00,GWEI,0.25,5682106,12.2,43.87,42.51,43.87,-3.10,374,손절-3.0%
2026-07-20T00:11:12.811903+09:00,2026-07-20T06:18:27.196591+09:00,SOLV,0.04,5103788,79.0,3.964,3.781,4.015,-4.62,367,손절-3.0%
2026-07-19T06:22:01.191180+09:00,2026-07-20T06:22:13.288542+09:00,VERONA,0.14,3251049,11.8,177,177,179,+0.00,1440,타임아웃24h
2026-07-19T15:12:10.992414+09:00,2026-07-20T06:22:14.113359+09:00,CAP,0.07,3603801,36.0,28.14,27.24,28.45,-3.20,910,손절-3.0%
2026-07-19T06:26:43.238165+09:00,2026-07-20T06:27:00.668375+09:00,SOL,0.21,12725414,127.6,111300,111800,112700,+0.45,1440,타임아웃24h
2026-07-19T14:59:21.595339+09:00,2026-07-20T06:41:36.758455+09:00,F,0.18,3256409,20.3,4.722,4.545,4.79,-3.75,942,손절-3.0%
2026-07-19T06:43:20.819407+09:00,2026-07-20T06:43:31.160044+09:00,SUI,0.06,8922025,45.8,1092,1100,1114,+0.73,1440,타임아웃24h
2026-07-19T21:27:58.545298+09:00,2026-07-20T06:48:31.399874+09:00,WLD,0.23,7460504,17.5,546,529,549,-3.11,561,손절-3.0%
2026-07-19T16:26:51.843362+09:00,2026-07-20T06:56:13.948855+09:00,IN,0.12,15387294,98.2,63.8,61.77,64.9,-3.18,869,손절-3.0%
2026-07-20T06:18:47.909259+09:00,2026-07-20T07:03:56.635069+09:00,BILL,0.14,7358009,147.2,37.06,35.83,37.26,-3.32,45,손절-3.0%
2026-07-20T07:03:54.826036+09:00,2026-07-20T07:07:26.094416+09:00,HPP,0.09,8617797,53.5,31.56,32.06,33.68,+1.58,4,트레일(고점+6.7%)
2026-07-19T10:11:14.214355+09:00,2026-07-20T07:10:48.761028+09:00,H,0.00,7949215,105.0,47.8,48.85,51.4,+2.20,1260,트레일(고점+7.5%)
2026-07-19T09:15:17.904084+09:00,2026-07-20T07:13:49.044873+09:00,ACE,0.21,3585384,112.7,91.45,112,117,+22.47,1319,트레일(고점+27.9%)
2026-07-19T21:38:32.491716+09:00,2026-07-20T07:14:12.561200+09:00,ALLO,0.25,6108865,24.0,660,660,693,+0.00,576,트레일(고점+5.0%)
2026-07-19T23:14:44.179456+09:00,2026-07-20T07:17:12.894686+09:00,TRAC,0.17,3329623,13.0,449,447,473,-0.45,482,트레일(고점+5.3%)
2026-07-20T07:11:11.076607+09:00,2026-07-20T07:17:13.687851+09:00,H,0.00,7949215,105.0,49.64,47.79,49.66,-3.73,6,손절-3.0%
2026-07-20T06:34:41.886371+09:00,2026-07-20T07:32:32.452132+09:00,HOME,0.17,4804153,25.2,11.13,10.79,11.16,-3.05,58,손절-3.0%
2026-07-19T12:38:26.438296+09:00,2026-07-20T07:40:17.792821+09:00,RPL,0.05,7819037,193.5,2573,2642,2772,+2.68,1142,트레일(고점+7.7%)
2026-07-19T07:43:20.781319+09:00,2026-07-20T07:43:26.171559+09:00,INJ,0.23,5769435,61.1,7530,7495,7605,-0.46,1440,타임아웃24h
2026-07-19T21:57:05.881749+09:00,2026-07-20T08:03:56.049948+09:00,EGG,0.09,5031321,85.0,0.6845,0.6627,0.7039,-3.18,607,손절-3.0%
2026-07-19T23:47:50.135019+09:00,2026-07-20T08:04:19.277409+09:00,XEC,0.14,6773038,38.9,0.0123,0.0119,0.0126,-3.25,496,손절-3.0%
2026-07-19T13:39:53.606976+09:00,2026-07-20T08:08:29.776899+09:00,SOON,0.00,5180558,31.0,240,232,240,-3.33,1109,손절-3.0%
2026-07-20T06:18:48.108035+09:00,2026-07-20T08:11:37.848745+09:00,ICNT,0.24,7603222,34.2,249,241,253,-3.21,113,손절-3.0%
2026-07-19T08:24:08.327246+09:00,2026-07-20T08:24:28.410873+09:00,VIRTUAL,0.17,21647845,151.2,911,901,915,-1.10,1440,타임아웃24h
2026-07-19T08:24:29.956971+09:00,2026-07-20T08:24:51.007984+09:00,ADA,0.25,8250000,27.4,246,244,249,-0.81,1440,타임아웃24h
2026-07-19T08:25:56.817425+09:00,2026-07-20T08:25:58.771861+09:00,ALICE,0.12,3120893,18.1,171,175,177,+2.34,1440,타임아웃24h
2026-07-19T19:46:35.085219+09:00,2026-07-20T08:33:30.067610+09:00,CBK,0.01,5854242,117.1,266,278,313,+4.51,767,트레일(고점+17.7%)
2026-07-19T17:28:57.978961+09:00,2026-07-20T08:35:22.116915+09:00,BONK,0.25,8126984,38.7,0.005,0.0048,0.0051,-4.00,906,손절-3.0%
2026-07-19T21:43:43.387827+09:00,2026-07-20T08:39:31.006846+09:00,SKL,0.14,3193638,17.7,5.906,6.053,6.372,+2.49,656,트레일(고점+7.9%)
2026-07-20T00:22:49.022373+09:00,2026-07-20T08:43:16.834131+09:00,BASED,0.17,7457392,21.3,135,130,136,-3.70,500,손절-3.0%
2026-07-19T09:03:24.327298+09:00,2026-07-20T09:03:37.127825+09:00,XLM,0.17,24368064,406.1,277,277,283,+0.00,1440,타임아웃24h
2026-07-20T06:56:38.908154+09:00,2026-07-20T09:31:07.437474+09:00,IN,0.12,15387294,98.2,61.77,59.89,63,-3.04,154,손절-3.0%
2026-07-19T09:53:32.185397+09:00,2026-07-20T09:53:40.329505+09:00,MEGA,0.13,10416656,26.7,63.59,63.34,66,-0.39,1440,타임아웃24h
2026-07-19T14:20:01.217817+09:00,2026-07-20T09:54:48.277652+09:00,B3,0.00,6790454,41.4,0.7635,0.7886,0.8343,+3.29,1175,트레일(고점+9.3%)
2026-07-20T08:58:21.369472+09:00,2026-07-20T09:57:05.667830+09:00,CBK,0.28,3387086,118.8,282,272,294,-3.55,59,손절-3.0%
2026-07-19T10:03:39.178414+09:00,2026-07-20T10:03:51.875694+09:00,LSK,0.00,7154851,75.7,125,123,125,-1.60,1440,타임아웃24h
2026-07-19T18:15:05.085282+09:00,2026-07-20T10:05:45.991694+09:00,PYR,0.25,4694405,11.3,169,163,175,-3.55,951,손절-3.0%
2026-07-19T20:34:18.230821+09:00,2026-07-20T10:18:31.374764+09:00,SLX,0.25,5080743,12.0,156,150,157,-3.85,824,손절-3.0%
2026-07-19T10:19:12.084171+09:00,2026-07-20T10:19:15.520453+09:00,KAT,0.01,4286814,85.8,6.976,6.93,7.133,-0.66,1440,타임아웃24h
2026-07-19T20:24:44.468434+09:00,2026-07-20T10:20:46.489274+09:00,RE,0.04,3700016,15.4,582,564,582,-3.09,836,손절-3.0%
2026-07-20T08:59:28.969960+09:00,2026-07-20T10:37:08.387947+09:00,YB,0.17,5028179,18.6,134,137,144,+2.24,98,트레일(고점+7.5%)
2026-07-19T14:16:03.394335+09:00,2026-07-20T10:38:16.527871+09:00,BEL,0.20,3547106,35.5,151,146,153,-3.31,1222,손절-3.0%
2026-07-19T18:55:00.994751+09:00,2026-07-20T10:43:59.272715+09:00,ARX,0.12,4133442,57.5,216,209,218,-3.24,949,손절-3.0%
2026-07-19T13:56:54.061717+09:00,2026-07-20T10:51:33.097536+09:00,BLAST,0.25,3321495,73.9,0.4238,0.411,0.4238,-3.02,1255,손절-3.0%
2026-07-19T10:52:22.868676+09:00,2026-07-20T10:52:40.297917+09:00,GNO,0.27,4032033,60.5,163400,162700,165000,-0.43,1440,타임아웃24h
2026-07-20T06:18:48.072663+09:00,2026-07-20T10:53:26.684179+09:00,GWEI,0.25,5682106,12.2,42.51,41.2,42.75,-3.08,275,손절-3.0%
2026-07-19T10:53:48.876934+09:00,2026-07-20T10:54:10.440454+09:00,ID,0.03,7582614,32.0,48,47.11,48.82,-1.85,1440,타임아웃24h
2026-07-20T06:18:24.680294+09:00,2026-07-20T11:06:57.641609+09:00,XPLA,0.01,3162799,10.5,6.967,6.74,6.974,-3.26,289,손절-3.0%
2026-07-19T11:14:37.594325+09:00,2026-07-20T11:14:50.032635+09:00,PEPE,0.00,23999999,23.1,0.004,0.0042,0.0043,+5.00,1440,타임아웃24h
2026-07-19T18:44:46.094087+09:00,2026-07-20T11:21:15.205579+09:00,KAIA,0.28,3355490,33.6,48.38,46.83,48.6,-3.20,996,손절-3.0%
2026-07-19T11:22:53.599409+09:00,2026-07-20T11:23:06.973716+09:00,ARPA,0.05,4237843,54.8,12.14,11.95,12.14,-1.57,1440,타임아웃24h
2026-07-19T11:44:39.967199+09:00,2026-07-20T11:44:48.174448+09:00,BOUNTY,0.10,3863771,386.4,21.39,20.97,21.58,-1.96,1440,타임아웃24h
2026-07-20T11:21:37.149219+09:00,2026-07-20T12:26:06.698273+09:00,KAIA,0.28,3355490,33.6,46.87,45.42,47.28,-3.09,64,손절-3.0%
2026-07-19T12:52:09.885082+09:00,2026-07-20T12:52:18.894110+09:00,SHIB,0.00,4987531,16.6,0.006,0.0062,0.0062,+3.33,1440,타임아웃24h
2026-07-20T12:10:34.596274+09:00,2026-07-20T12:55:00.439424+09:00,ACE,0.15,4110056,39.1,140,143,150,+2.14,44,트레일(고점+7.1%)
2026-07-20T10:35:33.097398+09:00,2026-07-20T12:57:40.058902+09:00,PUMP,0.24,4337279,57.9,2.942,2.85,2.997,-3.13,142,손절-3.0%
2026-07-20T10:54:33.164542+09:00,2026-07-20T13:10:58.780781+09:00,ID,0.03,7582614,32.0,47.11,45.68,47.11,-3.04,136,손절-3.0%
2026-07-19T13:16:01.692068+09:00,2026-07-20T13:16:14.576795+09:00,NEX,0.00,6000000,106.0,0.0024,0.0024,0.0025,+0.00,1440,타임아웃24h
2026-07-20T06:18:48.381451+09:00,2026-07-20T13:24:12.503130+09:00,PROMPT,0.17,3428322,617.2,28.41,27.54,28.41,-3.06,425,손절-3.0%
2026-07-19T16:45:52.307692+09:00,2026-07-20T13:34:53.885232+09:00,TOSHI,0.09,3789975,37.9,0.165,0.16,0.1669,-3.03,1249,손절-3.0%
2026-07-19T13:38:26.980245+09:00,2026-07-20T13:38:47.378623+09:00,SAHARA,0.11,5577282,46.1,13.12,12.85,13.4,-2.06,1440,타임아웃24h
2026-07-19T17:19:29.975308+09:00,2026-07-20T13:42:40.735573+09:00,OPG,0.15,6522208,31.1,154,149,157,-3.25,1223,손절-3.0%
2026-07-19T16:48:03.740838+09:00,2026-07-20T13:56:02.107186+09:00,ALT,0.29,3241253,15.4,9.299,9.004,9.299,-3.17,1268,손절-3.0%
2026-07-19T17:18:02.402543+09:00,2026-07-20T13:57:55.432627+09:00,CHIP,0.13,3928062,44.4,44.68,43.17,45.31,-3.38,1240,손절-3.0%
2026-07-20T11:04:18.822774+09:00,2026-07-20T14:00:36.652287+09:00,YB,0.00,5102243,31.7,133,129,139,-3.01,176,손절-3.0%
2026-07-20T08:08:54.289546+09:00,2026-07-20T14:01:43.771122+09:00,SOON,0.00,5180558,31.0,232,225,236,-3.02,353,손절-3.0%
2026-07-20T09:54:47.990017+09:00,2026-07-20T14:02:06.686195+09:00,XEC,0.12,7459416,21.6,0.0115,0.0116,0.0122,+0.87,247,트레일(고점+6.1%)
2026-07-19T14:02:19.008559+09:00,2026-07-20T14:02:27.683960+09:00,ORBS,0.15,3121960,99.3,8.731,8.661,8.887,-0.80,1440,타임아웃24h
2026-07-20T08:18:48.703217+09:00,2026-07-20T14:02:51.710556+09:00,ICNT,0.24,7603222,34.2,244,263,277,+7.79,344,트레일(고점+13.5%)
2026-07-19T17:09:17.196092+09:00,2026-07-20T14:06:37.102934+09:00,MLK,0.23,4003174,20.7,50.66,49.11,50.75,-3.06,1257,손절-3.0%
2026-07-19T15:35:46.564807+09:00,2026-07-20T14:07:46.610857+09:00,TAIKO,0.17,5796552,13.6,161,156,169,-3.11,1352,손절-3.0%
2026-07-19T18:06:13.722687+09:00,2026-07-20T14:09:17.056369+09:00,BIRB,0.06,7918863,16.6,80.38,77.5,82.52,-3.58,1203,손절-3.0%
2026-07-20T07:27:21.774701+09:00,2026-07-20T14:09:18.076364+09:00,TRAC,0.28,3045932,24.2,452,558,588,+23.45,402,트레일(고점+30.1%)
2026-07-20T00:27:33.360519+09:00,2026-07-20T14:11:10.888801+09:00,KAITO,0.11,4440610,8.1,1391,1345,1448,-3.31,824,손절-3.0%
2026-07-19T20:09:41.487504+09:00,2026-07-20T14:12:18.111544+09:00,ONDO,0.11,19186648,76.4,519,502,524,-3.28,1083,손절-3.0%
2026-07-19T16:42:12.766993+09:00,2026-07-20T14:12:40.456279+09:00,NEO,0.20,3099416,27.8,3007,2912,3090,-3.16,1290,손절-3.0%
2026-07-20T08:39:52.425416+09:00,2026-07-20T14:12:41.657462+09:00,SKL,0.14,3193638,17.7,6.044,5.86,6.115,-3.04,333,손절-3.0%
2026-07-19T22:44:05.019381+09:00,2026-07-20T14:13:03.466240+09:00,THE,0.11,12156450,106.5,77.67,75.11,77.89,-3.30,929,손절-3.0%
2026-07-19T22:52:49.664584+09:00,2026-07-20T14:13:26.196903+09:00,OGN,0.15,3079123,16.0,25.12,24.3,25.18,-3.26,921,손절-3.0%
2026-07-19T17:12:34.470773+09:00,2026-07-20T14:13:48.520549+09:00,SOMI,0.17,3537505,12.6,144,139,144,-3.47,1261,손절-3.0%
2026-07-20T14:05:29.216113+09:00,2026-07-20T14:14:12.881439+09:00,YB,0.18,11952901,79.7,130,126,130,-3.08,9,손절-3.0%
2026-07-20T14:03:13.005245+09:00,2026-07-20T14:19:28.869738+09:00,ICNT,0.24,7603222,34.2,258,248,260,-3.88,16,손절-3.0%
2026-07-20T14:08:09.078807+09:00,2026-07-20T14:19:28.902637+09:00,TAIKO,0.17,5796552,13.6,157,152,157,-3.18,11,손절-3.0%
2026-07-19T14:20:22.956185+09:00,2026-07-20T14:20:36.904549+09:00,ARB,0.25,5558317,10.8,129,127,132,-1.55,1440,타임아웃24h
2026-07-20T06:18:47.866322+09:00,2026-07-20T14:23:38.655462+09:00,BLUR,0.12,4625730,47.3,22.68,21.99,22.7,-3.04,485,손절-3.0%
2026-07-20T09:31:28.267748+09:00,2026-07-20T14:25:55.239583+09:00,IN,0.12,15387294,98.2,59.89,58.07,60.98,-3.04,294,손절-3.0%
2026-07-19T14:26:10.349483+09:00,2026-07-20T14:26:16.664437+09:00,SC,0.11,3958077,16.9,0.8713,0.852,0.8797,-2.22,1440,타임아웃24h
2026-07-20T12:52:41.541316+09:00,2026-07-20T14:27:03.798633+09:00,SHIB,0.00,4987531,16.6,0.0062,0.006,0.0062,-3.23,94,손절-3.0%
2026-07-20T08:26:21.542208+09:00,2026-07-20T14:40:02.904202+09:00,ALICE,0.12,3120893,18.1,175,169,179,-3.43,374,손절-3.0%
2026-07-19T14:48:23.369750+09:00,2026-07-20T14:48:23.850620+09:00,HFT,0.04,3858441,92.5,12.75,12.57,13.09,-1.41,1440,타임아웃24h
2026-07-20T07:16:04.026864+09:00,2026-07-20T14:51:47.964557+09:00,ZBT,0.00,10904495,276.1,137,132,140,-3.65,456,손절-3.0%
2026-07-20T10:06:07.681030+09:00,2026-07-20T15:21:49.156823+09:00,PYR,0.25,4694405,11.3,165,160,166,-3.03,316,손절-3.0%
2026-07-19T15:23:26.514615+09:00,2026-07-20T15:23:40.525760+09:00,MMT,0.22,4370000,14.6,258,254,268,-1.55,1440,타임아웃24h
2026-07-20T15:11:41.096730+09:00,2026-07-20T15:28:13.199813+09:00,B3,0.04,3791612,244.3,0.7625,0.7706,0.81,+1.06,17,트레일(고점+6.2%)
2026-07-20T06:18:47.792880+09:00,2026-07-20T15:32:41.556937+09:00,XAN,0.20,5368987,103.3,17.67,17.85,18.85,+1.02,554,트레일(고점+6.7%)
2026-07-20T08:24:50.966357+09:00,2026-07-20T15:33:27.147883+09:00,VIRTUAL,0.17,21647845,151.2,902,874,913,-3.10,429,손절-3.0%
2026-07-20T00:19:11.240258+09:00,2026-07-20T15:33:49.165959+09:00,UNI,0.04,8253591,12.4,5140,4980,5195,-3.11,915,손절-3.0%
2026-07-20T08:25:13.721146+09:00,2026-07-20T15:35:19.474206+09:00,ADA,0.25,8250000,27.4,244,236,247,-3.28,430,손절-3.0%
2026-07-20T12:26:49.799869+09:00,2026-07-20T15:46:49.320697+09:00,CSPR,0.01,3447190,17.4,2.782,2.688,2.788,-3.38,200,손절-3.0%
2026-07-20T08:18:48.667106+09:00,2026-07-20T15:51:24.503413+09:00,BILL,0.14,7358009,147.2,35.61,34.47,37.17,-3.20,453,손절-3.0%
2026-07-20T10:44:21.862341+09:00,2026-07-20T15:59:02.876362+09:00,ARX,0.12,4133442,57.5,209,223,234,+6.70,315,트레일(고점+12.0%)
2026-07-19T18:08:25.595589+09:00,2026-07-20T16:02:32.200224+09:00,LIT,0.30,9708250,88.8,3232,3120,3298,-3.47,1314,손절-3.0%
2026-07-19T16:19:33.405765+09:00,2026-07-20T16:19:39.187019+09:00,PYTH,0.09,3560410,35.3,70.58,72.84,72.9,+3.20,1440,타임아웃24h
2026-07-19T16:21:23.098497+09:00,2026-07-20T16:21:33.367913+09:00,ENA,0.00,9725052,41.8,118,116,120,-1.69,1440,타임아웃24h
2026-07-19T16:23:56.171930+09:00,2026-07-20T16:24:13.697053+09:00,MPLX,0.14,5995466,64.5,38.36,38.17,39.1,-0.50,1440,타임아웃24h
2026-07-20T16:13:04.071808+09:00,2026-07-20T16:36:38.539894+09:00,TRAC,0.17,3942013,12.2,461,447,462,-3.04,24,손절-3.0%
2026-07-19T16:44:46.405562+09:00,2026-07-20T16:45:12.275492+09:00,SIGN,0.04,5647407,113.0,12.39,12.23,12.39,-1.29,1440,타임아웃24h
2026-07-20T14:02:50.432233+09:00,2026-07-20T16:58:32.597203+09:00,ORBS,0.15,3121960,99.3,8.661,8.369,8.661,-3.37,176,손절-3.0%
2026-07-20T11:45:10.489225+09:00,2026-07-20T17:11:44.421246+09:00,BOUNTY,0.10,3863771,386.4,20.97,20.33,21.27,-3.05,327,손절-3.0%
2026-07-19T17:52:00.555242+09:00,2026-07-20T17:15:35.457661+09:00,SPURS,0.26,3341029,14.3,214,207,218,-3.27,1404,손절-3.0%
2026-07-20T15:22:10.471708+09:00,2026-07-20T17:19:33.468303+09:00,PYR,0.25,4694405,11.3,160,175,184,+9.38,117,트레일(고점+15.0%)
2026-07-20T10:21:08.122179+09:00,2026-07-20T17:23:51.447961+09:00,RE,0.04,3700016,15.4,564,547,566,-3.01,423,손절-3.0%
2026-07-20T17:22:15.175156+09:00,2026-07-20T17:25:03.612686+09:00,PYR,0.25,4694405,11.3,177,171,179,-3.39,3,손절-3.0%
2026-07-19T17:37:45.490343+09:00,2026-07-20T17:38:08.161378+09:00,NEAR,0.23,17653612,77.7,2854,2820,2865,-1.19,1440,타임아웃24h
2026-07-19T22:36:48.523228+09:00,2026-07-20T17:38:08.282154+09:00,JTO,0.27,6250940,20.4,815,852,893,+4.54,1141,트레일(고점+9.6%)
2026-07-20T14:40:24.264744+09:00,2026-07-20T17:44:05.637519+09:00,ALICE,0.12,3120893,18.1,169,209,218,+23.67,184,트레일(고점+29.0%)
2026-07-20T17:44:26.918571+09:00,2026-07-20T17:49:37.332135+09:00,ALICE,0.12,3120893,18.1,209,202,209,-3.35,5,손절-3.0%
2026-07-20T15:47:10.672560+09:00,2026-07-20T17:54:17.745218+09:00,CSPR,0.01,3447190,17.4,2.687,2.6,2.687,-3.24,127,손절-3.0%
2026-07-19T23:24:37.870357+09:00,2026-07-20T17:57:31.701803+09:00,DEXE,0.00,3704654,11.1,48420,49120,51600,+1.45,1113,트레일(고점+6.6%)
2026-07-19T18:02:35.060081+09:00,2026-07-20T18:02:39.985902+09:00,EDGE,0.00,3545548,150.7,96.4,94.91,101,-1.55,1440,타임아웃24h
2026-07-19T18:10:15.687648+09:00,2026-07-20T18:10:35.230342+09:00,GRASS,0.03,10938253,24.6,524,517,530,-1.34,1440,타임아웃24h
2026-07-19T22:38:15.839210+09:00,2026-07-20T18:11:47.176797+09:00,YFI,0.11,4320173,118.7,3.121e+06,3.024e+06,3.132e+06,-3.11,1174,손절-3.0%
2026-07-19T18:49:10.500769+09:00,2026-07-20T18:49:23.735674+09:00,PENGU,0.10,6569896,23.1,9.023,9.175,9.234,+1.68,1440,타임아웃24h
2026-07-20T17:22:15.245021+09:00,2026-07-20T18:52:19.668175+09:00,YB,0.14,3395222,24.7,124,120,126,-3.23,90,손절-3.0%
2026-07-20T16:03:18.031869+09:00,2026-07-20T19:07:34.320822+09:00,ICNT,0.24,7603222,34.2,248,240,255,-3.23,184,손절-3.0%
2026-07-20T16:24:36.602315+09:00,2026-07-20T19:15:16.488809+09:00,MPLX,0.14,5995466,64.5,38.17,36.58,38.6,-4.17,171,손절-3.0%
2026-07-20T14:13:03.046532+09:00,2026-07-20T19:33:28.461906+09:00,SKL,0.14,3193638,17.7,5.86,5.669,5.899,-3.26,320,손절-3.0%
2026-07-20T17:54:38.740454+09:00,2026-07-20T19:38:14.767005+09:00,CSPR,0.01,3447190,17.4,2.6,2.506,2.647,-3.62,104,손절-3.0%
2026-07-20T16:08:26.666108+09:00,2026-07-20T19:45:29.999842+09:00,TAIKO,0.17,5796552,13.6,151,146,153,-3.31,217,손절-3.0%
2026-07-20T19:44:43.413939+09:00,2026-07-20T20:00:07.843223+09:00,ALICE,0.12,3120893,18.1,204,197,204,-3.43,15,손절-3.0%
2026-07-20T17:45:15.480421+09:00,2026-07-20T20:02:00.567237+09:00,PUMP,0.26,4045211,27.0,2.876,2.785,2.927,-3.16,137,손절-3.0%
2026-07-20T06:22:40.254230+09:00,2026-07-20T20:21:35.938002+09:00,CAP,0.07,3603801,36.0,27.24,29.32,30.78,+7.64,839,트레일(고점+13.0%)
2026-07-20T18:15:24.763914+09:00,2026-07-20T20:26:32.341302+09:00,CBK,0.22,3075017,15.3,269,260,272,-3.35,131,손절-3.0%
2026-07-19T20:30:58.775904+09:00,2026-07-20T20:31:02.081194+09:00,UP,0.22,5554539,217.8,87.87,89.23,90.99,+1.55,1440,타임아웃24h
2026-07-20T19:54:50.611651+09:00,2026-07-20T21:29:34.041010+09:00,CSPR,0.01,3447190,17.4,2.5,2.422,2.523,-3.12,95,손절-3.0%
2026-07-20T21:23:02.586708+09:00,2026-07-20T21:34:12.045313+09:00,ZIL,0.27,3318511,16.6,4.649,4.645,4.89,-0.09,11,트레일(고점+5.2%)
2026-07-20T15:33:03.633801+09:00,2026-07-20T21:44:45.167339+09:00,XAN,0.20,5368987,103.3,17.72,19.81,20.7,+11.79,372,트레일(고점+16.8%)
2026-07-20T16:20:02.103933+09:00,2026-07-20T22:01:47.310545+09:00,PYTH,0.09,3560410,35.3,72.84,70.54,72.99,-3.16,342,손절-3.0%
2026-07-20T21:44:43.653358+09:00,2026-07-20T22:10:48.143651+09:00,ALICE,0.12,3120893,18.1,193,187,194,-3.11,26,손절-3.0%
2026-07-20T20:31:24.641828+09:00,2026-07-20T22:14:34.912652+09:00,UP,0.22,5554539,217.8,89.23,86.46,89.23,-3.10,103,손절-3.0%
2026-07-20T17:24:13.693262+09:00,2026-07-20T22:17:11.813215+09:00,RE,0.04,3700016,15.4,547,530,556,-3.11,293,손절-3.0%
2026-07-20T10:38:51.206124+09:00,2026-07-20T22:23:11.348748+09:00,BEL,0.20,3547106,35.5,148,151,159,+2.03,704,트레일(고점+7.4%)
2026-07-20T14:30:02.159614+09:00,2026-07-20T22:32:13.577885+09:00,HOME,0.28,3542073,38.9,11.02,11.3,11.88,+2.54,482,트레일(고점+7.8%)
2026-07-20T13:55:16.711986+09:00,2026-07-20T22:36:02.020765+09:00,HPP,0.06,3391915,96.4,27.23,26.99,28.7,-0.88,521,트레일(고점+5.4%)
2026-07-19T22:36:48.506538+09:00,2026-07-20T22:36:52.813239+09:00,BTC,0.01,3995723,21.3,9.4871e+07,9.4898e+07,9.5657e+07,+0.03,1440,타임아웃24h
2026-07-20T18:58:29.658360+09:00,2026-07-20T22:45:52.303509+09:00,HEMI,0.21,3156057,77.8,7.22,7.723,8.134,+6.97,227,트레일(고점+12.7%)
2026-07-20T14:24:45.850226+09:00,2026-07-20T22:47:43.428526+09:00,XEC,0.14,3481734,12.2,0.0116,0.0112,0.0119,-3.45,503,손절-3.0%
2026-07-20T22:41:43.371189+09:00,2026-07-20T22:49:08.193072+09:00,ACE,0.23,10103985,22.1,179,173,179,-3.35,7,손절-3.0%
2026-07-20T08:43:38.020345+09:00,2026-07-20T22:55:46.272607+09:00,BASED,0.17,7457392,21.3,131,125,136,-4.58,852,손절-3.0%
2026-07-20T10:51:55.443940+09:00,2026-07-20T23:01:50.015319+09:00,BLAST,0.25,3321495,73.9,0.411,0.398,0.415,-3.16,730,손절-3.0%
2026-07-19T23:31:16.497083+09:00,2026-07-20T23:31:33.256823+09:00,TT,0.12,3431663,72.5,0.9205,0.9099,0.9323,-1.15,1440,타임아웃24h
2026-07-20T15:04:35.365444+09:00,2026-07-20T23:31:56.938362+09:00,G,0.22,7445583,68.6,4.861,4.71,4.92,-3.11,507,손절-3.0%
2026-07-20T14:11:32.716197+09:00,2026-07-20T23:34:11.744234+09:00,KAITO,0.11,4440610,8.1,1351,1372,1440,+1.55,563,트레일(고점+6.6%)
2026-07-19T23:37:32.090002+09:00,2026-07-20T23:37:36.669255+09:00,TRX,0.00,3548550,50.1,482,479,482,-0.62,1440,타임아웃24h
2026-07-20T22:51:44.997584+09:00,2026-07-21T00:06:29.852666+09:00,HEMI,0.26,3101337,11.7,7.55,7.834,8.223,+3.76,75,트레일(고점+8.9%)
2026-07-20T22:11:08.379351+09:00,2026-07-21T00:09:33.463428+09:00,ALICE,0.12,3120893,18.1,187,181,188,-3.21,118,손절-3.0%
2026-07-20T00:13:23.381533+09:00,2026-07-21T00:13:40.343793+09:00,BCH,0.09,5158210,35.7,318000,317000,319400,-0.31,1440,타임아웃24h
2026-07-20T19:45:50.905942+09:00,2026-07-21T00:14:06.318092+09:00,TAIKO,0.17,5796552,13.6,146,148,157,+1.37,268,트레일(고점+7.5%)
2026-07-20T19:22:35.319695+09:00,2026-07-21T00:20:32.494312+09:00,PYR,0.25,4694405,11.3,171,165,175,-3.51,298,손절-3.0%
2026-07-20T00:21:00.136999+09:00,2026-07-21T00:21:16.147064+09:00,AGLD,0.00,7840024,57.1,217,222,223,+2.30,1440,타임아웃24h
2026-07-20T23:39:31.165817+09:00,2026-07-21T00:35:07.059308+09:00,ZIL,0.09,3191999,90.9,4.433,4.283,4.595,-3.38,56,손절-3.0%
2026-07-20T06:22:40.303567+09:00,2026-07-21T01:02:03.943959+09:00,VERONA,0.14,3251049,11.8,177,171,177,-3.39,1119,손절-3.0%
2026-07-20T15:59:24.414209+09:00,2026-07-21T01:22:14.043118+09:00,ARX,0.12,4133442,57.5,224,229,241,+2.23,563,트레일(고점+7.6%)
2026-07-21T00:14:27.033523+09:00,2026-07-21T01:54:14.082334+09:00,TAIKO,0.17,5796552,13.6,148,143,152,-3.38,100,손절-3.0%
2026-07-20T23:27:00.308412+09:00,2026-07-21T02:01:08.465564+09:00,HOME,0.19,3523071,36.1,11.22,10.82,11.25,-3.57,154,손절-3.0%
2026-07-20T20:21:58.147396+09:00,2026-07-21T03:16:59.756523+09:00,CAP,0.07,3603801,36.0,29.56,29.95,31.55,+1.32,415,트레일(고점+6.7%)
2026-07-20T00:04:19.390956+09:00,2026-07-21T03:21:26.272104+09:00,MINA,0.23,3533901,68.2,64.15,65.73,65.73,+2.46,1637,타임아웃24h
2026-07-21T03:18:49.364088+09:00,2026-07-21T04:00:33.335885+09:00,HEMI,0.16,3710393,71.5,8.5,8.234,8.559,-3.13,42,손절-3.0%
2026-07-20T07:14:33.957276+09:00,2026-07-21T04:03:34.004293+09:00,ALLO,0.25,6108865,24.0,662,683,717,+3.17,1249,트레일(고점+8.3%)
2026-07-21T03:17:20.452169+09:00,2026-07-21T04:15:49.077168+09:00,CAP,0.07,3603801,36.0,29.95,28.97,30.01,-3.27,58,손절-3.0%
2026-07-20T21:51:50.923078+09:00,2026-07-21T04:19:34.430520+09:00,CSPR,0.01,3447190,17.4,2.386,2.466,2.601,+3.35,388,트레일(고점+9.0%)
2026-07-20T15:51:46.254145+09:00,2026-07-21T04:21:26.735142+09:00,BILL,0.14,7358009,147.2,34.58,35.33,37.06,+2.17,750,트레일(고점+7.2%)
2026-07-21T04:40:03.305772+09:00,2026-07-21T04:53:44.980515+09:00,CAMP,0.21,5613977,48.2,0.8078,0.7832,0.81,-3.05,14,손절-3.0%
2026-07-20T22:02:08.066984+09:00,2026-07-21T05:13:40.836077+09:00,PYTH,0.09,3560410,35.3,70.54,68.42,71.12,-3.01,432,손절-3.0%
2026-07-20T14:13:25.676995+09:00,2026-07-21T05:48:39.693738+09:00,THE,0.11,12156450,106.5,75,81.18,85.21,+8.24,935,트레일(고점+13.6%)
2026-07-20T06:18:47.729678+09:00,2026-07-21T06:19:01.820703+09:00,ETH,0.12,564433043,11288.7,2.744e+06,2.785e+06,2.799e+06,+1.49,1440,타임아웃24h
2026-07-20T06:18:47.759116+09:00,2026-07-21T06:19:01.837923+09:00,XRP,0.12,17428884,670.4,1613,1631,1635,+1.12,1440,타임아웃24h
2026-07-20T06:18:47.829638+09:00,2026-07-21T06:19:01.854959+09:00,MON,0.19,5625811,123.1,30.77,33.98,33.98,+10.43,1440,타임아웃24h
2026-07-20T06:18:47.955449+09:00,2026-07-21T06:19:01.903538+09:00,EDGEX,0.21,4111272,8.5,596,605,621,+1.51,1440,타임아웃24h
2026-07-20T06:18:47.997723+09:00,2026-07-21T06:19:01.934238+09:00,DOGE,0.00,3000000,15.0,106,106,108,+0.00,1440,타임아웃24h
2026-07-20T06:18:48.036542+09:00,2026-07-21T06:19:01.956435+09:00,HBAR,0.00,16038233,21.4,97.91,97.2,98.4,-0.73,1440,타임아웃24h
2026-07-20T06:18:48.148087+09:00,2026-07-21T06:19:01.982447+09:00,AI,0.09,3993154,46.0,34.16,34.3,34.78,+0.41,1440,타임아웃24h
2026-07-20T06:18:48.199704+09:00,2026-07-21T06:19:02.002764+09:00,ENSO,0.03,5379742,19.2,1026,1079,1096,+5.17,1440,타임아웃24h
2026-07-20T06:18:48.239871+09:00,2026-07-21T06:19:02.025988+09:00,MAV,0.00,4413659,87.9,12.72,12.73,12.85,+0.08,1440,타임아웃24h
2026-07-20T06:18:48.274544+09:00,2026-07-21T06:19:02.044297+09:00,EDEN,0.10,3091799,41.4,63.5,62.58,64,-1.45,1440,타임아웃24h
2026-07-20T06:18:48.314364+09:00,2026-07-21T06:19:02.066784+09:00,SENT,0.20,3191049,10.4,19.67,20.04,20.16,+1.88,1440,타임아웃24h
2026-07-20T06:18:48.345652+09:00,2026-07-21T06:19:02.087963+09:00,RVN,0.22,5313822,64.8,5.532,5.56,5.6,+0.51,1440,타임아웃24h
2026-07-20T06:18:48.419498+09:00,2026-07-21T06:19:02.106116+09:00,BICO,0.20,4190828,49.5,19.2,19.75,20.13,+2.86,1440,타임아웃24h
2026-07-20T06:27:23.699158+09:00,2026-07-21T06:27:23.762111+09:00,SOL,0.21,12725414,127.6,111800,113800,114400,+1.79,1440,타임아웃24h
2026-07-20T15:16:55.315974+09:00,2026-07-21T06:29:17.209859+09:00,PARTI,0.00,3060096,17.1,41.56,42.56,44.73,+2.41,912,트레일(고점+7.6%)
2026-07-21T01:59:02.410500+09:00,2026-07-21T06:32:39.275203+09:00,PUMP,0.26,3804091,10.7,2.896,2.896,3.041,+0.00,274,트레일(고점+5.0%)
2026-07-20T06:41:59.083575+09:00,2026-07-21T06:42:16.334096+09:00,F,0.18,3256409,20.3,4.545,4.589,4.648,+0.97,1440,타임아웃24h
2026-07-21T06:05:20.012855+09:00,2026-07-21T06:42:40.399998+09:00,ACE,0.06,5084028,75.9,173,166,178,-4.05,37,손절-3.0%
2026-07-20T06:43:31.124511+09:00,2026-07-21T06:43:45.367667+09:00,TRUMP,0.29,8585058,119.8,2310,2322,2348,+0.52,1440,타임아웃24h
2026-07-20T06:43:54.088070+09:00,2026-07-21T06:44:07.663629+09:00,SUI,0.06,8922025,45.8,1100,1122,1130,+2.00,1440,타임아웃24h
2026-07-20T06:48:52.947077+09:00,2026-07-21T06:48:55.849714+09:00,WLD,0.23,7460504,17.5,530,550,553,+3.77,1440,타임아웃24h
2026-07-21T00:21:38.851547+09:00,2026-07-21T06:56:19.457608+09:00,AGLD,0.00,7840024,57.1,222,215,222,-3.15,395,손절-3.0%
2026-07-21T04:53:25.844232+09:00,2026-07-21T07:01:52.277526+09:00,HOME,0.15,4043947,44.1,10.43,10.1,10.43,-3.16,128,손절-3.0%
2026-07-21T04:19:55.162356+09:00,2026-07-21T07:14:09.599639+09:00,CSPR,0.01,3447190,17.4,2.466,2.386,2.539,-3.24,174,손절-3.0%
2026-07-20T22:23:33.090551+09:00,2026-07-21T07:22:46.265561+09:00,BEL,0.20,3547106,35.5,152,147,153,-3.29,539,손절-3.0%
2026-07-21T01:22:34.950120+09:00,2026-07-21T07:34:19.692064+09:00,ARX,0.12,4133442,57.5,230,223,232,-3.04,372,손절-3.0%
2026-07-20T07:40:41.303126+09:00,2026-07-21T07:40:41.548356+09:00,RPL,0.05,7819037,193.5,2644,2619,2708,-0.95,1440,타임아웃24h
2026-07-20T07:43:49.858114+09:00,2026-07-21T07:44:00.835509+09:00,INJ,0.23,5769435,61.1,7495,7770,7940,+3.67,1440,타임아웃24h
2026-07-20T07:50:23.578426+09:00,2026-07-21T07:50:39.631306+09:00,TRUST,0.09,3229875,17.0,69.05,70.55,71.13,+2.17,1440,타임아웃24h
2026-07-20T20:29:09.624095+09:00,2026-07-21T08:07:39.804083+09:00,YB,0.17,8068376,61.8,118,114,123,-3.39,699,손절-3.0%
2026-07-20T08:35:43.937548+09:00,2026-07-21T08:35:53.706450+09:00,BONK,0.25,8126984,38.7,0.0049,0.0049,0.005,+0.00,1440,타임아웃24h
2026-07-21T08:22:52.753600+09:00,2026-07-21T08:48:28.464535+09:00,HEMI,0.22,3352699,41.6,10.09,9.755,10.48,-3.32,26,손절-3.0%
2026-07-20T09:54:02.699099+09:00,2026-07-21T09:02:18.930050+09:00,MEGA,0.13,10416656,26.7,63.34,61.42,63.97,-3.03,1388,손절-3.0%
2026-07-21T04:21:47.661041+09:00,2026-07-21T09:02:20.099206+09:00,BILL,0.14,7358009,147.2,35.31,34.16,36.05,-3.26,281,손절-3.0%
2026-07-20T09:03:59.662309+09:00,2026-07-21T09:04:08.355370+09:00,XLM,0.17,24368064,406.1,277,275,280,-0.72,1440,타임아웃24h
2026-07-20T09:11:12.076577+09:00,2026-07-21T09:04:52.078421+09:00,H,0.00,7949215,105.0,46.88,45.46,47.5,-3.03,1434,손절-3.0%
2026-07-20T22:36:00.623449+09:00,2026-07-21T09:11:49.128036+09:00,SOLV,0.00,4120245,23.8,3.8,3.612,3.838,-4.95,636,손절-3.0%
2026-07-21T07:14:30.288212+09:00,2026-07-21T09:48:47.975205+09:00,CSPR,0.01,3447190,17.4,2.386,2.381,2.517,-0.21,154,트레일(고점+5.5%)
2026-07-20T22:17:32.487291+09:00,2026-07-21T09:55:01.841592+09:00,RE,0.04,3700016,15.4,530,533,560,+0.57,697,트레일(고점+5.7%)
2026-07-20T10:04:14.524592+09:00,2026-07-21T10:04:33.789207+09:00,LSK,0.00,7154851,75.7,123,125,125,+1.63,1440,타임아웃24h
2026-07-21T05:17:26.258849+09:00,2026-07-21T10:08:59.388499+09:00,CAP,0.07,3603801,36.0,28.97,29.07,30.61,+0.35,292,트레일(고점+5.7%)
2026-07-20T10:18:53.147420+09:00,2026-07-21T10:19:14.671212+09:00,SLX,0.25,5080743,12.0,150,149,156,-0.67,1440,타임아웃24h
2026-07-20T10:19:37.989302+09:00,2026-07-21T10:19:58.880521+09:00,KAT,0.01,4286814,85.8,6.93,6.957,7.067,+0.39,1440,타임아웃24h
2026-07-21T02:10:46.930581+09:00,2026-07-21T10:21:29.072085+09:00,XEC,0.00,8071428,42.4,0.0112,0.0108,0.0115,-3.57,491,손절-3.0%
2026-07-21T10:09:20.128468+09:00,2026-07-21T10:21:52.377868+09:00,CAP,0.07,3603801,36.0,29.07,28.13,29.14,-3.23,13,손절-3.0%
2026-07-20T16:58:53.721619+09:00,2026-07-21T10:24:04.798389+09:00,ORBS,0.15,3121960,99.3,8.409,8.562,8.999,+1.82,1045,트레일(고점+7.0%)
2026-07-20T23:34:33.644601+09:00,2026-07-21T10:34:07.474775+09:00,KAITO,0.11,4440610,8.1,1372,1396,1465,+1.75,660,트레일(고점+6.8%)
2026-07-20T18:03:03.917621+09:00,2026-07-21T10:36:23.143305+09:00,EDGE,0.00,3545548,150.7,94.91,103,108,+8.52,993,트레일(고점+13.8%)
2026-07-21T10:07:07.752910+09:00,2026-07-21T10:39:23.243832+09:00,ACE,0.29,3727836,40.9,161,155,163,-3.73,32,손절-3.0%
2026-07-20T10:53:03.034949+09:00,2026-07-21T10:53:08.627041+09:00,GNO,0.27,4032033,60.5,162700,163900,164200,+0.74,1440,타임아웃24h
2026-07-20T10:53:47.975741+09:00,2026-07-21T10:53:53.555288+09:00,GWEI,0.25,5682106,12.2,41.18,41.73,42.95,+1.34,1440,타임아웃24h
2026-07-21T10:50:09.856483+09:00,2026-07-21T11:06:50.172766+09:00,HEMI,0.06,7638344,76.7,9.356,9.06,9.514,-3.16,17,손절-3.0%
2026-07-20T11:07:19.149464+09:00,2026-07-21T11:07:32.472608+09:00,XPLA,0.01,3162799,10.5,6.717,6.87,6.99,+2.28,1440,타임아웃24h
2026-07-21T05:49:01.383623+09:00,2026-07-21T11:09:46.484803+09:00,THE,0.11,12156450,106.5,81.92,79.42,84.98,-3.05,321,손절-3.0%
2026-07-20T17:57:54.945071+09:00,2026-07-21T11:13:50.994017+09:00,DEXE,0.00,3704654,11.1,49120,51750,54300,+5.35,1036,트레일(고점+10.5%)
2026-07-20T11:15:12.392593+09:00,2026-07-21T11:15:19.229506+09:00,PEPE,0.00,23999999,23.1,0.0042,0.0043,0.0044,+2.38,1440,타임아웃24h
2026-07-21T11:14:12.535043+09:00,2026-07-21T11:16:49.697630+09:00,DEXE,0.00,3704654,11.1,51750,49990,51750,-3.40,3,손절-3.0%
2026-07-20T17:11:41.482828+09:00,2026-07-21T11:19:00.759026+09:00,B3,0.04,3791612,244.3,0.7569,0.7572,0.7954,+0.04,1087,트레일(고점+5.1%)
2026-07-21T04:02:23.966489+09:00,2026-07-21T11:19:23.465093+09:00,ZIL,0.12,3215905,32.2,4.117,4.211,4.42,+2.28,437,트레일(고점+7.4%)
2026-07-20T11:23:29.340026+09:00,2026-07-21T11:23:46.644055+09:00,ARPA,0.05,4237843,54.8,11.95,12.01,12.01,+0.50,1440,타임아웃24h
2026-07-20T11:23:29.384650+09:00,2026-07-21T11:23:46.663945+09:00,CTR,0.26,3041740,26.1,11.81,11.99,12.32,+1.52,1440,타임아웃24h
2026-07-21T06:19:26.554778+09:00,2026-07-21T11:26:00.555851+09:00,MON,0.19,5625811,123.1,33.98,32.95,34.15,-3.03,307,손절-3.0%
2026-07-21T09:55:22.914132+09:00,2026-07-21T11:38:43.765030+09:00,CAMP,0.14,3261568,29.3,0.7858,0.7812,0.826,-0.59,103,트레일(고점+5.1%)
2026-07-21T10:40:50.173612+09:00,2026-07-21T11:48:49.761508+09:00,HAEDAL,0.10,5986461,69.7,24.33,23.54,24.43,-3.25,68,손절-3.0%
2026-07-20T20:51:45.291603+09:00,2026-07-21T12:01:29.724757+09:00,TRAC,0.00,4383680,13.0,433,510,543,+17.78,910,트레일(고점+25.4%)
2026-07-20T13:24:34.008129+09:00,2026-07-21T12:11:39.319452+09:00,PROMPT,0.17,3428322,617.2,27.54,30.08,31.47,+9.22,1367,트레일(고점+14.3%)
2026-07-21T10:54:16.115658+09:00,2026-07-21T12:17:31.559397+09:00,GWEI,0.25,5682106,12.2,41.73,39.86,41.8,-4.48,83,손절-3.0%
2026-07-20T21:45:06.601278+09:00,2026-07-21T12:21:52.350139+09:00,XAN,0.20,5368987,103.3,19.88,20.26,21.33,+1.91,877,트레일(고점+7.3%)
2026-07-21T10:36:44.766171+09:00,2026-07-21T12:33:08.068736+09:00,EDGE,0.00,3545548,150.7,104,110,116,+5.77,116,트레일(고점+11.5%)
2026-07-21T12:32:00.845695+09:00,2026-07-21T12:34:36.118067+09:00,CAMP,0.16,3146303,32.1,0.7748,0.7489,0.7798,-3.34,3,손절-3.0%
2026-07-21T12:22:13.447134+09:00,2026-07-21T12:35:20.046716+09:00,XAN,0.20,5368987,103.3,20.19,19.05,20.19,-5.65,13,손절-3.0%
2026-07-20T12:36:44.045105+09:00,2026-07-21T12:36:45.835111+09:00,FRAX,0.27,5397102,9.1,380,401,407,+5.53,1440,타임아웃24h
2026-07-21T12:34:34.395785+09:00,2026-07-21T12:45:55.205474+09:00,TRAC,0.23,3616435,18.5,483,467,485,-3.31,11,손절-3.0%
2026-07-21T11:34:34.974179+09:00,2026-07-21T12:58:42.288663+09:00,ZIL,0.00,8099103,32.2,4.079,3.95,4.139,-3.16,84,손절-3.0%
2026-07-21T12:12:01.041953+09:00,2026-07-21T13:00:54.221205+09:00,PROMPT,0.17,3428322,617.2,29.94,29.03,30.03,-3.04,49,손절-3.0%
2026-07-21T12:36:45.818423+09:00,2026-07-21T13:01:16.137572+09:00,EDGE,0.00,3545548,150.7,103,99.33,106,-3.56,25,손절-3.0%
2026-07-21T08:36:16.030153+09:00,2026-07-21T13:03:27.180842+09:00,BONK,0.25,8126984,38.7,0.0049,0.0047,0.0049,-4.08,267,손절-3.0%
2026-07-20T13:11:19.495785+09:00,2026-07-21T13:11:31.331425+09:00,ID,0.03,7582614,32.0,45.75,46.03,47.28,+0.61,1440,타임아웃24h
2026-07-20T13:16:37.210660+09:00,2026-07-21T13:16:43.733124+09:00,NEX,0.00,6000000,106.0,0.0024,0.0025,0.0025,+4.17,1440,타임아웃24h
2026-07-21T13:00:30.537427+09:00,2026-07-21T13:18:14.883685+09:00,HEMI,0.13,5882627,16.8,8.888,8.426,9.031,-5.20,18,손절-3.0%
2026-07-20T13:21:55.129877+09:00,2026-07-21T13:22:16.888521+09:00,KAIA,0.28,3355490,33.6,45.91,47.49,47.67,+3.44,1440,타임아웃24h
2026-07-21T13:14:29.113896+09:00,2026-07-21T13:27:09.661031+09:00,DEXE,0.00,3704654,11.1,49340,47750,49650,-3.22,13,손절-3.0%
2026-07-20T17:38:31.592663+09:00,2026-07-21T13:27:52.412330+09:00,JTO,0.27,6250940,20.4,852,867,912,+1.76,1189,트레일(고점+7.0%)
2026-07-21T13:17:05.985361+09:00,2026-07-21T13:34:10.047347+09:00,NEX,0.00,6000000,106.0,0.0025,0.0024,0.0025,-4.00,17,손절-3.0%
2026-07-21T09:49:08.293037+09:00,2026-07-21T13:35:37.924177+09:00,CSPR,0.01,3447190,17.4,2.381,2.303,2.465,-3.28,226,손절-3.0%
2026-07-20T13:39:10.673882+09:00,2026-07-21T13:39:18.261509+09:00,SAHARA,0.11,5577282,46.1,12.93,13.17,13.3,+1.86,1440,타임아웃24h
2026-07-20T13:43:03.667748+09:00,2026-07-21T13:43:21.738474+09:00,OPG,0.15,6522208,31.1,149,154,157,+3.36,1440,타임아웃24h
2026-07-20T13:56:24.703958+09:00,2026-07-21T13:56:36.768043+09:00,ALT,0.29,3241253,15.4,9.004,9.264,9.289,+2.89,1440,타임아웃24h
2026-07-20T13:58:17.948628+09:00,2026-07-21T13:58:27.348577+09:00,CHIP,0.13,3928062,44.4,43.17,43.6,44.01,+1.00,1440,타임아웃24h
2026-07-20T14:02:04.951412+09:00,2026-07-21T14:02:08.213647+09:00,SOON,0.00,5180558,31.0,225,239,240,+6.22,1440,타임아웃24h
2026-07-20T14:09:39.536347+09:00,2026-07-21T14:09:51.660566+09:00,BIRB,0.06,7918863,16.6,77.5,82.62,85,+6.61,1440,타임아웃24h
2026-07-20T14:12:40.275156+09:00,2026-07-21T14:12:47.326195+09:00,ONDO,0.11,19186648,76.4,501,531,533,+5.99,1440,타임아웃24h
2026-07-20T14:13:48.333210+09:00,2026-07-21T14:13:53.419553+09:00,OGN,0.15,3079123,16.0,24.3,25.05,25.25,+3.09,1440,타임아웃24h
2026-07-20T14:14:10.976084+09:00,2026-07-21T14:14:15.369071+09:00,SOMI,0.17,3537505,12.6,139,149,151,+7.19,1440,타임아웃24h
2026-07-20T14:20:59.364211+09:00,2026-07-21T14:21:00.450848+09:00,ARB,0.25,5558317,10.8,127,131,133,+3.15,1440,타임아웃24h
2026-07-20T14:24:00.605753+09:00,2026-07-21T14:24:22.094918+09:00,BLUR,0.12,4625730,47.3,21.99,22.66,23.16,+3.05,1440,타임아웃24h
2026-07-20T14:26:16.622943+09:00,2026-07-21T14:26:36.545928+09:00,IN,0.12,15387294,98.2,58.24,60.94,61.24,+4.64,1440,타임아웃24h
2026-07-20T14:26:39.409128+09:00,2026-07-21T14:26:58.888327+09:00,SC,0.11,3958077,16.9,0.852,0.8718,0.8718,+2.32,1440,타임아웃24h
2026-07-21T09:55:22.894676+09:00,2026-07-21T14:36:44.828169+09:00,RE,0.04,3700016,15.4,534,538,566,+0.75,281,트레일(고점+6.0%)
2026-07-21T13:35:58.442770+09:00,2026-07-21T14:38:37.305593+09:00,CSPR,0.01,3447190,17.4,2.303,2.231,2.312,-3.13,63,손절-3.0%
2026-07-21T13:34:52.224635+09:00,2026-07-21T14:39:22.436047+09:00,XEC,0.25,15257362,459.0,0.0106,0.0102,0.0106,-3.77,65,손절-3.0%
2026-07-20T14:48:46.663371+09:00,2026-07-21T14:49:00.918912+09:00,HFT,0.04,3858441,92.5,12.57,13.17,13.33,+4.77,1440,타임아웃24h
2026-07-20T14:52:54.711940+09:00,2026-07-21T14:53:01.310042+09:00,SHIB,0.00,4987531,16.6,0.0061,0.0063,0.0063,+3.28,1440,타임아웃24h
2026-07-20T15:24:03.071575+09:00,2026-07-21T15:24:08.647743+09:00,MMT,0.22,4370000,14.6,254,262,274,+3.15,1440,타임아웃24h
2026-07-20T15:33:48.739487+09:00,2026-07-21T15:34:09.938273+09:00,VIRTUAL,0.17,21647845,151.2,873,961,965,+10.08,1440,타임아웃24h
2026-07-20T15:34:11.197826+09:00,2026-07-21T15:34:32.283543+09:00,UNI,0.04,8253591,12.4,4977,5335,5405,+7.19,1440,타임아웃24h
2026-07-20T15:35:40.923362+09:00,2026-07-21T15:36:01.785218+09:00,ADA,0.25,8250000,27.4,236,258,259,+9.32,1440,타임아웃24h
2026-07-20T15:43:44.918693+09:00,2026-07-21T15:43:50.874949+09:00,LINK,0.17,15718188,158.2,12210,12700,12760,+4.01,1440,타임아웃24h
2026-07-21T15:06:31.483750+09:00,2026-07-21T15:45:44.617412+09:00,ERA,0.28,3722252,11.6,151,145,152,-3.97,39,손절-3.0%
2026-07-21T14:37:05.864120+09:00,2026-07-21T15:47:36.199553+09:00,EDGE,0.00,3545548,150.7,102,98.1,102,-3.82,71,손절-3.0%
2026-07-21T00:11:24.379747+09:00,2026-07-21T16:00:32.089240+09:00,ALICE,0.12,3120893,18.1,182,176,189,-3.30,949,손절-3.0%
2026-07-20T16:02:55.114176+09:00,2026-07-21T16:03:07.095177+09:00,LIT,0.30,9708250,88.8,3065,3333,3335,+8.74,1440,타임아웃24h
2026-07-21T15:17:07.134766+09:00,2026-07-21T16:13:29.067664+09:00,NEX,0.00,6000000,106.0,0.0025,0.0024,0.0025,-4.00,56,손절-3.0%
2026-07-21T14:22:30.111354+09:00,2026-07-21T16:14:57.609922+09:00,XAN,0.20,5368987,103.3,18.26,17.6,18.29,-3.61,112,손절-3.0%
2026-07-20T16:21:55.970000+09:00,2026-07-21T16:21:56.066328+09:00,ENA,0.00,9725052,41.8,116,123,126,+6.03,1440,타임아웃24h
2026-07-20T22:56:08.109150+09:00,2026-07-21T16:28:15.408079+09:00,BASED,0.17,7457392,21.3,126,122,128,-3.17,1052,손절-3.0%
2026-07-21T10:19:36.757597+09:00,2026-07-21T16:28:16.314982+09:00,SLX,0.25,5080743,12.0,149,149,157,+0.00,369,트레일(고점+5.4%)
2026-07-21T13:48:53.838536+09:00,2026-07-21T16:29:01.429204+09:00,ACE,0.07,5048870,58.2,150,145,153,-3.33,160,손절-3.0%
2026-07-21T15:14:33.707572+09:00,2026-07-21T16:29:23.993472+09:00,DEXE,0.00,3704654,11.1,47810,49110,51700,+2.72,75,트레일(고점+8.1%)
2026-07-20T16:45:45.337442+09:00,2026-07-21T16:46:06.179432+09:00,SIGN,0.04,5647407,113.0,12.23,12.64,12.64,+3.35,1440,타임아웃24h
2026-07-20T17:12:06.000081+09:00,2026-07-21T17:12:11.223891+09:00,BOUNTY,0.10,3863771,386.4,20.33,21.23,21.23,+4.43,1440,타임아웃24h
2026-07-21T17:14:47.413065+09:00,2026-07-21T17:15:34.274149+09:00,DEXE,0.00,3704654,11.1,62650,60500,63000,-3.43,1,손절-3.0%
2026-07-20T17:15:58.696926+09:00,2026-07-21T17:16:16.883287+09:00,SPURS,0.26,3341029,14.3,207,204,213,-1.45,1440,타임아웃24h
2026-07-21T07:08:31.380537+09:00,2026-07-21T17:27:07.146972+09:00,HOME,0.17,3146723,32.8,10.09,9.751,10.35,-3.36,619,손절-3.0%
2026-07-21T11:10:07.395544+09:00,2026-07-21T17:27:07.465663+09:00,THE,0.11,12156450,106.5,79.42,76.98,80.27,-3.07,377,손절-3.0%
2026-07-21T17:09:57.253468+09:00,2026-07-21T17:29:00.079687+09:00,CAMP,0.11,4999999,43.9,0.6926,0.6674,0.6926,-3.64,19,손절-3.0%
2026-07-21T12:09:28.400714+09:00,2026-07-21T17:34:30.637160+09:00,CAP,0.07,3603801,36.0,28.89,27.99,29.41,-3.12,325,손절-3.0%
2026-07-20T17:38:31.562224+09:00,2026-07-21T17:38:31.974870+09:00,NEAR,0.23,17653612,77.7,2820,2915,2985,+3.37,1440,타임아웃24h
2026-07-21T05:13:38.859611+09:00,2026-07-21T17:57:17.201786+09:00,SXT,0.27,7703860,91.0,10.35,10.39,11,+0.39,764,트레일(고점+6.3%)
2026-07-21T15:36:01.766189+09:00,2026-07-21T17:59:08.862808+09:00,CSPR,0.01,3447190,17.4,2.221,2.237,2.349,+0.72,143,트레일(고점+5.8%)
2026-07-20T18:10:58.978146+09:00,2026-07-21T18:11:01.238473+09:00,GRASS,0.03,10938253,24.6,517,534,546,+3.29,1440,타임아웃24h
2026-07-20T18:12:10.782834+09:00,2026-07-21T18:12:30.204398+09:00,YFI,0.11,4320173,118.7,3.024e+06,3.063e+06,3.086e+06,+1.29,1440,타임아웃24h
2026-07-21T16:22:40.289824+09:00,2026-07-21T18:21:24.158122+09:00,XAN,0.20,5368987,103.3,17.6,17,18.17,-3.41,119,손절-3.0%
2026-07-21T06:19:26.580633+09:00,2026-07-21T18:25:04.675325+09:00,EDGEX,0.21,4111272,8.5,605,585,627,-3.31,726,손절-3.0%
2026-07-20T18:41:49.984842+09:00,2026-07-21T18:42:00.572969+09:00,C98,0.22,4114502,33.9,18.6,18.97,19.19,+1.99,1440,타임아웃24h
2026-07-20T18:49:00.450757+09:00,2026-07-21T18:49:21.984991+09:00,ELSA,0.09,5044062,31.3,69.98,70.4,73.19,+0.60,1440,타임아웃24h
2026-07-20T18:49:49.169344+09:00,2026-07-21T18:50:06.123951+09:00,PENGU,0.10,6569896,23.1,9.175,9.357,9.393,+1.98,1440,타임아웃24h
2026-07-20T19:07:55.349317+09:00,2026-07-21T19:08:12.317189+09:00,ICNT,0.24,7603222,34.2,240,241,248,+0.42,1440,타임아웃24h
2026-07-20T19:15:37.281310+09:00,2026-07-21T19:15:46.441894+09:00,MPLX,0.14,5995466,64.5,36.58,38.05,38.57,+4.02,1440,타임아웃24h
2026-07-21T19:15:00.906352+09:00,2026-07-21T19:28:21.084831+09:00,DEXE,0.00,3704654,11.1,31030,29990,31730,-3.35,13,손절-3.0%
2026-07-20T19:33:50.688885+09:00,2026-07-21T19:33:59.924300+09:00,SKL,0.14,3193638,17.7,5.682,5.682,5.806,+0.00,1440,타임아웃24h
2026-07-21T07:51:01.947555+09:00,2026-07-21T19:46:58.855489+09:00,TRUST,0.09,3229875,17.0,70.55,70.75,74.44,+0.28,716,트레일(고점+5.5%)
2026-07-21T17:15:54.395545+09:00,2026-07-21T20:10:56.046361+09:00,HEMI,0.07,4628577,66.8,7.78,7.545,7.898,-3.02,175,손절-3.0%
2026-07-21T12:32:00.861122+09:00,2026-07-21T20:19:11.267894+09:00,ZAMA,0.11,3083358,58.9,54.95,55.78,58.68,+1.51,467,트레일(고점+6.8%)
2026-07-20T20:38:55.491092+09:00,2026-07-21T20:39:04.456287+09:00,CBK,0.17,7629565,115.2,262,265,267,+1.15,1440,타임아웃24h
2026-07-21T18:42:22.584937+09:00,2026-07-21T20:39:29.122382+09:00,ERA,0.12,11340903,47.2,133,145,153,+9.02,117,트레일(고점+15.0%)
2026-07-21T17:59:29.312969+09:00,2026-07-21T20:41:21.992753+09:00,CSPR,0.01,3447190,17.4,2.237,2.159,2.311,-3.49,162,손절-3.0%
2026-07-21T12:54:17.398643+09:00,2026-07-21T20:57:15.944385+09:00,GWEI,0.25,5682106,12.2,39.33,38.04,39.95,-3.28,483,손절-3.0%
2026-07-21T18:44:12.861154+09:00,2026-07-21T21:02:12.851190+09:00,LA,0.27,3473999,130.8,81.27,86.01,90.13,+5.83,138,트레일(고점+10.9%)
2026-07-21T20:57:37.474993+09:00,2026-07-21T21:17:44.450582+09:00,GWEI,0.25,5682106,12.2,38.08,36.77,38.2,-3.44,20,손절-3.0%
2026-07-21T21:15:07.355880+09:00,2026-07-21T21:45:15.138675+09:00,DEXE,0.00,3704654,11.1,21560,20700,21910,-3.99,30,손절-3.0%
2026-07-20T22:14:55.161636+09:00,2026-07-21T22:15:08.018585+09:00,UP,0.22,5554539,217.8,86.46,86.55,89.58,+0.10,1440,타임아웃24h
2026-07-20T22:37:16.823342+09:00,2026-07-21T22:37:27.987343+09:00,BTC,0.01,3995723,21.3,9.4898e+07,9.72e+07,9.7336e+07,+2.43,1440,타임아웃24h
2026-07-20T23:02:11.994857+09:00,2026-07-21T23:02:17.890969+09:00,BLAST,0.25,3321495,73.9,0.398,0.4065,0.4206,+2.14,1440,타임아웃24h
2026-07-21T17:57:38.885430+09:00,2026-07-21T23:04:10.831628+09:00,SXT,0.27,7703860,91.0,10.39,10.05,10.39,-3.27,307,손절-3.0%
2026-07-21T23:15:16.064017+09:00,2026-07-21T23:24:58.878482+09:00,DEXE,0.00,3704654,11.1,16120,15620,16420,-3.10,10,손절-3.0%
2026-07-21T17:11:03.956650+09:00,2026-07-21T23:28:18.241996+09:00,ACE,0.09,4950254,49.7,142,143,151,+0.70,377,트레일(고점+6.3%)
2026-07-20T23:31:55.735006+09:00,2026-07-21T23:31:59.505586+09:00,TT,0.12,3431663,72.5,0.9099,0.9272,0.9273,+1.90,1440,타임아웃24h
2026-07-20T23:35:41.589680+09:00,2026-07-21T23:35:41.894859+09:00,MOODENG,0.27,4172115,26.0,56.14,56.25,56.9,+0.20,1440,타임아웃24h
2026-07-20T23:38:00.267469+09:00,2026-07-21T23:38:18.343381+09:00,TRX,0.00,3548550,50.1,479,480,481,+0.21,1440,타임아웃24h
2026-07-21T14:14:38.044848+09:00,2026-07-21T23:40:54.391041+09:00,SOMI,0.17,3537505,12.6,149,144,151,-3.36,566,손절-3.0%
2026-07-21T20:41:42.425948+09:00,2026-07-21T23:45:04.282302+09:00,CSPR,0.01,3447190,17.4,2.169,2.268,2.388,+4.56,183,트레일(고점+10.1%)
2026-07-21T00:20:53.291238+09:00,2026-07-21T23:55:11.005538+09:00,PYR,0.25,4694405,11.3,165,160,173,-3.03,1414,손절-3.0%
2026-07-21T00:14:04.353055+09:00,2026-07-22T00:14:05.391818+09:00,BCH,0.09,5158210,35.7,317000,329100,331400,+3.82,1440,타임아웃24h
2026-07-21T22:57:50.957919+09:00,2026-07-22T00:14:07.097472+09:00,GWEI,0.25,5682106,12.2,37.28,36.16,37.32,-3.00,76,손절-3.0%
2026-07-21T02:22:00.235057+09:00,2026-07-22T00:18:07.832891+09:00,BOB,0.07,6999135,140.0,5.702,5.902,6.263,+3.51,1316,트레일(고점+9.8%)
2026-07-22T00:18:29.847798+09:00,2026-07-22T00:20:00.220552+09:00,BOB,0.07,6999135,140.0,5.885,5.693,5.885,-3.26,2,손절-3.0%
2026-07-21T14:20:15.725657+09:00,2026-07-22T00:22:11.675152+09:00,ZIL,0.29,3545321,118.4,3.948,3.808,4.029,-3.55,602,손절-3.0%
2026-07-21T18:22:50.938531+09:00,2026-07-22T00:22:56.451730+09:00,XAN,0.20,5368987,103.3,16.98,16.47,17.35,-3.00,360,손절-3.0%
2026-07-21T09:05:13.899400+09:00,2026-07-22T00:27:19.872638+09:00,H,0.00,7949215,105.0,45.46,43.76,46.56,-3.74,922,손절-3.0%
2026-07-22T00:27:41.289222+09:00,2026-07-22T00:28:05.344386+09:00,H,0.00,7949215,105.0,42.72,41.13,43,-3.72,0,손절-3.0%
2026-07-21T17:16:39.351664+09:00,2026-07-22T00:38:05.252902+09:00,SPURS,0.26,3341029,14.3,204,197,208,-3.43,441,손절-3.0%
2026-07-21T23:45:24.817287+09:00,2026-07-22T00:40:18.958953+09:00,CSPR,0.01,3447190,17.4,2.284,2.25,2.408,-1.49,55,트레일(고점+5.4%)
2026-07-21T04:03:56.108832+09:00,2026-07-22T00:41:01.500450+09:00,ALLO,0.25,6108865,24.0,678,701,735,+3.39,1237,트레일(고점+8.4%)
2026-07-21T22:44:29.169742+09:00,2026-07-22T00:42:32.212168+09:00,VVV,0.30,3149433,30.8,18770,18200,18800,-3.04,118,손절-3.0%
2026-07-21T10:34:28.750727+09:00,2026-07-22T00:43:37.694677+09:00,KAITO,0.11,4440610,8.1,1396,1396,1466,+0.00,849,트레일(고점+5.0%)
2026-07-21T23:54:04.022230+09:00,2026-07-22T01:00:40.960229+09:00,ERA,0.23,5095612,33.5,147,141,150,-4.08,67,손절-3.0%
2026-07-21T01:02:26.062596+09:00,2026-07-22T01:02:30.696603+09:00,VERONA,0.14,3251049,11.8,171,173,176,+1.17,1440,타임아웃24h
2026-07-21T17:38:53.949262+09:00,2026-07-22T01:22:30.419528+09:00,NEAR,0.23,17653612,77.7,2915,2827,2942,-3.02,464,손절-3.0%
2026-07-21T02:14:31.731327+09:00,2026-07-22T02:14:42.164992+09:00,TAIKO,0.17,5796552,13.6,148,150,156,+1.35,1440,타임아웃24h
2026-07-21T23:55:33.260060+09:00,2026-07-22T02:15:28.875670+09:00,PYR,0.25,4694405,11.3,160,155,167,-3.12,140,손절-3.0%
2026-07-21T23:29:23.185908+09:00,2026-07-22T02:19:12.530893+09:00,ACE,0.12,11628454,83.0,143,138,144,-3.50,170,손절-3.0%
2026-07-21T19:16:11.306761+09:00,2026-07-22T02:32:39.160103+09:00,MPLX,0.14,5995466,64.5,38.05,36.83,38.05,-3.21,436,손절-3.0%
2026-07-22T02:15:49.281235+09:00,2026-07-22T02:46:55.653840+09:00,PYR,0.25,4694405,11.3,159,154,159,-3.14,31,손절-3.0%
2026-07-21T18:49:43.992692+09:00,2026-07-22T02:48:48.727899+09:00,ELSA,0.09,5044062,31.3,70.4,67.91,70.4,-3.54,479,손절-3.0%
2026-07-21T09:02:40.738696+09:00,2026-07-22T03:03:01.692660+09:00,BILL,0.14,7358009,147.2,34.13,36.01,37.73,+5.51,1080,트레일(고점+10.5%)
2026-07-22T01:15:27.117919+09:00,2026-07-22T03:06:48.099586+09:00,DEXE,0.00,3704654,11.1,14500,13800,14950,-4.83,111,손절-3.0%
2026-07-21T03:21:48.608105+09:00,2026-07-22T03:34:02.741677+09:00,MINA,0.23,3533901,68.2,65.73,67.49,68.86,+2.68,1452,타임아웃24h
2026-07-22T03:15:43.322515+09:00,2026-07-22T03:47:20.565578+09:00,DEXE,0.00,3704654,11.1,12830,12420,13170,-3.20,32,손절-3.0%
2026-07-21T03:57:28.565695+09:00,2026-07-22T03:57:31.265499+09:00,SUNDOG,0.15,3570490,140.0,5.939,5.948,6.05,+0.15,1440,타임아웃24h
2026-07-22T00:23:17.023826+09:00,2026-07-22T04:08:26.205997+09:00,XAN,0.20,5368987,103.3,16.47,15.96,16.69,-3.10,225,손절-3.0%
2026-07-21T04:24:06.857345+09:00,2026-07-22T04:24:09.831123+09:00,ANKR,0.13,3105878,62.1,5.229,5.183,5.279,-0.88,1440,타임아웃24h
2026-07-21T15:24:31.001437+09:00,2026-07-22T04:26:02.730910+09:00,MMT,0.22,4370000,14.6,262,262,276,+0.00,782,트레일(고점+5.3%)
2026-07-22T02:47:15.935996+09:00,2026-07-22T04:41:11.930238+09:00,ERA,0.27,5656420,8.9,140,142,149,+1.43,114,트레일(고점+6.4%)
2026-07-21T05:14:01.584475+09:00,2026-07-22T05:14:20.842950+09:00,PYTH,0.09,3560410,35.3,68.42,68.38,69.13,-0.06,1440,타임아웃24h
2026-07-21T05:23:54.282427+09:00,2026-07-22T05:24:07.369677+09:00,BOBA,0.00,5099549,51.0,27.77,28.29,29.2,+1.87,1440,타임아웃24h
2026-07-22T05:15:50.818841+09:00,2026-07-22T05:36:50.013853+09:00,DEXE,0.00,3704654,11.1,11870,11500,12400,-3.12,21,손절-3.0%
2026-07-22T03:07:53.169901+09:00,2026-07-22T06:02:57.856348+09:00,AGI,0.17,3263470,62.1,5.63,5.867,6.214,+4.21,175,트레일(고점+10.4%)
2026-07-21T06:19:26.509687+09:00,2026-07-22T06:19:44.298312+09:00,ETH,0.12,564433043,11288.7,2.785e+06,2.81e+06,2.842e+06,+0.90,1440,타임아웃24h
2026-07-21T06:19:26.532172+09:00,2026-07-22T06:19:44.318277+09:00,XRP,0.12,17428884,670.4,1631,1677,1699,+2.82,1440,타임아웃24h
2026-07-21T06:19:26.601903+09:00,2026-07-22T06:19:44.335241+09:00,DOGE,0.00,3000000,15.0,106,107,108,+0.94,1440,타임아웃24h
2026-07-21T06:19:26.627425+09:00,2026-07-22T06:19:44.353702+09:00,HBAR,0.00,16038233,21.4,97.39,103,103,+5.76,1440,타임아웃24h
2026-07-21T06:19:26.654605+09:00,2026-07-22T06:19:44.371335+09:00,AI,0.09,3993154,46.0,34.3,37.68,37.99,+9.85,1440,타임아웃24h
2026-07-21T06:19:26.678594+09:00,2026-07-22T06:19:44.387909+09:00,ENSO,0.03,5379742,19.2,1079,1078,1102,-0.09,1440,타임아웃24h
2026-07-21T06:19:26.698313+09:00,2026-07-22T06:19:44.402981+09:00,MAV,0.00,4413659,87.9,12.73,12.83,12.9,+0.79,1440,타임아웃24h
2026-07-21T06:19:26.722247+09:00,2026-07-22T06:19:44.417956+09:00,EDEN,0.10,3091799,41.4,62.58,62.61,64.1,+0.05,1440,타임아웃24h
2026-07-21T06:19:26.743319+09:00,2026-07-22T06:19:44.434676+09:00,SENT,0.20,3191049,10.4,20.04,20.04,20.72,+0.00,1440,타임아웃24h
2026-07-21T06:19:26.770217+09:00,2026-07-22T06:19:44.451136+09:00,RVN,0.22,5313822,64.8,5.56,5.645,5.679,+1.53,1440,타임아웃24h
2026-07-21T06:19:26.794728+09:00,2026-07-22T06:19:44.469371+09:00,BICO,0.20,4190828,49.5,19.75,19.91,20.32,+0.81,1440,타임아웃24h
2026-07-22T04:15:56.409757+09:00,2026-07-22T06:20:08.717098+09:00,PYR,0.25,4694405,11.3,156,151,156,-3.21,124,손절-3.0%
2026-07-21T06:27:46.198850+09:00,2026-07-22T06:27:59.099237+09:00,SOL,0.21,12725414,127.6,113800,114100,114900,+0.26,1440,타임아웃24h
2026-07-21T06:29:38.834518+09:00,2026-07-22T06:29:50.965053+09:00,PARTI,0.00,3060096,17.1,42.42,44.29,44.53,+4.41,1440,타임아웃24h
2026-07-21T06:42:38.566251+09:00,2026-07-22T06:42:56.747072+09:00,F,0.18,3256409,20.3,4.589,4.679,4.75,+1.96,1440,타임아웃24h
2026-07-21T06:44:29.878410+09:00,2026-07-22T06:44:48.582549+09:00,SUI,0.06,8922025,45.8,1122,1126,1134,+0.36,1440,타임아웃24h
2026-07-21T06:49:18.021350+09:00,2026-07-22T06:49:40.141495+09:00,WLD,0.23,7460504,17.5,550,550,565,+0.00,1440,타임아웃24h
2026-07-21T06:56:40.273022+09:00,2026-07-22T06:56:45.820042+09:00,AGLD,0.00,7840024,57.1,215,226,227,+5.12,1440,타임아웃24h
2026-07-22T05:34:11.757738+09:00,2026-07-22T07:12:45.331617+09:00,ERA,0.27,3833283,18.0,142,136,142,-4.23,99,손절-3.0%
2026-07-21T20:22:55.805458+09:00,2026-07-22T07:18:17.975231+09:00,HEMI,0.20,3561714,22.3,7.605,8.001,8.383,+5.21,655,트레일(고점+10.2%)
2026-07-22T02:19:33.142007+09:00,2026-07-22T07:20:54.870879+09:00,ACE,0.00,5417873,31.2,138,133,140,-3.62,301,손절-3.0%
2026-07-21T17:17:23.987980+09:00,2026-07-22T07:22:46.238219+09:00,NEX,0.00,6000000,106.0,0.0024,0.0023,0.0025,-4.17,845,손절-3.0%
2026-07-21T07:23:07.485921+09:00,2026-07-22T07:23:07.737397+09:00,BEL,0.20,3547106,35.5,147,149,150,+1.36,1440,타임아웃24h
2026-07-22T07:16:03.596927+09:00,2026-07-22T07:27:15.724246+09:00,DEXE,0.00,3704654,11.1,11160,10810,11170,-3.14,11,손절-3.0%
2026-07-21T07:34:40.533766+09:00,2026-07-22T07:34:41.837341+09:00,ARX,0.12,4133442,57.5,223,222,233,-0.45,1440,타임아웃24h
2026-07-21T11:15:41.462179+09:00,2026-07-22T07:36:34.169795+09:00,PEPE,0.00,23999999,23.1,0.0043,0.0041,0.0044,-4.65,1221,손절-3.0%
2026-07-21T17:06:14.053993+09:00,2026-07-22T07:37:43.258927+09:00,XEC,0.00,5151156,52.0,0.0102,0.0105,0.0111,+2.94,871,트레일(고점+8.8%)
2026-07-21T07:41:03.713879+09:00,2026-07-22T07:41:25.626930+09:00,RPL,0.05,7819037,193.5,2619,2560,2665,-2.25,1440,타임아웃24h
2026-07-21T21:54:33.666546+09:00,2026-07-22T07:42:33.469663+09:00,CAMP,0.00,5704006,105.9,0.6757,0.655,0.6999,-3.06,588,손절-3.0%
2026-07-21T07:44:23.001292+09:00,2026-07-22T07:44:23.905865+09:00,INJ,0.23,5769435,61.1,7770,7760,7875,-0.13,1440,타임아웃24h
2026-07-22T06:20:29.105534+09:00,2026-07-22T07:46:17.161295+09:00,PYR,0.25,4694405,11.3,151,146,152,-3.31,86,손절-3.0%
2026-07-21T17:37:03.817338+09:00,2026-07-22T07:48:30.471874+09:00,HOME,0.19,8803910,115.1,9.843,9.536,9.979,-3.12,851,손절-3.0%
2026-07-22T00:38:26.014957+09:00,2026-07-22T07:55:35.516105+09:00,SPURS,0.26,3341029,14.3,197,208,218,+5.58,437,트레일(고점+10.7%)
2026-07-22T02:15:04.456277+09:00,2026-07-22T08:05:17.063338+09:00,TAIKO,0.17,5796552,13.6,150,190,199,+26.67,350,트레일(고점+32.7%)
2026-07-22T08:05:37.892345+09:00,2026-07-22T08:06:02.518219+09:00,TAIKO,0.17,5796552,13.6,188,176,188,-6.38,0,손절-3.0%
2026-07-22T07:55:56.480412+09:00,2026-07-22T08:07:09.333241+09:00,SPURS,0.26,3341029,14.3,213,206,217,-3.29,11,손절-3.0%
2026-07-21T20:04:08.047802+09:00,2026-07-22T08:10:28.698327+09:00,TRAC,0.08,4393197,23.1,431,499,532,+15.78,726,트레일(고점+23.4%)
2026-07-22T07:19:01.233207+09:00,2026-07-22T08:11:58.790274+09:00,HEMI,0.10,4927435,22.5,8,7.755,8.025,-3.06,53,손절-3.0%
2026-07-21T19:08:34.915018+09:00,2026-07-22T08:20:07.495037+09:00,ICNT,0.24,7603222,34.2,241,268,281,+11.20,792,트레일(고점+16.6%)
2026-07-22T06:30:13.233921+09:00,2026-07-22T08:30:56.977396+09:00,PARTI,0.00,3060096,17.1,44.29,42.93,44.46,-3.07,121,손절-3.0%
2026-07-22T08:25:19.314240+09:00,2026-07-22T08:32:49.035320+09:00,LM,0.12,8935411,99.5,0.88,0.89,0.9486,+1.14,7,트레일(고점+7.8%)
2026-07-21T09:02:40.786072+09:00,2026-07-22T09:02:53.171183+09:00,MEGA,0.13,10416656,26.7,61.41,62.56,63.42,+1.87,1440,타임아웃24h
2026-07-21T09:04:30.215004+09:00,2026-07-22T09:04:44.040341+09:00,XLM,0.17,24368064,406.1,275,281,287,+2.18,1440,타임아웃24h
2026-07-21T17:43:18.192310+09:00,2026-07-22T09:11:24.145999+09:00,TREE,0.02,3341615,52.3,55.1,57.24,60.82,+3.88,928,트레일(고점+10.4%)
2026-07-22T08:20:28.814399+09:00,2026-07-22T09:16:57.683306+09:00,ICNT,0.24,7603222,34.2,267,283,298,+5.99,56,트레일(고점+11.6%)
2026-07-22T08:16:45.792075+09:00,2026-07-22T09:23:16.592423+09:00,ERA,0.17,4932000,13.0,136,130,137,-4.41,67,손절-3.0%
2026-07-22T08:30:10.523762+09:00,2026-07-22T09:23:16.621666+09:00,TRAC,0.13,8574509,1429.3,456,439,466,-3.73,53,손절-3.0%
2026-07-22T09:01:02.543661+09:00,2026-07-22T09:31:24.557566+09:00,LA,0.28,3155450,49.3,80.94,78.5,82.33,-3.01,30,손절-3.0%
2026-07-22T07:44:23.887267+09:00,2026-07-22T09:43:57.930452+09:00,ACE,0.00,8060150,12.5,133,129,137,-3.01,120,손절-3.0%
2026-07-22T09:16:11.478359+09:00,2026-07-22T09:49:09.146331+09:00,DEXE,0.00,3704654,11.1,8780,9345,9890,+6.44,33,트레일(고점+12.6%)
2026-07-21T10:04:55.624894+09:00,2026-07-22T10:05:04.703030+09:00,LSK,0.00,7154851,75.7,125,126,128,+0.80,1440,타임아웃24h
2026-07-21T14:37:05.843585+09:00,2026-07-22T10:05:27.442791+09:00,RE,0.04,3700016,15.4,538,658,706,+22.30,1168,트레일(고점+31.2%)
2026-07-22T10:05:49.260671+09:00,2026-07-22T10:09:34.335976+09:00,RE,0.04,3700016,15.4,642,606,648,-5.61,4,손절-3.0%
2026-07-22T06:20:06.618632+09:00,2026-07-22T10:15:51.898668+09:00,AI,0.09,3993154,46.0,37.68,36.53,37.68,-3.05,236,손절-3.0%
2026-07-22T00:48:25.376683+09:00,2026-07-22T10:20:18.361192+09:00,YGG,0.00,3962038,14.4,27.83,26.99,28,-3.02,572,손절-3.0%
2026-07-21T10:20:20.945269+09:00,2026-07-22T10:20:39.423310+09:00,KAT,0.01,4286814,85.8,6.957,7.04,7.162,+1.19,1440,타임아웃24h
2026-07-22T10:05:49.280719+09:00,2026-07-22T10:22:54.325774+09:00,TAIKO,0.17,5796552,13.6,165,165,176,+0.00,17,트레일(고점+6.7%)
2026-07-21T10:24:26.625162+09:00,2026-07-22T10:24:43.566241+09:00,ORBS,0.15,3121960,99.3,8.562,8.703,8.808,+1.65,1440,타임아웃24h
2026-07-22T09:45:47.024313+09:00,2026-07-22T10:27:20.631936+09:00,AGI,0.01,4539841,10.0,5.637,5.459,5.718,-3.16,42,손절-3.0%
2026-07-22T00:48:47.646834+09:00,2026-07-22T10:42:50.799472+09:00,EPT,0.28,3431040,74.4,0.6019,0.5456,0.61,-9.35,594,손절-3.0%
2026-07-21T10:53:31.063077+09:00,2026-07-22T10:53:38.141263+09:00,GNO,0.27,4032033,60.5,163400,164400,165000,+0.61,1440,타임아웃24h
2026-07-21T11:19:22.324974+09:00,2026-07-22T10:57:45.000411+09:00,B3,0.04,3791612,244.3,0.7578,0.7309,0.7604,-3.55,1418,손절-3.0%
2026-07-22T10:07:40.945145+09:00,2026-07-22T11:00:01.699433+09:00,HEMI,0.18,5546972,63.2,7.74,7.507,7.74,-3.01,52,손절-3.0%
2026-07-21T11:07:54.571468+09:00,2026-07-22T11:08:14.374031+09:00,XPLA,0.01,3162799,10.5,6.87,6.913,6.983,+0.63,1440,타임아웃24h
2026-07-21T16:03:29.374309+09:00,2026-07-22T11:09:21.995583+09:00,LIT,0.30,9708250,88.8,3333,3318,3501,-0.45,1146,트레일(고점+5.0%)
2026-07-22T11:16:27.687588+09:00,2026-07-22T11:22:56.662376+09:00,DEXE,0.00,3704654,11.1,8705,8440,8715,-3.04,6,손절-3.0%
2026-07-21T11:24:08.832868+09:00,2026-07-22T11:24:24.765992+09:00,ARPA,0.05,4237843,54.8,12.01,12.25,12.31,+2.00,1440,타임아웃24h
2026-07-21T11:24:08.855608+09:00,2026-07-22T11:24:24.784608+09:00,CTR,0.26,3041740,26.1,11.99,12,12.13,+0.08,1440,타임아웃24h
2026-07-21T11:26:21.510424+09:00,2026-07-22T11:26:40.424364+09:00,MON,0.19,5625811,123.1,32.95,33.15,34.19,+0.61,1440,타임아웃24h
2026-07-21T17:34:51.458990+09:00,2026-07-22T11:35:21.994657+09:00,CAP,0.07,3603801,36.0,27.99,29.7,31.11,+6.11,1081,트레일(고점+11.1%)
2026-07-22T04:08:46.674185+09:00,2026-07-22T11:36:08.015342+09:00,XAN,0.20,5368987,103.3,15.96,15.48,16.48,-3.01,447,손절-3.0%
2026-07-22T11:35:43.715625+09:00,2026-07-22T11:55:00.780926+09:00,CAP,0.07,3603801,36.0,29.66,28.77,29.93,-3.00,19,손절-3.0%
2026-07-22T02:27:45.625716+09:00,2026-07-22T11:59:07.911047+09:00,H,0.00,7949215,105.0,43.69,42.31,45.74,-3.16,571,손절-3.0%
2026-07-21T19:55:08.122488+09:00,2026-07-22T12:15:18.909030+09:00,POLYX,0.18,4525432,40.2,54.58,55.16,58.04,+1.06,980,트레일(고점+6.3%)
2026-07-22T11:36:29.214558+09:00,2026-07-22T12:22:52.541799+09:00,XAN,0.20,5368987,103.3,15.48,15,15.62,-3.10,46,손절-3.0%
2026-07-21T12:37:07.667867+09:00,2026-07-22T12:37:09.586120+09:00,FRAX,0.27,5397102,9.1,401,395,401,-1.50,1440,타임아웃24h
2026-07-22T12:05:52.377299+09:00,2026-07-22T12:43:36.994489+09:00,TAIKO,0.17,5796552,13.6,170,164,171,-3.53,38,손절-3.0%
2026-07-22T00:58:02.754612+09:00,2026-07-22T13:00:46.174204+09:00,GWEI,0.25,5682106,12.2,36.37,37.38,39.26,+2.78,723,트레일(고점+7.9%)
2026-07-21T18:25:26.465656+09:00,2026-07-22T13:03:44.748583+09:00,EDGEX,0.21,4111272,8.5,574,579,608,+0.87,1118,트레일(고점+5.9%)
2026-07-21T13:03:47.626497+09:00,2026-07-22T13:04:06.456481+09:00,BONK,0.25,8126984,38.7,0.0047,0.0046,0.0049,-2.13,1440,타임아웃24h
2026-07-21T13:11:53.530304+09:00,2026-07-22T13:11:57.113943+09:00,ID,0.03,7582614,32.0,46.03,45.7,47.41,-0.72,1440,타임아웃24h
2026-07-22T01:45:30.997626+09:00,2026-07-22T13:12:20.657659+09:00,CSPR,0.01,3447190,17.4,2.329,2.252,2.39,-3.31,687,손절-3.0%
2026-07-21T13:14:06.924652+09:00,2026-07-22T13:14:10.423266+09:00,ARDR,0.27,6432860,80.4,30,29.85,30.84,-0.50,1440,타임아웃24h
2026-07-21T13:22:40.441267+09:00,2026-07-22T13:23:00.458195+09:00,KAIA,0.28,3355490,33.6,47.49,47.66,48.3,+0.36,1440,타임아웃24h
2026-07-22T13:21:09.998456+09:00,2026-07-22T13:27:28.433611+09:00,MIRA,0.21,5997386,72.0,70.27,68,70.33,-3.23,6,손절-3.0%
2026-07-21T13:28:13.974069+09:00,2026-07-22T13:28:32.863918+09:00,JTO,0.27,6250940,20.4,867,912,932,+5.19,1440,타임아웃24h
2026-07-21T13:29:20.194706+09:00,2026-07-22T13:29:38.903746+09:00,HAEDAL,0.00,4294970,50.6,23.1,23.45,24.38,+1.52,1440,타임아웃24h
2026-07-21T18:42:22.599215+09:00,2026-07-22T13:37:23.236822+09:00,KERNEL,0.06,3183134,16.2,49.6,49.8,52.42,+0.40,1135,트레일(고점+5.7%)
2026-07-21T13:39:40.497418+09:00,2026-07-22T13:39:57.384519+09:00,SAHARA,0.11,5577282,46.1,13.17,13.07,13.33,-0.76,1440,타임아웃24h
2026-07-22T08:34:16.339143+09:00,2026-07-22T13:43:40.513610+09:00,XEC,0.17,4631362,19.3,0.0105,0.012,0.0126,+14.29,309,트레일(고점+20.0%)
2026-07-21T13:43:43.804763+09:00,2026-07-22T13:44:01.353250+09:00,OPG,0.15,6522208,31.1,155,153,156,-1.29,1440,타임아웃24h
2026-07-22T13:16:45.238332+09:00,2026-07-22T13:54:06.160955+09:00,DEXE,0.00,3704654,11.1,7260,7285,7670,+0.34,37,트레일(고점+5.6%)
2026-07-22T13:35:53.054201+09:00,2026-07-22T13:54:28.578887+09:00,CAP,0.07,3603801,36.0,28.93,28.05,28.93,-3.04,19,손절-3.0%
2026-07-21T13:56:58.797007+09:00,2026-07-22T13:57:02.622532+09:00,ALT,0.29,3241253,15.4,9.264,9.266,9.339,+0.02,1440,타임아웃24h
2026-07-21T13:58:49.374168+09:00,2026-07-22T13:58:54.335564+09:00,CHIP,0.13,3928062,44.4,43.6,44.09,44.45,+1.12,1440,타임아웃24h
2026-07-22T10:24:21.377470+09:00,2026-07-22T14:00:24.982529+09:00,ERA,0.15,8561320,127.8,126,130,137,+3.17,216,트레일(고점+8.7%)
2026-07-21T14:02:30.242683+09:00,2026-07-22T14:02:36.586550+09:00,SOON,0.00,5180558,31.0,239,238,240,-0.42,1440,타임아웃24h
2026-07-21T14:10:13.643885+09:00,2026-07-22T14:10:25.520137+09:00,BIRB,0.06,7918863,16.6,82.62,82.24,86.75,-0.46,1440,타임아웃24h
2026-07-22T06:57:07.905013+09:00,2026-07-22T14:10:26.733893+09:00,AGLD,0.00,7840024,57.1,226,219,228,-3.10,433,손절-3.0%
2026-07-21T14:12:03.399700+09:00,2026-07-22T14:12:17.430653+09:00,PROMPT,0.17,3428322,617.2,29.09,29.28,29.71,+0.65,1440,타임아웃24h
2026-07-21T14:13:09.220275+09:00,2026-07-22T14:13:24.638366+09:00,ONDO,0.11,19186648,76.4,531,585,599,+10.17,1440,타임아웃24h
2026-07-21T14:14:15.346869+09:00,2026-07-22T14:14:32.171765+09:00,OGN,0.15,3079123,16.0,25.05,24.8,25.15,-1.00,1440,타임아웃24h
2026-07-21T14:21:22.895370+09:00,2026-07-22T14:21:38.260855+09:00,ARB,0.25,5558317,10.8,131,133,134,+1.53,1440,타임아웃24h
2026-07-21T14:24:44.412492+09:00,2026-07-22T14:25:00.862711+09:00,BLUR,0.12,4625730,47.3,22.66,22.93,22.99,+1.19,1440,타임아웃24h
2026-07-21T14:26:58.867205+09:00,2026-07-22T14:27:16.061631+09:00,IN,0.12,15387294,98.2,60.94,59.52,62,-2.33,1440,타임아웃24h
2026-07-21T14:27:21.401280+09:00,2026-07-22T14:27:38.653413+09:00,SC,0.11,3958077,16.9,0.8718,0.8602,0.8718,-1.33,1440,타임아웃24h
2026-07-21T14:28:51.500938+09:00,2026-07-22T14:29:08.467767+09:00,T,0.11,5441539,11.0,5.368,5.254,5.45,-2.12,1440,타임아웃24h
2026-07-22T13:01:07.414063+09:00,2026-07-22T14:48:10.752974+09:00,GWEI,0.25,5682106,12.2,37.38,36.25,37.64,-3.02,107,손절-3.0%
2026-07-21T14:49:22.826527+09:00,2026-07-22T14:49:37.997240+09:00,HFT,0.04,3858441,92.5,13.17,13.17,13.24,+0.00,1440,타임아웃24h
2026-07-22T12:05:52.355603+09:00,2026-07-22T14:49:39.464596+09:00,RE,0.04,3700016,15.4,623,626,660,+0.48,164,트레일(고점+5.9%)
2026-07-21T14:53:23.073328+09:00,2026-07-22T14:53:42.559899+09:00,SHIB,0.00,4987531,16.6,0.0063,0.0063,0.0063,+0.00,1440,타임아웃24h
2026-07-22T11:09:43.724156+09:00,2026-07-22T15:00:01.866128+09:00,LIT,0.30,9708250,88.8,3318,3216,3412,-3.07,230,손절-3.0%
2026-07-21T16:28:37.421646+09:00,2026-07-22T15:05:11.936264+09:00,SLX,0.25,5080743,12.0,149,158,166,+6.04,1357,트레일(고점+11.4%)
2026-07-22T14:24:38.296207+09:00,2026-07-22T15:05:35.941789+09:00,ERA,0.27,5428843,49.4,129,124,130,-3.88,41,손절-3.0%
2026-07-22T13:04:28.676565+09:00,2026-07-22T15:08:11.477652+09:00,BONK,0.25,8126984,38.7,0.0046,0.0053,0.0056,+15.22,124,트레일(고점+21.7%)
2026-07-22T10:25:27.883254+09:00,2026-07-22T15:10:02.521919+09:00,ACE,0.09,5709927,76.6,127,132,139,+3.94,285,트레일(고점+9.4%)
2026-07-21T15:36:24.085237+09:00,2026-07-22T15:11:30.554272+09:00,ADA,0.25,8250000,27.4,258,250,259,-3.10,1415,손절-3.0%
2026-07-21T18:50:28.071837+09:00,2026-07-22T15:30:31.023283+09:00,PENGU,0.10,6569896,23.1,9.357,9.076,9.431,-3.00,1240,손절-3.0%
2026-07-21T15:34:32.259951+09:00,2026-07-22T15:34:38.590635+09:00,VIRTUAL,0.17,21647845,151.2,961,947,994,-1.46,1440,타임아웃24h
2026-07-21T15:34:54.609600+09:00,2026-07-22T15:35:00.760955+09:00,UNI,0.04,8253591,12.4,5335,5345,5425,+0.19,1440,타임아웃24h
2026-07-22T15:08:32.129278+09:00,2026-07-22T15:36:32.276871+09:00,BONK,0.25,8126984,38.7,0.0054,0.0054,0.0057,+0.00,28,트레일(고점+5.6%)
2026-07-22T15:17:07.221317+09:00,2026-07-22T15:52:11.974594+09:00,DEXE,0.00,3704654,11.1,7005,7155,7535,+2.14,35,트레일(고점+7.6%)
2026-07-22T13:44:01.285972+09:00,2026-07-22T15:55:10.004734+09:00,XEC,0.17,4631362,19.3,0.012,0.0116,0.0122,-3.33,131,손절-3.0%
2026-07-22T14:54:04.584554+09:00,2026-07-22T15:57:24.692559+09:00,SHIB,0.00,4987531,16.6,0.0063,0.0061,0.0063,-3.17,63,손절-3.0%
2026-07-22T14:17:09.128299+09:00,2026-07-22T15:59:39.839714+09:00,HEMI,0.01,5377060,247.5,7.482,7.531,7.918,+0.65,103,트레일(고점+5.8%)
2026-07-21T16:00:53.910086+09:00,2026-07-22T16:01:07.643943+09:00,ALICE,0.12,3120893,18.1,177,179,179,+1.13,1440,타임아웃24h
2026-07-22T11:08:36.743716+09:00,2026-07-22T16:01:08.965265+09:00,XPLA,0.01,3162799,10.5,6.913,6.928,7.48,+0.22,293,트레일(고점+8.2%)
2026-07-22T11:33:05.118618+09:00,2026-07-22T16:03:01.272635+09:00,HOME,0.30,3467716,24.3,9.372,9.088,9.505,-3.03,270,손절-3.0%
2026-07-21T16:22:18.209358+09:00,2026-07-22T16:22:18.544435+09:00,ENA,0.00,9725052,41.8,123,126,129,+2.44,1440,타임아웃24h
2026-07-22T03:03:23.896321+09:00,2026-07-22T16:27:23.776449+09:00,BILL,0.14,7358009,147.2,35.95,38.06,40.02,+5.87,804,트레일(고점+11.3%)
2026-07-21T16:28:37.445073+09:00,2026-07-22T16:29:07.549351+09:00,BASED,0.17,7457392,21.3,122,123,128,+0.82,1441,타임아웃24h
2026-07-22T10:20:39.330427+09:00,2026-07-22T16:29:12.035785+09:00,ICNT,0.24,7603222,34.2,257,249,265,-3.11,369,손절-3.0%
2026-07-22T04:26:23.940601+09:00,2026-07-22T16:29:45.139094+09:00,MMT,0.22,4370000,14.6,262,254,264,-3.05,723,손절-3.0%
2026-07-21T16:37:09.180141+09:00,2026-07-22T16:37:16.734181+09:00,EDGE,0.00,3545548,150.7,96.09,94.7,98.03,-1.45,1440,타임아웃24h
2026-07-21T16:46:28.593731+09:00,2026-07-22T16:46:56.603686+09:00,SIGN,0.04,5647407,113.0,12.64,12.43,12.7,-1.66,1440,타임아웃24h
2026-07-22T14:05:57.080550+09:00,2026-07-22T17:01:48.254627+09:00,TAIKO,0.17,5796552,13.6,168,162,172,-3.57,176,손절-3.0%
2026-07-22T06:10:01.764225+09:00,2026-07-22T17:10:53.452782+09:00,ZIL,0.04,7241187,73.6,3.76,3.626,3.897,-3.56,661,손절-3.0%
2026-07-21T17:12:33.535095+09:00,2026-07-22T17:12:47.101267+09:00,BOUNTY,0.10,3863771,386.4,21.23,21.38,21.39,+0.71,1440,타임아웃24h
2026-07-22T14:50:00.104090+09:00,2026-07-22T17:13:34.536902+09:00,RE,0.04,3700016,15.4,626,652,685,+4.15,144,트레일(고점+9.4%)
2026-07-22T17:02:09.066791+09:00,2026-07-22T17:13:35.048530+09:00,TAIKO,0.17,5796552,13.6,162,156,163,-3.70,11,손절-3.0%
2026-07-22T16:31:17.222161+09:00,2026-07-22T17:18:57.725578+09:00,ERA,0.17,3991388,56.9,125,191,199,+52.80,48,트레일(고점+59.2%)
2026-07-22T16:57:58.068208+09:00,2026-07-22T17:20:52.341016+09:00,ACE,0.17,4993280,75.5,131,138,145,+5.34,23,트레일(고점+10.7%)
2026-07-22T15:01:28.908096+09:00,2026-07-22T17:23:31.766107+09:00,GWEI,0.25,5682106,12.2,36.58,35.23,37.09,-3.69,142,손절-3.0%
2026-07-22T17:17:23.158686+09:00,2026-07-22T17:26:35.682964+09:00,DEXE,0.00,3704654,11.1,6495,6290,6545,-3.16,9,손절-3.0%
2026-07-21T17:27:28.657055+09:00,2026-07-22T17:27:41.895949+09:00,THE,0.11,12156450,106.5,76.97,77.89,81.44,+1.20,1440,타임아웃24h
2026-07-22T08:20:51.113023+09:00,2026-07-22T17:34:35.018027+09:00,PYR,0.25,4694405,11.3,144,139,148,-3.47,554,손절-3.0%
2026-07-22T17:08:36.136531+09:00,2026-07-22T17:37:40.538026+09:00,BONK,0.25,8126984,38.7,0.0051,0.0049,0.0051,-3.92,29,손절-3.0%
2026-07-22T16:01:29.866984+09:00,2026-07-22T17:50:03.835966+09:00,ALICE,0.12,3120893,18.1,179,180,189,+0.56,109,트레일(고점+5.6%)
2026-07-22T00:43:59.229983+09:00,2026-07-22T17:53:00.512166+09:00,KAITO,0.11,4440610,8.1,1396,1354,1455,-3.01,1029,손절-3.0%
2026-07-21T18:11:23.486387+09:00,2026-07-22T18:11:33.465949+09:00,GRASS,0.03,10938253,24.6,534,560,567,+4.87,1440,타임아웃24h
2026-07-21T18:12:52.263569+09:00,2026-07-22T18:13:03.371418+09:00,YFI,0.11,4320173,118.7,3.063e+06,3.087e+06,3.137e+06,+0.78,1440,타임아웃24h
2026-07-22T13:04:06.280511+09:00,2026-07-22T18:19:01.112189+09:00,EDGEX,0.21,4111272,8.5,578,560,580,-3.11,315,손절-3.0%
2026-07-22T12:37:32.085221+09:00,2026-07-22T18:20:30.228905+09:00,FRAX,0.27,5397102,9.1,395,382,395,-3.29,343,손절-3.0%
2026-07-21T18:42:22.562096+09:00,2026-07-22T18:42:27.421304+09:00,C98,0.22,4114502,33.9,18.97,18.91,19.43,-0.32,1440,타임아웃24h
2026-07-22T17:13:55.212024+09:00,2026-07-22T19:02:57.740125+09:00,RE,0.04,3700016,15.4,651,675,708,+3.69,109,트레일(고점+8.8%)
2026-07-22T13:12:41.895349+09:00,2026-07-22T19:10:54.350523+09:00,CSPR,0.01,3447190,17.4,2.252,2.162,2.321,-4.00,358,손절-3.0%
2026-07-21T19:34:22.702387+09:00,2026-07-22T19:34:33.434052+09:00,SKL,0.14,3193638,17.7,5.682,5.716,5.84,+0.60,1440,타임아웃24h
2026-07-21T19:47:20.468628+09:00,2026-07-22T19:47:28.551186+09:00,TRUST,0.09,3229875,17.0,70.75,70.59,73.59,-0.23,1440,타임아웃24h
2026-07-22T15:55:30.713567+09:00,2026-07-22T19:54:21.729795+09:00,XEC,0.17,4631362,19.3,0.0116,0.0112,0.0119,-3.45,239,손절-3.0%
2026-07-22T19:17:38.716968+09:00,2026-07-22T20:12:07.282039+09:00,DEXE,0.00,3704654,11.1,6610,6765,7100,+2.34,54,트레일(고점+7.4%)
2026-07-22T18:59:53.481410+09:00,2026-07-22T20:22:29.351351+09:00,ERA,0.13,3095023,12.0,162,157,169,-3.09,83,손절-3.0%
2026-07-22T16:01:29.885772+09:00,2026-07-22T20:38:56.940187+09:00,XPLA,0.01,3162799,10.5,6.952,7.061,7.48,+1.57,277,트레일(고점+7.6%)
2026-07-22T19:04:03.940272+09:00,2026-07-22T20:40:05.021732+09:00,ACE,0.09,5746692,60.1,135,130,135,-3.70,96,손절-3.0%
2026-07-22T16:27:56.195709+09:00,2026-07-22T20:44:58.293592+09:00,BILL,0.14,7358009,147.2,38.08,36.85,38.87,-3.23,257,손절-3.0%
2026-07-22T09:03:15.316848+09:00,2026-07-22T21:12:28.883535+09:00,MEGA,0.13,10416656,26.7,62.56,60.47,63.45,-3.34,729,손절-3.0%
